{
	"providers": [
		{
			"type": "ttf",
			"file": "minecraft:negative_spaces.ttf",
			"shift": [0.0, 0.0],
			"size": 10.0,
			"oversample": 1.0
		},
		{
			"type": "bitmap",
			"file": "minecraft:gui/container/brewing_guide_left.png",
			"ascent": 13,
			"height": 166,
			"chars": [
				"\uEff1"
			]
		},
		{
			"type": "bitmap",
			"file": "minecraft:gui/container/brewing_guide_right.png",
			"ascent": 27,
			"height": 193,
			"chars": [
				"\uEff2"
			]
		},
		{
			"type": "bitmap",
			"file": "minecraft:gui/container/furnace_fuel_right.png",
			"ascent": 27,
			"height": 200,
			"chars": [
				"\uEff3"
			]
		},
		{
			"type": "bitmap",
			"file": "minecraft:gui/container/beacon_guide.png",
			"ascent": 31,
			"height": 200,
			"chars": [
				"\uEff5"
			]
		},
		{
			"type": "bitmap",
			"file": "minecraft:gui/container/chbrewing_guide_right.png",
			"ascent": 27,
			"height": 193,
			"chars": [
				"\uE001"
			]
		},
		{
			"type": "bitmap",
			"file": "minecraft:gui/container/chbrewing_guide_left.png",
			"ascent": 13,
			"height": 166,
			"chars": [
				"\uE002"
			]
		},
		{
			"type": "bitmap",
			"file": "minecraft:gui/container/chfurnace_fuel_right.png",
			"ascent": 27,
			"height": 200,
			"chars": [
				"\uE003"
			]
		},
		{
			"type": "bitmap",
			"file": "minecraft:gui/container/chbeacon_guide.png",
			"ascent": 31,
			"height": 200,
			"chars": [
				"\uE004"
			]
		},
		{
			"type": "bitmap",
			"file": "minecraft:gui/container/esbrewing_guide_right.png",
			"ascent": 27,
			"height": 193,
			"chars": [
				"\uEff6"
			]
		},
		{
			"type": "bitmap",
			"file": "minecraft:gui/container/esbrewing_guide_left.png",
			"ascent": 13,
			"height": 166,
			"chars": [
				"\uEff7"
			]
		},
		{
			"type": "bitmap",
			"file": "minecraft:gui/container/esfurnace_fuel_right.png",
			"ascent": 27,
			"height": 200,
			"chars": [
				"\uEff8"
			]
		},
		{
			"type": "bitmap",
			"file": "minecraft:gui/container/esbeacon_guide.png",
			"ascent": 31,
			"height": 200,
			"chars": [
				"\uE000"
			]
		}
	]
}
