{
	"credit": "Made with Blockbench",
	"parent": "block/block",
	"textures": {
		"all": "block/spruce_leaves",
		"particle": "#all"
	},
	"elements": [
		{
			"name": "1",
			"from": [0.725, 0.725, 0.525],
			"to": [15.475, 15.475, 15.275],
			"rotation": {"angle": 22.5, "axis": "x", "origin": [8.1, 8.1, 7.9]},
			"faces": {
				"north": {"uv": [0, 16, 16, 0], "texture": "#all", "cullface": "north", "tintindex": 0},
				"east": {"uv": [0, 16, 16, 0], "texture": "#all", "cullface": "east", "tintindex": 0},
				"south": {"uv": [0, 16, 16, 0], "texture": "#all", "cullface": "south", "tintindex": 0},
				"west": {"uv": [0, 16, 16, 0], "texture": "#all", "cullface": "west", "tintindex": 0},
				"up": {"uv": [16, 0, 0, 16], "rotation": 270, "texture": "#all", "cullface": "up", "tintindex": 0},
				"down": {"uv": [16, 0, 0, 16], "rotation": 90, "texture": "#all", "cullface": "down", "tintindex": 0}
			}
		},
		{
			"name": "2",
			"from": [0.725, 0.725, 0.525],
			"to": [15.475, 15.475, 15.275],
			"rotation": {"angle": 22.5, "axis": "y", "origin": [8.1, 8.1, 7.9]},
			"faces": {
				"north": {"uv": [0, 16, 16, 0], "texture": "#all", "cullface": "north", "tintindex": 0},
				"east": {"uv": [0, 16, 16, 0], "texture": "#all", "cullface": "east", "tintindex": 0},
				"south": {"uv": [0, 16, 16, 0], "texture": "#all", "cullface": "south", "tintindex": 0},
				"west": {"uv": [0, 16, 16, 0], "texture": "#all", "cullface": "west", "tintindex": 0},
				"up": {"uv": [16, 0, 0, 16], "rotation": 270, "texture": "#all", "cullface": "up", "tintindex": 0},
				"down": {"uv": [16, 0, 0, 16], "rotation": 90, "texture": "#all", "cullface": "down", "tintindex": 0}
			}
		},
		{
			"name": "3",
			"from": [0.725, 0.725, 0.525],
			"to": [15.475, 15.475, 15.275],
			"rotation": {"angle": 22.5, "axis": "z", "origin": [8.1, 8.1, 7.9]},
			"faces": {
				"north": {"uv": [0, 16, 16, 0], "texture": "#all", "cullface": "north", "tintindex": 0},
				"east": {"uv": [0, 16, 16, 0], "texture": "#all", "cullface": "east", "tintindex": 0},
				"south": {"uv": [0, 16, 16, 0], "texture": "#all", "cullface": "south", "tintindex": 0},
				"west": {"uv": [0, 16, 16, 0], "texture": "#all", "cullface": "west", "tintindex": 0},
				"up": {"uv": [16, 0, 0, 16], "rotation": 270, "texture": "#all", "cullface": "up", "tintindex": 0},
				"down": {"uv": [16, 0, 0, 16], "rotation": 90, "texture": "#all", "cullface": "down", "tintindex": 0}
			}
		}
	],
	"groups": [
		{
			"name": "Leaf block",
			"origin": [8, 8, 8],
			"children": [0, 1, 2]
		}
	]
}