{
    "ambientocclusion": false,
    "textures": {
        "particle": "block/acacia_door_bottom",
        "bottom": "block/acacia_door_bottom"
    },
    "elements": [
        {
            "from": [
                0,
                0,
                0
            ],
            "to": [
                3,
                16,
                3
            ],
            "faces": {
                "north": {
                    "uv": [
                        3,
                        0,
                        0,
                        16
                    ],
                    "texture": "#bottom",
                    "cullface": "north"
                },
                "east": {
                    "uv": [
                        13,
                        0,
                        16,
                        16
                    ],
                    "texture": "#bottom"
                },
                "south": {
                    "uv": [
                        13,
                        0,
                        16,
                        16
                    ],
                    "texture": "#bottom"
                },
                "west": {
                    "uv": [
                        16,
                        0,
                        13,
                        16
                    ],
                    "texture": "#bottom",
                    "cullface": "west"
                },
                "down": {
                    "uv": [
                        13,
                        13,
                        16,
                        16
                    ],
                    "texture": "#bottom",
                    "cullface": "down"
                }
            }
        },
        {
            "from": [
                0,
                0,
                5
            ],
            "to": [
                3,
                16,
                7
            ],
            "faces": {
                "north": {
                    "uv": [
                        16,
                        0,
                        13,
                        16
                    ],
                    "texture": "#bottom"
                },
                "east": {
                    "uv": [
                        9,
                        0,
                        11,
                        16
                    ],
                    "texture": "#bottom"
                },
                "south": {
                    "uv": [
                        13,
                        0,
                        16,
                        16
                    ],
                    "texture": "#bottom"
                },
                "west": {
                    "uv": [
                        11,
                        0,
                        9,
                        16
                    ],
                    "texture": "#bottom",
                    "cullface": "west"
                },
                "down": {
                    "uv": [
                        13,
                        9,
                        16,
                        11
                    ],
                    "texture": "#bottom",
                    "cullface": "down"
                }
            }
        },
        {
            "from": [
                0,
                15,
                3
            ],
            "to": [
                3,
                16,
                5
            ],
            "faces": {
                "east": {
                    "uv": [
                        11,
                        0,
                        13,
                        1
                    ],
                    "texture": "#bottom"
                },
                "west": {
                    "uv": [
                        13,
                        0,
                        11,
                        1
                    ],
                    "texture": "#bottom",
                    "cullface": "west"
                },
                "down": {
                    "uv": [
                        13,
                        5,
                        16,
                        3
                    ],
                    "texture": "#bottom"
                }
            }
        },
        {
            "from": [
                0,
                0,
                3
            ],
            "to": [
                3,
                3,
                5
            ],
            "faces": {
                "east": {
                    "uv": [
                        11,
                        13,
                        13,
                        16
                    ],
                    "texture": "#bottom"
                },
                "west": {
                    "uv": [
                        13,
                        13,
                        11,
                        16
                    ],
                    "texture": "#bottom",
                    "cullface": "west"
                },
                "up": {
                    "uv": [
                        13,
                        11,
                        16,
                        13
                    ],
                    "texture": "#bottom"
                },
                "down": {
                    "uv": [
                        13,
                        11,
                        16,
                        13
                    ],
                    "texture": "#bottom",
                    "cullface": "down"
                }
            }
        },
        {
            "from": [
                0,
                0,
                7
            ],
            "to": [
                3,
                3,
                9
            ],
            "faces": {
                "east": {
                    "uv": [
                        7,
                        13,
                        9,
                        16
                    ],
                    "texture": "#bottom"
                },
                "west": {
                    "uv": [
                        9,
                        13,
                        7,
                        16
                    ],
                    "texture": "#bottom",
                    "cullface": "west"
                },
                "up": {
                    "uv": [
                        13,
                        7,
                        16,
                        9
                    ],
                    "texture": "#bottom"
                },
                "down": {
                    "uv": [
                        13,
                        7,
                        16,
                        9
                    ],
                    "texture": "#bottom",
                    "cullface": "down"
                }
            }
        },
        {
            "from": [
                0,
                0,
                11
            ],
            "to": [
                3,
                3,
                13
            ],
            "faces": {
                "east": {
                    "uv": [
                        3,
                        13,
                        5,
                        16
                    ],
                    "texture": "#bottom"
                },
                "west": {
                    "uv": [
                        5,
                        13,
                        3,
                        16
                    ],
                    "texture": "#bottom",
                    "cullface": "west"
                },
                "up": {
                    "uv": [
                        13,
                        3,
                        16,
                        5
                    ],
                    "texture": "#bottom"
                },
                "down": {
                    "uv": [
                        13,
                        3,
                        16,
                        5
                    ],
                    "texture": "#bottom",
                    "cullface": "down"
                }
            }
        },
        {
            "from": [
                0,
                15,
                7
            ],
            "to": [
                3,
                16,
                9
            ],
            "faces": {
                "east": {
                    "uv": [
                        7,
                        0,
                        9,
                        1
                    ],
                    "texture": "#bottom"
                },
                "west": {
                    "uv": [
                        9,
                        0,
                        7,
                        1
                    ],
                    "texture": "#bottom",
                    "cullface": "west"
                },
                "down": {
                    "uv": [
                        13,
                        9,
                        16,
                        7
                    ],
                    "texture": "#bottom"
                }
            }
        },
        {
            "from": [
                0,
                15,
                11
            ],
            "to": [
                3,
                16,
                13
            ],
            "faces": {
                "east": {
                    "uv": [
                        3,
                        0,
                        5,
                        1
                    ],
                    "texture": "#bottom"
                },
                "west": {
                    "uv": [
                        5,
                        0,
                        3,
                        1
                    ],
                    "texture": "#bottom",
                    "cullface": "west"
                },
                "down": {
                    "uv": [
                        13,
                        13,
                        16,
                        11
                    ],
                    "texture": "#bottom"
                }
            }
        },
        {
            "from": [
                0,
                0,
                9
            ],
            "to": [
                3,
                16,
                11
            ],
            "faces": {
                "north": {
                    "uv": [
                        16,
                        0,
                        13,
                        16
                    ],
                    "texture": "#bottom"
                },
                "east": {
                    "uv": [
                        5,
                        0,
                        7,
                        16
                    ],
                    "texture": "#bottom"
                },
                "south": {
                    "uv": [
                        13,
                        0,
                        16,
                        16
                    ],
                    "texture": "#bottom"
                },
                "west": {
                    "uv": [
                        7,
                        0,
                        5,
                        16
                    ],
                    "texture": "#bottom",
                    "cullface": "west"
                },
                "down": {
                    "uv": [
                        13,
                        5,
                        16,
                        7
                    ],
                    "texture": "#bottom",
                    "cullface": "down"
                }
            }
        },
        {
            "from": [
                0,
                0,
                13
            ],
            "to": [
                3,
                16,
                16
            ],
            "faces": {
                "north": {
                    "uv": [
                        16,
                        0,
                        13,
                        16
                    ],
                    "texture": "#bottom"
                },
                "east": {
                    "uv": [
                        0,
                        0,
                        3,
                        16
                    ],
                    "texture": "#bottom"
                },
                "south": {
                    "uv": [
                        0,
                        0,
                        3,
                        16
                    ],
                    "texture": "#bottom",
                    "cullface": "south"
                },
                "west": {
                    "uv": [
                        3,
                        0,
                        0,
                        16
                    ],
                    "texture": "#bottom",
                    "cullface": "west"
                },
                "down": {
                    "uv": [
                        13,
                        0,
                        16,
                        3
                    ],
                    "texture": "#bottom",
                    "cullface": "down"
                }
            }
        }
    ]
}