{
    "parent": "block/thin_block",
    "textures": {
        "particle": "minecraft:block/acacia_trapdoor",
        "texture": "minecraft:block/acacia_trapdoor"
    },
    "elements": [
        {
            "from": [
                14,
                0,
                3
            ],
            "to": [
                16,
                3,
                13
            ],
            "faces": {
                "east": {
                    "uv": [
                        3,
                        0,
                        13,
                        3
                    ],
                    "texture": "#texture",
                    "cullface": "east"
                },
                "west": {
                    "uv": [
                        3,
                        0,
                        13,
                        3
                    ],
                    "texture": "#texture"
                },
                "up": {
                    "uv": [
                        14,
                        13,
                        16,
                        3
                    ],
                    "texture": "#texture"
                },
                "down": {
                    "uv": [
                        14,
                        3,
                        16,
                        13
                    ],
                    "texture": "#texture",
                    "cullface": "down"
                }
            }
        },
        {
            "from": [
                0,
                0,
                3
            ],
            "to": [
                2,
                3,
                13
            ],
            "faces": {
                "east": {
                    "uv": [
                        3,
                        0,
                        13,
                        3
                    ],
                    "texture": "#texture"
                },
                "west": {
                    "uv": [
                        3,
                        0,
                        13,
                        3
                    ],
                    "texture": "#texture",
                    "cullface": "west"
                },
                "up": {
                    "uv": [
                        0,
                        13,
                        2,
                        3
                    ],
                    "texture": "#texture"
                },
                "down": {
                    "uv": [
                        0,
                        3,
                        2,
                        13
                    ],
                    "texture": "#texture",
                    "cullface": "down"
                }
            }
        },
        {
            "from": [
                0,
                0,
                0
            ],
            "to": [
                16,
                3,
                3
            ],
            "faces": {
                "north": {
                    "uv": [
                        0,
                        0,
                        16,
                        3
                    ],
                    "texture": "#texture",
                    "cullface": "north"
                },
                "east": {
                    "uv": [
                        13,
                        0,
                        16,
                        3
                    ],
                    "texture": "#texture",
                    "cullface": "east"
                },
                "south": {
                    "uv": [
                        0,
                        0,
                        16,
                        3
                    ],
                    "texture": "#texture"
                },
                "west": {
                    "uv": [
                        0,
                        0,
                        3,
                        3
                    ],
                    "texture": "#texture",
                    "cullface": "west"
                },
                "up": {
                    "uv": [
                        0,
                        16,
                        16,
                        13
                    ],
                    "texture": "#texture"
                },
                "down": {
                    "uv": [
                        0,
                        13,
                        16,
                        16
                    ],
                    "texture": "#texture",
                    "cullface": "down"
                }
            }
        },
        {
            "from": [
                0,
                0,
                13
            ],
            "to": [
                16,
                3,
                16
            ],
            "faces": {
                "north": {
                    "uv": [
                        0,
                        0,
                        16,
                        3
                    ],
                    "texture": "#texture"
                },
                "east": {
                    "uv": [
                        0,
                        0,
                        3,
                        3
                    ],
                    "texture": "#texture",
                    "cullface": "east"
                },
                "south": {
                    "uv": [
                        0,
                        0,
                        16,
                        3
                    ],
                    "texture": "#texture",
                    "cullface": "south"
                },
                "west": {
                    "uv": [
                        13,
                        0,
                        16,
                        3
                    ],
                    "texture": "#texture",
                    "cullface": "west"
                },
                "up": {
                    "uv": [
                        0,
                        3,
                        16,
                        0
                    ],
                    "texture": "#texture"
                },
                "down": {
                    "uv": [
                        0,
                        0,
                        16,
                        3
                    ],
                    "texture": "#texture",
                    "cullface": "down"
                }
            }
        },
        {
            "from": [
                4,
                0,
                3
            ],
            "to": [
                7,
                3,
                13
            ],
            "faces": {
                "east": {
                    "uv": [
                        3,
                        0,
                        13,
                        3
                    ],
                    "texture": "#texture"
                },
                "west": {
                    "uv": [
                        3,
                        0,
                        13,
                        3
                    ],
                    "texture": "#texture"
                },
                "up": {
                    "uv": [
                        4,
                        13,
                        7,
                        3
                    ],
                    "texture": "#texture"
                },
                "down": {
                    "uv": [
                        4,
                        3,
                        7,
                        13
                    ],
                    "texture": "#texture",
                    "cullface": "down"
                }
            }
        },
        {
            "from": [
                9,
                0,
                3
            ],
            "to": [
                12,
                3,
                13
            ],
            "faces": {
                "east": {
                    "uv": [
                        3,
                        0,
                        13,
                        3
                    ],
                    "texture": "#texture"
                },
                "west": {
                    "uv": [
                        3,
                        0,
                        13,
                        3
                    ],
                    "texture": "#texture"
                },
                "up": {
                    "uv": [
                        9,
                        13,
                        12,
                        3
                    ],
                    "texture": "#texture"
                },
                "down": {
                    "uv": [
                        9,
                        3,
                        12,
                        13
                    ],
                    "texture": "#texture",
                    "cullface": "down"
                }
            }
        }
    ]
}