{
    "ambientocclusion": false,
    "textures": {
        "bamboo_stage0": "block/bamboo_stage0",
        "particle": "block/bamboo_stage0"
    },
    "elements": [
        {
            "from": [
                5,
                0,
                5
            ],
            "to": [
                6,
                5,
                6
            ],
            "faces": {
                "north": {
                    "uv": [
                        6,
                        11,
                        5,
                        16
                    ],
                    "texture": "#bamboo_stage0",
                    "tintindex": 0
                },
                "east": {
                    "uv": [
                        5,
                        11,
                        6,
                        16
                    ],
                    "texture": "#bamboo_stage0",
                    "tintindex": 0
                },
                "south": {
                    "uv": [
                        5,
                        11,
                        6,
                        16
                    ],
                    "texture": "#bamboo_stage0",
                    "tintindex": 0
                },
                "west": {
                    "uv": [
                        5,
                        11,
                        6,
                        16
                    ],
                    "texture": "#bamboo_stage0",
                    "tintindex": 0
                },
                "up": {
                    "uv": [
                        5,
                        11,
                        6,
                        12
                    ],
                    "texture": "#bamboo_stage0",
                    "tintindex": 0
                },
                "down": {
                    "uv": [
                        5,
                        15,
                        6,
                        16
                    ],
                    "texture": "#bamboo_stage0",
                    "tintindex": 0,
                    "cullface": "down"
                }
            },
            "shade": false
        },
        {
            "from": [
                10,
                0,
                5
            ],
            "to": [
                11,
                5,
                6
            ],
            "faces": {
                "north": {
                    "uv": [
                        6,
                        11,
                        5,
                        16
                    ],
                    "texture": "#bamboo_stage0",
                    "tintindex": 0
                },
                "east": {
                    "uv": [
                        5,
                        11,
                        6,
                        16
                    ],
                    "texture": "#bamboo_stage0",
                    "tintindex": 0
                },
                "south": {
                    "uv": [
                        5,
                        11,
                        6,
                        16
                    ],
                    "texture": "#bamboo_stage0",
                    "tintindex": 0
                },
                "west": {
                    "uv": [
                        5,
                        11,
                        6,
                        16
                    ],
                    "texture": "#bamboo_stage0",
                    "tintindex": 0
                },
                "up": {
                    "uv": [
                        5,
                        11,
                        6,
                        12
                    ],
                    "texture": "#bamboo_stage0",
                    "tintindex": 0
                },
                "down": {
                    "uv": [
                        5,
                        15,
                        6,
                        16
                    ],
                    "texture": "#bamboo_stage0",
                    "tintindex": 0,
                    "cullface": "down"
                }
            },
            "shade": false
        },
        {
            "from": [
                6,
                0,
                6
            ],
            "to": [
                7,
                10,
                7
            ],
            "faces": {
                "north": {
                    "uv": [
                        7,
                        6,
                        6,
                        16
                    ],
                    "texture": "#bamboo_stage0",
                    "tintindex": 0
                },
                "east": {
                    "uv": [
                        6,
                        6,
                        7,
                        16
                    ],
                    "texture": "#bamboo_stage0",
                    "tintindex": 0
                },
                "south": {
                    "uv": [
                        6,
                        6,
                        7,
                        16
                    ],
                    "texture": "#bamboo_stage0",
                    "tintindex": 0
                },
                "west": {
                    "uv": [
                        6,
                        6,
                        7,
                        16
                    ],
                    "texture": "#bamboo_stage0",
                    "tintindex": 0
                },
                "up": {
                    "uv": [
                        6,
                        6,
                        7,
                        7
                    ],
                    "texture": "#bamboo_stage0",
                    "tintindex": 0
                },
                "down": {
                    "uv": [
                        6,
                        15,
                        7,
                        16
                    ],
                    "texture": "#bamboo_stage0",
                    "tintindex": 0,
                    "cullface": "down"
                }
            },
            "shade": false
        },
        {
            "from": [
                9,
                0,
                6
            ],
            "to": [
                10,
                10,
                7
            ],
            "faces": {
                "north": {
                    "uv": [
                        7,
                        6,
                        6,
                        16
                    ],
                    "texture": "#bamboo_stage0",
                    "tintindex": 0
                },
                "east": {
                    "uv": [
                        6,
                        6,
                        7,
                        16
                    ],
                    "texture": "#bamboo_stage0",
                    "tintindex": 0
                },
                "south": {
                    "uv": [
                        6,
                        6,
                        7,
                        16
                    ],
                    "texture": "#bamboo_stage0",
                    "tintindex": 0
                },
                "west": {
                    "uv": [
                        6,
                        6,
                        7,
                        16
                    ],
                    "texture": "#bamboo_stage0",
                    "tintindex": 0
                },
                "up": {
                    "uv": [
                        6,
                        6,
                        7,
                        7
                    ],
                    "texture": "#bamboo_stage0",
                    "tintindex": 0
                },
                "down": {
                    "uv": [
                        6,
                        15,
                        7,
                        16
                    ],
                    "texture": "#bamboo_stage0",
                    "tintindex": 0,
                    "cullface": "down"
                }
            },
            "shade": false
        },
        {
            "from": [
                7,
                0,
                7
            ],
            "to": [
                8,
                14,
                8
            ],
            "faces": {
                "north": {
                    "uv": [
                        8,
                        2,
                        7,
                        16
                    ],
                    "texture": "#bamboo_stage0",
                    "tintindex": 0
                },
                "south": {
                    "uv": [
                        7,
                        2,
                        8,
                        16
                    ],
                    "texture": "#bamboo_stage0",
                    "tintindex": 0
                },
                "west": {
                    "uv": [
                        7,
                        2,
                        8,
                        16
                    ],
                    "texture": "#bamboo_stage0",
                    "tintindex": 0
                },
                "up": {
                    "uv": [
                        7,
                        2,
                        8,
                        3
                    ],
                    "texture": "#bamboo_stage0",
                    "tintindex": 0
                },
                "down": {
                    "uv": [
                        7,
                        15,
                        8,
                        16
                    ],
                    "texture": "#bamboo_stage0",
                    "tintindex": 0,
                    "cullface": "down"
                }
            },
            "shade": false
        },
        {
            "from": [
                8,
                0,
                7
            ],
            "to": [
                9,
                14,
                8
            ],
            "faces": {
                "north": {
                    "uv": [
                        8,
                        2,
                        7,
                        16
                    ],
                    "texture": "#bamboo_stage0",
                    "tintindex": 0
                },
                "east": {
                    "uv": [
                        7,
                        2,
                        8,
                        16
                    ],
                    "texture": "#bamboo_stage0",
                    "tintindex": 0
                },
                "south": {
                    "uv": [
                        7,
                        2,
                        8,
                        16
                    ],
                    "texture": "#bamboo_stage0",
                    "tintindex": 0
                },
                "up": {
                    "uv": [
                        7,
                        2,
                        8,
                        3
                    ],
                    "texture": "#bamboo_stage0",
                    "tintindex": 0
                },
                "down": {
                    "uv": [
                        7,
                        15,
                        8,
                        16
                    ],
                    "texture": "#bamboo_stage0",
                    "tintindex": 0,
                    "cullface": "down"
                }
            },
            "shade": false
        },
        {
            "from": [
                8,
                0,
                8
            ],
            "to": [
                9,
                12,
                9
            ],
            "faces": {
                "east": {
                    "uv": [
                        8,
                        4,
                        9,
                        16
                    ],
                    "texture": "#bamboo_stage0",
                    "tintindex": 0
                },
                "south": {
                    "uv": [
                        8,
                        4,
                        9,
                        16
                    ],
                    "texture": "#bamboo_stage0",
                    "tintindex": 0
                },
                "up": {
                    "uv": [
                        8,
                        4,
                        9,
                        5
                    ],
                    "texture": "#bamboo_stage0",
                    "tintindex": 0
                },
                "down": {
                    "uv": [
                        8,
                        15,
                        9,
                        16
                    ],
                    "texture": "#bamboo_stage0",
                    "tintindex": 0,
                    "cullface": "down"
                }
            },
            "shade": false
        },
        {
            "from": [
                7,
                0,
                8
            ],
            "to": [
                8,
                12,
                9
            ],
            "faces": {
                "south": {
                    "uv": [
                        8,
                        4,
                        9,
                        16
                    ],
                    "texture": "#bamboo_stage0",
                    "tintindex": 0
                },
                "west": {
                    "uv": [
                        8,
                        4,
                        9,
                        16
                    ],
                    "texture": "#bamboo_stage0",
                    "tintindex": 0
                },
                "up": {
                    "uv": [
                        8,
                        4,
                        9,
                        5
                    ],
                    "texture": "#bamboo_stage0",
                    "tintindex": 0
                },
                "down": {
                    "uv": [
                        8,
                        15,
                        9,
                        16
                    ],
                    "texture": "#bamboo_stage0",
                    "tintindex": 0,
                    "cullface": "down"
                }
            },
            "shade": false
        },
        {
            "from": [
                9,
                0,
                9
            ],
            "to": [
                10,
                10,
                10
            ],
            "faces": {
                "north": {
                    "uv": [
                        10,
                        6,
                        9,
                        16
                    ],
                    "texture": "#bamboo_stage0",
                    "tintindex": 0
                },
                "east": {
                    "uv": [
                        9,
                        6,
                        10,
                        16
                    ],
                    "texture": "#bamboo_stage0",
                    "tintindex": 0
                },
                "south": {
                    "uv": [
                        9,
                        6,
                        10,
                        16
                    ],
                    "texture": "#bamboo_stage0",
                    "tintindex": 0
                },
                "west": {
                    "uv": [
                        9,
                        6,
                        10,
                        16
                    ],
                    "texture": "#bamboo_stage0",
                    "tintindex": 0
                },
                "up": {
                    "uv": [
                        9,
                        6,
                        10,
                        7
                    ],
                    "texture": "#bamboo_stage0",
                    "tintindex": 0
                },
                "down": {
                    "uv": [
                        9,
                        15,
                        10,
                        16
                    ],
                    "texture": "#bamboo_stage0",
                    "tintindex": 0,
                    "cullface": "down"
                }
            },
            "shade": false
        },
        {
            "from": [
                6,
                0,
                9
            ],
            "to": [
                7,
                10,
                10
            ],
            "faces": {
                "north": {
                    "uv": [
                        10,
                        6,
                        9,
                        16
                    ],
                    "texture": "#bamboo_stage0",
                    "tintindex": 0
                },
                "east": {
                    "uv": [
                        9,
                        6,
                        10,
                        16
                    ],
                    "texture": "#bamboo_stage0",
                    "tintindex": 0
                },
                "south": {
                    "uv": [
                        9,
                        6,
                        10,
                        16
                    ],
                    "texture": "#bamboo_stage0",
                    "tintindex": 0
                },
                "west": {
                    "uv": [
                        9,
                        6,
                        10,
                        16
                    ],
                    "texture": "#bamboo_stage0",
                    "tintindex": 0
                },
                "up": {
                    "uv": [
                        9,
                        6,
                        10,
                        7
                    ],
                    "texture": "#bamboo_stage0",
                    "tintindex": 0
                },
                "down": {
                    "uv": [
                        9,
                        15,
                        10,
                        16
                    ],
                    "texture": "#bamboo_stage0",
                    "tintindex": 0,
                    "cullface": "down"
                }
            },
            "shade": false
        },
        {
            "from": [
                10,
                0,
                10
            ],
            "to": [
                11,
                4,
                11
            ],
            "faces": {
                "north": {
                    "uv": [
                        11,
                        12,
                        10,
                        16
                    ],
                    "texture": "#bamboo_stage0",
                    "tintindex": 0
                },
                "east": {
                    "uv": [
                        10,
                        12,
                        11,
                        16
                    ],
                    "texture": "#bamboo_stage0",
                    "tintindex": 0
                },
                "south": {
                    "uv": [
                        10,
                        12,
                        11,
                        16
                    ],
                    "texture": "#bamboo_stage0",
                    "tintindex": 0
                },
                "west": {
                    "uv": [
                        10,
                        12,
                        11,
                        16
                    ],
                    "texture": "#bamboo_stage0",
                    "tintindex": 0
                },
                "up": {
                    "uv": [
                        10,
                        12,
                        11,
                        13
                    ],
                    "texture": "#bamboo_stage0",
                    "tintindex": 0
                },
                "down": {
                    "uv": [
                        10,
                        15,
                        11,
                        16
                    ],
                    "texture": "#bamboo_stage0",
                    "tintindex": 0,
                    "cullface": "down"
                }
            },
            "shade": false
        },
        {
            "from": [
                5,
                0,
                10
            ],
            "to": [
                6,
                4,
                11
            ],
            "faces": {
                "north": {
                    "uv": [
                        11,
                        12,
                        10,
                        16
                    ],
                    "texture": "#bamboo_stage0",
                    "tintindex": 0
                },
                "east": {
                    "uv": [
                        10,
                        12,
                        11,
                        16
                    ],
                    "texture": "#bamboo_stage0",
                    "tintindex": 0
                },
                "south": {
                    "uv": [
                        10,
                        12,
                        11,
                        16
                    ],
                    "texture": "#bamboo_stage0",
                    "tintindex": 0
                },
                "west": {
                    "uv": [
                        10,
                        12,
                        11,
                        16
                    ],
                    "texture": "#bamboo_stage0",
                    "tintindex": 0
                },
                "up": {
                    "uv": [
                        10,
                        12,
                        11,
                        13
                    ],
                    "texture": "#bamboo_stage0",
                    "tintindex": 0
                },
                "down": {
                    "uv": [
                        10,
                        15,
                        11,
                        16
                    ],
                    "texture": "#bamboo_stage0",
                    "tintindex": 0,
                    "cullface": "down"
                }
            },
            "shade": false
        }
    ]
}