{
    "ambientocclusion": false,
    "textures": {
        "bamboo_small_leaves": "block/bamboo_small_leaves",
        "particle": "block/bamboo_small_leaves",
        "bamboo_small_leaves_horizontal_0": "block/bamboo_small_leaves_horizontal_0",
        "bamboo_small_leaves_vertical_0": "block/bamboo_small_leaves_vertical_0",
        "bamboo_small_leaves_horizontal_1": "block/bamboo_small_leaves_horizontal_1",
        "bamboo_small_leaves_vertical_1": "block/bamboo_small_leaves_vertical_1",
        "bamboo_small_leaves_horizontal_2": "block/bamboo_small_leaves_horizontal_2",
        "bamboo_small_leaves_vertical_2": "block/bamboo_small_leaves_vertical_2",
        "bamboo_small_leaves_horizontal_3": "block/bamboo_small_leaves_horizontal_3",
        "bamboo_small_leaves_vertical_3": "block/bamboo_small_leaves_vertical_3",
        "bamboo_small_leaves_horizontal_4": "block/bamboo_small_leaves_horizontal_4",
        "bamboo_small_leaves_vertical_4": "block/bamboo_small_leaves_vertical_4",
        "bamboo_small_leaves_horizontal_5": "block/bamboo_small_leaves_horizontal_5",
        "bamboo_small_leaves_vertical_5": "block/bamboo_small_leaves_vertical_5",
        "bamboo_small_leaves_horizontal_6": "block/bamboo_small_leaves_horizontal_6",
        "bamboo_small_leaves_vertical_6": "block/bamboo_small_leaves_vertical_6",
        "bamboo_small_leaves_horizontal_7": "block/bamboo_small_leaves_horizontal_7",
        "bamboo_small_leaves_vertical_7": "block/bamboo_small_leaves_vertical_7",
        "bamboo_small_leaves_horizontal_8": "block/bamboo_small_leaves_horizontal_8",
        "bamboo_small_leaves_vertical_8": "block/bamboo_small_leaves_vertical_8",
        "bamboo_small_leaves_horizontal_9": "block/bamboo_small_leaves_horizontal_9",
        "bamboo_small_leaves_vertical_9": "block/bamboo_small_leaves_vertical_9",
        "bamboo_small_leaves_horizontal_10": "block/bamboo_small_leaves_horizontal_10",
        "bamboo_small_leaves_vertical_10": "block/bamboo_small_leaves_vertical_10",
        "bamboo_small_leaves_horizontal_11": "block/bamboo_small_leaves_horizontal_11",
        "bamboo_small_leaves_vertical_11": "block/bamboo_small_leaves_vertical_11",
        "bamboo_small_leaves_horizontal_12": "block/bamboo_small_leaves_horizontal_12",
        "bamboo_small_leaves_vertical_12": "block/bamboo_small_leaves_vertical_12",
        "bamboo_small_leaves_horizontal_13": "block/bamboo_small_leaves_horizontal_13",
        "bamboo_small_leaves_vertical_13": "block/bamboo_small_leaves_vertical_13",
        "bamboo_small_leaves_horizontal_14": "block/bamboo_small_leaves_horizontal_14",
        "bamboo_small_leaves_vertical_14": "block/bamboo_small_leaves_vertical_14",
        "bamboo_small_leaves_horizontal_15": "block/bamboo_small_leaves_horizontal_15",
        "bamboo_small_leaves_vertical_15": "block/bamboo_small_leaves_vertical_15"
    },
    "elements": [
        {
            "from": [
                7.5,
                0,
                0
            ],
            "to": [
                8.5,
                16,
                16
            ],
            "faces": {
                "east": {
                    "uv": [
                        0,
                        0,
                        16,
                        16
                    ],
                    "texture": "#bamboo_small_leaves"
                },
                "west": {
                    "uv": [
                        16,
                        0,
                        0,
                        16
                    ],
                    "texture": "#bamboo_small_leaves"
                }
            },
            "shade": false
        },
        {
            "from": [
                0,
                0,
                7.5
            ],
            "to": [
                16,
                16,
                8.5
            ],
            "faces": {
                "north": {
                    "uv": [
                        16,
                        0,
                        0,
                        16
                    ],
                    "texture": "#bamboo_small_leaves"
                },
                "south": {
                    "uv": [
                        0,
                        0,
                        16,
                        16
                    ],
                    "texture": "#bamboo_small_leaves"
                }
            },
            "shade": false
        },
        {
            "from": [
                0,
                -0.001,
                0
            ],
            "to": [
                16,
                0.999,
                16
            ],
            "faces": {
                "up": {
                    "uv": [
                        0,
                        0,
                        16,
                        16
                    ],
                    "texture": "#bamboo_small_leaves_horizontal_0"
                },
                "down": {
                    "uv": [
                        0,
                        16,
                        16,
                        0
                    ],
                    "texture": "#bamboo_small_leaves_horizontal_0",
                    "cullface": "down"
                }
            },
            "shade": false
        },
        {
            "from": [
                0,
                -0.001,
                0
            ],
            "to": [
                1,
                15.999,
                16
            ],
            "faces": {
                "east": {
                    "uv": [
                        16,
                        0,
                        0,
                        16
                    ],
                    "texture": "#bamboo_small_leaves_vertical_0"
                },
                "west": {
                    "uv": [
                        0,
                        0,
                        16,
                        16
                    ],
                    "texture": "#bamboo_small_leaves_vertical_0",
                    "cullface": "west"
                }
            },
            "shade": false
        },
        {
            "from": [
                0,
                -0.001,
                0
            ],
            "to": [
                16,
                15.999,
                1
            ],
            "faces": {
                "north": {
                    "uv": [
                        0,
                        0,
                        16,
                        16
                    ],
                    "texture": "#bamboo_small_leaves_vertical_15",
                    "cullface": "north"
                },
                "south": {
                    "uv": [
                        16,
                        0,
                        0,
                        16
                    ],
                    "texture": "#bamboo_small_leaves_vertical_15"
                }
            },
            "shade": false
        },
        {
            "from": [
                0,
                0.999,
                0
            ],
            "to": [
                16,
                1.999,
                16
            ],
            "faces": {
                "up": {
                    "uv": [
                        0,
                        0,
                        16,
                        16
                    ],
                    "texture": "#bamboo_small_leaves_horizontal_1"
                },
                "down": {
                    "uv": [
                        0,
                        16,
                        16,
                        0
                    ],
                    "texture": "#bamboo_small_leaves_horizontal_1"
                }
            },
            "shade": false
        },
        {
            "from": [
                1,
                -0.001,
                0
            ],
            "to": [
                2,
                15.999,
                16
            ],
            "faces": {
                "east": {
                    "uv": [
                        16,
                        0,
                        0,
                        16
                    ],
                    "texture": "#bamboo_small_leaves_vertical_1"
                },
                "west": {
                    "uv": [
                        0,
                        0,
                        16,
                        16
                    ],
                    "texture": "#bamboo_small_leaves_vertical_1"
                }
            },
            "shade": false
        },
        {
            "from": [
                0,
                -0.001,
                1
            ],
            "to": [
                16,
                15.999,
                2
            ],
            "faces": {
                "north": {
                    "uv": [
                        0,
                        0,
                        16,
                        16
                    ],
                    "texture": "#bamboo_small_leaves_vertical_14"
                },
                "south": {
                    "uv": [
                        16,
                        0,
                        0,
                        16
                    ],
                    "texture": "#bamboo_small_leaves_vertical_14"
                }
            },
            "shade": false
        },
        {
            "from": [
                0,
                1.999,
                0
            ],
            "to": [
                16,
                2.999,
                16
            ],
            "faces": {
                "up": {
                    "uv": [
                        0,
                        0,
                        16,
                        16
                    ],
                    "texture": "#bamboo_small_leaves_horizontal_2"
                },
                "down": {
                    "uv": [
                        0,
                        16,
                        16,
                        0
                    ],
                    "texture": "#bamboo_small_leaves_horizontal_2"
                }
            },
            "shade": false
        },
        {
            "from": [
                2,
                -0.001,
                0
            ],
            "to": [
                3,
                15.999,
                16
            ],
            "faces": {
                "east": {
                    "uv": [
                        16,
                        0,
                        0,
                        16
                    ],
                    "texture": "#bamboo_small_leaves_vertical_2"
                },
                "west": {
                    "uv": [
                        0,
                        0,
                        16,
                        16
                    ],
                    "texture": "#bamboo_small_leaves_vertical_2"
                }
            },
            "shade": false
        },
        {
            "from": [
                0,
                -0.001,
                2
            ],
            "to": [
                16,
                15.999,
                3
            ],
            "faces": {
                "north": {
                    "uv": [
                        0,
                        0,
                        16,
                        16
                    ],
                    "texture": "#bamboo_small_leaves_vertical_13"
                },
                "south": {
                    "uv": [
                        16,
                        0,
                        0,
                        16
                    ],
                    "texture": "#bamboo_small_leaves_vertical_13"
                }
            },
            "shade": false
        },
        {
            "from": [
                0,
                2.999,
                0
            ],
            "to": [
                16,
                3.999,
                16
            ],
            "faces": {
                "up": {
                    "uv": [
                        0,
                        0,
                        16,
                        16
                    ],
                    "texture": "#bamboo_small_leaves_horizontal_3"
                },
                "down": {
                    "uv": [
                        0,
                        16,
                        16,
                        0
                    ],
                    "texture": "#bamboo_small_leaves_horizontal_3"
                }
            },
            "shade": false
        },
        {
            "from": [
                3,
                -0.001,
                0
            ],
            "to": [
                4,
                15.999,
                16
            ],
            "faces": {
                "east": {
                    "uv": [
                        16,
                        0,
                        0,
                        16
                    ],
                    "texture": "#bamboo_small_leaves_vertical_3"
                },
                "west": {
                    "uv": [
                        0,
                        0,
                        16,
                        16
                    ],
                    "texture": "#bamboo_small_leaves_vertical_3"
                }
            },
            "shade": false
        },
        {
            "from": [
                0,
                -0.001,
                3
            ],
            "to": [
                16,
                15.999,
                4
            ],
            "faces": {
                "north": {
                    "uv": [
                        0,
                        0,
                        16,
                        16
                    ],
                    "texture": "#bamboo_small_leaves_vertical_12"
                },
                "south": {
                    "uv": [
                        16,
                        0,
                        0,
                        16
                    ],
                    "texture": "#bamboo_small_leaves_vertical_12"
                }
            },
            "shade": false
        },
        {
            "from": [
                0,
                3.999,
                0
            ],
            "to": [
                16,
                4.999,
                16
            ],
            "faces": {
                "up": {
                    "uv": [
                        0,
                        0,
                        16,
                        16
                    ],
                    "texture": "#bamboo_small_leaves_horizontal_4"
                },
                "down": {
                    "uv": [
                        0,
                        16,
                        16,
                        0
                    ],
                    "texture": "#bamboo_small_leaves_horizontal_4"
                }
            },
            "shade": false
        },
        {
            "from": [
                4,
                -0.001,
                0
            ],
            "to": [
                5,
                15.999,
                16
            ],
            "faces": {
                "east": {
                    "uv": [
                        16,
                        0,
                        0,
                        16
                    ],
                    "texture": "#bamboo_small_leaves_vertical_4"
                },
                "west": {
                    "uv": [
                        0,
                        0,
                        16,
                        16
                    ],
                    "texture": "#bamboo_small_leaves_vertical_4"
                }
            },
            "shade": false
        },
        {
            "from": [
                0,
                -0.001,
                4
            ],
            "to": [
                16,
                15.999,
                5
            ],
            "faces": {
                "north": {
                    "uv": [
                        0,
                        0,
                        16,
                        16
                    ],
                    "texture": "#bamboo_small_leaves_vertical_11"
                },
                "south": {
                    "uv": [
                        16,
                        0,
                        0,
                        16
                    ],
                    "texture": "#bamboo_small_leaves_vertical_11"
                }
            },
            "shade": false
        },
        {
            "from": [
                0,
                4.999,
                0
            ],
            "to": [
                16,
                5.999,
                16
            ],
            "faces": {
                "up": {
                    "uv": [
                        0,
                        0,
                        16,
                        16
                    ],
                    "texture": "#bamboo_small_leaves_horizontal_5"
                },
                "down": {
                    "uv": [
                        0,
                        16,
                        16,
                        0
                    ],
                    "texture": "#bamboo_small_leaves_horizontal_5"
                }
            },
            "shade": false
        },
        {
            "from": [
                5,
                -0.001,
                0
            ],
            "to": [
                6,
                15.999,
                16
            ],
            "faces": {
                "east": {
                    "uv": [
                        16,
                        0,
                        0,
                        16
                    ],
                    "texture": "#bamboo_small_leaves_vertical_5"
                },
                "west": {
                    "uv": [
                        0,
                        0,
                        16,
                        16
                    ],
                    "texture": "#bamboo_small_leaves_vertical_5"
                }
            },
            "shade": false
        },
        {
            "from": [
                0,
                -0.001,
                5
            ],
            "to": [
                16,
                15.999,
                6
            ],
            "faces": {
                "north": {
                    "uv": [
                        0,
                        0,
                        16,
                        16
                    ],
                    "texture": "#bamboo_small_leaves_vertical_10"
                },
                "south": {
                    "uv": [
                        16,
                        0,
                        0,
                        16
                    ],
                    "texture": "#bamboo_small_leaves_vertical_10"
                }
            },
            "shade": false
        },
        {
            "from": [
                0,
                5.999,
                0
            ],
            "to": [
                16,
                6.999,
                16
            ],
            "faces": {
                "up": {
                    "uv": [
                        0,
                        0,
                        16,
                        16
                    ],
                    "texture": "#bamboo_small_leaves_horizontal_6"
                },
                "down": {
                    "uv": [
                        0,
                        16,
                        16,
                        0
                    ],
                    "texture": "#bamboo_small_leaves_horizontal_6"
                }
            },
            "shade": false
        },
        {
            "from": [
                6,
                -0.001,
                0
            ],
            "to": [
                7,
                15.999,
                16
            ],
            "faces": {
                "east": {
                    "uv": [
                        16,
                        0,
                        0,
                        16
                    ],
                    "texture": "#bamboo_small_leaves_vertical_6"
                },
                "west": {
                    "uv": [
                        0,
                        0,
                        16,
                        16
                    ],
                    "texture": "#bamboo_small_leaves_vertical_6"
                }
            },
            "shade": false
        },
        {
            "from": [
                0,
                -0.001,
                6
            ],
            "to": [
                16,
                15.999,
                7
            ],
            "faces": {
                "north": {
                    "uv": [
                        0,
                        0,
                        16,
                        16
                    ],
                    "texture": "#bamboo_small_leaves_vertical_9"
                },
                "south": {
                    "uv": [
                        16,
                        0,
                        0,
                        16
                    ],
                    "texture": "#bamboo_small_leaves_vertical_9"
                }
            },
            "shade": false
        },
        {
            "from": [
                0,
                6.999,
                0
            ],
            "to": [
                16,
                7.999,
                16
            ],
            "faces": {
                "up": {
                    "uv": [
                        0,
                        0,
                        16,
                        16
                    ],
                    "texture": "#bamboo_small_leaves_horizontal_7"
                },
                "down": {
                    "uv": [
                        0,
                        16,
                        16,
                        0
                    ],
                    "texture": "#bamboo_small_leaves_horizontal_7"
                }
            },
            "shade": false
        },
        {
            "from": [
                0,
                7.999,
                0
            ],
            "to": [
                16,
                8.999,
                16
            ],
            "faces": {
                "up": {
                    "uv": [
                        0,
                        0,
                        16,
                        16
                    ],
                    "texture": "#bamboo_small_leaves_horizontal_8"
                },
                "down": {
                    "uv": [
                        0,
                        16,
                        16,
                        0
                    ],
                    "texture": "#bamboo_small_leaves_horizontal_8"
                }
            },
            "shade": false
        },
        {
            "from": [
                0,
                8.999,
                0
            ],
            "to": [
                16,
                9.999,
                16
            ],
            "faces": {
                "up": {
                    "uv": [
                        0,
                        0,
                        16,
                        16
                    ],
                    "texture": "#bamboo_small_leaves_horizontal_9"
                },
                "down": {
                    "uv": [
                        0,
                        16,
                        16,
                        0
                    ],
                    "texture": "#bamboo_small_leaves_horizontal_9"
                }
            },
            "shade": false
        },
        {
            "from": [
                9,
                -0.001,
                0
            ],
            "to": [
                10,
                15.999,
                16
            ],
            "faces": {
                "east": {
                    "uv": [
                        16,
                        0,
                        0,
                        16
                    ],
                    "texture": "#bamboo_small_leaves_vertical_9"
                },
                "west": {
                    "uv": [
                        0,
                        0,
                        16,
                        16
                    ],
                    "texture": "#bamboo_small_leaves_vertical_9"
                }
            },
            "shade": false
        },
        {
            "from": [
                0,
                -0.001,
                9
            ],
            "to": [
                16,
                15.999,
                10
            ],
            "faces": {
                "north": {
                    "uv": [
                        0,
                        0,
                        16,
                        16
                    ],
                    "texture": "#bamboo_small_leaves_vertical_6"
                },
                "south": {
                    "uv": [
                        16,
                        0,
                        0,
                        16
                    ],
                    "texture": "#bamboo_small_leaves_vertical_6"
                }
            },
            "shade": false
        },
        {
            "from": [
                0,
                9.999,
                0
            ],
            "to": [
                16,
                10.999,
                16
            ],
            "faces": {
                "up": {
                    "uv": [
                        0,
                        0,
                        16,
                        16
                    ],
                    "texture": "#bamboo_small_leaves_horizontal_10"
                },
                "down": {
                    "uv": [
                        0,
                        16,
                        16,
                        0
                    ],
                    "texture": "#bamboo_small_leaves_horizontal_10"
                }
            },
            "shade": false
        },
        {
            "from": [
                10,
                -0.001,
                0
            ],
            "to": [
                11,
                15.999,
                16
            ],
            "faces": {
                "east": {
                    "uv": [
                        16,
                        0,
                        0,
                        16
                    ],
                    "texture": "#bamboo_small_leaves_vertical_10"
                },
                "west": {
                    "uv": [
                        0,
                        0,
                        16,
                        16
                    ],
                    "texture": "#bamboo_small_leaves_vertical_10"
                }
            },
            "shade": false
        },
        {
            "from": [
                0,
                -0.001,
                10
            ],
            "to": [
                16,
                15.999,
                11
            ],
            "faces": {
                "north": {
                    "uv": [
                        0,
                        0,
                        16,
                        16
                    ],
                    "texture": "#bamboo_small_leaves_vertical_5"
                },
                "south": {
                    "uv": [
                        16,
                        0,
                        0,
                        16
                    ],
                    "texture": "#bamboo_small_leaves_vertical_5"
                }
            },
            "shade": false
        },
        {
            "from": [
                0,
                10.999,
                0
            ],
            "to": [
                16,
                11.999,
                16
            ],
            "faces": {
                "up": {
                    "uv": [
                        0,
                        0,
                        16,
                        16
                    ],
                    "texture": "#bamboo_small_leaves_horizontal_11"
                },
                "down": {
                    "uv": [
                        0,
                        16,
                        16,
                        0
                    ],
                    "texture": "#bamboo_small_leaves_horizontal_11"
                }
            },
            "shade": false
        },
        {
            "from": [
                11,
                -0.001,
                0
            ],
            "to": [
                12,
                15.999,
                16
            ],
            "faces": {
                "east": {
                    "uv": [
                        16,
                        0,
                        0,
                        16
                    ],
                    "texture": "#bamboo_small_leaves_vertical_11"
                },
                "west": {
                    "uv": [
                        0,
                        0,
                        16,
                        16
                    ],
                    "texture": "#bamboo_small_leaves_vertical_11"
                }
            },
            "shade": false
        },
        {
            "from": [
                0,
                -0.001,
                11
            ],
            "to": [
                16,
                15.999,
                12
            ],
            "faces": {
                "north": {
                    "uv": [
                        0,
                        0,
                        16,
                        16
                    ],
                    "texture": "#bamboo_small_leaves_vertical_4"
                },
                "south": {
                    "uv": [
                        16,
                        0,
                        0,
                        16
                    ],
                    "texture": "#bamboo_small_leaves_vertical_4"
                }
            },
            "shade": false
        },
        {
            "from": [
                0,
                11.999,
                0
            ],
            "to": [
                16,
                12.999,
                16
            ],
            "faces": {
                "up": {
                    "uv": [
                        0,
                        0,
                        16,
                        16
                    ],
                    "texture": "#bamboo_small_leaves_horizontal_12"
                },
                "down": {
                    "uv": [
                        0,
                        16,
                        16,
                        0
                    ],
                    "texture": "#bamboo_small_leaves_horizontal_12"
                }
            },
            "shade": false
        },
        {
            "from": [
                12,
                -0.001,
                0
            ],
            "to": [
                13,
                15.999,
                16
            ],
            "faces": {
                "east": {
                    "uv": [
                        16,
                        0,
                        0,
                        16
                    ],
                    "texture": "#bamboo_small_leaves_vertical_12"
                },
                "west": {
                    "uv": [
                        0,
                        0,
                        16,
                        16
                    ],
                    "texture": "#bamboo_small_leaves_vertical_12"
                }
            },
            "shade": false
        },
        {
            "from": [
                0,
                -0.001,
                12
            ],
            "to": [
                16,
                15.999,
                13
            ],
            "faces": {
                "north": {
                    "uv": [
                        0,
                        0,
                        16,
                        16
                    ],
                    "texture": "#bamboo_small_leaves_vertical_3"
                },
                "south": {
                    "uv": [
                        16,
                        0,
                        0,
                        16
                    ],
                    "texture": "#bamboo_small_leaves_vertical_3"
                }
            },
            "shade": false
        },
        {
            "from": [
                0,
                12.999,
                0
            ],
            "to": [
                16,
                13.999,
                16
            ],
            "faces": {
                "up": {
                    "uv": [
                        0,
                        0,
                        16,
                        16
                    ],
                    "texture": "#bamboo_small_leaves_horizontal_13"
                },
                "down": {
                    "uv": [
                        0,
                        16,
                        16,
                        0
                    ],
                    "texture": "#bamboo_small_leaves_horizontal_13"
                }
            },
            "shade": false
        },
        {
            "from": [
                13,
                -0.001,
                0
            ],
            "to": [
                14,
                15.999,
                16
            ],
            "faces": {
                "east": {
                    "uv": [
                        16,
                        0,
                        0,
                        16
                    ],
                    "texture": "#bamboo_small_leaves_vertical_13"
                },
                "west": {
                    "uv": [
                        0,
                        0,
                        16,
                        16
                    ],
                    "texture": "#bamboo_small_leaves_vertical_13"
                }
            },
            "shade": false
        },
        {
            "from": [
                0,
                -0.001,
                13
            ],
            "to": [
                16,
                15.999,
                14
            ],
            "faces": {
                "north": {
                    "uv": [
                        0,
                        0,
                        16,
                        16
                    ],
                    "texture": "#bamboo_small_leaves_vertical_2"
                },
                "south": {
                    "uv": [
                        16,
                        0,
                        0,
                        16
                    ],
                    "texture": "#bamboo_small_leaves_vertical_2"
                }
            },
            "shade": false
        },
        {
            "from": [
                0,
                13.999,
                0
            ],
            "to": [
                16,
                14.999,
                16
            ],
            "faces": {
                "up": {
                    "uv": [
                        0,
                        0,
                        16,
                        16
                    ],
                    "texture": "#bamboo_small_leaves_horizontal_14"
                },
                "down": {
                    "uv": [
                        0,
                        16,
                        16,
                        0
                    ],
                    "texture": "#bamboo_small_leaves_horizontal_14"
                }
            },
            "shade": false
        },
        {
            "from": [
                14,
                -0.001,
                0
            ],
            "to": [
                15,
                15.999,
                16
            ],
            "faces": {
                "east": {
                    "uv": [
                        16,
                        0,
                        0,
                        16
                    ],
                    "texture": "#bamboo_small_leaves_vertical_14"
                },
                "west": {
                    "uv": [
                        0,
                        0,
                        16,
                        16
                    ],
                    "texture": "#bamboo_small_leaves_vertical_14"
                }
            },
            "shade": false
        },
        {
            "from": [
                0,
                -0.001,
                14
            ],
            "to": [
                16,
                15.999,
                15
            ],
            "faces": {
                "north": {
                    "uv": [
                        0,
                        0,
                        16,
                        16
                    ],
                    "texture": "#bamboo_small_leaves_vertical_1"
                },
                "south": {
                    "uv": [
                        16,
                        0,
                        0,
                        16
                    ],
                    "texture": "#bamboo_small_leaves_vertical_1"
                }
            },
            "shade": false
        },
        {
            "from": [
                0,
                14.999,
                0
            ],
            "to": [
                16,
                15.999,
                16
            ],
            "faces": {
                "up": {
                    "uv": [
                        0,
                        0,
                        16,
                        16
                    ],
                    "texture": "#bamboo_small_leaves_horizontal_15"
                },
                "down": {
                    "uv": [
                        0,
                        16,
                        16,
                        0
                    ],
                    "texture": "#bamboo_small_leaves_horizontal_15"
                }
            },
            "shade": false
        },
        {
            "from": [
                15,
                -0.001,
                0
            ],
            "to": [
                16,
                15.999,
                16
            ],
            "faces": {
                "east": {
                    "uv": [
                        16,
                        0,
                        0,
                        16
                    ],
                    "texture": "#bamboo_small_leaves_vertical_15",
                    "cullface": "east"
                },
                "west": {
                    "uv": [
                        0,
                        0,
                        16,
                        16
                    ],
                    "texture": "#bamboo_small_leaves_vertical_15"
                }
            },
            "shade": false
        },
        {
            "from": [
                0,
                -0.001,
                15
            ],
            "to": [
                16,
                15.999,
                16
            ],
            "faces": {
                "north": {
                    "uv": [
                        0,
                        0,
                        16,
                        16
                    ],
                    "texture": "#bamboo_small_leaves_vertical_0"
                },
                "south": {
                    "uv": [
                        16,
                        0,
                        0,
                        16
                    ],
                    "texture": "#bamboo_small_leaves_vertical_0",
                    "cullface": "south"
                }
            },
            "shade": false
        }
    ]
}