{
    "ambientocclusion": false,
    "textures": {
        "blue_orchid": "block/blue_orchid",
        "particle": "block/blue_orchid"
    },
    "elements": [
        {
            "from": [
                2,
                5,
                2
            ],
            "to": [
                3,
                6,
                3
            ],
            "faces": {
                "north": {
                    "uv": [
                        3,
                        10,
                        2,
                        11
                    ],
                    "texture": "#blue_orchid"
                },
                "east": {
                    "uv": [
                        2,
                        10,
                        3,
                        11
                    ],
                    "texture": "#blue_orchid"
                },
                "south": {
                    "uv": [
                        2,
                        10,
                        3,
                        11
                    ],
                    "texture": "#blue_orchid"
                },
                "west": {
                    "uv": [
                        2,
                        10,
                        3,
                        11
                    ],
                    "texture": "#blue_orchid"
                },
                "up": {
                    "uv": [
                        2,
                        10,
                        3,
                        11
                    ],
                    "texture": "#blue_orchid"
                },
                "down": {
                    "uv": [
                        2,
                        10,
                        3,
                        11
                    ],
                    "texture": "#blue_orchid"
                }
            },
            "shade": false
        },
        {
            "from": [
                13,
                5,
                2
            ],
            "to": [
                14,
                6,
                3
            ],
            "faces": {
                "north": {
                    "uv": [
                        3,
                        10,
                        2,
                        11
                    ],
                    "texture": "#blue_orchid"
                },
                "east": {
                    "uv": [
                        2,
                        10,
                        3,
                        11
                    ],
                    "texture": "#blue_orchid"
                },
                "south": {
                    "uv": [
                        2,
                        10,
                        3,
                        11
                    ],
                    "texture": "#blue_orchid"
                },
                "west": {
                    "uv": [
                        2,
                        10,
                        3,
                        11
                    ],
                    "texture": "#blue_orchid"
                },
                "up": {
                    "uv": [
                        2,
                        10,
                        3,
                        11
                    ],
                    "texture": "#blue_orchid"
                },
                "down": {
                    "uv": [
                        2,
                        10,
                        3,
                        11
                    ],
                    "texture": "#blue_orchid"
                }
            },
            "shade": false
        },
        {
            "from": [
                3,
                4,
                3
            ],
            "to": [
                4,
                7,
                4
            ],
            "faces": {
                "north": {
                    "uv": [
                        4,
                        9,
                        3,
                        12
                    ],
                    "texture": "#blue_orchid"
                },
                "east": {
                    "uv": [
                        3,
                        9,
                        4,
                        12
                    ],
                    "texture": "#blue_orchid"
                },
                "south": {
                    "uv": [
                        3,
                        9,
                        4,
                        12
                    ],
                    "texture": "#blue_orchid"
                },
                "west": {
                    "uv": [
                        3,
                        9,
                        4,
                        12
                    ],
                    "texture": "#blue_orchid"
                },
                "up": {
                    "uv": [
                        3,
                        9,
                        4,
                        10
                    ],
                    "texture": "#blue_orchid"
                },
                "down": {
                    "uv": [
                        3,
                        11,
                        4,
                        12
                    ],
                    "texture": "#blue_orchid"
                }
            },
            "shade": false
        },
        {
            "from": [
                12,
                4,
                3
            ],
            "to": [
                13,
                7,
                4
            ],
            "faces": {
                "north": {
                    "uv": [
                        4,
                        9,
                        3,
                        12
                    ],
                    "texture": "#blue_orchid"
                },
                "east": {
                    "uv": [
                        3,
                        9,
                        4,
                        12
                    ],
                    "texture": "#blue_orchid"
                },
                "south": {
                    "uv": [
                        3,
                        9,
                        4,
                        12
                    ],
                    "texture": "#blue_orchid"
                },
                "west": {
                    "uv": [
                        3,
                        9,
                        4,
                        12
                    ],
                    "texture": "#blue_orchid"
                },
                "up": {
                    "uv": [
                        3,
                        9,
                        4,
                        10
                    ],
                    "texture": "#blue_orchid"
                },
                "down": {
                    "uv": [
                        3,
                        11,
                        4,
                        12
                    ],
                    "texture": "#blue_orchid"
                }
            },
            "shade": false
        },
        {
            "from": [
                4,
                5,
                4
            ],
            "to": [
                5,
                7,
                5
            ],
            "faces": {
                "north": {
                    "uv": [
                        5,
                        9,
                        4,
                        11
                    ],
                    "texture": "#blue_orchid"
                },
                "east": {
                    "uv": [
                        4,
                        9,
                        5,
                        11
                    ],
                    "texture": "#blue_orchid"
                },
                "south": {
                    "uv": [
                        4,
                        9,
                        5,
                        11
                    ],
                    "texture": "#blue_orchid"
                },
                "west": {
                    "uv": [
                        4,
                        9,
                        5,
                        11
                    ],
                    "texture": "#blue_orchid"
                },
                "up": {
                    "uv": [
                        4,
                        9,
                        5,
                        10
                    ],
                    "texture": "#blue_orchid"
                },
                "down": {
                    "uv": [
                        4,
                        10,
                        5,
                        11
                    ],
                    "texture": "#blue_orchid"
                }
            },
            "shade": false
        },
        {
            "from": [
                11,
                5,
                4
            ],
            "to": [
                12,
                7,
                5
            ],
            "faces": {
                "north": {
                    "uv": [
                        5,
                        9,
                        4,
                        11
                    ],
                    "texture": "#blue_orchid"
                },
                "east": {
                    "uv": [
                        4,
                        9,
                        5,
                        11
                    ],
                    "texture": "#blue_orchid"
                },
                "south": {
                    "uv": [
                        4,
                        9,
                        5,
                        11
                    ],
                    "texture": "#blue_orchid"
                },
                "west": {
                    "uv": [
                        4,
                        9,
                        5,
                        11
                    ],
                    "texture": "#blue_orchid"
                },
                "up": {
                    "uv": [
                        4,
                        9,
                        5,
                        10
                    ],
                    "texture": "#blue_orchid"
                },
                "down": {
                    "uv": [
                        4,
                        10,
                        5,
                        11
                    ],
                    "texture": "#blue_orchid"
                }
            },
            "shade": false
        },
        {
            "from": [
                5,
                9,
                5
            ],
            "to": [
                6,
                11,
                6
            ],
            "faces": {
                "north": {
                    "uv": [
                        6,
                        5,
                        5,
                        7
                    ],
                    "texture": "#blue_orchid"
                },
                "east": {
                    "uv": [
                        5,
                        5,
                        6,
                        7
                    ],
                    "texture": "#blue_orchid"
                },
                "south": {
                    "uv": [
                        5,
                        5,
                        6,
                        7
                    ],
                    "texture": "#blue_orchid"
                },
                "west": {
                    "uv": [
                        5,
                        5,
                        6,
                        7
                    ],
                    "texture": "#blue_orchid"
                },
                "up": {
                    "uv": [
                        5,
                        5,
                        6,
                        6
                    ],
                    "texture": "#blue_orchid"
                },
                "down": {
                    "uv": [
                        5,
                        6,
                        6,
                        7
                    ],
                    "texture": "#blue_orchid"
                }
            },
            "shade": false
        },
        {
            "from": [
                10,
                9,
                5
            ],
            "to": [
                11,
                11,
                6
            ],
            "faces": {
                "north": {
                    "uv": [
                        6,
                        5,
                        5,
                        7
                    ],
                    "texture": "#blue_orchid"
                },
                "east": {
                    "uv": [
                        5,
                        5,
                        6,
                        7
                    ],
                    "texture": "#blue_orchid"
                },
                "south": {
                    "uv": [
                        5,
                        5,
                        6,
                        7
                    ],
                    "texture": "#blue_orchid"
                },
                "west": {
                    "uv": [
                        5,
                        5,
                        6,
                        7
                    ],
                    "texture": "#blue_orchid"
                },
                "up": {
                    "uv": [
                        5,
                        5,
                        6,
                        6
                    ],
                    "texture": "#blue_orchid"
                },
                "down": {
                    "uv": [
                        5,
                        6,
                        6,
                        7
                    ],
                    "texture": "#blue_orchid"
                }
            },
            "shade": false
        },
        {
            "from": [
                5,
                5,
                5
            ],
            "to": [
                6,
                6,
                6
            ],
            "faces": {
                "north": {
                    "uv": [
                        6,
                        10,
                        5,
                        11
                    ],
                    "texture": "#blue_orchid"
                },
                "east": {
                    "uv": [
                        5,
                        10,
                        6,
                        11
                    ],
                    "texture": "#blue_orchid"
                },
                "south": {
                    "uv": [
                        5,
                        10,
                        6,
                        11
                    ],
                    "texture": "#blue_orchid"
                },
                "west": {
                    "uv": [
                        5,
                        10,
                        6,
                        11
                    ],
                    "texture": "#blue_orchid"
                },
                "up": {
                    "uv": [
                        5,
                        10,
                        6,
                        11
                    ],
                    "texture": "#blue_orchid"
                },
                "down": {
                    "uv": [
                        5,
                        10,
                        6,
                        11
                    ],
                    "texture": "#blue_orchid"
                }
            },
            "shade": false
        },
        {
            "from": [
                10,
                5,
                5
            ],
            "to": [
                11,
                6,
                6
            ],
            "faces": {
                "north": {
                    "uv": [
                        6,
                        10,
                        5,
                        11
                    ],
                    "texture": "#blue_orchid"
                },
                "east": {
                    "uv": [
                        5,
                        10,
                        6,
                        11
                    ],
                    "texture": "#blue_orchid"
                },
                "south": {
                    "uv": [
                        5,
                        10,
                        6,
                        11
                    ],
                    "texture": "#blue_orchid"
                },
                "west": {
                    "uv": [
                        5,
                        10,
                        6,
                        11
                    ],
                    "texture": "#blue_orchid"
                },
                "up": {
                    "uv": [
                        5,
                        10,
                        6,
                        11
                    ],
                    "texture": "#blue_orchid"
                },
                "down": {
                    "uv": [
                        5,
                        10,
                        6,
                        11
                    ],
                    "texture": "#blue_orchid"
                }
            },
            "shade": false
        },
        {
            "from": [
                6,
                8,
                6
            ],
            "to": [
                7,
                12,
                7
            ],
            "faces": {
                "north": {
                    "uv": [
                        7,
                        4,
                        6,
                        8
                    ],
                    "texture": "#blue_orchid"
                },
                "east": {
                    "uv": [
                        6,
                        4,
                        7,
                        8
                    ],
                    "texture": "#blue_orchid"
                },
                "south": {
                    "uv": [
                        6,
                        4,
                        7,
                        8
                    ],
                    "texture": "#blue_orchid"
                },
                "west": {
                    "uv": [
                        6,
                        4,
                        7,
                        8
                    ],
                    "texture": "#blue_orchid"
                },
                "up": {
                    "uv": [
                        6,
                        4,
                        7,
                        5
                    ],
                    "texture": "#blue_orchid"
                },
                "down": {
                    "uv": [
                        6,
                        7,
                        7,
                        8
                    ],
                    "texture": "#blue_orchid"
                }
            },
            "shade": false
        },
        {
            "from": [
                9,
                8,
                6
            ],
            "to": [
                10,
                12,
                7
            ],
            "faces": {
                "north": {
                    "uv": [
                        7,
                        4,
                        6,
                        8
                    ],
                    "texture": "#blue_orchid"
                },
                "east": {
                    "uv": [
                        6,
                        4,
                        7,
                        8
                    ],
                    "texture": "#blue_orchid"
                },
                "south": {
                    "uv": [
                        6,
                        4,
                        7,
                        8
                    ],
                    "texture": "#blue_orchid"
                },
                "west": {
                    "uv": [
                        6,
                        4,
                        7,
                        8
                    ],
                    "texture": "#blue_orchid"
                },
                "up": {
                    "uv": [
                        6,
                        4,
                        7,
                        5
                    ],
                    "texture": "#blue_orchid"
                },
                "down": {
                    "uv": [
                        6,
                        7,
                        7,
                        8
                    ],
                    "texture": "#blue_orchid"
                }
            },
            "shade": false
        },
        {
            "from": [
                6,
                3,
                6
            ],
            "to": [
                7,
                5,
                7
            ],
            "faces": {
                "north": {
                    "uv": [
                        7,
                        11,
                        6,
                        13
                    ],
                    "texture": "#blue_orchid"
                },
                "east": {
                    "uv": [
                        6,
                        11,
                        7,
                        13
                    ],
                    "texture": "#blue_orchid"
                },
                "south": {
                    "uv": [
                        6,
                        11,
                        7,
                        13
                    ],
                    "texture": "#blue_orchid"
                },
                "west": {
                    "uv": [
                        6,
                        11,
                        7,
                        13
                    ],
                    "texture": "#blue_orchid"
                },
                "up": {
                    "uv": [
                        6,
                        11,
                        7,
                        12
                    ],
                    "texture": "#blue_orchid"
                },
                "down": {
                    "uv": [
                        6,
                        12,
                        7,
                        13
                    ],
                    "texture": "#blue_orchid"
                }
            },
            "shade": false
        },
        {
            "from": [
                9,
                3,
                6
            ],
            "to": [
                10,
                5,
                7
            ],
            "faces": {
                "north": {
                    "uv": [
                        7,
                        11,
                        6,
                        13
                    ],
                    "texture": "#blue_orchid"
                },
                "east": {
                    "uv": [
                        6,
                        11,
                        7,
                        13
                    ],
                    "texture": "#blue_orchid"
                },
                "south": {
                    "uv": [
                        6,
                        11,
                        7,
                        13
                    ],
                    "texture": "#blue_orchid"
                },
                "west": {
                    "uv": [
                        6,
                        11,
                        7,
                        13
                    ],
                    "texture": "#blue_orchid"
                },
                "up": {
                    "uv": [
                        6,
                        11,
                        7,
                        12
                    ],
                    "texture": "#blue_orchid"
                },
                "down": {
                    "uv": [
                        6,
                        12,
                        7,
                        13
                    ],
                    "texture": "#blue_orchid"
                }
            },
            "shade": false
        },
        {
            "from": [
                7,
                8,
                7
            ],
            "to": [
                8,
                12,
                8
            ],
            "faces": {
                "north": {
                    "uv": [
                        8,
                        4,
                        7,
                        8
                    ],
                    "texture": "#blue_orchid"
                },
                "south": {
                    "uv": [
                        7,
                        4,
                        8,
                        8
                    ],
                    "texture": "#blue_orchid"
                },
                "west": {
                    "uv": [
                        7,
                        4,
                        8,
                        8
                    ],
                    "texture": "#blue_orchid"
                },
                "up": {
                    "uv": [
                        7,
                        4,
                        8,
                        5
                    ],
                    "texture": "#blue_orchid"
                },
                "down": {
                    "uv": [
                        7,
                        7,
                        8,
                        8
                    ],
                    "texture": "#blue_orchid"
                }
            },
            "shade": false
        },
        {
            "from": [
                8,
                8,
                7
            ],
            "to": [
                9,
                12,
                8
            ],
            "faces": {
                "north": {
                    "uv": [
                        8,
                        4,
                        7,
                        8
                    ],
                    "texture": "#blue_orchid"
                },
                "east": {
                    "uv": [
                        7,
                        4,
                        8,
                        8
                    ],
                    "texture": "#blue_orchid"
                },
                "south": {
                    "uv": [
                        7,
                        4,
                        8,
                        8
                    ],
                    "texture": "#blue_orchid"
                },
                "up": {
                    "uv": [
                        7,
                        4,
                        8,
                        5
                    ],
                    "texture": "#blue_orchid"
                },
                "down": {
                    "uv": [
                        7,
                        7,
                        8,
                        8
                    ],
                    "texture": "#blue_orchid"
                }
            },
            "shade": false
        },
        {
            "from": [
                7,
                5,
                7
            ],
            "to": [
                8,
                6,
                8
            ],
            "faces": {
                "north": {
                    "uv": [
                        8,
                        10,
                        7,
                        11
                    ],
                    "texture": "#blue_orchid"
                },
                "west": {
                    "uv": [
                        7,
                        10,
                        8,
                        11
                    ],
                    "texture": "#blue_orchid"
                },
                "up": {
                    "uv": [
                        7,
                        10,
                        8,
                        11
                    ],
                    "texture": "#blue_orchid"
                },
                "down": {
                    "uv": [
                        7,
                        10,
                        8,
                        11
                    ],
                    "texture": "#blue_orchid"
                }
            },
            "shade": false
        },
        {
            "from": [
                8,
                5,
                7
            ],
            "to": [
                9,
                6,
                8
            ],
            "faces": {
                "north": {
                    "uv": [
                        8,
                        10,
                        7,
                        11
                    ],
                    "texture": "#blue_orchid"
                },
                "east": {
                    "uv": [
                        7,
                        10,
                        8,
                        11
                    ],
                    "texture": "#blue_orchid"
                },
                "up": {
                    "uv": [
                        7,
                        10,
                        8,
                        11
                    ],
                    "texture": "#blue_orchid"
                },
                "down": {
                    "uv": [
                        7,
                        10,
                        8,
                        11
                    ],
                    "texture": "#blue_orchid"
                }
            },
            "shade": false
        },
        {
            "from": [
                7,
                2,
                7
            ],
            "to": [
                8,
                4,
                8
            ],
            "faces": {
                "north": {
                    "uv": [
                        8,
                        12,
                        7,
                        14
                    ],
                    "texture": "#blue_orchid"
                },
                "west": {
                    "uv": [
                        7,
                        12,
                        8,
                        14
                    ],
                    "texture": "#blue_orchid"
                },
                "up": {
                    "uv": [
                        7,
                        12,
                        8,
                        13
                    ],
                    "texture": "#blue_orchid"
                },
                "down": {
                    "uv": [
                        7,
                        13,
                        8,
                        14
                    ],
                    "texture": "#blue_orchid"
                }
            },
            "shade": false
        },
        {
            "from": [
                8,
                2,
                7
            ],
            "to": [
                9,
                4,
                8
            ],
            "faces": {
                "north": {
                    "uv": [
                        8,
                        12,
                        7,
                        14
                    ],
                    "texture": "#blue_orchid"
                },
                "east": {
                    "uv": [
                        7,
                        12,
                        8,
                        14
                    ],
                    "texture": "#blue_orchid"
                },
                "up": {
                    "uv": [
                        7,
                        12,
                        8,
                        13
                    ],
                    "texture": "#blue_orchid"
                },
                "down": {
                    "uv": [
                        7,
                        13,
                        8,
                        14
                    ],
                    "texture": "#blue_orchid"
                }
            },
            "shade": false
        },
        {
            "from": [
                8,
                9,
                8
            ],
            "to": [
                9,
                11,
                9
            ],
            "faces": {
                "east": {
                    "uv": [
                        8,
                        5,
                        9,
                        7
                    ],
                    "texture": "#blue_orchid"
                },
                "south": {
                    "uv": [
                        8,
                        5,
                        9,
                        7
                    ],
                    "texture": "#blue_orchid"
                },
                "up": {
                    "uv": [
                        8,
                        5,
                        9,
                        6
                    ],
                    "texture": "#blue_orchid"
                },
                "down": {
                    "uv": [
                        8,
                        6,
                        9,
                        7
                    ],
                    "texture": "#blue_orchid"
                }
            },
            "shade": false
        },
        {
            "from": [
                7,
                9,
                8
            ],
            "to": [
                8,
                11,
                9
            ],
            "faces": {
                "south": {
                    "uv": [
                        8,
                        5,
                        9,
                        7
                    ],
                    "texture": "#blue_orchid"
                },
                "west": {
                    "uv": [
                        8,
                        5,
                        9,
                        7
                    ],
                    "texture": "#blue_orchid"
                },
                "up": {
                    "uv": [
                        8,
                        5,
                        9,
                        6
                    ],
                    "texture": "#blue_orchid"
                },
                "down": {
                    "uv": [
                        8,
                        6,
                        9,
                        7
                    ],
                    "texture": "#blue_orchid"
                }
            },
            "shade": false
        },
        {
            "from": [
                8,
                0,
                8
            ],
            "to": [
                9,
                8,
                9
            ],
            "faces": {
                "north": {
                    "uv": [
                        9,
                        8,
                        8,
                        16
                    ],
                    "texture": "#blue_orchid"
                },
                "east": {
                    "uv": [
                        8,
                        8,
                        9,
                        16
                    ],
                    "texture": "#blue_orchid"
                },
                "south": {
                    "uv": [
                        8,
                        8,
                        9,
                        16
                    ],
                    "texture": "#blue_orchid"
                },
                "up": {
                    "uv": [
                        8,
                        8,
                        9,
                        9
                    ],
                    "texture": "#blue_orchid"
                },
                "down": {
                    "uv": [
                        8,
                        15,
                        9,
                        16
                    ],
                    "texture": "#blue_orchid",
                    "cullface": "down"
                }
            },
            "shade": false
        },
        {
            "from": [
                7,
                0,
                8
            ],
            "to": [
                8,
                8,
                9
            ],
            "faces": {
                "north": {
                    "uv": [
                        9,
                        8,
                        8,
                        16
                    ],
                    "texture": "#blue_orchid"
                },
                "south": {
                    "uv": [
                        8,
                        8,
                        9,
                        16
                    ],
                    "texture": "#blue_orchid"
                },
                "west": {
                    "uv": [
                        8,
                        8,
                        9,
                        16
                    ],
                    "texture": "#blue_orchid"
                },
                "up": {
                    "uv": [
                        8,
                        8,
                        9,
                        9
                    ],
                    "texture": "#blue_orchid"
                },
                "down": {
                    "uv": [
                        8,
                        15,
                        9,
                        16
                    ],
                    "texture": "#blue_orchid",
                    "cullface": "down"
                }
            },
            "shade": false
        },
        {
            "from": [
                9,
                4,
                9
            ],
            "to": [
                10,
                6,
                10
            ],
            "faces": {
                "north": {
                    "uv": [
                        10,
                        10,
                        9,
                        12
                    ],
                    "texture": "#blue_orchid"
                },
                "east": {
                    "uv": [
                        9,
                        10,
                        10,
                        12
                    ],
                    "texture": "#blue_orchid"
                },
                "south": {
                    "uv": [
                        9,
                        10,
                        10,
                        12
                    ],
                    "texture": "#blue_orchid"
                },
                "west": {
                    "uv": [
                        9,
                        10,
                        10,
                        12
                    ],
                    "texture": "#blue_orchid"
                },
                "up": {
                    "uv": [
                        9,
                        10,
                        10,
                        11
                    ],
                    "texture": "#blue_orchid"
                },
                "down": {
                    "uv": [
                        9,
                        11,
                        10,
                        12
                    ],
                    "texture": "#blue_orchid"
                }
            },
            "shade": false
        },
        {
            "from": [
                6,
                4,
                9
            ],
            "to": [
                7,
                6,
                10
            ],
            "faces": {
                "north": {
                    "uv": [
                        10,
                        10,
                        9,
                        12
                    ],
                    "texture": "#blue_orchid"
                },
                "east": {
                    "uv": [
                        9,
                        10,
                        10,
                        12
                    ],
                    "texture": "#blue_orchid"
                },
                "south": {
                    "uv": [
                        9,
                        10,
                        10,
                        12
                    ],
                    "texture": "#blue_orchid"
                },
                "west": {
                    "uv": [
                        9,
                        10,
                        10,
                        12
                    ],
                    "texture": "#blue_orchid"
                },
                "up": {
                    "uv": [
                        9,
                        10,
                        10,
                        11
                    ],
                    "texture": "#blue_orchid"
                },
                "down": {
                    "uv": [
                        9,
                        11,
                        10,
                        12
                    ],
                    "texture": "#blue_orchid"
                }
            },
            "shade": false
        },
        {
            "from": [
                9,
                1,
                9
            ],
            "to": [
                10,
                2,
                10
            ],
            "faces": {
                "north": {
                    "uv": [
                        10,
                        14,
                        9,
                        15
                    ],
                    "texture": "#blue_orchid"
                },
                "east": {
                    "uv": [
                        9,
                        14,
                        10,
                        15
                    ],
                    "texture": "#blue_orchid"
                },
                "south": {
                    "uv": [
                        9,
                        14,
                        10,
                        15
                    ],
                    "texture": "#blue_orchid"
                },
                "west": {
                    "uv": [
                        9,
                        14,
                        10,
                        15
                    ],
                    "texture": "#blue_orchid"
                },
                "up": {
                    "uv": [
                        9,
                        14,
                        10,
                        15
                    ],
                    "texture": "#blue_orchid"
                },
                "down": {
                    "uv": [
                        9,
                        14,
                        10,
                        15
                    ],
                    "texture": "#blue_orchid"
                }
            },
            "shade": false
        },
        {
            "from": [
                6,
                1,
                9
            ],
            "to": [
                7,
                2,
                10
            ],
            "faces": {
                "north": {
                    "uv": [
                        10,
                        14,
                        9,
                        15
                    ],
                    "texture": "#blue_orchid"
                },
                "east": {
                    "uv": [
                        9,
                        14,
                        10,
                        15
                    ],
                    "texture": "#blue_orchid"
                },
                "south": {
                    "uv": [
                        9,
                        14,
                        10,
                        15
                    ],
                    "texture": "#blue_orchid"
                },
                "west": {
                    "uv": [
                        9,
                        14,
                        10,
                        15
                    ],
                    "texture": "#blue_orchid"
                },
                "up": {
                    "uv": [
                        9,
                        14,
                        10,
                        15
                    ],
                    "texture": "#blue_orchid"
                },
                "down": {
                    "uv": [
                        9,
                        14,
                        10,
                        15
                    ],
                    "texture": "#blue_orchid"
                }
            },
            "shade": false
        },
        {
            "from": [
                10,
                5,
                10
            ],
            "to": [
                11,
                7,
                11
            ],
            "faces": {
                "north": {
                    "uv": [
                        11,
                        9,
                        10,
                        11
                    ],
                    "texture": "#blue_orchid"
                },
                "east": {
                    "uv": [
                        10,
                        9,
                        11,
                        11
                    ],
                    "texture": "#blue_orchid"
                },
                "south": {
                    "uv": [
                        10,
                        9,
                        11,
                        11
                    ],
                    "texture": "#blue_orchid"
                },
                "west": {
                    "uv": [
                        10,
                        9,
                        11,
                        11
                    ],
                    "texture": "#blue_orchid"
                },
                "up": {
                    "uv": [
                        10,
                        9,
                        11,
                        10
                    ],
                    "texture": "#blue_orchid"
                },
                "down": {
                    "uv": [
                        10,
                        10,
                        11,
                        11
                    ],
                    "texture": "#blue_orchid"
                }
            },
            "shade": false
        },
        {
            "from": [
                5,
                5,
                10
            ],
            "to": [
                6,
                7,
                11
            ],
            "faces": {
                "north": {
                    "uv": [
                        11,
                        9,
                        10,
                        11
                    ],
                    "texture": "#blue_orchid"
                },
                "east": {
                    "uv": [
                        10,
                        9,
                        11,
                        11
                    ],
                    "texture": "#blue_orchid"
                },
                "south": {
                    "uv": [
                        10,
                        9,
                        11,
                        11
                    ],
                    "texture": "#blue_orchid"
                },
                "west": {
                    "uv": [
                        10,
                        9,
                        11,
                        11
                    ],
                    "texture": "#blue_orchid"
                },
                "up": {
                    "uv": [
                        10,
                        9,
                        11,
                        10
                    ],
                    "texture": "#blue_orchid"
                },
                "down": {
                    "uv": [
                        10,
                        10,
                        11,
                        11
                    ],
                    "texture": "#blue_orchid"
                }
            },
            "shade": false
        },
        {
            "from": [
                11,
                7,
                11
            ],
            "to": [
                12,
                8,
                12
            ],
            "faces": {
                "north": {
                    "uv": [
                        12,
                        8,
                        11,
                        9
                    ],
                    "texture": "#blue_orchid"
                },
                "east": {
                    "uv": [
                        11,
                        8,
                        12,
                        9
                    ],
                    "texture": "#blue_orchid"
                },
                "south": {
                    "uv": [
                        11,
                        8,
                        12,
                        9
                    ],
                    "texture": "#blue_orchid"
                },
                "west": {
                    "uv": [
                        11,
                        8,
                        12,
                        9
                    ],
                    "texture": "#blue_orchid"
                },
                "up": {
                    "uv": [
                        11,
                        8,
                        12,
                        9
                    ],
                    "texture": "#blue_orchid"
                },
                "down": {
                    "uv": [
                        11,
                        8,
                        12,
                        9
                    ],
                    "texture": "#blue_orchid"
                }
            },
            "shade": false
        },
        {
            "from": [
                4,
                7,
                11
            ],
            "to": [
                5,
                8,
                12
            ],
            "faces": {
                "north": {
                    "uv": [
                        12,
                        8,
                        11,
                        9
                    ],
                    "texture": "#blue_orchid"
                },
                "east": {
                    "uv": [
                        11,
                        8,
                        12,
                        9
                    ],
                    "texture": "#blue_orchid"
                },
                "south": {
                    "uv": [
                        11,
                        8,
                        12,
                        9
                    ],
                    "texture": "#blue_orchid"
                },
                "west": {
                    "uv": [
                        11,
                        8,
                        12,
                        9
                    ],
                    "texture": "#blue_orchid"
                },
                "up": {
                    "uv": [
                        11,
                        8,
                        12,
                        9
                    ],
                    "texture": "#blue_orchid"
                },
                "down": {
                    "uv": [
                        11,
                        8,
                        12,
                        9
                    ],
                    "texture": "#blue_orchid"
                }
            },
            "shade": false
        },
        {
            "from": [
                12,
                8,
                12
            ],
            "to": [
                13,
                10,
                13
            ],
            "faces": {
                "north": {
                    "uv": [
                        13,
                        6,
                        12,
                        8
                    ],
                    "texture": "#blue_orchid"
                },
                "east": {
                    "uv": [
                        12,
                        6,
                        13,
                        8
                    ],
                    "texture": "#blue_orchid"
                },
                "south": {
                    "uv": [
                        12,
                        6,
                        13,
                        8
                    ],
                    "texture": "#blue_orchid"
                },
                "west": {
                    "uv": [
                        12,
                        6,
                        13,
                        8
                    ],
                    "texture": "#blue_orchid"
                },
                "up": {
                    "uv": [
                        12,
                        6,
                        13,
                        7
                    ],
                    "texture": "#blue_orchid"
                },
                "down": {
                    "uv": [
                        12,
                        7,
                        13,
                        8
                    ],
                    "texture": "#blue_orchid"
                }
            },
            "shade": false
        },
        {
            "from": [
                3,
                8,
                12
            ],
            "to": [
                4,
                10,
                13
            ],
            "faces": {
                "north": {
                    "uv": [
                        13,
                        6,
                        12,
                        8
                    ],
                    "texture": "#blue_orchid"
                },
                "east": {
                    "uv": [
                        12,
                        6,
                        13,
                        8
                    ],
                    "texture": "#blue_orchid"
                },
                "south": {
                    "uv": [
                        12,
                        6,
                        13,
                        8
                    ],
                    "texture": "#blue_orchid"
                },
                "west": {
                    "uv": [
                        12,
                        6,
                        13,
                        8
                    ],
                    "texture": "#blue_orchid"
                },
                "up": {
                    "uv": [
                        12,
                        6,
                        13,
                        7
                    ],
                    "texture": "#blue_orchid"
                },
                "down": {
                    "uv": [
                        12,
                        7,
                        13,
                        8
                    ],
                    "texture": "#blue_orchid"
                }
            },
            "shade": false
        },
        {
            "from": [
                13,
                8,
                13
            ],
            "to": [
                14,
                11,
                14
            ],
            "faces": {
                "north": {
                    "uv": [
                        14,
                        5,
                        13,
                        8
                    ],
                    "texture": "#blue_orchid"
                },
                "east": {
                    "uv": [
                        13,
                        5,
                        14,
                        8
                    ],
                    "texture": "#blue_orchid"
                },
                "south": {
                    "uv": [
                        13,
                        5,
                        14,
                        8
                    ],
                    "texture": "#blue_orchid"
                },
                "west": {
                    "uv": [
                        13,
                        5,
                        14,
                        8
                    ],
                    "texture": "#blue_orchid"
                },
                "up": {
                    "uv": [
                        13,
                        5,
                        14,
                        6
                    ],
                    "texture": "#blue_orchid"
                },
                "down": {
                    "uv": [
                        13,
                        7,
                        14,
                        8
                    ],
                    "texture": "#blue_orchid"
                }
            },
            "shade": false
        },
        {
            "from": [
                2,
                8,
                13
            ],
            "to": [
                3,
                11,
                14
            ],
            "faces": {
                "north": {
                    "uv": [
                        14,
                        5,
                        13,
                        8
                    ],
                    "texture": "#blue_orchid"
                },
                "east": {
                    "uv": [
                        13,
                        5,
                        14,
                        8
                    ],
                    "texture": "#blue_orchid"
                },
                "south": {
                    "uv": [
                        13,
                        5,
                        14,
                        8
                    ],
                    "texture": "#blue_orchid"
                },
                "west": {
                    "uv": [
                        13,
                        5,
                        14,
                        8
                    ],
                    "texture": "#blue_orchid"
                },
                "up": {
                    "uv": [
                        13,
                        5,
                        14,
                        6
                    ],
                    "texture": "#blue_orchid"
                },
                "down": {
                    "uv": [
                        13,
                        7,
                        14,
                        8
                    ],
                    "texture": "#blue_orchid"
                }
            },
            "shade": false
        },
        {
            "from": [
                14,
                9,
                14
            ],
            "to": [
                15,
                10,
                15
            ],
            "faces": {
                "north": {
                    "uv": [
                        15,
                        6,
                        14,
                        7
                    ],
                    "texture": "#blue_orchid"
                },
                "east": {
                    "uv": [
                        14,
                        6,
                        15,
                        7
                    ],
                    "texture": "#blue_orchid"
                },
                "south": {
                    "uv": [
                        14,
                        6,
                        15,
                        7
                    ],
                    "texture": "#blue_orchid"
                },
                "west": {
                    "uv": [
                        14,
                        6,
                        15,
                        7
                    ],
                    "texture": "#blue_orchid"
                },
                "up": {
                    "uv": [
                        14,
                        6,
                        15,
                        7
                    ],
                    "texture": "#blue_orchid"
                },
                "down": {
                    "uv": [
                        14,
                        6,
                        15,
                        7
                    ],
                    "texture": "#blue_orchid"
                }
            },
            "shade": false
        },
        {
            "from": [
                1,
                9,
                14
            ],
            "to": [
                2,
                10,
                15
            ],
            "faces": {
                "north": {
                    "uv": [
                        15,
                        6,
                        14,
                        7
                    ],
                    "texture": "#blue_orchid"
                },
                "east": {
                    "uv": [
                        14,
                        6,
                        15,
                        7
                    ],
                    "texture": "#blue_orchid"
                },
                "south": {
                    "uv": [
                        14,
                        6,
                        15,
                        7
                    ],
                    "texture": "#blue_orchid"
                },
                "west": {
                    "uv": [
                        14,
                        6,
                        15,
                        7
                    ],
                    "texture": "#blue_orchid"
                },
                "up": {
                    "uv": [
                        14,
                        6,
                        15,
                        7
                    ],
                    "texture": "#blue_orchid"
                },
                "down": {
                    "uv": [
                        14,
                        6,
                        15,
                        7
                    ],
                    "texture": "#blue_orchid"
                }
            },
            "shade": false
        }
    ]
}