{
    "textures": {
        "particle": "block/brewing_stand",
        "stand": "block/brewing_stand"
    },
    "elements": [
        {
            "from": [
                9,
                3,
                7.5
            ],
            "to": [
                11,
                14,
                8.5
            ],
            "faces": {
                "north": {
                    "uv": [
                        11,
                        2,
                        9,
                        13
                    ],
                    "texture": "#stand"
                },
                "east": {
                    "uv": [
                        10,
                        2,
                        11,
                        13
                    ],
                    "texture": "#stand"
                },
                "south": {
                    "uv": [
                        9,
                        2,
                        11,
                        13
                    ],
                    "texture": "#stand"
                },
                "up": {
                    "uv": [
                        9,
                        2,
                        11,
                        3
                    ],
                    "texture": "#stand"
                },
                "down": {
                    "uv": [
                        9,
                        12,
                        11,
                        13
                    ],
                    "texture": "#stand"
                }
            }
        },
        {
            "from": [
                11,
                12,
                7.5
            ],
            "to": [
                12,
                15,
                8.5
            ],
            "faces": {
                "north": {
                    "uv": [
                        11,
                        1,
                        12,
                        4
                    ],
                    "texture": "#stand"
                },
                "south": {
                    "uv": [
                        11,
                        1,
                        12,
                        4
                    ],
                    "texture": "#stand"
                },
                "west": {
                    "uv": [
                        11,
                        1,
                        12,
                        4
                    ],
                    "texture": "#stand"
                },
                "up": {
                    "uv": [
                        11,
                        1,
                        12,
                        2
                    ],
                    "texture": "#stand"
                },
                "down": {
                    "uv": [
                        11,
                        3,
                        12,
                        4
                    ],
                    "texture": "#stand"
                }
            }
        },
        {
            "from": [
                12,
                6,
                7.5
            ],
            "to": [
                13,
                16,
                8.5
            ],
            "faces": {
                "north": {
                    "uv": [
                        12,
                        0,
                        13,
                        10
                    ],
                    "texture": "#stand"
                },
                "east": {
                    "uv": [
                        12,
                        0,
                        13,
                        10
                    ],
                    "texture": "#stand"
                },
                "south": {
                    "uv": [
                        12,
                        0,
                        13,
                        10
                    ],
                    "texture": "#stand"
                },
                "west": {
                    "uv": [
                        12,
                        0,
                        13,
                        10
                    ],
                    "texture": "#stand"
                },
                "up": {
                    "uv": [
                        12,
                        0,
                        13,
                        1
                    ],
                    "texture": "#stand",
                    "cullface": "up"
                },
                "down": {
                    "uv": [
                        12,
                        9,
                        13,
                        10
                    ],
                    "texture": "#stand"
                }
            }
        },
        {
            "from": [
                13,
                11,
                7.5
            ],
            "to": [
                14,
                13,
                8.5
            ],
            "faces": {
                "north": {
                    "uv": [
                        13,
                        3,
                        14,
                        5
                    ],
                    "texture": "#stand"
                },
                "east": {
                    "uv": [
                        13,
                        3,
                        14,
                        5
                    ],
                    "texture": "#stand"
                },
                "south": {
                    "uv": [
                        13,
                        3,
                        14,
                        5
                    ],
                    "texture": "#stand"
                },
                "up": {
                    "uv": [
                        13,
                        3,
                        14,
                        4
                    ],
                    "texture": "#stand"
                },
                "down": {
                    "uv": [
                        13,
                        4,
                        14,
                        5
                    ],
                    "texture": "#stand"
                }
            }
        }
    ]
}