{
    "textures": {
        "particle": "block/brewing_stand",
        "stand": "block/brewing_stand"
    },
    "elements": [
        {
            "from": [
                13,
                11,
                7.5
            ],
            "to": [
                14,
                13,
                8.5
            ],
            "faces": {
                "north": {
                    "uv": [
                        2,
                        3,
                        3,
                        5
                    ],
                    "texture": "#stand"
                },
                "east": {
                    "uv": [
                        2,
                        3,
                        3,
                        5
                    ],
                    "texture": "#stand"
                },
                "south": {
                    "uv": [
                        2,
                        3,
                        3,
                        5
                    ],
                    "texture": "#stand"
                },
                "up": {
                    "uv": [
                        2,
                        3,
                        3,
                        4
                    ],
                    "rotation": 180,
                    "texture": "#stand"
                },
                "down": {
                    "uv": [
                        2,
                        4,
                        3,
                        5
                    ],
                    "texture": "#stand"
                }
            }
        },
        {
            "from": [
                13,
                9,
                7.5
            ],
            "to": [
                14,
                10,
                8.5
            ],
            "faces": {
                "north": {
                    "uv": [
                        2,
                        6,
                        3,
                        7
                    ],
                    "texture": "#stand"
                },
                "east": {
                    "uv": [
                        2,
                        6,
                        3,
                        7
                    ],
                    "texture": "#stand"
                },
                "south": {
                    "uv": [
                        2,
                        6,
                        3,
                        7
                    ],
                    "texture": "#stand"
                },
                "west": {
                    "uv": [
                        2,
                        6,
                        3,
                        7
                    ],
                    "texture": "#stand"
                },
                "up": {
                    "uv": [
                        2,
                        6,
                        3,
                        7
                    ],
                    "rotation": 180,
                    "texture": "#stand"
                }
            }
        },
        {
            "from": [
                12,
                10,
                7.5
            ],
            "to": [
                13,
                16,
                8.5
            ],
            "faces": {
                "north": {
                    "uv": [
                        3,
                        0,
                        4,
                        6
                    ],
                    "texture": "#stand"
                },
                "east": {
                    "uv": [
                        3,
                        0,
                        4,
                        6
                    ],
                    "texture": "#stand"
                },
                "south": {
                    "uv": [
                        3,
                        0,
                        4,
                        6
                    ],
                    "texture": "#stand"
                },
                "west": {
                    "uv": [
                        3,
                        0,
                        4,
                        6
                    ],
                    "texture": "#stand"
                },
                "up": {
                    "uv": [
                        3,
                        0,
                        4,
                        1
                    ],
                    "rotation": 180,
                    "texture": "#stand",
                    "cullface": "up"
                },
                "down": {
                    "uv": [
                        3,
                        5,
                        4,
                        6
                    ],
                    "texture": "#stand"
                }
            }
        },
        {
            "from": [
                11,
                12,
                7.5
            ],
            "to": [
                12,
                15,
                8.5
            ],
            "faces": {
                "north": {
                    "uv": [
                        4,
                        1,
                        5,
                        4
                    ],
                    "texture": "#stand"
                },
                "south": {
                    "uv": [
                        4,
                        1,
                        5,
                        4
                    ],
                    "texture": "#stand"
                },
                "west": {
                    "uv": [
                        4,
                        1,
                        5,
                        4
                    ],
                    "texture": "#stand"
                },
                "up": {
                    "uv": [
                        4,
                        1,
                        5,
                        2
                    ],
                    "rotation": 180,
                    "texture": "#stand"
                },
                "down": {
                    "uv": [
                        4,
                        3,
                        5,
                        4
                    ],
                    "texture": "#stand"
                }
            }
        },
        {
            "from": [
                9,
                3,
                7.5
            ],
            "to": [
                11,
                14,
                8.5
            ],
            "faces": {
                "north": {
                    "uv": [
                        5,
                        2,
                        7,
                        13
                    ],
                    "texture": "#stand"
                },
                "east": {
                    "uv": [
                        5,
                        2,
                        6,
                        13
                    ],
                    "texture": "#stand"
                },
                "south": {
                    "uv": [
                        7,
                        2,
                        5,
                        13
                    ],
                    "texture": "#stand"
                },
                "up": {
                    "uv": [
                        7,
                        2,
                        5,
                        3
                    ],
                    "texture": "#stand"
                },
                "down": {
                    "uv": [
                        7,
                        12,
                        5,
                        13
                    ],
                    "texture": "#stand"
                }
            }
        },
        {
            "from": [
                12,
                2,
                6.5
            ],
            "to": [
                15,
                3,
                9.5
            ],
            "faces": {
                "north": {
                    "uv": [
                        1,
                        13,
                        4,
                        14
                    ],
                    "texture": "#stand"
                },
                "east": {
                    "uv": [
                        1,
                        13,
                        4,
                        14
                    ],
                    "texture": "#stand"
                },
                "south": {
                    "uv": [
                        1,
                        13,
                        4,
                        14
                    ],
                    "texture": "#stand"
                },
                "west": {
                    "uv": [
                        1,
                        13,
                        4,
                        14
                    ],
                    "texture": "#stand"
                }
            }
        },
        {
            "from": [
                12,
                6,
                8.5
            ],
            "to": [
                13,
                7,
                9.5
            ],
            "faces": {
                "south": {
                    "uv": [
                        1,
                        9,
                        2,
                        10
                    ],
                    "texture": "#stand"
                },
                "west": {
                    "uv": [
                        1,
                        9,
                        2,
                        10
                    ],
                    "texture": "#stand"
                },
                "up": {
                    "uv": [
                        1,
                        9,
                        2,
                        10
                    ],
                    "texture": "#stand"
                }
            }
        },
        {
            "from": [
                14,
                6,
                6.5
            ],
            "to": [
                15,
                7,
                7.5
            ],
            "faces": {
                "north": {
                    "uv": [
                        1,
                        9,
                        2,
                        10
                    ],
                    "texture": "#stand"
                },
                "east": {
                    "uv": [
                        1,
                        9,
                        2,
                        10
                    ],
                    "texture": "#stand"
                },
                "up": {
                    "uv": [
                        1,
                        9,
                        2,
                        10
                    ],
                    "texture": "#stand"
                }
            }
        },
        {
            "from": [
                12,
                6,
                6.5
            ],
            "to": [
                13,
                7,
                7.5
            ],
            "faces": {
                "north": {
                    "uv": [
                        3,
                        9,
                        4,
                        10
                    ],
                    "texture": "#stand"
                },
                "west": {
                    "uv": [
                        3,
                        9,
                        4,
                        10
                    ],
                    "texture": "#stand"
                },
                "up": {
                    "uv": [
                        3,
                        9,
                        4,
                        10
                    ],
                    "texture": "#stand"
                }
            }
        },
        {
            "from": [
                14,
                6,
                8.5
            ],
            "to": [
                15,
                7,
                9.5
            ],
            "faces": {
                "east": {
                    "uv": [
                        3,
                        9,
                        4,
                        10
                    ],
                    "texture": "#stand"
                },
                "south": {
                    "uv": [
                        3,
                        9,
                        4,
                        10
                    ],
                    "texture": "#stand"
                },
                "up": {
                    "uv": [
                        3,
                        9,
                        4,
                        10
                    ],
                    "texture": "#stand"
                }
            }
        },
        {
            "from": [
                13,
                6,
                8.5
            ],
            "to": [
                14,
                7,
                9.5
            ],
            "faces": {
                "south": {
                    "uv": [
                        2,
                        9,
                        3,
                        10
                    ],
                    "texture": "#stand"
                }
            }
        },
        {
            "from": [
                13,
                6,
                6.5
            ],
            "to": [
                14,
                7,
                7.5
            ],
            "faces": {
                "north": {
                    "uv": [
                        2,
                        9,
                        3,
                        10
                    ],
                    "texture": "#stand"
                }
            }
        },
        {
            "from": [
                14,
                6,
                7.5
            ],
            "to": [
                15,
                7,
                8.5
            ],
            "faces": {
                "east": {
                    "uv": [
                        2,
                        9,
                        3,
                        10
                    ],
                    "texture": "#stand"
                }
            }
        },
        {
            "from": [
                12,
                6,
                7.5
            ],
            "to": [
                13,
                7,
                8.5
            ],
            "faces": {
                "west": {
                    "uv": [
                        2,
                        9,
                        3,
                        10
                    ],
                    "texture": "#stand"
                }
            }
        },
        {
            "from": [
                13,
                7,
                8.5
            ],
            "to": [
                14,
                8,
                9.5
            ],
            "faces": {
                "east": {
                    "uv": [
                        3,
                        8,
                        4,
                        9
                    ],
                    "texture": "#stand"
                },
                "south": {
                    "uv": [
                        3,
                        8,
                        4,
                        9
                    ],
                    "texture": "#stand"
                },
                "west": {
                    "uv": [
                        3,
                        8,
                        4,
                        9
                    ],
                    "texture": "#stand"
                }
            }
        },
        {
            "from": [
                12,
                7,
                7.5
            ],
            "to": [
                13,
                8,
                8.5
            ],
            "faces": {
                "north": {
                    "uv": [
                        1,
                        8,
                        2,
                        9
                    ],
                    "texture": "#stand"
                },
                "south": {
                    "uv": [
                        1,
                        8,
                        2,
                        9
                    ],
                    "texture": "#stand"
                },
                "west": {
                    "uv": [
                        1,
                        8,
                        2,
                        9
                    ],
                    "texture": "#stand"
                }
            }
        },
        {
            "from": [
                14,
                7,
                7.5
            ],
            "to": [
                15,
                8,
                8.5
            ],
            "faces": {
                "north": {
                    "uv": [
                        1,
                        8,
                        2,
                        9
                    ],
                    "texture": "#stand"
                },
                "east": {
                    "uv": [
                        1,
                        8,
                        2,
                        9
                    ],
                    "texture": "#stand"
                },
                "south": {
                    "uv": [
                        1,
                        8,
                        2,
                        9
                    ],
                    "texture": "#stand"
                }
            }
        },
        {
            "from": [
                13,
                7,
                6.5
            ],
            "to": [
                14,
                8,
                7.5
            ],
            "faces": {
                "north": {
                    "uv": [
                        3,
                        8,
                        4,
                        9
                    ],
                    "texture": "#stand"
                },
                "east": {
                    "uv": [
                        3,
                        8,
                        4,
                        9
                    ],
                    "texture": "#stand"
                },
                "west": {
                    "uv": [
                        3,
                        8,
                        4,
                        9
                    ],
                    "texture": "#stand"
                }
            }
        },
        {
            "from": [
                14,
                8,
                8.5
            ],
            "to": [
                15,
                9,
                9.5
            ],
            "faces": {
                "east": {
                    "uv": [
                        3,
                        7,
                        4,
                        8
                    ],
                    "texture": "#stand"
                },
                "south": {
                    "uv": [
                        3,
                        7,
                        4,
                        8
                    ],
                    "texture": "#stand"
                },
                "up": {
                    "uv": [
                        3,
                        7,
                        4,
                        8
                    ],
                    "texture": "#stand"
                },
                "down": {
                    "uv": [
                        3,
                        7,
                        4,
                        8
                    ],
                    "texture": "#stand"
                }
            }
        },
        {
            "from": [
                13,
                8,
                8.5
            ],
            "to": [
                14,
                9,
                9.5
            ],
            "faces": {
                "south": {
                    "uv": [
                        3,
                        7,
                        4,
                        8
                    ],
                    "texture": "#stand"
                },
                "up": {
                    "uv": [
                        2,
                        8,
                        3,
                        9
                    ],
                    "texture": "#stand"
                }
            }
        },
        {
            "from": [
                12,
                8,
                8.5
            ],
            "to": [
                13,
                9,
                9.5
            ],
            "faces": {
                "south": {
                    "uv": [
                        1,
                        7,
                        2,
                        8
                    ],
                    "texture": "#stand"
                },
                "west": {
                    "uv": [
                        1,
                        7,
                        2,
                        8
                    ],
                    "texture": "#stand"
                },
                "up": {
                    "uv": [
                        1,
                        7,
                        2,
                        8
                    ],
                    "texture": "#stand"
                },
                "down": {
                    "uv": [
                        1,
                        7,
                        2,
                        8
                    ],
                    "texture": "#stand"
                }
            }
        },
        {
            "from": [
                13,
                8,
                6.5
            ],
            "to": [
                14,
                9,
                7.5
            ],
            "faces": {
                "north": {
                    "uv": [
                        3,
                        7,
                        4,
                        8
                    ],
                    "texture": "#stand"
                },
                "up": {
                    "uv": [
                        2,
                        8,
                        3,
                        9
                    ],
                    "texture": "#stand"
                }
            }
        },
        {
            "from": [
                12,
                8,
                7.5
            ],
            "to": [
                13,
                9,
                8.5
            ],
            "faces": {
                "west": {
                    "uv": [
                        2,
                        8,
                        3,
                        9
                    ],
                    "texture": "#stand"
                },
                "up": {
                    "uv": [
                        2,
                        8,
                        3,
                        9
                    ],
                    "texture": "#stand"
                }
            }
        },
        {
            "from": [
                14,
                8,
                7.5
            ],
            "to": [
                15,
                9,
                8.5
            ],
            "faces": {
                "east": {
                    "uv": [
                        2,
                        8,
                        3,
                        9
                    ],
                    "texture": "#stand"
                },
                "up": {
                    "uv": [
                        2,
                        8,
                        3,
                        9
                    ],
                    "texture": "#stand"
                }
            }
        },
        {
            "from": [
                14,
                8,
                6.5
            ],
            "to": [
                15,
                9,
                7.5
            ],
            "faces": {
                "north": {
                    "uv": [
                        1,
                        7,
                        2,
                        8
                    ],
                    "texture": "#stand"
                },
                "east": {
                    "uv": [
                        1,
                        7,
                        2,
                        8
                    ],
                    "texture": "#stand"
                },
                "up": {
                    "uv": [
                        1,
                        7,
                        2,
                        8
                    ],
                    "texture": "#stand"
                },
                "down": {
                    "uv": [
                        1,
                        7,
                        2,
                        8
                    ],
                    "texture": "#stand"
                }
            }
        },
        {
            "from": [
                12,
                8,
                6.5
            ],
            "to": [
                13,
                9,
                7.5
            ],
            "faces": {
                "north": {
                    "uv": [
                        3,
                        7,
                        4,
                        8
                    ],
                    "texture": "#stand"
                },
                "west": {
                    "uv": [
                        3,
                        7,
                        4,
                        8
                    ],
                    "texture": "#stand"
                },
                "up": {
                    "uv": [
                        3,
                        7,
                        4,
                        8
                    ],
                    "texture": "#stand"
                },
                "down": {
                    "uv": [
                        3,
                        7,
                        4,
                        8
                    ],
                    "texture": "#stand"
                }
            }
        },
        {
            "from": [
                11,
                3,
                6.5
            ],
            "to": [
                12,
                6,
                9.5
            ],
            "faces": {
                "west": {
                    "uv": [
                        4,
                        10,
                        1,
                        13
                    ],
                    "texture": "#stand"
                },
                "up": {
                    "uv": [
                        4,
                        10,
                        1,
                        11
                    ],
                    "rotation": 90,
                    "texture": "#stand"
                },
                "down": {
                    "uv": [
                        4,
                        12,
                        1,
                        13
                    ],
                    "rotation": 90,
                    "texture": "#stand"
                }
            }
        },
        {
            "from": [
                11,
                3,
                9.5
            ],
            "to": [
                16,
                6,
                10.5
            ],
            "faces": {
                "east": {
                    "uv": [
                        4,
                        10,
                        5,
                        13
                    ],
                    "texture": "#stand",
                    "cullface": "east"
                },
                "south": {
                    "uv": [
                        0,
                        10,
                        5,
                        13
                    ],
                    "texture": "#stand"
                },
                "west": {
                    "uv": [
                        0,
                        10,
                        1,
                        13
                    ],
                    "texture": "#stand"
                },
                "up": {
                    "uv": [
                        0,
                        10,
                        5,
                        11
                    ],
                    "texture": "#stand"
                },
                "down": {
                    "uv": [
                        0,
                        12,
                        5,
                        13
                    ],
                    "texture": "#stand"
                }
            }
        },
        {
            "from": [
                11,
                3,
                5.5
            ],
            "to": [
                16,
                6,
                6.5
            ],
            "faces": {
                "north": {
                    "uv": [
                        0,
                        10,
                        5,
                        13
                    ],
                    "texture": "#stand"
                },
                "east": {
                    "uv": [
                        0,
                        10,
                        1,
                        13
                    ],
                    "texture": "#stand",
                    "cullface": "east"
                },
                "west": {
                    "uv": [
                        4,
                        10,
                        5,
                        13
                    ],
                    "texture": "#stand"
                },
                "up": {
                    "uv": [
                        5,
                        10,
                        0,
                        11
                    ],
                    "texture": "#stand"
                },
                "down": {
                    "uv": [
                        0,
                        12,
                        5,
                        13
                    ],
                    "texture": "#stand"
                }
            }
        },
        {
            "from": [
                15,
                3,
                6.5
            ],
            "to": [
                16,
                6,
                9.5
            ],
            "faces": {
                "east": {
                    "uv": [
                        4,
                        10,
                        1,
                        13
                    ],
                    "texture": "#stand",
                    "cullface": "east"
                },
                "up": {
                    "uv": [
                        1,
                        10,
                        4,
                        11
                    ],
                    "rotation": 90,
                    "texture": "#stand"
                },
                "down": {
                    "uv": [
                        1,
                        12,
                        4,
                        13
                    ],
                    "rotation": 90,
                    "texture": "#stand"
                }
            }
        }
    ]
}