{
    "textures": {
        "particle": "block/brewing_stand",
        "stand": "block/brewing_stand"
    },
    "elements": [
        {
            "from": [
                7.5,
                2.999,
                8.9
            ],
            "to": [
                8.5,
                13.999,
                10.9
            ],
            "rotation": {
                "angle": -45,
                "axis": "y",
                "origin": [
                    8,
                    0,
                    8
                ]
            },
            "faces": {
                "east": {
                    "uv": [
                        11,
                        2,
                        9,
                        13
                    ],
                    "texture": "#stand"
                },
                "south": {
                    "uv": [
                        10,
                        2,
                        11,
                        13
                    ],
                    "texture": "#stand"
                },
                "west": {
                    "uv": [
                        9,
                        2,
                        11,
                        13
                    ],
                    "texture": "#stand"
                },
                "up": {
                    "uv": [
                        9,
                        2,
                        11,
                        3
                    ],
                    "rotation": 90,
                    "texture": "#stand"
                },
                "down": {
                    "uv": [
                        9,
                        12,
                        11,
                        13
                    ],
                    "rotation": 270,
                    "texture": "#stand"
                }
            }
        },
        {
            "from": [
                7.5,
                11.999,
                10.9
            ],
            "to": [
                8.5,
                14.999,
                11.9
            ],
            "rotation": {
                "angle": -45,
                "axis": "y",
                "origin": [
                    8,
                    0,
                    8
                ]
            },
            "faces": {
                "north": {
                    "uv": [
                        11,
                        1,
                        12,
                        4
                    ],
                    "texture": "#stand"
                },
                "east": {
                    "uv": [
                        11,
                        1,
                        12,
                        4
                    ],
                    "texture": "#stand"
                },
                "south": {
                    "uv": [
                        11,
                        1,
                        12,
                        4
                    ],
                    "texture": "#stand"
                },
                "west": {
                    "uv": [
                        11,
                        1,
                        12,
                        4
                    ],
                    "texture": "#stand"
                },
                "up": {
                    "uv": [
                        11,
                        1,
                        12,
                        2
                    ],
                    "rotation": 90,
                    "texture": "#stand"
                },
                "down": {
                    "uv": [
                        11,
                        3,
                        12,
                        4
                    ],
                    "rotation": 270,
                    "texture": "#stand"
                }
            }
        },
        {
            "from": [
                7.5,
                5.999,
                11.9
            ],
            "to": [
                8.5,
                15.999,
                12.9
            ],
            "rotation": {
                "angle": -45,
                "axis": "y",
                "origin": [
                    8,
                    0,
                    8
                ]
            },
            "faces": {
                "north": {
                    "uv": [
                        12,
                        0,
                        13,
                        10
                    ],
                    "texture": "#stand"
                },
                "east": {
                    "uv": [
                        12,
                        0,
                        13,
                        10
                    ],
                    "texture": "#stand"
                },
                "south": {
                    "uv": [
                        12,
                        0,
                        13,
                        10
                    ],
                    "texture": "#stand"
                },
                "west": {
                    "uv": [
                        12,
                        0,
                        13,
                        10
                    ],
                    "texture": "#stand"
                },
                "up": {
                    "uv": [
                        12,
                        0,
                        13,
                        1
                    ],
                    "rotation": 90,
                    "texture": "#stand"
                },
                "down": {
                    "uv": [
                        12,
                        9,
                        13,
                        10
                    ],
                    "rotation": 270,
                    "texture": "#stand"
                }
            }
        },
        {
            "from": [
                7.5,
                10.999,
                12.9
            ],
            "to": [
                8.5,
                12.999,
                13.9
            ],
            "rotation": {
                "angle": -45,
                "axis": "y",
                "origin": [
                    8,
                    0,
                    8
                ]
            },
            "faces": {
                "east": {
                    "uv": [
                        13,
                        3,
                        14,
                        5
                    ],
                    "texture": "#stand"
                },
                "south": {
                    "uv": [
                        13,
                        3,
                        14,
                        5
                    ],
                    "texture": "#stand"
                },
                "west": {
                    "uv": [
                        13,
                        3,
                        14,
                        5
                    ],
                    "texture": "#stand"
                },
                "up": {
                    "uv": [
                        13,
                        3,
                        14,
                        4
                    ],
                    "rotation": 90,
                    "texture": "#stand"
                },
                "down": {
                    "uv": [
                        13,
                        4,
                        14,
                        5
                    ],
                    "rotation": 270,
                    "texture": "#stand"
                }
            }
        }
    ]
}