{
    "textures": {
        "particle": "block/brewing_stand",
        "stand": "block/brewing_stand"
    },
    "elements": [
        {
            "from": [
                2.1,
                10.999,
                7.5
            ],
            "to": [
                3.1,
                12.999,
                8.5
            ],
            "rotation": {
                "angle": 45,
                "axis": "y",
                "origin": [
                    8,
                    0,
                    8
                ]
            },
            "faces": {
                "north": {
                    "uv": [
                        2,
                        3,
                        3,
                        5
                    ],
                    "texture": "#stand"
                },
                "south": {
                    "uv": [
                        2,
                        3,
                        3,
                        5
                    ],
                    "texture": "#stand"
                },
                "west": {
                    "uv": [
                        2,
                        3,
                        3,
                        5
                    ],
                    "texture": "#stand"
                },
                "up": {
                    "uv": [
                        2,
                        3,
                        3,
                        4
                    ],
                    "texture": "#stand"
                },
                "down": {
                    "uv": [
                        2,
                        4,
                        3,
                        5
                    ],
                    "rotation": 180,
                    "texture": "#stand"
                }
            }
        },
        {
            "from": [
                2.1,
                8.999,
                7.5
            ],
            "to": [
                3.1,
                9.999,
                8.5
            ],
            "rotation": {
                "angle": 45,
                "axis": "y",
                "origin": [
                    8,
                    0,
                    8
                ]
            },
            "faces": {
                "north": {
                    "uv": [
                        2,
                        6,
                        3,
                        7
                    ],
                    "texture": "#stand"
                },
                "east": {
                    "uv": [
                        2,
                        6,
                        3,
                        7
                    ],
                    "texture": "#stand"
                },
                "south": {
                    "uv": [
                        2,
                        6,
                        3,
                        7
                    ],
                    "texture": "#stand"
                },
                "west": {
                    "uv": [
                        2,
                        6,
                        3,
                        7
                    ],
                    "texture": "#stand"
                },
                "up": {
                    "uv": [
                        2,
                        6,
                        3,
                        7
                    ],
                    "texture": "#stand"
                }
            }
        },
        {
            "from": [
                3.1,
                9.999,
                7.5
            ],
            "to": [
                4.1,
                15.999,
                8.5
            ],
            "rotation": {
                "angle": 45,
                "axis": "y",
                "origin": [
                    8,
                    0,
                    8
                ]
            },
            "faces": {
                "north": {
                    "uv": [
                        3,
                        0,
                        4,
                        6
                    ],
                    "texture": "#stand"
                },
                "east": {
                    "uv": [
                        3,
                        0,
                        4,
                        6
                    ],
                    "texture": "#stand"
                },
                "south": {
                    "uv": [
                        3,
                        0,
                        4,
                        6
                    ],
                    "texture": "#stand"
                },
                "west": {
                    "uv": [
                        3,
                        0,
                        4,
                        6
                    ],
                    "texture": "#stand"
                },
                "up": {
                    "uv": [
                        3,
                        0,
                        4,
                        1
                    ],
                    "texture": "#stand"
                },
                "down": {
                    "uv": [
                        3,
                        5,
                        4,
                        6
                    ],
                    "rotation": 180,
                    "texture": "#stand"
                }
            }
        },
        {
            "from": [
                4.1,
                11.999,
                7.5
            ],
            "to": [
                5.1,
                14.999,
                8.5
            ],
            "rotation": {
                "angle": 45,
                "axis": "y",
                "origin": [
                    8,
                    0,
                    8
                ]
            },
            "faces": {
                "north": {
                    "uv": [
                        4,
                        1,
                        5,
                        4
                    ],
                    "texture": "#stand"
                },
                "east": {
                    "uv": [
                        4,
                        1,
                        5,
                        4
                    ],
                    "texture": "#stand"
                },
                "south": {
                    "uv": [
                        4,
                        1,
                        5,
                        4
                    ],
                    "texture": "#stand"
                },
                "west": {
                    "uv": [
                        4,
                        1,
                        5,
                        4
                    ],
                    "texture": "#stand"
                },
                "up": {
                    "uv": [
                        4,
                        1,
                        5,
                        2
                    ],
                    "texture": "#stand"
                },
                "down": {
                    "uv": [
                        4,
                        3,
                        5,
                        4
                    ],
                    "rotation": 180,
                    "texture": "#stand"
                }
            }
        },
        {
            "from": [
                5.1,
                2.999,
                7.5
            ],
            "to": [
                7.1,
                13.999,
                8.5
            ],
            "rotation": {
                "angle": 45,
                "axis": "y",
                "origin": [
                    8,
                    0,
                    8
                ]
            },
            "faces": {
                "north": {
                    "uv": [
                        7,
                        2,
                        5,
                        13
                    ],
                    "texture": "#stand"
                },
                "south": {
                    "uv": [
                        5,
                        2,
                        7,
                        13
                    ],
                    "texture": "#stand"
                },
                "west": {
                    "uv": [
                        5,
                        2,
                        6,
                        13
                    ],
                    "texture": "#stand"
                },
                "up": {
                    "uv": [
                        7,
                        2,
                        5,
                        3
                    ],
                    "rotation": 180,
                    "texture": "#stand"
                },
                "down": {
                    "uv": [
                        7,
                        12,
                        5,
                        13
                    ],
                    "rotation": 180,
                    "texture": "#stand"
                }
            }
        },
        {
            "from": [
                1.1,
                1.999,
                6.5
            ],
            "to": [
                4.1,
                2.999,
                9.5
            ],
            "rotation": {
                "angle": 45,
                "axis": "y",
                "origin": [
                    8,
                    0,
                    8
                ]
            },
            "faces": {
                "north": {
                    "uv": [
                        1,
                        13,
                        4,
                        14
                    ],
                    "texture": "#stand"
                },
                "east": {
                    "uv": [
                        1,
                        13,
                        4,
                        14
                    ],
                    "texture": "#stand"
                },
                "south": {
                    "uv": [
                        1,
                        13,
                        4,
                        14
                    ],
                    "texture": "#stand"
                },
                "west": {
                    "uv": [
                        1,
                        13,
                        4,
                        14
                    ],
                    "texture": "#stand"
                }
            }
        },
        {
            "from": [
                3.1,
                5.999,
                6.5
            ],
            "to": [
                4.1,
                6.999,
                7.5
            ],
            "rotation": {
                "angle": 45,
                "axis": "y",
                "origin": [
                    8,
                    0,
                    8
                ]
            },
            "faces": {
                "north": {
                    "uv": [
                        1,
                        9,
                        2,
                        10
                    ],
                    "texture": "#stand"
                },
                "east": {
                    "uv": [
                        1,
                        9,
                        2,
                        10
                    ],
                    "texture": "#stand"
                },
                "up": {
                    "uv": [
                        1,
                        9,
                        2,
                        10
                    ],
                    "rotation": 180,
                    "texture": "#stand"
                }
            }
        },
        {
            "from": [
                1.1,
                5.999,
                8.5
            ],
            "to": [
                2.1,
                6.999,
                9.5
            ],
            "rotation": {
                "angle": 45,
                "axis": "y",
                "origin": [
                    8,
                    0,
                    8
                ]
            },
            "faces": {
                "south": {
                    "uv": [
                        1,
                        9,
                        2,
                        10
                    ],
                    "texture": "#stand"
                },
                "west": {
                    "uv": [
                        1,
                        9,
                        2,
                        10
                    ],
                    "texture": "#stand"
                },
                "up": {
                    "uv": [
                        1,
                        9,
                        2,
                        10
                    ],
                    "rotation": 180,
                    "texture": "#stand"
                }
            }
        },
        {
            "from": [
                3.1,
                5.999,
                8.5
            ],
            "to": [
                4.1,
                6.999,
                9.5
            ],
            "rotation": {
                "angle": 45,
                "axis": "y",
                "origin": [
                    8,
                    0,
                    8
                ]
            },
            "faces": {
                "east": {
                    "uv": [
                        3,
                        9,
                        4,
                        10
                    ],
                    "texture": "#stand"
                },
                "south": {
                    "uv": [
                        3,
                        9,
                        4,
                        10
                    ],
                    "texture": "#stand"
                },
                "up": {
                    "uv": [
                        3,
                        9,
                        4,
                        10
                    ],
                    "rotation": 180,
                    "texture": "#stand"
                }
            }
        },
        {
            "from": [
                1.1,
                5.999,
                6.5
            ],
            "to": [
                2.1,
                6.999,
                7.5
            ],
            "rotation": {
                "angle": 45,
                "axis": "y",
                "origin": [
                    8,
                    0,
                    8
                ]
            },
            "faces": {
                "north": {
                    "uv": [
                        3,
                        9,
                        4,
                        10
                    ],
                    "texture": "#stand"
                },
                "west": {
                    "uv": [
                        3,
                        9,
                        4,
                        10
                    ],
                    "texture": "#stand"
                },
                "up": {
                    "uv": [
                        3,
                        9,
                        4,
                        10
                    ],
                    "rotation": 180,
                    "texture": "#stand"
                }
            }
        },
        {
            "from": [
                2.1,
                5.999,
                6.5
            ],
            "to": [
                3.1,
                6.999,
                7.5
            ],
            "rotation": {
                "angle": 45,
                "axis": "y",
                "origin": [
                    8,
                    0,
                    8
                ]
            },
            "faces": {
                "north": {
                    "uv": [
                        2,
                        9,
                        3,
                        10
                    ],
                    "texture": "#stand"
                }
            }
        },
        {
            "from": [
                2.1,
                5.999,
                8.5
            ],
            "to": [
                3.1,
                6.999,
                9.5
            ],
            "rotation": {
                "angle": 45,
                "axis": "y",
                "origin": [
                    8,
                    0,
                    8
                ]
            },
            "faces": {
                "south": {
                    "uv": [
                        2,
                        9,
                        3,
                        10
                    ],
                    "texture": "#stand"
                }
            }
        },
        {
            "from": [
                1.1,
                5.999,
                7.5
            ],
            "to": [
                2.1,
                6.999,
                8.5
            ],
            "rotation": {
                "angle": 45,
                "axis": "y",
                "origin": [
                    8,
                    0,
                    8
                ]
            },
            "faces": {
                "west": {
                    "uv": [
                        2,
                        9,
                        3,
                        10
                    ],
                    "texture": "#stand"
                }
            }
        },
        {
            "from": [
                3.1,
                5.999,
                7.5
            ],
            "to": [
                4.1,
                6.999,
                8.5
            ],
            "rotation": {
                "angle": 45,
                "axis": "y",
                "origin": [
                    8,
                    0,
                    8
                ]
            },
            "faces": {
                "east": {
                    "uv": [
                        2,
                        9,
                        3,
                        10
                    ],
                    "texture": "#stand"
                }
            }
        },
        {
            "from": [
                2.1,
                6.999,
                6.5
            ],
            "to": [
                3.1,
                7.999,
                7.5
            ],
            "rotation": {
                "angle": 45,
                "axis": "y",
                "origin": [
                    8,
                    0,
                    8
                ]
            },
            "faces": {
                "north": {
                    "uv": [
                        3,
                        8,
                        4,
                        9
                    ],
                    "texture": "#stand"
                },
                "east": {
                    "uv": [
                        3,
                        8,
                        4,
                        9
                    ],
                    "texture": "#stand"
                },
                "west": {
                    "uv": [
                        3,
                        8,
                        4,
                        9
                    ],
                    "texture": "#stand"
                }
            }
        },
        {
            "from": [
                3.1,
                6.999,
                7.5
            ],
            "to": [
                4.1,
                7.999,
                8.5
            ],
            "rotation": {
                "angle": 45,
                "axis": "y",
                "origin": [
                    8,
                    0,
                    8
                ]
            },
            "faces": {
                "north": {
                    "uv": [
                        1,
                        8,
                        2,
                        9
                    ],
                    "texture": "#stand"
                },
                "east": {
                    "uv": [
                        1,
                        8,
                        2,
                        9
                    ],
                    "texture": "#stand"
                },
                "south": {
                    "uv": [
                        1,
                        8,
                        2,
                        9
                    ],
                    "texture": "#stand"
                }
            }
        },
        {
            "from": [
                1.1,
                6.999,
                7.5
            ],
            "to": [
                2.1,
                7.999,
                8.5
            ],
            "rotation": {
                "angle": 45,
                "axis": "y",
                "origin": [
                    8,
                    0,
                    8
                ]
            },
            "faces": {
                "north": {
                    "uv": [
                        1,
                        8,
                        2,
                        9
                    ],
                    "texture": "#stand"
                },
                "south": {
                    "uv": [
                        1,
                        8,
                        2,
                        9
                    ],
                    "texture": "#stand"
                },
                "west": {
                    "uv": [
                        1,
                        8,
                        2,
                        9
                    ],
                    "texture": "#stand"
                }
            }
        },
        {
            "from": [
                2.1,
                6.999,
                8.5
            ],
            "to": [
                3.1,
                7.999,
                9.5
            ],
            "rotation": {
                "angle": 45,
                "axis": "y",
                "origin": [
                    8,
                    0,
                    8
                ]
            },
            "faces": {
                "east": {
                    "uv": [
                        3,
                        8,
                        4,
                        9
                    ],
                    "texture": "#stand"
                },
                "south": {
                    "uv": [
                        3,
                        8,
                        4,
                        9
                    ],
                    "texture": "#stand"
                },
                "west": {
                    "uv": [
                        3,
                        8,
                        4,
                        9
                    ],
                    "texture": "#stand"
                }
            }
        },
        {
            "from": [
                1.1,
                7.999,
                6.5
            ],
            "to": [
                2.1,
                8.999,
                7.5
            ],
            "rotation": {
                "angle": 45,
                "axis": "y",
                "origin": [
                    8,
                    0,
                    8
                ]
            },
            "faces": {
                "north": {
                    "uv": [
                        3,
                        7,
                        4,
                        8
                    ],
                    "texture": "#stand"
                },
                "west": {
                    "uv": [
                        3,
                        7,
                        4,
                        8
                    ],
                    "texture": "#stand"
                },
                "up": {
                    "uv": [
                        3,
                        7,
                        4,
                        8
                    ],
                    "rotation": 180,
                    "texture": "#stand"
                },
                "down": {
                    "uv": [
                        3,
                        7,
                        4,
                        8
                    ],
                    "rotation": 180,
                    "texture": "#stand"
                }
            }
        },
        {
            "from": [
                2.1,
                7.999,
                6.5
            ],
            "to": [
                3.1,
                8.999,
                7.5
            ],
            "rotation": {
                "angle": 45,
                "axis": "y",
                "origin": [
                    8,
                    0,
                    8
                ]
            },
            "faces": {
                "north": {
                    "uv": [
                        3,
                        7,
                        4,
                        8
                    ],
                    "texture": "#stand"
                },
                "up": {
                    "uv": [
                        2,
                        8,
                        3,
                        9
                    ],
                    "rotation": 180,
                    "texture": "#stand"
                },
                "down": {
                    "uv": [
                        3,
                        7,
                        4,
                        8
                    ],
                    "rotation": 180,
                    "texture": "#stand"
                }
            }
        },
        {
            "from": [
                3.1,
                7.999,
                6.5
            ],
            "to": [
                4.1,
                8.999,
                7.5
            ],
            "rotation": {
                "angle": 45,
                "axis": "y",
                "origin": [
                    8,
                    0,
                    8
                ]
            },
            "faces": {
                "north": {
                    "uv": [
                        1,
                        7,
                        2,
                        8
                    ],
                    "texture": "#stand"
                },
                "east": {
                    "uv": [
                        1,
                        7,
                        2,
                        8
                    ],
                    "texture": "#stand"
                },
                "up": {
                    "uv": [
                        1,
                        7,
                        2,
                        8
                    ],
                    "rotation": 180,
                    "texture": "#stand"
                },
                "down": {
                    "uv": [
                        1,
                        7,
                        2,
                        8
                    ],
                    "rotation": 180,
                    "texture": "#stand"
                }
            }
        },
        {
            "from": [
                2.1,
                7.999,
                8.5
            ],
            "to": [
                3.1,
                8.999,
                9.5
            ],
            "rotation": {
                "angle": 45,
                "axis": "y",
                "origin": [
                    8,
                    0,
                    8
                ]
            },
            "faces": {
                "south": {
                    "uv": [
                        3,
                        7,
                        4,
                        8
                    ],
                    "texture": "#stand"
                },
                "up": {
                    "uv": [
                        2,
                        8,
                        3,
                        9
                    ],
                    "rotation": 180,
                    "texture": "#stand"
                },
                "down": {
                    "uv": [
                        3,
                        7,
                        4,
                        8
                    ],
                    "rotation": 180,
                    "texture": "#stand"
                }
            }
        },
        {
            "from": [
                3.1,
                7.999,
                7.5
            ],
            "to": [
                4.1,
                8.999,
                8.5
            ],
            "rotation": {
                "angle": 45,
                "axis": "y",
                "origin": [
                    8,
                    0,
                    8
                ]
            },
            "faces": {
                "east": {
                    "uv": [
                        2,
                        8,
                        3,
                        9
                    ],
                    "texture": "#stand"
                },
                "up": {
                    "uv": [
                        2,
                        8,
                        3,
                        9
                    ],
                    "rotation": 180,
                    "texture": "#stand"
                },
                "down": {
                    "uv": [
                        3,
                        7,
                        4,
                        8
                    ],
                    "rotation": 180,
                    "texture": "#stand"
                }
            }
        },
        {
            "from": [
                1.1,
                7.999,
                7.5
            ],
            "to": [
                2.1,
                8.999,
                8.5
            ],
            "rotation": {
                "angle": 45,
                "axis": "y",
                "origin": [
                    8,
                    0,
                    8
                ]
            },
            "faces": {
                "west": {
                    "uv": [
                        2,
                        8,
                        3,
                        9
                    ],
                    "texture": "#stand"
                },
                "up": {
                    "uv": [
                        2,
                        8,
                        3,
                        9
                    ],
                    "rotation": 180,
                    "texture": "#stand"
                },
                "down": {
                    "uv": [
                        3,
                        7,
                        4,
                        8
                    ],
                    "rotation": 180,
                    "texture": "#stand"
                }
            }
        },
        {
            "from": [
                1.1,
                7.999,
                8.5
            ],
            "to": [
                2.1,
                8.999,
                9.5
            ],
            "rotation": {
                "angle": 45,
                "axis": "y",
                "origin": [
                    8,
                    0,
                    8
                ]
            },
            "faces": {
                "south": {
                    "uv": [
                        1,
                        7,
                        2,
                        8
                    ],
                    "texture": "#stand"
                },
                "west": {
                    "uv": [
                        1,
                        7,
                        2,
                        8
                    ],
                    "texture": "#stand"
                },
                "up": {
                    "uv": [
                        1,
                        7,
                        2,
                        8
                    ],
                    "rotation": 180,
                    "texture": "#stand"
                },
                "down": {
                    "uv": [
                        1,
                        7,
                        2,
                        8
                    ],
                    "rotation": 180,
                    "texture": "#stand"
                }
            }
        },
        {
            "from": [
                3.1,
                7.999,
                8.5
            ],
            "to": [
                4.1,
                8.999,
                9.5
            ],
            "rotation": {
                "angle": 45,
                "axis": "y",
                "origin": [
                    8,
                    0,
                    8
                ]
            },
            "faces": {
                "east": {
                    "uv": [
                        3,
                        7,
                        4,
                        8
                    ],
                    "texture": "#stand"
                },
                "south": {
                    "uv": [
                        3,
                        7,
                        4,
                        8
                    ],
                    "texture": "#stand"
                },
                "up": {
                    "uv": [
                        3,
                        7,
                        4,
                        8
                    ],
                    "rotation": 180,
                    "texture": "#stand"
                },
                "down": {
                    "uv": [
                        3,
                        7,
                        4,
                        8
                    ],
                    "rotation": 180,
                    "texture": "#stand"
                }
            }
        },
        {
            "from": [
                4.1,
                2.999,
                6.5
            ],
            "to": [
                5.1,
                5.999,
                9.5
            ],
            "rotation": {
                "angle": 45,
                "axis": "y",
                "origin": [
                    8,
                    0,
                    8
                ]
            },
            "faces": {
                "east": {
                    "uv": [
                        4,
                        10,
                        1,
                        13
                    ],
                    "texture": "#stand"
                },
                "up": {
                    "uv": [
                        4,
                        10,
                        1,
                        11
                    ],
                    "rotation": 270,
                    "texture": "#stand"
                },
                "down": {
                    "uv": [
                        4,
                        12,
                        1,
                        13
                    ],
                    "rotation": 270,
                    "texture": "#stand"
                }
            }
        },
        {
            "from": [
                0.1,
                2.999,
                5.5
            ],
            "to": [
                5.1,
                5.999,
                6.5
            ],
            "rotation": {
                "angle": 45,
                "axis": "y",
                "origin": [
                    8,
                    0,
                    8
                ]
            },
            "faces": {
                "north": {
                    "uv": [
                        0,
                        10,
                        5,
                        13
                    ],
                    "texture": "#stand"
                },
                "east": {
                    "uv": [
                        0,
                        10,
                        1,
                        13
                    ],
                    "texture": "#stand"
                },
                "west": {
                    "uv": [
                        4,
                        10,
                        5,
                        13
                    ],
                    "texture": "#stand"
                },
                "up": {
                    "uv": [
                        0,
                        10,
                        5,
                        11
                    ],
                    "rotation": 180,
                    "texture": "#stand"
                },
                "down": {
                    "uv": [
                        0,
                        12,
                        5,
                        13
                    ],
                    "rotation": 180,
                    "texture": "#stand"
                }
            }
        },
        {
            "from": [
                0.1,
                2.999,
                9.5
            ],
            "to": [
                5.1,
                5.999,
                10.5
            ],
            "rotation": {
                "angle": 45,
                "axis": "y",
                "origin": [
                    8,
                    0,
                    8
                ]
            },
            "faces": {
                "east": {
                    "uv": [
                        4,
                        10,
                        5,
                        13
                    ],
                    "texture": "#stand"
                },
                "south": {
                    "uv": [
                        0,
                        10,
                        5,
                        13
                    ],
                    "texture": "#stand"
                },
                "west": {
                    "uv": [
                        0,
                        10,
                        1,
                        13
                    ],
                    "texture": "#stand"
                },
                "up": {
                    "uv": [
                        5,
                        10,
                        0,
                        11
                    ],
                    "rotation": 180,
                    "texture": "#stand"
                },
                "down": {
                    "uv": [
                        0,
                        12,
                        5,
                        13
                    ],
                    "rotation": 180,
                    "texture": "#stand"
                }
            }
        },
        {
            "from": [
                0.1,
                2.999,
                6.5
            ],
            "to": [
                1.1,
                5.999,
                9.5
            ],
            "rotation": {
                "angle": 45,
                "axis": "y",
                "origin": [
                    8,
                    0,
                    8
                ]
            },
            "faces": {
                "north": {
                    "uv": [
                        0,
                        0,
                        1,
                        3
                    ],
                    "texture": "#missing"
                },
                "west": {
                    "uv": [
                        4,
                        10,
                        1,
                        13
                    ],
                    "texture": "#stand"
                },
                "up": {
                    "uv": [
                        1,
                        10,
                        4,
                        11
                    ],
                    "rotation": 270,
                    "texture": "#stand"
                },
                "down": {
                    "uv": [
                        1,
                        12,
                        4,
                        13
                    ],
                    "rotation": 270,
                    "texture": "#stand"
                }
            }
        }
    ]
}