{
    "ambientocclusion": false,
    "textures": {
        "texture": "block/brown_mushroom",
        "particle": "block/brown_mushroom"
    },
    "elements": [
        {
            "from": [
                7,
                0,
                7
            ],
            "to": [
                9,
                4,
                8
            ],
            "faces": {
                "north": {
                    "uv": [
                        7,
                        12,
                        9,
                        16
                    ],
                    "texture": "#texture"
                },
                "east": {
                    "uv": [
                        7,
                        12,
                        8,
                        16
                    ],
                    "texture": "#texture"
                },
                "west": {
                    "uv": [
                        8,
                        12,
                        9,
                        16
                    ],
                    "texture": "#texture"
                },
                "down": {
                    "uv": [
                        9,
                        15,
                        7,
                        16
                    ],
                    "texture": "#texture",
                    "cullface": "down"
                }
            }
        },
        {
            "from": [
                7,
                4,
                7
            ],
            "to": [
                9,
                7,
                8
            ],
            "faces": {
                "north": {
                    "uv": [
                        7,
                        13,
                        9,
                        16
                    ],
                    "rotation": 180,
                    "texture": "#texture"
                },
                "east": {
                    "uv": [
                        8,
                        13,
                        9,
                        16
                    ],
                    "rotation": 180,
                    "texture": "#texture"
                },
                "west": {
                    "uv": [
                        7,
                        13,
                        8,
                        16
                    ],
                    "rotation": 180,
                    "texture": "#texture"
                }
            }
        },
        {
            "from": [
                7,
                0,
                8
            ],
            "to": [
                9,
                4,
                9
            ],
            "faces": {
                "east": {
                    "uv": [
                        8,
                        12,
                        9,
                        16
                    ],
                    "texture": "#texture"
                },
                "south": {
                    "uv": [
                        7,
                        12,
                        9,
                        16
                    ],
                    "texture": "#texture"
                },
                "west": {
                    "uv": [
                        7,
                        12,
                        8,
                        16
                    ],
                    "texture": "#texture"
                },
                "down": {
                    "uv": [
                        7,
                        15,
                        9,
                        16
                    ],
                    "texture": "#texture",
                    "cullface": "down"
                }
            }
        },
        {
            "from": [
                7,
                4,
                8
            ],
            "to": [
                9,
                7,
                9
            ],
            "faces": {
                "east": {
                    "uv": [
                        7,
                        13,
                        8,
                        16
                    ],
                    "rotation": 180,
                    "texture": "#texture"
                },
                "south": {
                    "uv": [
                        7,
                        13,
                        9,
                        16
                    ],
                    "rotation": 180,
                    "texture": "#texture"
                },
                "west": {
                    "uv": [
                        8,
                        13,
                        9,
                        16
                    ],
                    "rotation": 180,
                    "texture": "#texture"
                }
            }
        },
        {
            "from": [
                11,
                4,
                4
            ],
            "to": [
                12,
                6,
                5
            ],
            "faces": {
                "north": {
                    "uv": [
                        4,
                        10,
                        5,
                        12
                    ],
                    "texture": "#texture"
                },
                "east": {
                    "uv": [
                        4,
                        10,
                        5,
                        12
                    ],
                    "texture": "#texture"
                },
                "up": {
                    "uv": [
                        4,
                        10,
                        5,
                        11
                    ],
                    "texture": "#texture"
                },
                "down": {
                    "uv": [
                        4,
                        11,
                        5,
                        12
                    ],
                    "texture": "#texture"
                }
            }
        },
        {
            "from": [
                5,
                4,
                4
            ],
            "to": [
                11,
                6,
                5
            ],
            "faces": {
                "north": {
                    "uv": [
                        5,
                        10,
                        11,
                        12
                    ],
                    "texture": "#texture"
                },
                "south": {
                    "uv": [
                        11,
                        10,
                        5,
                        12
                    ],
                    "texture": "#texture"
                },
                "up": {
                    "uv": [
                        11,
                        10,
                        5,
                        11
                    ],
                    "texture": "#texture"
                },
                "down": {
                    "uv": [
                        11,
                        11,
                        5,
                        12
                    ],
                    "texture": "#texture"
                }
            }
        },
        {
            "from": [
                5,
                4,
                11
            ],
            "to": [
                11,
                6,
                12
            ],
            "faces": {
                "north": {
                    "uv": [
                        11,
                        10,
                        5,
                        12
                    ],
                    "texture": "#texture"
                },
                "south": {
                    "uv": [
                        5,
                        10,
                        11,
                        12
                    ],
                    "texture": "#texture"
                },
                "up": {
                    "uv": [
                        5,
                        10,
                        11,
                        11
                    ],
                    "texture": "#texture"
                },
                "down": {
                    "uv": [
                        5,
                        11,
                        11,
                        12
                    ],
                    "texture": "#texture"
                }
            }
        },
        {
            "from": [
                11,
                4,
                11
            ],
            "to": [
                12,
                6,
                12
            ],
            "faces": {
                "east": {
                    "uv": [
                        11,
                        10,
                        12,
                        12
                    ],
                    "texture": "#texture"
                },
                "south": {
                    "uv": [
                        11,
                        10,
                        12,
                        12
                    ],
                    "texture": "#texture"
                },
                "up": {
                    "uv": [
                        11,
                        10,
                        12,
                        11
                    ],
                    "texture": "#texture"
                },
                "down": {
                    "uv": [
                        11,
                        11,
                        12,
                        12
                    ],
                    "texture": "#texture"
                }
            }
        },
        {
            "from": [
                4,
                4,
                11
            ],
            "to": [
                5,
                6,
                12
            ],
            "faces": {
                "south": {
                    "uv": [
                        4,
                        10,
                        5,
                        12
                    ],
                    "texture": "#texture"
                },
                "west": {
                    "uv": [
                        4,
                        10,
                        5,
                        12
                    ],
                    "texture": "#texture"
                },
                "up": {
                    "uv": [
                        4,
                        10,
                        5,
                        11
                    ],
                    "texture": "#texture"
                },
                "down": {
                    "uv": [
                        4,
                        11,
                        5,
                        12
                    ],
                    "texture": "#texture"
                }
            }
        },
        {
            "from": [
                4,
                4,
                4
            ],
            "to": [
                5,
                6,
                5
            ],
            "faces": {
                "north": {
                    "uv": [
                        11,
                        10,
                        12,
                        12
                    ],
                    "texture": "#texture"
                },
                "west": {
                    "uv": [
                        11,
                        10,
                        12,
                        12
                    ],
                    "texture": "#texture"
                },
                "up": {
                    "uv": [
                        11,
                        10,
                        12,
                        11
                    ],
                    "texture": "#texture"
                },
                "down": {
                    "uv": [
                        11,
                        11,
                        12,
                        12
                    ],
                    "texture": "#texture"
                }
            }
        },
        {
            "from": [
                11,
                4,
                5
            ],
            "to": [
                12,
                6,
                11
            ],
            "faces": {
                "east": {
                    "uv": [
                        11,
                        10,
                        5,
                        12
                    ],
                    "texture": "#texture"
                },
                "west": {
                    "uv": [
                        5,
                        10,
                        11,
                        12
                    ],
                    "texture": "#texture"
                },
                "up": {
                    "uv": [
                        5,
                        10,
                        11,
                        11
                    ],
                    "rotation": 90,
                    "texture": "#texture"
                },
                "down": {
                    "uv": [
                        11,
                        11,
                        5,
                        12
                    ],
                    "rotation": 90,
                    "texture": "#texture"
                }
            }
        },
        {
            "from": [
                4,
                4,
                5
            ],
            "to": [
                5,
                6,
                11
            ],
            "faces": {
                "east": {
                    "uv": [
                        5,
                        10,
                        11,
                        12
                    ],
                    "texture": "#texture"
                },
                "west": {
                    "uv": [
                        11,
                        10,
                        5,
                        12
                    ],
                    "texture": "#texture"
                },
                "up": {
                    "uv": [
                        11,
                        10,
                        5,
                        11
                    ],
                    "rotation": 90,
                    "texture": "#texture"
                },
                "down": {
                    "uv": [
                        5,
                        11,
                        11,
                        12
                    ],
                    "rotation": 90,
                    "texture": "#texture"
                }
            }
        },
        {
            "from": [
                5,
                6,
                5
            ],
            "to": [
                6,
                7,
                6
            ],
            "faces": {
                "north": {
                    "uv": [
                        10,
                        9,
                        11,
                        10
                    ],
                    "texture": "#texture"
                },
                "west": {
                    "uv": [
                        10,
                        9,
                        11,
                        10
                    ],
                    "texture": "#texture"
                },
                "up": {
                    "uv": [
                        10,
                        9,
                        11,
                        10
                    ],
                    "texture": "#texture"
                },
                "down": {
                    "uv": [
                        10,
                        9,
                        11,
                        10
                    ],
                    "texture": "#texture"
                }
            }
        },
        {
            "from": [
                10,
                6,
                5
            ],
            "to": [
                11,
                7,
                6
            ],
            "faces": {
                "north": {
                    "uv": [
                        5,
                        9,
                        6,
                        10
                    ],
                    "texture": "#texture"
                },
                "east": {
                    "uv": [
                        5,
                        9,
                        6,
                        10
                    ],
                    "texture": "#texture"
                },
                "up": {
                    "uv": [
                        5,
                        9,
                        6,
                        10
                    ],
                    "texture": "#texture"
                },
                "down": {
                    "uv": [
                        5,
                        9,
                        6,
                        10
                    ],
                    "texture": "#texture"
                }
            }
        },
        {
            "from": [
                10,
                6,
                10
            ],
            "to": [
                11,
                7,
                11
            ],
            "faces": {
                "east": {
                    "uv": [
                        10,
                        9,
                        11,
                        10
                    ],
                    "texture": "#texture"
                },
                "south": {
                    "uv": [
                        10,
                        9,
                        11,
                        10
                    ],
                    "texture": "#texture"
                },
                "up": {
                    "uv": [
                        10,
                        9,
                        11,
                        10
                    ],
                    "texture": "#texture"
                },
                "down": {
                    "uv": [
                        10,
                        9,
                        11,
                        10
                    ],
                    "texture": "#texture"
                }
            }
        },
        {
            "from": [
                5,
                6,
                10
            ],
            "to": [
                6,
                7,
                11
            ],
            "faces": {
                "south": {
                    "uv": [
                        5,
                        9,
                        6,
                        10
                    ],
                    "texture": "#texture"
                },
                "west": {
                    "uv": [
                        5,
                        9,
                        6,
                        10
                    ],
                    "texture": "#texture"
                },
                "up": {
                    "uv": [
                        5,
                        9,
                        6,
                        10
                    ],
                    "texture": "#texture"
                },
                "down": {
                    "uv": [
                        5,
                        9,
                        6,
                        10
                    ],
                    "texture": "#texture"
                }
            }
        },
        {
            "from": [
                5,
                6,
                6
            ],
            "to": [
                6,
                7,
                10
            ],
            "faces": {
                "east": {
                    "uv": [
                        6,
                        9,
                        10,
                        10
                    ],
                    "texture": "#texture"
                },
                "west": {
                    "uv": [
                        10,
                        9,
                        6,
                        10
                    ],
                    "texture": "#texture"
                },
                "up": {
                    "uv": [
                        10,
                        9,
                        6,
                        10
                    ],
                    "rotation": 90,
                    "texture": "#texture"
                },
                "down": {
                    "uv": [
                        6,
                        9,
                        10,
                        10
                    ],
                    "rotation": 90,
                    "texture": "#texture"
                }
            }
        },
        {
            "from": [
                10,
                6,
                6
            ],
            "to": [
                11,
                7,
                10
            ],
            "faces": {
                "east": {
                    "uv": [
                        10,
                        9,
                        6,
                        10
                    ],
                    "texture": "#texture"
                },
                "west": {
                    "uv": [
                        6,
                        9,
                        10,
                        10
                    ],
                    "texture": "#texture"
                },
                "up": {
                    "uv": [
                        6,
                        9,
                        10,
                        10
                    ],
                    "rotation": 90,
                    "texture": "#texture"
                },
                "down": {
                    "uv": [
                        10,
                        9,
                        6,
                        10
                    ],
                    "rotation": 90,
                    "texture": "#texture"
                }
            }
        },
        {
            "from": [
                6,
                6,
                10
            ],
            "to": [
                10,
                7,
                11
            ],
            "faces": {
                "north": {
                    "uv": [
                        10,
                        9,
                        6,
                        10
                    ],
                    "texture": "#texture"
                },
                "south": {
                    "uv": [
                        6,
                        9,
                        10,
                        10
                    ],
                    "texture": "#texture"
                },
                "up": {
                    "uv": [
                        6,
                        9,
                        10,
                        10
                    ],
                    "texture": "#texture"
                },
                "down": {
                    "uv": [
                        6,
                        9,
                        10,
                        10
                    ],
                    "texture": "#texture"
                }
            }
        },
        {
            "from": [
                6,
                6,
                5
            ],
            "to": [
                10,
                7,
                6
            ],
            "faces": {
                "north": {
                    "uv": [
                        6,
                        9,
                        10,
                        10
                    ],
                    "texture": "#texture"
                },
                "south": {
                    "uv": [
                        10,
                        9,
                        6,
                        10
                    ],
                    "texture": "#texture"
                },
                "up": {
                    "uv": [
                        10,
                        9,
                        6,
                        10
                    ],
                    "texture": "#texture"
                },
                "down": {
                    "uv": [
                        10,
                        9,
                        6,
                        10
                    ],
                    "texture": "#texture"
                }
            }
        },
        {
            "from": [
                6,
                7,
                6
            ],
            "to": [
                7,
                8,
                7
            ],
            "faces": {
                "north": {
                    "uv": [
                        10,
                        8,
                        9,
                        9
                    ],
                    "texture": "#texture"
                },
                "west": {
                    "uv": [
                        9,
                        8,
                        10,
                        9
                    ],
                    "texture": "#texture"
                },
                "up": {
                    "uv": [
                        9,
                        8,
                        10,
                        9
                    ],
                    "texture": "#texture"
                },
                "down": {
                    "uv": [
                        9,
                        8,
                        10,
                        9
                    ],
                    "texture": "#texture"
                }
            }
        },
        {
            "from": [
                9,
                7,
                6
            ],
            "to": [
                10,
                8,
                7
            ],
            "faces": {
                "north": {
                    "uv": [
                        7,
                        8,
                        6,
                        9
                    ],
                    "texture": "#texture"
                },
                "east": {
                    "uv": [
                        6,
                        8,
                        7,
                        9
                    ],
                    "texture": "#texture"
                },
                "up": {
                    "uv": [
                        6,
                        8,
                        7,
                        9
                    ],
                    "texture": "#texture"
                },
                "down": {
                    "uv": [
                        6,
                        8,
                        7,
                        9
                    ],
                    "texture": "#texture"
                }
            }
        },
        {
            "from": [
                9,
                7,
                9
            ],
            "to": [
                10,
                8,
                10
            ],
            "faces": {
                "east": {
                    "uv": [
                        9,
                        8,
                        10,
                        9
                    ],
                    "texture": "#texture"
                },
                "south": {
                    "uv": [
                        10,
                        8,
                        9,
                        9
                    ],
                    "texture": "#texture"
                },
                "up": {
                    "uv": [
                        9,
                        8,
                        10,
                        9
                    ],
                    "texture": "#texture"
                },
                "down": {
                    "uv": [
                        9,
                        8,
                        10,
                        9
                    ],
                    "texture": "#texture"
                }
            }
        },
        {
            "from": [
                6,
                7,
                9
            ],
            "to": [
                7,
                8,
                10
            ],
            "faces": {
                "south": {
                    "uv": [
                        7,
                        8,
                        6,
                        9
                    ],
                    "texture": "#texture"
                },
                "west": {
                    "uv": [
                        6,
                        8,
                        7,
                        9
                    ],
                    "texture": "#texture"
                },
                "up": {
                    "uv": [
                        6,
                        8,
                        7,
                        9
                    ],
                    "texture": "#texture"
                },
                "down": {
                    "uv": [
                        6,
                        8,
                        7,
                        9
                    ],
                    "texture": "#texture"
                }
            }
        },
        {
            "from": [
                9,
                7,
                7
            ],
            "to": [
                10,
                8,
                9
            ],
            "faces": {
                "east": {
                    "uv": [
                        9,
                        8,
                        7,
                        9
                    ],
                    "texture": "#texture"
                },
                "up": {
                    "uv": [
                        9,
                        8,
                        7,
                        9
                    ],
                    "rotation": 90,
                    "texture": "#texture"
                },
                "down": {
                    "uv": [
                        7,
                        8,
                        9,
                        9
                    ],
                    "texture": "#texture"
                }
            }
        },
        {
            "from": [
                7,
                7,
                9
            ],
            "to": [
                9,
                8,
                10
            ],
            "faces": {
                "south": {
                    "uv": [
                        9,
                        8,
                        7,
                        9
                    ],
                    "texture": "#texture"
                },
                "up": {
                    "uv": [
                        7,
                        8,
                        9,
                        9
                    ],
                    "texture": "#texture"
                },
                "down": {
                    "uv": [
                        7,
                        8,
                        9,
                        9
                    ],
                    "texture": "#texture"
                }
            }
        },
        {
            "from": [
                7,
                7,
                6
            ],
            "to": [
                9,
                8,
                7
            ],
            "faces": {
                "north": {
                    "uv": [
                        9,
                        8,
                        7,
                        9
                    ],
                    "texture": "#texture"
                },
                "up": {
                    "uv": [
                        7,
                        8,
                        9,
                        9
                    ],
                    "texture": "#texture"
                },
                "down": {
                    "uv": [
                        7,
                        8,
                        9,
                        9
                    ],
                    "texture": "#texture"
                }
            }
        },
        {
            "from": [
                7,
                7,
                7
            ],
            "to": [
                9,
                8,
                9
            ],
            "faces": {
                "up": {
                    "uv": [
                        7,
                        9,
                        9,
                        10
                    ],
                    "texture": "#texture"
                }
            }
        },
        {
            "from": [
                6,
                7,
                7
            ],
            "to": [
                7,
                8,
                9
            ],
            "faces": {
                "west": {
                    "uv": [
                        9,
                        8,
                        7,
                        9
                    ],
                    "rotation": 90,
                    "texture": "#texture"
                },
                "up": {
                    "uv": [
                        9,
                        8,
                        7,
                        9
                    ],
                    "rotation": 90,
                    "texture": "#texture"
                },
                "down": {
                    "uv": [
                        7,
                        8,
                        9,
                        9
                    ],
                    "texture": "#texture"
                }
            }
        }
    ]
}