{
    "ambientocclusion": false,
    "textures": {
        "slab": "block/smooth_stone",
        "particle": "block/comparator_on",
        "top": "block/comparator_on",
        "unlit": "block/redstone_torch_off",
        "lit": "block/redstone_torch"
    },
    "elements": [
        {
            "from": [
                0,
                0,
                0
            ],
            "to": [
                16,
                2,
                16
            ],
            "faces": {
                "north": {
                    "uv": [
                        0,
                        14,
                        16,
                        16
                    ],
                    "texture": "#slab",
                    "cullface": "north"
                },
                "east": {
                    "uv": [
                        0,
                        14,
                        16,
                        16
                    ],
                    "texture": "#slab",
                    "cullface": "east"
                },
                "south": {
                    "uv": [
                        0,
                        14,
                        16,
                        16
                    ],
                    "texture": "#slab",
                    "cullface": "south"
                },
                "west": {
                    "uv": [
                        0,
                        14,
                        16,
                        16
                    ],
                    "texture": "#slab",
                    "cullface": "west"
                },
                "up": {
                    "uv": [
                        0,
                        0,
                        16,
                        16
                    ],
                    "texture": "#top"
                },
                "down": {
                    "uv": [
                        0,
                        0,
                        16,
                        16
                    ],
                    "texture": "#slab",
                    "cullface": "down"
                }
            }
        },
        {
            "from": [
                10,
                2,
                11
            ],
            "to": [
                12,
                7,
                13
            ],
            "faces": {
                "north": {
                    "uv": [
                        7,
                        6,
                        9,
                        11
                    ],
                    "texture": "#lit"
                },
                "east": {
                    "uv": [
                        7,
                        6,
                        9,
                        11
                    ],
                    "texture": "#lit"
                },
                "south": {
                    "uv": [
                        7,
                        6,
                        9,
                        11
                    ],
                    "texture": "#lit"
                },
                "west": {
                    "uv": [
                        7,
                        6,
                        9,
                        11
                    ],
                    "texture": "#lit"
                },
                "up": {
                    "uv": [
                        7,
                        6,
                        9,
                        8
                    ],
                    "texture": "#lit"
                }
            }
        },
        {
            "from": [
                10,
                7,
                10
            ],
            "to": [
                12,
                8,
                11
            ],
            "faces": {
                "north": {
                    "uv": [
                        7,
                        5,
                        9,
                        6
                    ],
                    "texture": "#lit"
                },
                "east": {
                    "uv": [
                        7,
                        5,
                        8,
                        6
                    ],
                    "texture": "#lit"
                },
                "south": {
                    "uv": [
                        7,
                        5,
                        9,
                        6
                    ],
                    "texture": "#lit"
                },
                "west": {
                    "uv": [
                        8,
                        5,
                        9,
                        6
                    ],
                    "texture": "#lit"
                },
                "up": {
                    "uv": [
                        7,
                        5,
                        9,
                        6
                    ],
                    "rotation": 270,
                    "texture": "#lit"
                },
                "down": {
                    "uv": [
                        7,
                        5,
                        9,
                        6
                    ],
                    "texture": "#lit"
                }
            }
        },
        {
            "from": [
                12,
                5,
                10
            ],
            "to": [
                13,
                7,
                11
            ],
            "faces": {
                "north": {
                    "uv": [
                        6,
                        6,
                        7,
                        8
                    ],
                    "texture": "#lit"
                },
                "east": {
                    "uv": [
                        6,
                        6,
                        7,
                        8
                    ],
                    "texture": "#lit"
                },
                "south": {
                    "uv": [
                        6,
                        6,
                        7,
                        8
                    ],
                    "texture": "#lit"
                },
                "west": {
                    "uv": [
                        6,
                        6,
                        7,
                        8
                    ],
                    "texture": "#lit"
                },
                "up": {
                    "uv": [
                        6,
                        6,
                        7,
                        7
                    ],
                    "rotation": 270,
                    "texture": "#lit"
                },
                "down": {
                    "uv": [
                        6,
                        7,
                        7,
                        8
                    ],
                    "rotation": 90,
                    "texture": "#lit"
                }
            }
        },
        {
            "from": [
                9,
                5,
                10
            ],
            "to": [
                10,
                7,
                11
            ],
            "faces": {
                "north": {
                    "uv": [
                        9,
                        6,
                        10,
                        8
                    ],
                    "texture": "#lit"
                },
                "east": {
                    "uv": [
                        9,
                        6,
                        10,
                        8
                    ],
                    "texture": "#lit"
                },
                "south": {
                    "uv": [
                        9,
                        6,
                        10,
                        8
                    ],
                    "texture": "#lit"
                },
                "west": {
                    "uv": [
                        9,
                        6,
                        10,
                        8
                    ],
                    "texture": "#lit"
                },
                "up": {
                    "uv": [
                        9,
                        6,
                        10,
                        7
                    ],
                    "rotation": 270,
                    "texture": "#lit"
                },
                "down": {
                    "uv": [
                        9,
                        7,
                        10,
                        8
                    ],
                    "rotation": 90,
                    "texture": "#lit"
                }
            }
        },
        {
            "from": [
                9,
                7,
                11
            ],
            "to": [
                10,
                8,
                13
            ],
            "faces": {
                "north": {
                    "uv": [
                        8,
                        5,
                        9,
                        6
                    ],
                    "texture": "#lit"
                },
                "east": {
                    "uv": [
                        7,
                        5,
                        9,
                        6
                    ],
                    "texture": "#lit"
                },
                "south": {
                    "uv": [
                        7,
                        5,
                        8,
                        6
                    ],
                    "texture": "#lit"
                },
                "west": {
                    "uv": [
                        9,
                        5,
                        7,
                        6
                    ],
                    "texture": "#lit"
                },
                "up": {
                    "uv": [
                        7,
                        5,
                        9,
                        6
                    ],
                    "rotation": 270,
                    "texture": "#lit"
                },
                "down": {
                    "uv": [
                        7,
                        5,
                        9,
                        6
                    ],
                    "texture": "#lit"
                }
            }
        },
        {
            "from": [
                9,
                4,
                11
            ],
            "to": [
                10,
                5,
                13
            ],
            "faces": {
                "north": {
                    "uv": [
                        8,
                        8,
                        9,
                        9
                    ],
                    "texture": "#lit"
                },
                "south": {
                    "uv": [
                        7,
                        8,
                        8,
                        9
                    ],
                    "texture": "#lit"
                },
                "west": {
                    "uv": [
                        9,
                        8,
                        7,
                        9
                    ],
                    "texture": "#lit"
                },
                "up": {
                    "uv": [
                        9,
                        8,
                        7,
                        9
                    ],
                    "rotation": 90,
                    "texture": "#lit"
                },
                "down": {
                    "uv": [
                        7,
                        8,
                        9,
                        9
                    ],
                    "rotation": 90,
                    "texture": "#lit"
                }
            }
        },
        {
            "from": [
                12,
                4,
                11
            ],
            "to": [
                13,
                5,
                13
            ],
            "faces": {
                "north": {
                    "uv": [
                        7,
                        8,
                        8,
                        9
                    ],
                    "texture": "#lit"
                },
                "east": {
                    "uv": [
                        9,
                        8,
                        7,
                        9
                    ],
                    "texture": "#lit"
                },
                "south": {
                    "uv": [
                        8,
                        8,
                        9,
                        9
                    ],
                    "texture": "#lit"
                },
                "up": {
                    "uv": [
                        7,
                        8,
                        9,
                        9
                    ],
                    "rotation": 90,
                    "texture": "#lit"
                },
                "down": {
                    "uv": [
                        7,
                        8,
                        9,
                        9
                    ],
                    "rotation": 270,
                    "texture": "#lit"
                }
            }
        },
        {
            "from": [
                12,
                7,
                11
            ],
            "to": [
                13,
                8,
                13
            ],
            "faces": {
                "north": {
                    "uv": [
                        7,
                        5,
                        8,
                        6
                    ],
                    "texture": "#lit"
                },
                "east": {
                    "uv": [
                        9,
                        5,
                        7,
                        6
                    ],
                    "texture": "#lit"
                },
                "south": {
                    "uv": [
                        8,
                        5,
                        9,
                        6
                    ],
                    "texture": "#lit"
                },
                "west": {
                    "uv": [
                        7,
                        5,
                        9,
                        6
                    ],
                    "texture": "#lit"
                },
                "up": {
                    "uv": [
                        7,
                        5,
                        9,
                        6
                    ],
                    "rotation": 90,
                    "texture": "#lit"
                },
                "down": {
                    "uv": [
                        7,
                        5,
                        9,
                        6
                    ],
                    "texture": "#lit"
                }
            }
        },
        {
            "from": [
                10,
                4,
                10
            ],
            "to": [
                12,
                5,
                11
            ],
            "faces": {
                "north": {
                    "uv": [
                        7,
                        8,
                        9,
                        9
                    ],
                    "texture": "#lit"
                },
                "east": {
                    "uv": [
                        7,
                        8,
                        8,
                        9
                    ],
                    "texture": "#lit"
                },
                "west": {
                    "uv": [
                        8,
                        8,
                        9,
                        9
                    ],
                    "texture": "#lit"
                },
                "up": {
                    "uv": [
                        9,
                        8,
                        7,
                        9
                    ],
                    "texture": "#lit"
                },
                "down": {
                    "uv": [
                        9,
                        8,
                        7,
                        9
                    ],
                    "texture": "#lit"
                }
            }
        },
        {
            "from": [
                12,
                5,
                13
            ],
            "to": [
                13,
                7,
                14
            ],
            "faces": {
                "north": {
                    "uv": [
                        6,
                        6,
                        7,
                        8
                    ],
                    "texture": "#lit"
                },
                "east": {
                    "uv": [
                        9,
                        6,
                        10,
                        8
                    ],
                    "texture": "#lit"
                },
                "south": {
                    "uv": [
                        9,
                        6,
                        10,
                        8
                    ],
                    "texture": "#lit"
                },
                "west": {
                    "uv": [
                        9,
                        6,
                        10,
                        8
                    ],
                    "texture": "#lit"
                },
                "up": {
                    "uv": [
                        9,
                        6,
                        10,
                        7
                    ],
                    "rotation": 90,
                    "texture": "#lit"
                },
                "down": {
                    "uv": [
                        9,
                        7,
                        10,
                        8
                    ],
                    "rotation": 270,
                    "texture": "#lit"
                }
            }
        },
        {
            "from": [
                10,
                7,
                13
            ],
            "to": [
                12,
                8,
                14
            ],
            "faces": {
                "north": {
                    "uv": [
                        7,
                        5,
                        9,
                        6
                    ],
                    "texture": "#lit"
                },
                "east": {
                    "uv": [
                        8,
                        5,
                        9,
                        6
                    ],
                    "texture": "#lit"
                },
                "south": {
                    "uv": [
                        7,
                        5,
                        9,
                        6
                    ],
                    "texture": "#lit"
                },
                "west": {
                    "uv": [
                        7,
                        5,
                        8,
                        6
                    ],
                    "texture": "#lit"
                },
                "up": {
                    "uv": [
                        7,
                        5,
                        9,
                        6
                    ],
                    "rotation": 90,
                    "texture": "#lit"
                },
                "down": {
                    "uv": [
                        7,
                        5,
                        9,
                        6
                    ],
                    "texture": "#lit"
                }
            }
        },
        {
            "from": [
                9,
                5,
                13
            ],
            "to": [
                10,
                7,
                14
            ],
            "faces": {
                "north": {
                    "uv": [
                        6,
                        6,
                        7,
                        8
                    ],
                    "texture": "#lit"
                },
                "east": {
                    "uv": [
                        6,
                        6,
                        7,
                        8
                    ],
                    "texture": "#lit"
                },
                "south": {
                    "uv": [
                        6,
                        6,
                        7,
                        8
                    ],
                    "texture": "#lit"
                },
                "west": {
                    "uv": [
                        6,
                        6,
                        7,
                        8
                    ],
                    "texture": "#lit"
                },
                "up": {
                    "uv": [
                        6,
                        6,
                        7,
                        7
                    ],
                    "rotation": 90,
                    "texture": "#lit"
                },
                "down": {
                    "uv": [
                        6,
                        7,
                        7,
                        8
                    ],
                    "rotation": 270,
                    "texture": "#lit"
                }
            }
        },
        {
            "from": [
                10,
                4,
                13
            ],
            "to": [
                12,
                5,
                14
            ],
            "faces": {
                "east": {
                    "uv": [
                        8,
                        8,
                        9,
                        9
                    ],
                    "texture": "#lit"
                },
                "south": {
                    "uv": [
                        7,
                        8,
                        9,
                        9
                    ],
                    "texture": "#lit"
                },
                "west": {
                    "uv": [
                        7,
                        8,
                        8,
                        9
                    ],
                    "texture": "#lit"
                },
                "up": {
                    "uv": [
                        7,
                        8,
                        9,
                        9
                    ],
                    "texture": "#lit"
                },
                "down": {
                    "uv": [
                        9,
                        8,
                        7,
                        9
                    ],
                    "rotation": 180,
                    "texture": "#lit"
                }
            }
        },
        {
            "from": [
                4,
                2,
                11
            ],
            "to": [
                6,
                7,
                13
            ],
            "faces": {
                "north": {
                    "uv": [
                        7,
                        6,
                        9,
                        11
                    ],
                    "texture": "#lit"
                },
                "east": {
                    "uv": [
                        7,
                        6,
                        9,
                        11
                    ],
                    "texture": "#lit"
                },
                "south": {
                    "uv": [
                        7,
                        6,
                        9,
                        11
                    ],
                    "texture": "#lit"
                },
                "west": {
                    "uv": [
                        7,
                        6,
                        9,
                        11
                    ],
                    "texture": "#lit"
                },
                "up": {
                    "uv": [
                        7,
                        6,
                        9,
                        8
                    ],
                    "texture": "#lit"
                }
            }
        },
        {
            "from": [
                4,
                7,
                10
            ],
            "to": [
                6,
                8,
                11
            ],
            "faces": {
                "north": {
                    "uv": [
                        7,
                        5,
                        9,
                        6
                    ],
                    "texture": "#lit"
                },
                "east": {
                    "uv": [
                        7,
                        5,
                        8,
                        6
                    ],
                    "texture": "#lit"
                },
                "south": {
                    "uv": [
                        7,
                        5,
                        9,
                        6
                    ],
                    "texture": "#lit"
                },
                "west": {
                    "uv": [
                        8,
                        5,
                        9,
                        6
                    ],
                    "texture": "#lit"
                },
                "up": {
                    "uv": [
                        7,
                        5,
                        9,
                        6
                    ],
                    "rotation": 270,
                    "texture": "#lit"
                },
                "down": {
                    "uv": [
                        7,
                        5,
                        9,
                        6
                    ],
                    "texture": "#lit"
                }
            }
        },
        {
            "from": [
                6,
                5,
                10
            ],
            "to": [
                7,
                7,
                11
            ],
            "faces": {
                "north": {
                    "uv": [
                        6,
                        6,
                        7,
                        8
                    ],
                    "texture": "#lit"
                },
                "east": {
                    "uv": [
                        6,
                        6,
                        7,
                        8
                    ],
                    "texture": "#lit"
                },
                "south": {
                    "uv": [
                        6,
                        6,
                        7,
                        8
                    ],
                    "texture": "#lit"
                },
                "west": {
                    "uv": [
                        6,
                        6,
                        7,
                        8
                    ],
                    "texture": "#lit"
                },
                "up": {
                    "uv": [
                        6,
                        6,
                        7,
                        7
                    ],
                    "rotation": 270,
                    "texture": "#lit"
                },
                "down": {
                    "uv": [
                        6,
                        7,
                        7,
                        8
                    ],
                    "rotation": 90,
                    "texture": "#lit"
                }
            }
        },
        {
            "from": [
                3,
                5,
                10
            ],
            "to": [
                4,
                7,
                11
            ],
            "faces": {
                "north": {
                    "uv": [
                        9,
                        6,
                        10,
                        8
                    ],
                    "texture": "#lit"
                },
                "east": {
                    "uv": [
                        9,
                        6,
                        10,
                        8
                    ],
                    "texture": "#lit"
                },
                "south": {
                    "uv": [
                        9,
                        6,
                        10,
                        8
                    ],
                    "texture": "#lit"
                },
                "west": {
                    "uv": [
                        9,
                        6,
                        10,
                        8
                    ],
                    "texture": "#lit"
                },
                "up": {
                    "uv": [
                        9,
                        6,
                        10,
                        7
                    ],
                    "rotation": 270,
                    "texture": "#lit"
                },
                "down": {
                    "uv": [
                        9,
                        7,
                        10,
                        8
                    ],
                    "rotation": 90,
                    "texture": "#lit"
                }
            }
        },
        {
            "from": [
                3,
                7,
                11
            ],
            "to": [
                4,
                8,
                13
            ],
            "faces": {
                "north": {
                    "uv": [
                        8,
                        5,
                        9,
                        6
                    ],
                    "texture": "#lit"
                },
                "east": {
                    "uv": [
                        7,
                        5,
                        9,
                        6
                    ],
                    "texture": "#lit"
                },
                "south": {
                    "uv": [
                        7,
                        5,
                        8,
                        6
                    ],
                    "texture": "#lit"
                },
                "west": {
                    "uv": [
                        9,
                        5,
                        7,
                        6
                    ],
                    "texture": "#lit"
                },
                "up": {
                    "uv": [
                        7,
                        5,
                        9,
                        6
                    ],
                    "rotation": 270,
                    "texture": "#lit"
                },
                "down": {
                    "uv": [
                        7,
                        5,
                        9,
                        6
                    ],
                    "texture": "#lit"
                }
            }
        },
        {
            "from": [
                3,
                4,
                11
            ],
            "to": [
                4,
                5,
                13
            ],
            "faces": {
                "north": {
                    "uv": [
                        8,
                        8,
                        9,
                        9
                    ],
                    "texture": "#lit"
                },
                "south": {
                    "uv": [
                        7,
                        8,
                        8,
                        9
                    ],
                    "texture": "#lit"
                },
                "west": {
                    "uv": [
                        9,
                        8,
                        7,
                        9
                    ],
                    "texture": "#lit"
                },
                "up": {
                    "uv": [
                        9,
                        8,
                        7,
                        9
                    ],
                    "rotation": 90,
                    "texture": "#lit"
                },
                "down": {
                    "uv": [
                        7,
                        8,
                        9,
                        9
                    ],
                    "rotation": 90,
                    "texture": "#lit"
                }
            }
        },
        {
            "from": [
                6,
                4,
                11
            ],
            "to": [
                7,
                5,
                13
            ],
            "faces": {
                "north": {
                    "uv": [
                        7,
                        8,
                        8,
                        9
                    ],
                    "texture": "#lit"
                },
                "east": {
                    "uv": [
                        9,
                        8,
                        7,
                        9
                    ],
                    "texture": "#lit"
                },
                "south": {
                    "uv": [
                        8,
                        8,
                        9,
                        9
                    ],
                    "texture": "#lit"
                },
                "up": {
                    "uv": [
                        7,
                        8,
                        9,
                        9
                    ],
                    "rotation": 90,
                    "texture": "#lit"
                },
                "down": {
                    "uv": [
                        7,
                        8,
                        9,
                        9
                    ],
                    "rotation": 270,
                    "texture": "#lit"
                }
            }
        },
        {
            "from": [
                6,
                7,
                11
            ],
            "to": [
                7,
                8,
                13
            ],
            "faces": {
                "north": {
                    "uv": [
                        7,
                        5,
                        8,
                        6
                    ],
                    "texture": "#lit"
                },
                "east": {
                    "uv": [
                        9,
                        5,
                        7,
                        6
                    ],
                    "texture": "#lit"
                },
                "south": {
                    "uv": [
                        8,
                        5,
                        9,
                        6
                    ],
                    "texture": "#lit"
                },
                "west": {
                    "uv": [
                        7,
                        5,
                        9,
                        6
                    ],
                    "texture": "#lit"
                },
                "up": {
                    "uv": [
                        7,
                        5,
                        9,
                        6
                    ],
                    "rotation": 90,
                    "texture": "#lit"
                },
                "down": {
                    "uv": [
                        7,
                        5,
                        9,
                        6
                    ],
                    "texture": "#lit"
                }
            }
        },
        {
            "from": [
                4,
                4,
                10
            ],
            "to": [
                6,
                5,
                11
            ],
            "faces": {
                "north": {
                    "uv": [
                        7,
                        8,
                        9,
                        9
                    ],
                    "texture": "#lit"
                },
                "east": {
                    "uv": [
                        7,
                        8,
                        8,
                        9
                    ],
                    "texture": "#lit"
                },
                "west": {
                    "uv": [
                        8,
                        8,
                        9,
                        9
                    ],
                    "texture": "#lit"
                },
                "up": {
                    "uv": [
                        9,
                        8,
                        7,
                        9
                    ],
                    "texture": "#lit"
                },
                "down": {
                    "uv": [
                        9,
                        8,
                        7,
                        9
                    ],
                    "texture": "#lit"
                }
            }
        },
        {
            "from": [
                6,
                5,
                13
            ],
            "to": [
                7,
                7,
                14
            ],
            "faces": {
                "north": {
                    "uv": [
                        6,
                        6,
                        7,
                        8
                    ],
                    "texture": "#lit"
                },
                "east": {
                    "uv": [
                        9,
                        6,
                        10,
                        8
                    ],
                    "texture": "#lit"
                },
                "south": {
                    "uv": [
                        9,
                        6,
                        10,
                        8
                    ],
                    "texture": "#lit"
                },
                "west": {
                    "uv": [
                        9,
                        6,
                        10,
                        8
                    ],
                    "texture": "#lit"
                },
                "up": {
                    "uv": [
                        9,
                        6,
                        10,
                        7
                    ],
                    "rotation": 90,
                    "texture": "#lit"
                },
                "down": {
                    "uv": [
                        9,
                        7,
                        10,
                        8
                    ],
                    "rotation": 270,
                    "texture": "#lit"
                }
            }
        },
        {
            "from": [
                4,
                7,
                13
            ],
            "to": [
                6,
                8,
                14
            ],
            "faces": {
                "north": {
                    "uv": [
                        7,
                        5,
                        9,
                        6
                    ],
                    "texture": "#lit"
                },
                "east": {
                    "uv": [
                        8,
                        5,
                        9,
                        6
                    ],
                    "texture": "#lit"
                },
                "south": {
                    "uv": [
                        7,
                        5,
                        9,
                        6
                    ],
                    "texture": "#lit"
                },
                "west": {
                    "uv": [
                        7,
                        5,
                        8,
                        6
                    ],
                    "texture": "#lit"
                },
                "up": {
                    "uv": [
                        7,
                        5,
                        9,
                        6
                    ],
                    "rotation": 90,
                    "texture": "#lit"
                },
                "down": {
                    "uv": [
                        7,
                        5,
                        9,
                        6
                    ],
                    "texture": "#lit"
                }
            }
        },
        {
            "from": [
                3,
                5,
                13
            ],
            "to": [
                4,
                7,
                14
            ],
            "faces": {
                "north": {
                    "uv": [
                        6,
                        6,
                        7,
                        8
                    ],
                    "texture": "#lit"
                },
                "east": {
                    "uv": [
                        6,
                        6,
                        7,
                        8
                    ],
                    "texture": "#lit"
                },
                "south": {
                    "uv": [
                        6,
                        6,
                        7,
                        8
                    ],
                    "texture": "#lit"
                },
                "west": {
                    "uv": [
                        6,
                        6,
                        7,
                        8
                    ],
                    "texture": "#lit"
                },
                "up": {
                    "uv": [
                        6,
                        6,
                        7,
                        7
                    ],
                    "rotation": 90,
                    "texture": "#lit"
                },
                "down": {
                    "uv": [
                        6,
                        7,
                        7,
                        8
                    ],
                    "rotation": 270,
                    "texture": "#lit"
                }
            }
        },
        {
            "from": [
                4,
                4,
                13
            ],
            "to": [
                6,
                5,
                14
            ],
            "faces": {
                "east": {
                    "uv": [
                        8,
                        8,
                        9,
                        9
                    ],
                    "texture": "#lit"
                },
                "south": {
                    "uv": [
                        7,
                        8,
                        9,
                        9
                    ],
                    "texture": "#lit"
                },
                "west": {
                    "uv": [
                        7,
                        8,
                        8,
                        9
                    ],
                    "texture": "#lit"
                },
                "up": {
                    "uv": [
                        7,
                        8,
                        9,
                        9
                    ],
                    "texture": "#lit"
                },
                "down": {
                    "uv": [
                        9,
                        8,
                        7,
                        9
                    ],
                    "rotation": 180,
                    "texture": "#lit"
                }
            }
        },
        {
            "from": [
                7,
                2,
                2
            ],
            "to": [
                9,
                4,
                4
            ],
            "faces": {
                "north": {
                    "uv": [
                        7,
                        6,
                        9,
                        8
                    ],
                    "texture": "#unlit"
                },
                "east": {
                    "uv": [
                        7,
                        6,
                        9,
                        8
                    ],
                    "texture": "#unlit"
                },
                "south": {
                    "uv": [
                        7,
                        6,
                        9,
                        8
                    ],
                    "texture": "#unlit"
                },
                "west": {
                    "uv": [
                        7,
                        6,
                        9,
                        8
                    ],
                    "texture": "#unlit"
                },
                "up": {
                    "uv": [
                        7,
                        6,
                        9,
                        8
                    ],
                    "texture": "#unlit"
                }
            }
        }
    ]
}