{
    "ambientocclusion": false,
    "textures": {
        "dead_bubble_coral": "block/dead_bubble_coral",
        "particle": "block/dead_bubble_coral"
    },
    "elements": [
        {
            "from": [
                0,
                3,
                0
            ],
            "to": [
                1,
                5,
                1
            ],
            "faces": {
                "north": {
                    "uv": [
                        1,
                        11,
                        0,
                        13
                    ],
                    "texture": "#dead_bubble_coral"
                },
                "east": {
                    "uv": [
                        0,
                        11,
                        1,
                        13
                    ],
                    "texture": "#dead_bubble_coral"
                },
                "south": {
                    "uv": [
                        0,
                        11,
                        1,
                        13
                    ],
                    "texture": "#dead_bubble_coral"
                },
                "west": {
                    "uv": [
                        0,
                        11,
                        1,
                        13
                    ],
                    "texture": "#dead_bubble_coral"
                },
                "up": {
                    "uv": [
                        0,
                        11,
                        1,
                        12
                    ],
                    "texture": "#dead_bubble_coral"
                },
                "down": {
                    "uv": [
                        0,
                        12,
                        1,
                        13
                    ],
                    "texture": "#dead_bubble_coral"
                }
            },
            "shade": false
        },
        {
            "from": [
                15,
                3,
                0
            ],
            "to": [
                16,
                5,
                1
            ],
            "faces": {
                "north": {
                    "uv": [
                        1,
                        11,
                        0,
                        13
                    ],
                    "texture": "#dead_bubble_coral"
                },
                "east": {
                    "uv": [
                        0,
                        11,
                        1,
                        13
                    ],
                    "texture": "#dead_bubble_coral"
                },
                "south": {
                    "uv": [
                        0,
                        11,
                        1,
                        13
                    ],
                    "texture": "#dead_bubble_coral"
                },
                "west": {
                    "uv": [
                        0,
                        11,
                        1,
                        13
                    ],
                    "texture": "#dead_bubble_coral"
                },
                "up": {
                    "uv": [
                        0,
                        11,
                        1,
                        12
                    ],
                    "texture": "#dead_bubble_coral"
                },
                "down": {
                    "uv": [
                        0,
                        12,
                        1,
                        13
                    ],
                    "texture": "#dead_bubble_coral"
                }
            },
            "shade": false
        },
        {
            "from": [
                1,
                7,
                1
            ],
            "to": [
                2,
                9,
                2
            ],
            "faces": {
                "north": {
                    "uv": [
                        2,
                        7,
                        1,
                        9
                    ],
                    "texture": "#dead_bubble_coral"
                },
                "east": {
                    "uv": [
                        1,
                        7,
                        2,
                        9
                    ],
                    "texture": "#dead_bubble_coral"
                },
                "south": {
                    "uv": [
                        1,
                        7,
                        2,
                        9
                    ],
                    "texture": "#dead_bubble_coral"
                },
                "west": {
                    "uv": [
                        1,
                        7,
                        2,
                        9
                    ],
                    "texture": "#dead_bubble_coral"
                },
                "up": {
                    "uv": [
                        1,
                        7,
                        2,
                        8
                    ],
                    "texture": "#dead_bubble_coral"
                },
                "down": {
                    "uv": [
                        1,
                        8,
                        2,
                        9
                    ],
                    "texture": "#dead_bubble_coral"
                }
            },
            "shade": false
        },
        {
            "from": [
                14,
                7,
                1
            ],
            "to": [
                15,
                9,
                2
            ],
            "faces": {
                "north": {
                    "uv": [
                        2,
                        7,
                        1,
                        9
                    ],
                    "texture": "#dead_bubble_coral"
                },
                "east": {
                    "uv": [
                        1,
                        7,
                        2,
                        9
                    ],
                    "texture": "#dead_bubble_coral"
                },
                "south": {
                    "uv": [
                        1,
                        7,
                        2,
                        9
                    ],
                    "texture": "#dead_bubble_coral"
                },
                "west": {
                    "uv": [
                        1,
                        7,
                        2,
                        9
                    ],
                    "texture": "#dead_bubble_coral"
                },
                "up": {
                    "uv": [
                        1,
                        7,
                        2,
                        8
                    ],
                    "texture": "#dead_bubble_coral"
                },
                "down": {
                    "uv": [
                        1,
                        8,
                        2,
                        9
                    ],
                    "texture": "#dead_bubble_coral"
                }
            },
            "shade": false
        },
        {
            "from": [
                1,
                3,
                1
            ],
            "to": [
                2,
                5,
                2
            ],
            "faces": {
                "north": {
                    "uv": [
                        2,
                        11,
                        1,
                        13
                    ],
                    "texture": "#dead_bubble_coral"
                },
                "east": {
                    "uv": [
                        1,
                        11,
                        2,
                        13
                    ],
                    "texture": "#dead_bubble_coral"
                },
                "south": {
                    "uv": [
                        1,
                        11,
                        2,
                        13
                    ],
                    "texture": "#dead_bubble_coral"
                },
                "west": {
                    "uv": [
                        1,
                        11,
                        2,
                        13
                    ],
                    "texture": "#dead_bubble_coral"
                },
                "up": {
                    "uv": [
                        1,
                        11,
                        2,
                        12
                    ],
                    "texture": "#dead_bubble_coral"
                },
                "down": {
                    "uv": [
                        1,
                        12,
                        2,
                        13
                    ],
                    "texture": "#dead_bubble_coral"
                }
            },
            "shade": false
        },
        {
            "from": [
                14,
                3,
                1
            ],
            "to": [
                15,
                5,
                2
            ],
            "faces": {
                "north": {
                    "uv": [
                        2,
                        11,
                        1,
                        13
                    ],
                    "texture": "#dead_bubble_coral"
                },
                "east": {
                    "uv": [
                        1,
                        11,
                        2,
                        13
                    ],
                    "texture": "#dead_bubble_coral"
                },
                "south": {
                    "uv": [
                        1,
                        11,
                        2,
                        13
                    ],
                    "texture": "#dead_bubble_coral"
                },
                "west": {
                    "uv": [
                        1,
                        11,
                        2,
                        13
                    ],
                    "texture": "#dead_bubble_coral"
                },
                "up": {
                    "uv": [
                        1,
                        11,
                        2,
                        12
                    ],
                    "texture": "#dead_bubble_coral"
                },
                "down": {
                    "uv": [
                        1,
                        12,
                        2,
                        13
                    ],
                    "texture": "#dead_bubble_coral"
                }
            },
            "shade": false
        },
        {
            "from": [
                1,
                1,
                1
            ],
            "to": [
                2,
                2,
                2
            ],
            "faces": {
                "north": {
                    "uv": [
                        2,
                        14,
                        1,
                        15
                    ],
                    "texture": "#dead_bubble_coral"
                },
                "east": {
                    "uv": [
                        1,
                        14,
                        2,
                        15
                    ],
                    "texture": "#dead_bubble_coral"
                },
                "south": {
                    "uv": [
                        1,
                        14,
                        2,
                        15
                    ],
                    "texture": "#dead_bubble_coral"
                },
                "west": {
                    "uv": [
                        1,
                        14,
                        2,
                        15
                    ],
                    "texture": "#dead_bubble_coral"
                },
                "up": {
                    "uv": [
                        1,
                        14,
                        2,
                        15
                    ],
                    "texture": "#dead_bubble_coral"
                },
                "down": {
                    "uv": [
                        1,
                        14,
                        2,
                        15
                    ],
                    "texture": "#dead_bubble_coral"
                }
            },
            "shade": false
        },
        {
            "from": [
                14,
                1,
                1
            ],
            "to": [
                15,
                2,
                2
            ],
            "faces": {
                "north": {
                    "uv": [
                        2,
                        14,
                        1,
                        15
                    ],
                    "texture": "#dead_bubble_coral"
                },
                "east": {
                    "uv": [
                        1,
                        14,
                        2,
                        15
                    ],
                    "texture": "#dead_bubble_coral"
                },
                "south": {
                    "uv": [
                        1,
                        14,
                        2,
                        15
                    ],
                    "texture": "#dead_bubble_coral"
                },
                "west": {
                    "uv": [
                        1,
                        14,
                        2,
                        15
                    ],
                    "texture": "#dead_bubble_coral"
                },
                "up": {
                    "uv": [
                        1,
                        14,
                        2,
                        15
                    ],
                    "texture": "#dead_bubble_coral"
                },
                "down": {
                    "uv": [
                        1,
                        14,
                        2,
                        15
                    ],
                    "texture": "#dead_bubble_coral"
                }
            },
            "shade": false
        },
        {
            "from": [
                2,
                6,
                2
            ],
            "to": [
                3,
                9,
                3
            ],
            "faces": {
                "north": {
                    "uv": [
                        3,
                        7,
                        2,
                        10
                    ],
                    "texture": "#dead_bubble_coral"
                },
                "east": {
                    "uv": [
                        2,
                        7,
                        3,
                        10
                    ],
                    "texture": "#dead_bubble_coral"
                },
                "south": {
                    "uv": [
                        2,
                        7,
                        3,
                        10
                    ],
                    "texture": "#dead_bubble_coral"
                },
                "west": {
                    "uv": [
                        2,
                        7,
                        3,
                        10
                    ],
                    "texture": "#dead_bubble_coral"
                },
                "up": {
                    "uv": [
                        2,
                        7,
                        3,
                        8
                    ],
                    "texture": "#dead_bubble_coral"
                },
                "down": {
                    "uv": [
                        2,
                        9,
                        3,
                        10
                    ],
                    "texture": "#dead_bubble_coral"
                }
            },
            "shade": false
        },
        {
            "from": [
                13,
                6,
                2
            ],
            "to": [
                14,
                9,
                3
            ],
            "faces": {
                "north": {
                    "uv": [
                        3,
                        7,
                        2,
                        10
                    ],
                    "texture": "#dead_bubble_coral"
                },
                "east": {
                    "uv": [
                        2,
                        7,
                        3,
                        10
                    ],
                    "texture": "#dead_bubble_coral"
                },
                "south": {
                    "uv": [
                        2,
                        7,
                        3,
                        10
                    ],
                    "texture": "#dead_bubble_coral"
                },
                "west": {
                    "uv": [
                        2,
                        7,
                        3,
                        10
                    ],
                    "texture": "#dead_bubble_coral"
                },
                "up": {
                    "uv": [
                        2,
                        7,
                        3,
                        8
                    ],
                    "texture": "#dead_bubble_coral"
                },
                "down": {
                    "uv": [
                        2,
                        9,
                        3,
                        10
                    ],
                    "texture": "#dead_bubble_coral"
                }
            },
            "shade": false
        },
        {
            "from": [
                2,
                0,
                2
            ],
            "to": [
                3,
                5,
                3
            ],
            "faces": {
                "north": {
                    "uv": [
                        3,
                        11,
                        2,
                        16
                    ],
                    "texture": "#dead_bubble_coral"
                },
                "east": {
                    "uv": [
                        2,
                        11,
                        3,
                        16
                    ],
                    "texture": "#dead_bubble_coral"
                },
                "south": {
                    "uv": [
                        2,
                        11,
                        3,
                        16
                    ],
                    "texture": "#dead_bubble_coral"
                },
                "west": {
                    "uv": [
                        2,
                        11,
                        3,
                        16
                    ],
                    "texture": "#dead_bubble_coral"
                },
                "up": {
                    "uv": [
                        2,
                        11,
                        3,
                        12
                    ],
                    "texture": "#dead_bubble_coral"
                },
                "down": {
                    "uv": [
                        2,
                        15,
                        3,
                        16
                    ],
                    "texture": "#dead_bubble_coral",
                    "cullface": "down"
                }
            },
            "shade": false
        },
        {
            "from": [
                13,
                0,
                2
            ],
            "to": [
                14,
                5,
                3
            ],
            "faces": {
                "north": {
                    "uv": [
                        3,
                        11,
                        2,
                        16
                    ],
                    "texture": "#dead_bubble_coral"
                },
                "east": {
                    "uv": [
                        2,
                        11,
                        3,
                        16
                    ],
                    "texture": "#dead_bubble_coral"
                },
                "south": {
                    "uv": [
                        2,
                        11,
                        3,
                        16
                    ],
                    "texture": "#dead_bubble_coral"
                },
                "west": {
                    "uv": [
                        2,
                        11,
                        3,
                        16
                    ],
                    "texture": "#dead_bubble_coral"
                },
                "up": {
                    "uv": [
                        2,
                        11,
                        3,
                        12
                    ],
                    "texture": "#dead_bubble_coral"
                },
                "down": {
                    "uv": [
                        2,
                        15,
                        3,
                        16
                    ],
                    "texture": "#dead_bubble_coral",
                    "cullface": "down"
                }
            },
            "shade": false
        },
        {
            "from": [
                3,
                10,
                3
            ],
            "to": [
                4,
                12,
                4
            ],
            "faces": {
                "north": {
                    "uv": [
                        4,
                        4,
                        3,
                        6
                    ],
                    "texture": "#dead_bubble_coral"
                },
                "east": {
                    "uv": [
                        3,
                        4,
                        4,
                        6
                    ],
                    "texture": "#dead_bubble_coral"
                },
                "south": {
                    "uv": [
                        3,
                        4,
                        4,
                        6
                    ],
                    "texture": "#dead_bubble_coral"
                },
                "west": {
                    "uv": [
                        3,
                        4,
                        4,
                        6
                    ],
                    "texture": "#dead_bubble_coral"
                },
                "up": {
                    "uv": [
                        3,
                        4,
                        4,
                        5
                    ],
                    "texture": "#dead_bubble_coral"
                },
                "down": {
                    "uv": [
                        3,
                        5,
                        4,
                        6
                    ],
                    "texture": "#dead_bubble_coral"
                }
            },
            "shade": false
        },
        {
            "from": [
                12,
                10,
                3
            ],
            "to": [
                13,
                12,
                4
            ],
            "faces": {
                "north": {
                    "uv": [
                        4,
                        4,
                        3,
                        6
                    ],
                    "texture": "#dead_bubble_coral"
                },
                "east": {
                    "uv": [
                        3,
                        4,
                        4,
                        6
                    ],
                    "texture": "#dead_bubble_coral"
                },
                "south": {
                    "uv": [
                        3,
                        4,
                        4,
                        6
                    ],
                    "texture": "#dead_bubble_coral"
                },
                "west": {
                    "uv": [
                        3,
                        4,
                        4,
                        6
                    ],
                    "texture": "#dead_bubble_coral"
                },
                "up": {
                    "uv": [
                        3,
                        4,
                        4,
                        5
                    ],
                    "texture": "#dead_bubble_coral"
                },
                "down": {
                    "uv": [
                        3,
                        5,
                        4,
                        6
                    ],
                    "texture": "#dead_bubble_coral"
                }
            },
            "shade": false
        },
        {
            "from": [
                3,
                0,
                3
            ],
            "to": [
                4,
                9,
                4
            ],
            "faces": {
                "north": {
                    "uv": [
                        4,
                        7,
                        3,
                        16
                    ],
                    "texture": "#dead_bubble_coral"
                },
                "east": {
                    "uv": [
                        3,
                        7,
                        4,
                        16
                    ],
                    "texture": "#dead_bubble_coral"
                },
                "south": {
                    "uv": [
                        3,
                        7,
                        4,
                        16
                    ],
                    "texture": "#dead_bubble_coral"
                },
                "west": {
                    "uv": [
                        3,
                        7,
                        4,
                        16
                    ],
                    "texture": "#dead_bubble_coral"
                },
                "up": {
                    "uv": [
                        3,
                        7,
                        4,
                        8
                    ],
                    "texture": "#dead_bubble_coral"
                },
                "down": {
                    "uv": [
                        3,
                        15,
                        4,
                        16
                    ],
                    "texture": "#dead_bubble_coral",
                    "cullface": "down"
                }
            },
            "shade": false
        },
        {
            "from": [
                12,
                0,
                3
            ],
            "to": [
                13,
                9,
                4
            ],
            "faces": {
                "north": {
                    "uv": [
                        4,
                        7,
                        3,
                        16
                    ],
                    "texture": "#dead_bubble_coral"
                },
                "east": {
                    "uv": [
                        3,
                        7,
                        4,
                        16
                    ],
                    "texture": "#dead_bubble_coral"
                },
                "south": {
                    "uv": [
                        3,
                        7,
                        4,
                        16
                    ],
                    "texture": "#dead_bubble_coral"
                },
                "west": {
                    "uv": [
                        3,
                        7,
                        4,
                        16
                    ],
                    "texture": "#dead_bubble_coral"
                },
                "up": {
                    "uv": [
                        3,
                        7,
                        4,
                        8
                    ],
                    "texture": "#dead_bubble_coral"
                },
                "down": {
                    "uv": [
                        3,
                        15,
                        4,
                        16
                    ],
                    "texture": "#dead_bubble_coral",
                    "cullface": "down"
                }
            },
            "shade": false
        },
        {
            "from": [
                4,
                9,
                4
            ],
            "to": [
                5,
                12,
                5
            ],
            "faces": {
                "north": {
                    "uv": [
                        5,
                        4,
                        4,
                        7
                    ],
                    "texture": "#dead_bubble_coral"
                },
                "east": {
                    "uv": [
                        4,
                        4,
                        5,
                        7
                    ],
                    "texture": "#dead_bubble_coral"
                },
                "south": {
                    "uv": [
                        4,
                        4,
                        5,
                        7
                    ],
                    "texture": "#dead_bubble_coral"
                },
                "west": {
                    "uv": [
                        4,
                        4,
                        5,
                        7
                    ],
                    "texture": "#dead_bubble_coral"
                },
                "up": {
                    "uv": [
                        4,
                        4,
                        5,
                        5
                    ],
                    "texture": "#dead_bubble_coral"
                },
                "down": {
                    "uv": [
                        4,
                        6,
                        5,
                        7
                    ],
                    "texture": "#dead_bubble_coral"
                }
            },
            "shade": false
        },
        {
            "from": [
                11,
                9,
                4
            ],
            "to": [
                12,
                12,
                5
            ],
            "faces": {
                "north": {
                    "uv": [
                        5,
                        4,
                        4,
                        7
                    ],
                    "texture": "#dead_bubble_coral"
                },
                "east": {
                    "uv": [
                        4,
                        4,
                        5,
                        7
                    ],
                    "texture": "#dead_bubble_coral"
                },
                "south": {
                    "uv": [
                        4,
                        4,
                        5,
                        7
                    ],
                    "texture": "#dead_bubble_coral"
                },
                "west": {
                    "uv": [
                        4,
                        4,
                        5,
                        7
                    ],
                    "texture": "#dead_bubble_coral"
                },
                "up": {
                    "uv": [
                        4,
                        4,
                        5,
                        5
                    ],
                    "texture": "#dead_bubble_coral"
                },
                "down": {
                    "uv": [
                        4,
                        6,
                        5,
                        7
                    ],
                    "texture": "#dead_bubble_coral"
                }
            },
            "shade": false
        },
        {
            "from": [
                4,
                0,
                4
            ],
            "to": [
                5,
                8,
                5
            ],
            "faces": {
                "north": {
                    "uv": [
                        5,
                        8,
                        4,
                        16
                    ],
                    "texture": "#dead_bubble_coral"
                },
                "east": {
                    "uv": [
                        4,
                        8,
                        5,
                        16
                    ],
                    "texture": "#dead_bubble_coral"
                },
                "south": {
                    "uv": [
                        4,
                        8,
                        5,
                        16
                    ],
                    "texture": "#dead_bubble_coral"
                },
                "west": {
                    "uv": [
                        4,
                        8,
                        5,
                        16
                    ],
                    "texture": "#dead_bubble_coral"
                },
                "up": {
                    "uv": [
                        4,
                        8,
                        5,
                        9
                    ],
                    "texture": "#dead_bubble_coral"
                },
                "down": {
                    "uv": [
                        4,
                        15,
                        5,
                        16
                    ],
                    "texture": "#dead_bubble_coral",
                    "cullface": "down"
                }
            },
            "shade": false
        },
        {
            "from": [
                11,
                0,
                4
            ],
            "to": [
                12,
                8,
                5
            ],
            "faces": {
                "north": {
                    "uv": [
                        5,
                        8,
                        4,
                        16
                    ],
                    "texture": "#dead_bubble_coral"
                },
                "east": {
                    "uv": [
                        4,
                        8,
                        5,
                        16
                    ],
                    "texture": "#dead_bubble_coral"
                },
                "south": {
                    "uv": [
                        4,
                        8,
                        5,
                        16
                    ],
                    "texture": "#dead_bubble_coral"
                },
                "west": {
                    "uv": [
                        4,
                        8,
                        5,
                        16
                    ],
                    "texture": "#dead_bubble_coral"
                },
                "up": {
                    "uv": [
                        4,
                        8,
                        5,
                        9
                    ],
                    "texture": "#dead_bubble_coral"
                },
                "down": {
                    "uv": [
                        4,
                        15,
                        5,
                        16
                    ],
                    "texture": "#dead_bubble_coral",
                    "cullface": "down"
                }
            },
            "shade": false
        },
        {
            "from": [
                5,
                0,
                5
            ],
            "to": [
                6,
                12,
                6
            ],
            "faces": {
                "north": {
                    "uv": [
                        6,
                        4,
                        5,
                        16
                    ],
                    "texture": "#dead_bubble_coral"
                },
                "east": {
                    "uv": [
                        5,
                        4,
                        6,
                        16
                    ],
                    "texture": "#dead_bubble_coral"
                },
                "south": {
                    "uv": [
                        5,
                        4,
                        6,
                        16
                    ],
                    "texture": "#dead_bubble_coral"
                },
                "west": {
                    "uv": [
                        5,
                        4,
                        6,
                        16
                    ],
                    "texture": "#dead_bubble_coral"
                },
                "up": {
                    "uv": [
                        5,
                        4,
                        6,
                        5
                    ],
                    "texture": "#dead_bubble_coral"
                },
                "down": {
                    "uv": [
                        5,
                        15,
                        6,
                        16
                    ],
                    "texture": "#dead_bubble_coral",
                    "cullface": "down"
                }
            },
            "shade": false
        },
        {
            "from": [
                10,
                0,
                5
            ],
            "to": [
                11,
                12,
                6
            ],
            "faces": {
                "north": {
                    "uv": [
                        6,
                        4,
                        5,
                        16
                    ],
                    "texture": "#dead_bubble_coral"
                },
                "east": {
                    "uv": [
                        5,
                        4,
                        6,
                        16
                    ],
                    "texture": "#dead_bubble_coral"
                },
                "south": {
                    "uv": [
                        5,
                        4,
                        6,
                        16
                    ],
                    "texture": "#dead_bubble_coral"
                },
                "west": {
                    "uv": [
                        5,
                        4,
                        6,
                        16
                    ],
                    "texture": "#dead_bubble_coral"
                },
                "up": {
                    "uv": [
                        5,
                        4,
                        6,
                        5
                    ],
                    "texture": "#dead_bubble_coral"
                },
                "down": {
                    "uv": [
                        5,
                        15,
                        6,
                        16
                    ],
                    "texture": "#dead_bubble_coral",
                    "cullface": "down"
                }
            },
            "shade": false
        },
        {
            "from": [
                6,
                1,
                6
            ],
            "to": [
                7,
                10,
                7
            ],
            "faces": {
                "north": {
                    "uv": [
                        7,
                        6,
                        6,
                        15
                    ],
                    "texture": "#dead_bubble_coral"
                },
                "east": {
                    "uv": [
                        6,
                        6,
                        7,
                        15
                    ],
                    "texture": "#dead_bubble_coral"
                },
                "south": {
                    "uv": [
                        6,
                        6,
                        7,
                        15
                    ],
                    "texture": "#dead_bubble_coral"
                },
                "west": {
                    "uv": [
                        6,
                        6,
                        7,
                        15
                    ],
                    "texture": "#dead_bubble_coral"
                },
                "up": {
                    "uv": [
                        6,
                        6,
                        7,
                        7
                    ],
                    "texture": "#dead_bubble_coral"
                },
                "down": {
                    "uv": [
                        6,
                        14,
                        7,
                        15
                    ],
                    "texture": "#dead_bubble_coral"
                }
            },
            "shade": false
        },
        {
            "from": [
                9,
                1,
                6
            ],
            "to": [
                10,
                10,
                7
            ],
            "faces": {
                "north": {
                    "uv": [
                        7,
                        6,
                        6,
                        15
                    ],
                    "texture": "#dead_bubble_coral"
                },
                "east": {
                    "uv": [
                        6,
                        6,
                        7,
                        15
                    ],
                    "texture": "#dead_bubble_coral"
                },
                "south": {
                    "uv": [
                        6,
                        6,
                        7,
                        15
                    ],
                    "texture": "#dead_bubble_coral"
                },
                "west": {
                    "uv": [
                        6,
                        6,
                        7,
                        15
                    ],
                    "texture": "#dead_bubble_coral"
                },
                "up": {
                    "uv": [
                        6,
                        6,
                        7,
                        7
                    ],
                    "texture": "#dead_bubble_coral"
                },
                "down": {
                    "uv": [
                        6,
                        14,
                        7,
                        15
                    ],
                    "texture": "#dead_bubble_coral"
                }
            },
            "shade": false
        },
        {
            "from": [
                7,
                0,
                7
            ],
            "to": [
                8,
                11,
                8
            ],
            "faces": {
                "north": {
                    "uv": [
                        8,
                        5,
                        7,
                        16
                    ],
                    "texture": "#dead_bubble_coral"
                },
                "west": {
                    "uv": [
                        7,
                        5,
                        8,
                        16
                    ],
                    "texture": "#dead_bubble_coral"
                },
                "up": {
                    "uv": [
                        7,
                        5,
                        8,
                        6
                    ],
                    "texture": "#dead_bubble_coral"
                },
                "down": {
                    "uv": [
                        7,
                        15,
                        8,
                        16
                    ],
                    "texture": "#dead_bubble_coral",
                    "cullface": "down"
                }
            },
            "shade": false
        },
        {
            "from": [
                8,
                0,
                8
            ],
            "to": [
                9,
                11,
                9
            ],
            "faces": {
                "east": {
                    "uv": [
                        7,
                        5,
                        8,
                        16
                    ],
                    "texture": "#dead_bubble_coral"
                },
                "south": {
                    "uv": [
                        7,
                        5,
                        8,
                        16
                    ],
                    "texture": "#dead_bubble_coral"
                },
                "up": {
                    "uv": [
                        7,
                        5,
                        8,
                        6
                    ],
                    "texture": "#dead_bubble_coral"
                },
                "down": {
                    "uv": [
                        7,
                        15,
                        8,
                        16
                    ],
                    "texture": "#dead_bubble_coral",
                    "cullface": "down"
                }
            },
            "shade": false
        },
        {
            "from": [
                7,
                0,
                8
            ],
            "to": [
                8,
                11,
                9
            ],
            "faces": {
                "south": {
                    "uv": [
                        8,
                        5,
                        9,
                        16
                    ],
                    "texture": "#dead_bubble_coral"
                },
                "west": {
                    "uv": [
                        8,
                        5,
                        9,
                        16
                    ],
                    "texture": "#dead_bubble_coral"
                },
                "up": {
                    "uv": [
                        8,
                        5,
                        9,
                        6
                    ],
                    "texture": "#dead_bubble_coral"
                },
                "down": {
                    "uv": [
                        8,
                        15,
                        9,
                        16
                    ],
                    "texture": "#dead_bubble_coral",
                    "cullface": "down"
                }
            },
            "shade": false
        },
        {
            "from": [
                8,
                0,
                7
            ],
            "to": [
                9,
                11,
                8
            ],
            "faces": {
                "north": {
                    "uv": [
                        9,
                        5,
                        8,
                        16
                    ],
                    "texture": "#dead_bubble_coral"
                },
                "east": {
                    "uv": [
                        8,
                        5,
                        9,
                        16
                    ],
                    "texture": "#dead_bubble_coral"
                },
                "up": {
                    "uv": [
                        8,
                        5,
                        9,
                        6
                    ],
                    "texture": "#dead_bubble_coral"
                },
                "down": {
                    "uv": [
                        8,
                        15,
                        9,
                        16
                    ],
                    "texture": "#dead_bubble_coral",
                    "cullface": "down"
                }
            },
            "shade": false
        },
        {
            "from": [
                9,
                1,
                9
            ],
            "to": [
                10,
                11,
                10
            ],
            "faces": {
                "north": {
                    "uv": [
                        10,
                        5,
                        9,
                        15
                    ],
                    "texture": "#dead_bubble_coral"
                },
                "east": {
                    "uv": [
                        9,
                        5,
                        10,
                        15
                    ],
                    "texture": "#dead_bubble_coral"
                },
                "south": {
                    "uv": [
                        9,
                        5,
                        10,
                        15
                    ],
                    "texture": "#dead_bubble_coral"
                },
                "west": {
                    "uv": [
                        9,
                        5,
                        10,
                        15
                    ],
                    "texture": "#dead_bubble_coral"
                },
                "up": {
                    "uv": [
                        9,
                        5,
                        10,
                        6
                    ],
                    "texture": "#dead_bubble_coral"
                },
                "down": {
                    "uv": [
                        9,
                        14,
                        10,
                        15
                    ],
                    "texture": "#dead_bubble_coral"
                }
            },
            "shade": false
        },
        {
            "from": [
                6,
                1,
                9
            ],
            "to": [
                7,
                11,
                10
            ],
            "faces": {
                "north": {
                    "uv": [
                        10,
                        5,
                        9,
                        15
                    ],
                    "texture": "#dead_bubble_coral"
                },
                "east": {
                    "uv": [
                        9,
                        5,
                        10,
                        15
                    ],
                    "texture": "#dead_bubble_coral"
                },
                "south": {
                    "uv": [
                        9,
                        5,
                        10,
                        15
                    ],
                    "texture": "#dead_bubble_coral"
                },
                "west": {
                    "uv": [
                        9,
                        5,
                        10,
                        15
                    ],
                    "texture": "#dead_bubble_coral"
                },
                "up": {
                    "uv": [
                        9,
                        5,
                        10,
                        6
                    ],
                    "texture": "#dead_bubble_coral"
                },
                "down": {
                    "uv": [
                        9,
                        14,
                        10,
                        15
                    ],
                    "texture": "#dead_bubble_coral"
                }
            },
            "shade": false
        },
        {
            "from": [
                10,
                0,
                10
            ],
            "to": [
                11,
                9,
                11
            ],
            "faces": {
                "north": {
                    "uv": [
                        11,
                        7,
                        10,
                        16
                    ],
                    "texture": "#dead_bubble_coral"
                },
                "east": {
                    "uv": [
                        10,
                        7,
                        11,
                        16
                    ],
                    "texture": "#dead_bubble_coral"
                },
                "south": {
                    "uv": [
                        10,
                        7,
                        11,
                        16
                    ],
                    "texture": "#dead_bubble_coral"
                },
                "west": {
                    "uv": [
                        10,
                        7,
                        11,
                        16
                    ],
                    "texture": "#dead_bubble_coral"
                },
                "up": {
                    "uv": [
                        10,
                        7,
                        11,
                        8
                    ],
                    "texture": "#dead_bubble_coral"
                },
                "down": {
                    "uv": [
                        10,
                        15,
                        11,
                        16
                    ],
                    "texture": "#dead_bubble_coral",
                    "cullface": "down"
                }
            },
            "shade": false
        },
        {
            "from": [
                5,
                0,
                10
            ],
            "to": [
                6,
                9,
                11
            ],
            "faces": {
                "north": {
                    "uv": [
                        11,
                        7,
                        10,
                        16
                    ],
                    "texture": "#dead_bubble_coral"
                },
                "east": {
                    "uv": [
                        10,
                        7,
                        11,
                        16
                    ],
                    "texture": "#dead_bubble_coral"
                },
                "south": {
                    "uv": [
                        10,
                        7,
                        11,
                        16
                    ],
                    "texture": "#dead_bubble_coral"
                },
                "west": {
                    "uv": [
                        10,
                        7,
                        11,
                        16
                    ],
                    "texture": "#dead_bubble_coral"
                },
                "up": {
                    "uv": [
                        10,
                        7,
                        11,
                        8
                    ],
                    "texture": "#dead_bubble_coral"
                },
                "down": {
                    "uv": [
                        10,
                        15,
                        11,
                        16
                    ],
                    "texture": "#dead_bubble_coral",
                    "cullface": "down"
                }
            },
            "shade": false
        },
        {
            "from": [
                11,
                0,
                11
            ],
            "to": [
                12,
                8,
                12
            ],
            "faces": {
                "north": {
                    "uv": [
                        12,
                        8,
                        11,
                        16
                    ],
                    "texture": "#dead_bubble_coral"
                },
                "east": {
                    "uv": [
                        11,
                        8,
                        12,
                        16
                    ],
                    "texture": "#dead_bubble_coral"
                },
                "south": {
                    "uv": [
                        11,
                        8,
                        12,
                        16
                    ],
                    "texture": "#dead_bubble_coral"
                },
                "west": {
                    "uv": [
                        11,
                        8,
                        12,
                        16
                    ],
                    "texture": "#dead_bubble_coral"
                },
                "up": {
                    "uv": [
                        11,
                        8,
                        12,
                        9
                    ],
                    "texture": "#dead_bubble_coral"
                },
                "down": {
                    "uv": [
                        11,
                        15,
                        12,
                        16
                    ],
                    "texture": "#dead_bubble_coral",
                    "cullface": "down"
                }
            },
            "shade": false
        },
        {
            "from": [
                4,
                0,
                11
            ],
            "to": [
                5,
                8,
                12
            ],
            "faces": {
                "north": {
                    "uv": [
                        12,
                        8,
                        11,
                        16
                    ],
                    "texture": "#dead_bubble_coral"
                },
                "east": {
                    "uv": [
                        11,
                        8,
                        12,
                        16
                    ],
                    "texture": "#dead_bubble_coral"
                },
                "south": {
                    "uv": [
                        11,
                        8,
                        12,
                        16
                    ],
                    "texture": "#dead_bubble_coral"
                },
                "west": {
                    "uv": [
                        11,
                        8,
                        12,
                        16
                    ],
                    "texture": "#dead_bubble_coral"
                },
                "up": {
                    "uv": [
                        11,
                        8,
                        12,
                        9
                    ],
                    "texture": "#dead_bubble_coral"
                },
                "down": {
                    "uv": [
                        11,
                        15,
                        12,
                        16
                    ],
                    "texture": "#dead_bubble_coral",
                    "cullface": "down"
                }
            },
            "shade": false
        },
        {
            "from": [
                12,
                0,
                12
            ],
            "to": [
                13,
                10,
                13
            ],
            "faces": {
                "north": {
                    "uv": [
                        13,
                        6,
                        12,
                        16
                    ],
                    "texture": "#dead_bubble_coral"
                },
                "east": {
                    "uv": [
                        12,
                        6,
                        13,
                        16
                    ],
                    "texture": "#dead_bubble_coral"
                },
                "south": {
                    "uv": [
                        12,
                        6,
                        13,
                        16
                    ],
                    "texture": "#dead_bubble_coral"
                },
                "west": {
                    "uv": [
                        12,
                        6,
                        13,
                        16
                    ],
                    "texture": "#dead_bubble_coral"
                },
                "up": {
                    "uv": [
                        12,
                        6,
                        13,
                        7
                    ],
                    "texture": "#dead_bubble_coral"
                },
                "down": {
                    "uv": [
                        12,
                        15,
                        13,
                        16
                    ],
                    "texture": "#dead_bubble_coral",
                    "cullface": "down"
                }
            },
            "shade": false
        },
        {
            "from": [
                3,
                0,
                12
            ],
            "to": [
                4,
                10,
                13
            ],
            "faces": {
                "north": {
                    "uv": [
                        13,
                        6,
                        12,
                        16
                    ],
                    "texture": "#dead_bubble_coral"
                },
                "east": {
                    "uv": [
                        12,
                        6,
                        13,
                        16
                    ],
                    "texture": "#dead_bubble_coral"
                },
                "south": {
                    "uv": [
                        12,
                        6,
                        13,
                        16
                    ],
                    "texture": "#dead_bubble_coral"
                },
                "west": {
                    "uv": [
                        12,
                        6,
                        13,
                        16
                    ],
                    "texture": "#dead_bubble_coral"
                },
                "up": {
                    "uv": [
                        12,
                        6,
                        13,
                        7
                    ],
                    "texture": "#dead_bubble_coral"
                },
                "down": {
                    "uv": [
                        12,
                        15,
                        13,
                        16
                    ],
                    "texture": "#dead_bubble_coral",
                    "cullface": "down"
                }
            },
            "shade": false
        },
        {
            "from": [
                13,
                6,
                13
            ],
            "to": [
                14,
                10,
                14
            ],
            "faces": {
                "north": {
                    "uv": [
                        14,
                        6,
                        13,
                        10
                    ],
                    "texture": "#dead_bubble_coral"
                },
                "east": {
                    "uv": [
                        13,
                        6,
                        14,
                        10
                    ],
                    "texture": "#dead_bubble_coral"
                },
                "south": {
                    "uv": [
                        13,
                        6,
                        14,
                        10
                    ],
                    "texture": "#dead_bubble_coral"
                },
                "west": {
                    "uv": [
                        13,
                        6,
                        14,
                        10
                    ],
                    "texture": "#dead_bubble_coral"
                },
                "up": {
                    "uv": [
                        13,
                        6,
                        14,
                        7
                    ],
                    "texture": "#dead_bubble_coral"
                },
                "down": {
                    "uv": [
                        13,
                        9,
                        14,
                        10
                    ],
                    "texture": "#dead_bubble_coral"
                }
            },
            "shade": false
        },
        {
            "from": [
                2,
                6,
                13
            ],
            "to": [
                3,
                10,
                14
            ],
            "faces": {
                "north": {
                    "uv": [
                        14,
                        6,
                        13,
                        10
                    ],
                    "texture": "#dead_bubble_coral"
                },
                "east": {
                    "uv": [
                        13,
                        6,
                        14,
                        10
                    ],
                    "texture": "#dead_bubble_coral"
                },
                "south": {
                    "uv": [
                        13,
                        6,
                        14,
                        10
                    ],
                    "texture": "#dead_bubble_coral"
                },
                "west": {
                    "uv": [
                        13,
                        6,
                        14,
                        10
                    ],
                    "texture": "#dead_bubble_coral"
                },
                "up": {
                    "uv": [
                        13,
                        6,
                        14,
                        7
                    ],
                    "texture": "#dead_bubble_coral"
                },
                "down": {
                    "uv": [
                        13,
                        9,
                        14,
                        10
                    ],
                    "texture": "#dead_bubble_coral"
                }
            },
            "shade": false
        },
        {
            "from": [
                13,
                0,
                13
            ],
            "to": [
                14,
                4,
                14
            ],
            "faces": {
                "north": {
                    "uv": [
                        14,
                        12,
                        13,
                        16
                    ],
                    "texture": "#dead_bubble_coral"
                },
                "east": {
                    "uv": [
                        13,
                        12,
                        14,
                        16
                    ],
                    "texture": "#dead_bubble_coral"
                },
                "south": {
                    "uv": [
                        13,
                        12,
                        14,
                        16
                    ],
                    "texture": "#dead_bubble_coral"
                },
                "west": {
                    "uv": [
                        13,
                        12,
                        14,
                        16
                    ],
                    "texture": "#dead_bubble_coral"
                },
                "up": {
                    "uv": [
                        13,
                        12,
                        14,
                        13
                    ],
                    "texture": "#dead_bubble_coral"
                },
                "down": {
                    "uv": [
                        13,
                        15,
                        14,
                        16
                    ],
                    "texture": "#dead_bubble_coral",
                    "cullface": "down"
                }
            },
            "shade": false
        },
        {
            "from": [
                2,
                0,
                13
            ],
            "to": [
                3,
                4,
                14
            ],
            "faces": {
                "north": {
                    "uv": [
                        14,
                        12,
                        13,
                        16
                    ],
                    "texture": "#dead_bubble_coral"
                },
                "east": {
                    "uv": [
                        13,
                        12,
                        14,
                        16
                    ],
                    "texture": "#dead_bubble_coral"
                },
                "south": {
                    "uv": [
                        13,
                        12,
                        14,
                        16
                    ],
                    "texture": "#dead_bubble_coral"
                },
                "west": {
                    "uv": [
                        13,
                        12,
                        14,
                        16
                    ],
                    "texture": "#dead_bubble_coral"
                },
                "up": {
                    "uv": [
                        13,
                        12,
                        14,
                        13
                    ],
                    "texture": "#dead_bubble_coral"
                },
                "down": {
                    "uv": [
                        13,
                        15,
                        14,
                        16
                    ],
                    "texture": "#dead_bubble_coral",
                    "cullface": "down"
                }
            },
            "shade": false
        },
        {
            "from": [
                14,
                7,
                14
            ],
            "to": [
                15,
                9,
                15
            ],
            "faces": {
                "north": {
                    "uv": [
                        15,
                        7,
                        14,
                        9
                    ],
                    "texture": "#dead_bubble_coral"
                },
                "east": {
                    "uv": [
                        14,
                        7,
                        15,
                        9
                    ],
                    "texture": "#dead_bubble_coral"
                },
                "south": {
                    "uv": [
                        14,
                        7,
                        15,
                        9
                    ],
                    "texture": "#dead_bubble_coral"
                },
                "west": {
                    "uv": [
                        14,
                        7,
                        15,
                        9
                    ],
                    "texture": "#dead_bubble_coral"
                },
                "up": {
                    "uv": [
                        14,
                        7,
                        15,
                        8
                    ],
                    "texture": "#dead_bubble_coral"
                },
                "down": {
                    "uv": [
                        14,
                        8,
                        15,
                        9
                    ],
                    "texture": "#dead_bubble_coral"
                }
            },
            "shade": false
        },
        {
            "from": [
                1,
                7,
                14
            ],
            "to": [
                2,
                9,
                15
            ],
            "faces": {
                "north": {
                    "uv": [
                        15,
                        7,
                        14,
                        9
                    ],
                    "texture": "#dead_bubble_coral"
                },
                "east": {
                    "uv": [
                        14,
                        7,
                        15,
                        9
                    ],
                    "texture": "#dead_bubble_coral"
                },
                "south": {
                    "uv": [
                        14,
                        7,
                        15,
                        9
                    ],
                    "texture": "#dead_bubble_coral"
                },
                "west": {
                    "uv": [
                        14,
                        7,
                        15,
                        9
                    ],
                    "texture": "#dead_bubble_coral"
                },
                "up": {
                    "uv": [
                        14,
                        7,
                        15,
                        8
                    ],
                    "texture": "#dead_bubble_coral"
                },
                "down": {
                    "uv": [
                        14,
                        8,
                        15,
                        9
                    ],
                    "texture": "#dead_bubble_coral"
                }
            },
            "shade": false
        },
        {
            "from": [
                14,
                1,
                14
            ],
            "to": [
                15,
                5,
                15
            ],
            "faces": {
                "north": {
                    "uv": [
                        15,
                        11,
                        14,
                        15
                    ],
                    "texture": "#dead_bubble_coral"
                },
                "east": {
                    "uv": [
                        14,
                        11,
                        15,
                        15
                    ],
                    "texture": "#dead_bubble_coral"
                },
                "south": {
                    "uv": [
                        14,
                        11,
                        15,
                        15
                    ],
                    "texture": "#dead_bubble_coral"
                },
                "west": {
                    "uv": [
                        14,
                        11,
                        15,
                        15
                    ],
                    "texture": "#dead_bubble_coral"
                },
                "up": {
                    "uv": [
                        14,
                        11,
                        15,
                        12
                    ],
                    "texture": "#dead_bubble_coral"
                },
                "down": {
                    "uv": [
                        14,
                        14,
                        15,
                        15
                    ],
                    "texture": "#dead_bubble_coral"
                }
            },
            "shade": false
        },
        {
            "from": [
                1,
                1,
                14
            ],
            "to": [
                2,
                5,
                15
            ],
            "faces": {
                "north": {
                    "uv": [
                        15,
                        11,
                        14,
                        15
                    ],
                    "texture": "#dead_bubble_coral"
                },
                "east": {
                    "uv": [
                        14,
                        11,
                        15,
                        15
                    ],
                    "texture": "#dead_bubble_coral"
                },
                "south": {
                    "uv": [
                        14,
                        11,
                        15,
                        15
                    ],
                    "texture": "#dead_bubble_coral"
                },
                "west": {
                    "uv": [
                        14,
                        11,
                        15,
                        15
                    ],
                    "texture": "#dead_bubble_coral"
                },
                "up": {
                    "uv": [
                        14,
                        11,
                        15,
                        12
                    ],
                    "texture": "#dead_bubble_coral"
                },
                "down": {
                    "uv": [
                        14,
                        14,
                        15,
                        15
                    ],
                    "texture": "#dead_bubble_coral"
                }
            },
            "shade": false
        },
        {
            "from": [
                15,
                3,
                15
            ],
            "to": [
                16,
                5,
                16
            ],
            "faces": {
                "north": {
                    "uv": [
                        16,
                        11,
                        15,
                        13
                    ],
                    "texture": "#dead_bubble_coral"
                },
                "east": {
                    "uv": [
                        15,
                        11,
                        16,
                        13
                    ],
                    "texture": "#dead_bubble_coral"
                },
                "south": {
                    "uv": [
                        15,
                        11,
                        16,
                        13
                    ],
                    "texture": "#dead_bubble_coral"
                },
                "west": {
                    "uv": [
                        15,
                        11,
                        16,
                        13
                    ],
                    "texture": "#dead_bubble_coral"
                },
                "up": {
                    "uv": [
                        15,
                        11,
                        16,
                        12
                    ],
                    "texture": "#dead_bubble_coral"
                },
                "down": {
                    "uv": [
                        15,
                        12,
                        16,
                        13
                    ],
                    "texture": "#dead_bubble_coral"
                }
            },
            "shade": false
        },
        {
            "from": [
                0,
                3,
                15
            ],
            "to": [
                1,
                5,
                16
            ],
            "faces": {
                "north": {
                    "uv": [
                        16,
                        11,
                        15,
                        13
                    ],
                    "texture": "#dead_bubble_coral"
                },
                "east": {
                    "uv": [
                        15,
                        11,
                        16,
                        13
                    ],
                    "texture": "#dead_bubble_coral"
                },
                "south": {
                    "uv": [
                        15,
                        11,
                        16,
                        13
                    ],
                    "texture": "#dead_bubble_coral"
                },
                "west": {
                    "uv": [
                        15,
                        11,
                        16,
                        13
                    ],
                    "texture": "#dead_bubble_coral"
                },
                "up": {
                    "uv": [
                        15,
                        11,
                        16,
                        12
                    ],
                    "texture": "#dead_bubble_coral"
                },
                "down": {
                    "uv": [
                        15,
                        12,
                        16,
                        13
                    ],
                    "texture": "#dead_bubble_coral"
                }
            },
            "shade": false
        }
    ]
}