{
    "ambientocclusion": false,
    "textures": {
        "rail": "minecraft:block/rail",
        "particle": "minecraft:block/detector_rail",
        "detector_rail": "minecraft:block/detector_rail"
    },
    "elements": [
        {
            "from": [
                1,
                8.585786437626904,
                -3.2916114120726823
            ],
            "to": [
                4,
                9.292893218813452,
                -0.37479593967817326
            ],
            "faces": {
                "north": {
                    "uv": [
                        1,
                        1,
                        2,
                        2
                    ],
                    "texture": "#detector_rail"
                },
                "south": {
                    "uv": [
                        1,
                        2,
                        2,
                        3
                    ],
                    "texture": "#detector_rail"
                },
                "west": {
                    "uv": [
                        1,
                        1,
                        2,
                        3
                    ],
                    "rotation": 270,
                    "texture": "#detector_rail"
                },
                "up": {
                    "uv": [
                        1,
                        1,
                        2,
                        3
                    ],
                    "texture": "#detector_rail"
                },
                "down": {
                    "uv": [
                        1,
                        3,
                        2,
                        1
                    ],
                    "texture": "#detector_rail"
                }
            },
            "rotation": {
                "angle": -45,
                "axis": "x",
                "origin": [
                    0,
                    10,
                    8
                ]
            }
        },
        {
            "from": [
                12,
                8.585786437626904,
                -3.2916114120726823
            ],
            "to": [
                15,
                9.292893218813452,
                -0.37479593967817326
            ],
            "faces": {
                "north": {
                    "uv": [
                        14,
                        1,
                        15,
                        2
                    ],
                    "texture": "#detector_rail"
                },
                "east": {
                    "uv": [
                        14,
                        1,
                        15,
                        3
                    ],
                    "rotation": 90,
                    "texture": "#detector_rail"
                },
                "south": {
                    "uv": [
                        14,
                        2,
                        15,
                        3
                    ],
                    "texture": "#detector_rail"
                },
                "up": {
                    "uv": [
                        14,
                        1,
                        15,
                        3
                    ],
                    "texture": "#detector_rail"
                },
                "down": {
                    "uv": [
                        14,
                        3,
                        15,
                        1
                    ],
                    "texture": "#detector_rail"
                }
            },
            "rotation": {
                "angle": -45,
                "axis": "x",
                "origin": [
                    0,
                    10,
                    8
                ]
            }
        },
        {
            "from": [
                12,
                9.292893218813452,
                -4.020815280171308
            ],
            "to": [
                14,
                10,
                19.31370849898476
            ],
            "faces": {
                "north": {
                    "uv": [
                        14,
                        0,
                        12,
                        1
                    ],
                    "texture": "#detector_rail"
                },
                "east": {
                    "uv": [
                        13,
                        0,
                        14,
                        16
                    ],
                    "rotation": 90,
                    "texture": "#detector_rail"
                },
                "south": {
                    "uv": [
                        12,
                        15,
                        14,
                        16
                    ],
                    "texture": "#detector_rail"
                },
                "west": {
                    "uv": [
                        12,
                        0,
                        13,
                        16
                    ],
                    "rotation": 270,
                    "texture": "#detector_rail"
                },
                "up": {
                    "uv": [
                        12,
                        0,
                        14,
                        16
                    ],
                    "texture": "#detector_rail"
                },
                "down": {
                    "uv": [
                        12,
                        16,
                        14,
                        0
                    ],
                    "texture": "#detector_rail"
                }
            },
            "rotation": {
                "angle": -45,
                "axis": "x",
                "origin": [
                    0,
                    10,
                    8
                ]
            }
        },
        {
            "from": [
                5,
                9.292893218813452,
                3.2712234008149634
            ],
            "to": [
                11,
                10,
                12.02166981799849
            ],
            "faces": {
                "north": {
                    "uv": [
                        11,
                        5,
                        5,
                        6
                    ],
                    "texture": "#detector_rail"
                },
                "east": {
                    "uv": [
                        10,
                        5,
                        11,
                        11
                    ],
                    "rotation": 90,
                    "texture": "#detector_rail"
                },
                "south": {
                    "uv": [
                        5,
                        10,
                        11,
                        11
                    ],
                    "texture": "#detector_rail"
                },
                "west": {
                    "uv": [
                        5,
                        5,
                        6,
                        11
                    ],
                    "rotation": 270,
                    "texture": "#detector_rail"
                },
                "up": {
                    "uv": [
                        5,
                        5,
                        11,
                        11
                    ],
                    "texture": "#detector_rail"
                },
                "down": {
                    "uv": [
                        5,
                        11,
                        11,
                        5
                    ],
                    "texture": "#detector_rail"
                }
            },
            "rotation": {
                "angle": -45,
                "axis": "x",
                "origin": [
                    0,
                    10,
                    8
                ]
            }
        },
        {
            "from": [
                2,
                9.292893218813452,
                -4.020815280171308
            ],
            "to": [
                4,
                10,
                19.31370849898476
            ],
            "faces": {
                "north": {
                    "uv": [
                        4,
                        0,
                        2,
                        1
                    ],
                    "texture": "#detector_rail"
                },
                "east": {
                    "uv": [
                        3,
                        0,
                        4,
                        16
                    ],
                    "rotation": 90,
                    "texture": "#detector_rail"
                },
                "south": {
                    "uv": [
                        2,
                        15,
                        4,
                        16
                    ],
                    "texture": "#detector_rail"
                },
                "west": {
                    "uv": [
                        2,
                        0,
                        3,
                        16
                    ],
                    "rotation": 270,
                    "texture": "#detector_rail"
                },
                "up": {
                    "uv": [
                        2,
                        0,
                        4,
                        16
                    ],
                    "texture": "#detector_rail"
                },
                "down": {
                    "uv": [
                        2,
                        16,
                        4,
                        0
                    ],
                    "texture": "#detector_rail"
                }
            },
            "rotation": {
                "angle": -45,
                "axis": "x",
                "origin": [
                    0,
                    10,
                    8
                ]
            }
        },
        {
            "from": [
                4,
                8.585786437626904,
                -3.2916114120726823
            ],
            "to": [
                12,
                9.292893218813452,
                -0.37479593967817326
            ],
            "faces": {
                "north": {
                    "uv": [
                        4,
                        1,
                        12,
                        2
                    ],
                    "rotation": 180,
                    "texture": "#detector_rail"
                },
                "south": {
                    "uv": [
                        4,
                        2,
                        12,
                        3
                    ],
                    "texture": "#detector_rail"
                },
                "up": {
                    "uv": [
                        4,
                        1,
                        12,
                        3
                    ],
                    "texture": "#detector_rail"
                },
                "down": {
                    "uv": [
                        4,
                        3,
                        12,
                        1
                    ],
                    "texture": "#detector_rail"
                }
            },
            "rotation": {
                "angle": -45,
                "axis": "x",
                "origin": [
                    0,
                    10,
                    8
                ]
            }
        },
        {
            "from": [
                1,
                8.585786437626904,
                2.5420195327163366
            ],
            "to": [
                4,
                9.292893218813452,
                5.458835005110845
            ],
            "faces": {
                "north": {
                    "uv": [
                        1,
                        5,
                        2,
                        6
                    ],
                    "texture": "#detector_rail"
                },
                "south": {
                    "uv": [
                        1,
                        6,
                        2,
                        7
                    ],
                    "texture": "#detector_rail"
                },
                "west": {
                    "uv": [
                        1,
                        5,
                        2,
                        7
                    ],
                    "rotation": 270,
                    "texture": "#detector_rail"
                },
                "up": {
                    "uv": [
                        1,
                        5,
                        2,
                        7
                    ],
                    "texture": "#detector_rail"
                },
                "down": {
                    "uv": [
                        1,
                        7,
                        2,
                        5
                    ],
                    "texture": "#detector_rail"
                }
            },
            "rotation": {
                "angle": -45,
                "axis": "x",
                "origin": [
                    0,
                    10,
                    8
                ]
            }
        },
        {
            "from": [
                12,
                8.585786437626904,
                2.5420195327163366
            ],
            "to": [
                15,
                9.292893218813452,
                5.458835005110845
            ],
            "faces": {
                "north": {
                    "uv": [
                        14,
                        5,
                        15,
                        6
                    ],
                    "texture": "#detector_rail"
                },
                "east": {
                    "uv": [
                        14,
                        5,
                        15,
                        7
                    ],
                    "rotation": 90,
                    "texture": "#detector_rail"
                },
                "south": {
                    "uv": [
                        14,
                        6,
                        15,
                        7
                    ],
                    "texture": "#detector_rail"
                },
                "up": {
                    "uv": [
                        14,
                        5,
                        15,
                        7
                    ],
                    "texture": "#detector_rail"
                },
                "down": {
                    "uv": [
                        14,
                        7,
                        15,
                        5
                    ],
                    "texture": "#detector_rail"
                }
            },
            "rotation": {
                "angle": -45,
                "axis": "x",
                "origin": [
                    0,
                    10,
                    8
                ]
            }
        },
        {
            "from": [
                4,
                8.585786437626904,
                2.5420195327163366
            ],
            "to": [
                12,
                9.292893218813452,
                5.458835005110845
            ],
            "faces": {
                "north": {
                    "uv": [
                        4,
                        5,
                        12,
                        6
                    ],
                    "rotation": 180,
                    "texture": "#rail"
                },
                "south": {
                    "uv": [
                        4,
                        6,
                        12,
                        7
                    ],
                    "texture": "#rail"
                },
                "up": {
                    "uv": [
                        4,
                        5,
                        12,
                        7
                    ],
                    "texture": "#rail"
                },
                "down": {
                    "uv": [
                        4,
                        7,
                        12,
                        5
                    ],
                    "texture": "#rail"
                }
            },
            "rotation": {
                "angle": -45,
                "axis": "x",
                "origin": [
                    0,
                    10,
                    8
                ]
            }
        },
        {
            "from": [
                1,
                8.585786437626904,
                8.375650477505353
            ],
            "to": [
                4,
                9.292893218813452,
                11.292465949899862
            ],
            "faces": {
                "north": {
                    "uv": [
                        1,
                        9,
                        2,
                        10
                    ],
                    "texture": "#detector_rail"
                },
                "south": {
                    "uv": [
                        1,
                        10,
                        2,
                        11
                    ],
                    "texture": "#detector_rail"
                },
                "west": {
                    "uv": [
                        1,
                        9,
                        2,
                        11
                    ],
                    "rotation": 270,
                    "texture": "#detector_rail"
                },
                "up": {
                    "uv": [
                        1,
                        9,
                        2,
                        11
                    ],
                    "texture": "#detector_rail"
                },
                "down": {
                    "uv": [
                        1,
                        11,
                        2,
                        9
                    ],
                    "texture": "#detector_rail"
                }
            },
            "rotation": {
                "angle": -45,
                "axis": "x",
                "origin": [
                    0,
                    10,
                    8
                ]
            }
        },
        {
            "from": [
                12,
                8.585786437626904,
                8.375650477505353
            ],
            "to": [
                15,
                9.292893218813452,
                11.292465949899862
            ],
            "faces": {
                "north": {
                    "uv": [
                        14,
                        9,
                        15,
                        10
                    ],
                    "texture": "#detector_rail"
                },
                "east": {
                    "uv": [
                        14,
                        9,
                        15,
                        11
                    ],
                    "rotation": 90,
                    "texture": "#detector_rail"
                },
                "south": {
                    "uv": [
                        14,
                        10,
                        15,
                        11
                    ],
                    "texture": "#detector_rail"
                },
                "up": {
                    "uv": [
                        14,
                        9,
                        15,
                        11
                    ],
                    "texture": "#detector_rail"
                },
                "down": {
                    "uv": [
                        14,
                        11,
                        15,
                        9
                    ],
                    "texture": "#detector_rail"
                }
            },
            "rotation": {
                "angle": -45,
                "axis": "x",
                "origin": [
                    0,
                    10,
                    8
                ]
            }
        },
        {
            "from": [
                4,
                8.585786437626904,
                8.375650477505353
            ],
            "to": [
                12,
                9.292893218813452,
                11.292465949899862
            ],
            "faces": {
                "north": {
                    "uv": [
                        4,
                        9,
                        12,
                        10
                    ],
                    "rotation": 180,
                    "texture": "#rail"
                },
                "south": {
                    "uv": [
                        4,
                        10,
                        12,
                        11
                    ],
                    "texture": "#rail"
                },
                "up": {
                    "uv": [
                        4,
                        9,
                        12,
                        11
                    ],
                    "texture": "#rail"
                },
                "down": {
                    "uv": [
                        4,
                        11,
                        12,
                        9
                    ],
                    "texture": "#rail"
                }
            },
            "rotation": {
                "angle": -45,
                "axis": "x",
                "origin": [
                    0,
                    10,
                    8
                ]
            }
        },
        {
            "from": [
                1,
                8.585786437626904,
                14.20928142229437
            ],
            "to": [
                4,
                9.292893218813452,
                17.126096894688878
            ],
            "faces": {
                "north": {
                    "uv": [
                        1,
                        13,
                        2,
                        14
                    ],
                    "texture": "#detector_rail"
                },
                "south": {
                    "uv": [
                        1,
                        14,
                        2,
                        15
                    ],
                    "texture": "#detector_rail"
                },
                "west": {
                    "uv": [
                        1,
                        13,
                        2,
                        15
                    ],
                    "rotation": 270,
                    "texture": "#detector_rail"
                },
                "up": {
                    "uv": [
                        1,
                        13,
                        2,
                        15
                    ],
                    "texture": "#detector_rail"
                },
                "down": {
                    "uv": [
                        1,
                        15,
                        2,
                        13
                    ],
                    "texture": "#detector_rail"
                }
            },
            "rotation": {
                "angle": -45,
                "axis": "x",
                "origin": [
                    0,
                    10,
                    8
                ]
            }
        },
        {
            "from": [
                12,
                8.585786437626904,
                14.20928142229437
            ],
            "to": [
                15,
                9.292893218813452,
                17.126096894688878
            ],
            "faces": {
                "north": {
                    "uv": [
                        14,
                        13,
                        15,
                        14
                    ],
                    "texture": "#detector_rail"
                },
                "east": {
                    "uv": [
                        14,
                        13,
                        15,
                        15
                    ],
                    "rotation": 90,
                    "texture": "#detector_rail"
                },
                "south": {
                    "uv": [
                        14,
                        14,
                        15,
                        15
                    ],
                    "texture": "#detector_rail"
                },
                "up": {
                    "uv": [
                        14,
                        13,
                        15,
                        15
                    ],
                    "texture": "#detector_rail"
                },
                "down": {
                    "uv": [
                        14,
                        15,
                        15,
                        13
                    ],
                    "texture": "#detector_rail"
                }
            },
            "rotation": {
                "angle": -45,
                "axis": "x",
                "origin": [
                    0,
                    10,
                    8
                ]
            }
        },
        {
            "from": [
                4,
                8.585786437626904,
                14.20928142229437
            ],
            "to": [
                12,
                9.292893218813452,
                17.126096894688878
            ],
            "faces": {
                "north": {
                    "uv": [
                        4,
                        13,
                        12,
                        14
                    ],
                    "rotation": 180,
                    "texture": "#detector_rail"
                },
                "south": {
                    "uv": [
                        4,
                        14,
                        12,
                        15
                    ],
                    "texture": "#detector_rail"
                },
                "up": {
                    "uv": [
                        4,
                        13,
                        12,
                        15
                    ],
                    "texture": "#detector_rail"
                },
                "down": {
                    "uv": [
                        4,
                        15,
                        12,
                        13
                    ],
                    "texture": "#detector_rail"
                }
            },
            "rotation": {
                "angle": -45,
                "axis": "x",
                "origin": [
                    0,
                    10,
                    8
                ]
            }
        }
    ]
}