{
    "ambientocclusion": false,
    "textures": {
        "particle": "#top"
    },
    "elements": [
        {
            "from": [
                0,
                0,
                0
            ],
            "to": [
                3,
                16,
                3
            ],
            "faces": {
                "north": {
                    "uv": [
                        3,
                        0,
                        0,
                        16
                    ],
                    "texture": "#top",
                    "cullface": "north"
                },
                "east": {
                    "uv": [
                        13,
                        0,
                        16,
                        16
                    ],
                    "texture": "#top"
                },
                "south": {
                    "uv": [
                        13,
                        0,
                        16,
                        16
                    ],
                    "texture": "#top"
                },
                "west": {
                    "uv": [
                        16,
                        0,
                        13,
                        16
                    ],
                    "texture": "#top",
                    "cullface": "west"
                },
                "up": {
                    "uv": [
                        13,
                        0,
                        16,
                        3
                    ],
                    "rotation": 270,
                    "texture": "#top",
                    "cullface": "up"
                }
            }
        },
        {
            "from": [
                0,
                0,
                7
            ],
            "to": [
                3,
                16,
                9
            ],
            "faces": {
                "north": {
                    "uv": [
                        16,
                        0,
                        13,
                        16
                    ],
                    "texture": "#top"
                },
                "east": {
                    "uv": [
                        7,
                        0,
                        9,
                        16
                    ],
                    "texture": "#top"
                },
                "south": {
                    "uv": [
                        13,
                        0,
                        16,
                        16
                    ],
                    "texture": "#top"
                },
                "west": {
                    "uv": [
                        9,
                        0,
                        7,
                        16
                    ],
                    "texture": "#top",
                    "cullface": "west"
                },
                "up": {
                    "uv": [
                        7,
                        0,
                        9,
                        3
                    ],
                    "rotation": 270,
                    "texture": "#top",
                    "cullface": "up"
                }
            }
        },
        {
            "from": [
                0,
                0,
                3
            ],
            "to": [
                3,
                5,
                7
            ],
            "faces": {
                "east": {
                    "uv": [
                        9,
                        11,
                        13,
                        16
                    ],
                    "texture": "#top"
                },
                "west": {
                    "uv": [
                        13,
                        11,
                        9,
                        16
                    ],
                    "texture": "#top",
                    "cullface": "west"
                },
                "up": {
                    "uv": [
                        9,
                        0,
                        13,
                        3
                    ],
                    "rotation": 270,
                    "texture": "#top"
                }
            }
        },
        {
            "from": [
                0,
                13,
                3
            ],
            "to": [
                3,
                16,
                7
            ],
            "faces": {
                "east": {
                    "uv": [
                        9,
                        0,
                        13,
                        3
                    ],
                    "texture": "#top"
                },
                "west": {
                    "uv": [
                        13,
                        0,
                        9,
                        3
                    ],
                    "texture": "#top",
                    "cullface": "west"
                },
                "up": {
                    "uv": [
                        9,
                        0,
                        13,
                        3
                    ],
                    "rotation": 270,
                    "texture": "#top",
                    "cullface": "up"
                },
                "down": {
                    "uv": [
                        9,
                        3,
                        13,
                        0
                    ],
                    "rotation": 90,
                    "texture": "#top"
                }
            }
        },
        {
            "from": [
                0,
                8,
                3
            ],
            "to": [
                3,
                10,
                7
            ],
            "faces": {
                "east": {
                    "uv": [
                        9,
                        6,
                        13,
                        8
                    ],
                    "texture": "#top"
                },
                "west": {
                    "uv": [
                        13,
                        6,
                        9,
                        8
                    ],
                    "texture": "#top",
                    "cullface": "west"
                },
                "up": {
                    "uv": [
                        9,
                        0,
                        13,
                        3
                    ],
                    "rotation": 270,
                    "texture": "#top"
                },
                "down": {
                    "uv": [
                        9,
                        3,
                        13,
                        0
                    ],
                    "rotation": 90,
                    "texture": "#top"
                }
            }
        },
        {
            "from": [
                0,
                8,
                9
            ],
            "to": [
                3,
                10,
                13
            ],
            "faces": {
                "east": {
                    "uv": [
                        3,
                        6,
                        7,
                        8
                    ],
                    "texture": "#top"
                },
                "west": {
                    "uv": [
                        7,
                        6,
                        3,
                        8
                    ],
                    "texture": "#top",
                    "cullface": "west"
                },
                "up": {
                    "uv": [
                        3,
                        0,
                        7,
                        3
                    ],
                    "rotation": 270,
                    "texture": "#top"
                },
                "down": {
                    "uv": [
                        3,
                        3,
                        7,
                        0
                    ],
                    "rotation": 90,
                    "texture": "#top"
                }
            }
        },
        {
            "from": [
                0,
                0,
                9
            ],
            "to": [
                3,
                5,
                13
            ],
            "faces": {
                "east": {
                    "uv": [
                        3,
                        11,
                        7,
                        16
                    ],
                    "texture": "#top"
                },
                "west": {
                    "uv": [
                        7,
                        11,
                        3,
                        16
                    ],
                    "texture": "#top",
                    "cullface": "west"
                },
                "up": {
                    "uv": [
                        3,
                        0,
                        7,
                        3
                    ],
                    "rotation": 270,
                    "texture": "#top"
                }
            }
        },
        {
            "from": [
                0,
                13,
                9
            ],
            "to": [
                3,
                16,
                13
            ],
            "faces": {
                "east": {
                    "uv": [
                        3,
                        0,
                        7,
                        3
                    ],
                    "texture": "#top"
                },
                "west": {
                    "uv": [
                        7,
                        0,
                        3,
                        3
                    ],
                    "texture": "#top",
                    "cullface": "west"
                },
                "up": {
                    "uv": [
                        3,
                        0,
                        7,
                        3
                    ],
                    "rotation": 270,
                    "texture": "#top",
                    "cullface": "up"
                },
                "down": {
                    "uv": [
                        3,
                        3,
                        7,
                        0
                    ],
                    "rotation": 90,
                    "texture": "#top"
                }
            }
        },
        {
            "from": [
                0,
                0,
                13
            ],
            "to": [
                3,
                16,
                16
            ],
            "faces": {
                "north": {
                    "uv": [
                        16,
                        0,
                        13,
                        16
                    ],
                    "texture": "#top"
                },
                "east": {
                    "uv": [
                        0,
                        0,
                        3,
                        16
                    ],
                    "texture": "#top"
                },
                "south": {
                    "uv": [
                        0,
                        0,
                        3,
                        16
                    ],
                    "texture": "#top",
                    "cullface": "south"
                },
                "west": {
                    "uv": [
                        3,
                        0,
                        0,
                        16
                    ],
                    "texture": "#top",
                    "cullface": "west"
                },
                "up": {
                    "uv": [
                        0,
                        0,
                        3,
                        3
                    ],
                    "rotation": 270,
                    "texture": "#top",
                    "cullface": "up"
                }
            }
        }
    ]
}