{
	"parent": "block/block",
	"textures": {
		"particle": "block/sea_pickle",
		"all": "block/sea_pickle"
	},
	"elements": [
		{
			"from": [2, 0, 2],
			"to": [6, 6, 6],
			"faces": {
				"north": {"uv": [4, 5, 8, 11], "texture": "#all"},
				"east": {"uv": [12, 5, 16, 11], "texture": "#all"},
				"south": {"uv": [0, 5, 4, 11], "texture": "#all"},
				"west": {"uv": [8, 5, 12, 11], "texture": "#all"},
				"up": {"uv": [4, 1, 8, 5], "texture": "#all"},
				"down": {"uv": [8, 1, 12, 5], "texture": "#all", "cullface": "down"}
			}
		},
		{
			"from": [2, 5.95, 2],
			"to": [6, 5.95, 6],
			"faces": {
				"up": {"uv": [8, 1, 12, 5], "texture": "#all"}
			}
		},
		{
			"from": [9, 0, 10],
			"to": [13, 4, 14],
			"faces": {
				"north": {"uv": [4, 5, 8, 9], "texture": "#all"},
				"east": {"uv": [12, 5, 16, 9], "texture": "#all"},
				"south": {"uv": [0, 5, 4, 9], "texture": "#all"},
				"west": {"uv": [8, 5, 12, 9], "texture": "#all"},
				"up": {"uv": [4, 1, 8, 5], "texture": "#all"},
				"down": {"uv": [8, 1, 12, 5], "texture": "#all", "cullface": "down"}
			}
		},
		{
			"from": [9, 3.95, 10],
			"to": [13, 3.95, 14],
			"faces": {
				"up": {"uv": [8, 1, 12, 5], "texture": "#all"}
			}
		},
		{
			"from": [9, 0, 2],
			"to": [13, 6, 6],
			"faces": {
				"north": {"uv": [4, 5, 8, 11], "texture": "#all"},
				"east": {"uv": [12, 5, 16, 11], "texture": "#all"},
				"south": {"uv": [0, 5, 4, 11], "texture": "#all"},
				"west": {"uv": [8, 5, 12, 11], "texture": "#all"},
				"up": {"uv": [4, 1, 8, 5], "texture": "#all"},
				"down": {"uv": [8, 1, 12, 5], "texture": "#all", "cullface": "down"}
			}
		},
		{
			"from": [9, 5.95, 2],
			"to": [13, 5.95, 6],
			"faces": {
				"up": {"uv": [8, 1, 12, 5], "texture": "#all"}
			}
		},
		{
			"from": [2, 0, 8],
			"to": [6, 7, 12],
			"faces": {
				"north": {"uv": [4, 5, 8, 12], "texture": "#all"},
				"east": {"uv": [12, 5, 16, 12], "texture": "#all"},
				"south": {"uv": [0, 5, 4, 12], "texture": "#all"},
				"west": {"uv": [8, 5, 12, 12], "texture": "#all"},
				"up": {"uv": [4, 1, 8, 5], "texture": "#all"},
				"down": {"uv": [8, 1, 12, 5], "texture": "#all", "cullface": "down"}
			}
		},
		{
			"from": [2, 6.95, 8],
			"to": [6, 6.95, 12],
			"faces": {
				"up": {"uv": [8, 1, 12, 5], "texture": "#all"}
			}
		},
		{
			"from": [4, 5.9, 3.5],
			"to": [4.5, 7.3, 4],
			"faces": {
				"north": {"uv": [1, 2, 2, 4], "texture": "#all"},
				"east": {"uv": [1, 2, 2, 4], "texture": "#all"},
				"west": {"uv": [1, 2, 2, 4], "texture": "#all"},
				"up": {"uv": [1, 2, 2, 3], "texture": "#all"}
			}
		},
		{
			"from": [3.5, 6.6, 3.5],
			"to": [4, 8, 4],
			"faces": {
				"north": {"uv": [13, 1, 14, 3], "texture": "#all"},
				"east": {"uv": [13, 1, 14, 3], "texture": "#all"},
				"west": {"uv": [13, 1, 14, 3], "texture": "#all"},
				"up": {"uv": [13, 1, 14, 2], "texture": "#all"},
				"down": {"uv": [13, 2, 14, 3], "texture": "#all"}
			}
		},
		{
			"from": [4, 5.9, 4],
			"to": [4.5, 7.3, 4.5],
			"faces": {
				"north": {"uv": [14, 2, 15, 4], "texture": "#all"},
				"east": {"uv": [14, 2, 15, 4], "texture": "#all"},
				"south": {"uv": [14, 2, 15, 4], "texture": "#all"},
				"up": {"uv": [14, 2, 15, 3], "texture": "#all"}
			}
		},
		{
			"from": [3.5, 5.9, 4],
			"to": [4, 8, 4.5],
			"faces": {
				"north": {"uv": [2, 1, 3, 4], "texture": "#all"},
				"east": {"uv": [2, 1, 3, 4], "texture": "#all"},
				"south": {"uv": [2, 1, 3, 4], "texture": "#all"},
				"west": {"uv": [2, 1, 3, 4], "texture": "#all"},
				"up": {"uv": [2, 1, 3, 2], "texture": "#all"}
			}
		},
		{
			"from": [4, 8, 3.5],
			"to": [4.5, 8.7, 4],
			"faces": {
				"north": {"uv": [1, 0, 2, 1], "texture": "#all"},
				"east": {"uv": [1, 0, 2, 1], "texture": "#all"},
				"south": {"uv": [1, 0, 2, 1], "texture": "#all"},
				"west": {"uv": [1, 0, 2, 1], "texture": "#all"},
				"up": {"uv": [1, 0, 2, 1], "texture": "#all"},
				"down": {"uv": [1, 0, 2, 1], "texture": "#all"}
			}
		},
		{
			"from": [10.5, 6.6, 3.5],
			"to": [11, 8, 4],
			"faces": {
				"north": {"uv": [13, 1, 14, 3], "texture": "#all"},
				"east": {"uv": [13, 1, 14, 3], "texture": "#all"},
				"west": {"uv": [13, 1, 14, 3], "texture": "#all"},
				"up": {"uv": [13, 1, 14, 2], "texture": "#all"},
				"down": {"uv": [13, 2, 14, 3], "texture": "#all"}
			}
		},
		{
			"from": [10.5, 5.9, 4],
			"to": [11, 8, 4.5],
			"faces": {
				"north": {"uv": [2, 1, 3, 4], "texture": "#all"},
				"east": {"uv": [2, 1, 3, 4], "texture": "#all"},
				"south": {"uv": [2, 1, 3, 4], "texture": "#all"},
				"west": {"uv": [2, 1, 3, 4], "texture": "#all"},
				"up": {"uv": [2, 1, 3, 2], "texture": "#all"}
			}
		},
		{
			"from": [11, 5.9, 4],
			"to": [11.5, 7.3, 4.5],
			"faces": {
				"north": {"uv": [14, 2, 15, 4], "texture": "#all"},
				"east": {"uv": [14, 2, 15, 4], "texture": "#all"},
				"south": {"uv": [14, 2, 15, 4], "texture": "#all"},
				"up": {"uv": [14, 2, 15, 3], "texture": "#all"}
			}
		},
		{
			"from": [11, 5.9, 3.5],
			"to": [11.5, 7.3, 4],
			"faces": {
				"north": {"uv": [1, 2, 2, 4], "texture": "#all"},
				"east": {"uv": [1, 2, 2, 4], "texture": "#all"},
				"west": {"uv": [1, 2, 2, 4], "texture": "#all"},
				"up": {"uv": [1, 2, 2, 3], "texture": "#all"}
			}
		},
		{
			"from": [11, 8, 3.5],
			"to": [11.5, 8.7, 4],
			"faces": {
				"north": {"uv": [1, 0, 2, 1], "texture": "#all"},
				"east": {"uv": [1, 0, 2, 1], "texture": "#all"},
				"south": {"uv": [1, 0, 2, 1], "texture": "#all"},
				"west": {"uv": [1, 0, 2, 1], "texture": "#all"},
				"up": {"uv": [1, 0, 2, 1], "texture": "#all"},
				"down": {"uv": [1, 0, 2, 1], "texture": "#all"}
			}
		},
		{
			"from": [10.5, 4.6, 11.5],
			"to": [11, 6, 12],
			"faces": {
				"north": {"uv": [13, 1, 14, 3], "texture": "#all"},
				"east": {"uv": [13, 1, 14, 3], "texture": "#all"},
				"west": {"uv": [13, 1, 14, 3], "texture": "#all"},
				"up": {"uv": [13, 1, 14, 2], "texture": "#all"},
				"down": {"uv": [13, 2, 14, 3], "texture": "#all"}
			}
		},
		{
			"from": [10.5, 3.9, 12],
			"to": [11, 6, 12.5],
			"faces": {
				"north": {"uv": [2, 1, 3, 4], "texture": "#all"},
				"east": {"uv": [2, 1, 3, 4], "texture": "#all"},
				"south": {"uv": [2, 1, 3, 4], "texture": "#all"},
				"west": {"uv": [2, 1, 3, 4], "texture": "#all"},
				"up": {"uv": [2, 1, 3, 2], "texture": "#all"}
			}
		},
		{
			"from": [11, 3.9, 12],
			"to": [11.5, 5.3, 12.5],
			"faces": {
				"north": {"uv": [14, 2, 15, 4], "texture": "#all"},
				"east": {"uv": [14, 2, 15, 4], "texture": "#all"},
				"south": {"uv": [14, 2, 15, 4], "texture": "#all"},
				"up": {"uv": [14, 2, 15, 3], "texture": "#all"}
			}
		},
		{
			"from": [11, 3.9, 11.5],
			"to": [11.5, 5.3, 12],
			"faces": {
				"north": {"uv": [1, 2, 2, 4], "texture": "#all"},
				"east": {"uv": [1, 2, 2, 4], "texture": "#all"},
				"west": {"uv": [1, 2, 2, 4], "texture": "#all"},
				"up": {"uv": [1, 2, 2, 3], "texture": "#all"}
			}
		},
		{
			"from": [11, 6, 11.5],
			"to": [11.5, 6.7, 12],
			"faces": {
				"north": {"uv": [1, 0, 2, 1], "texture": "#all"},
				"east": {"uv": [1, 0, 2, 1], "texture": "#all"},
				"south": {"uv": [1, 0, 2, 1], "texture": "#all"},
				"west": {"uv": [1, 0, 2, 1], "texture": "#all"},
				"up": {"uv": [1, 0, 2, 1], "texture": "#all"},
				"down": {"uv": [1, 0, 2, 1], "texture": "#all"}
			}
		},
		{
			"from": [3.5, 6.9, 10],
			"to": [4, 9, 10.5],
			"faces": {
				"north": {"uv": [2, 1, 3, 4], "texture": "#all"},
				"east": {"uv": [2, 1, 3, 4], "texture": "#all"},
				"south": {"uv": [2, 1, 3, 4], "texture": "#all"},
				"west": {"uv": [2, 1, 3, 4], "texture": "#all"},
				"up": {"uv": [2, 1, 3, 2], "texture": "#all"}
			}
		},
		{
			"from": [4, 6.9, 10],
			"to": [4.5, 8.3, 10.5],
			"faces": {
				"north": {"uv": [14, 2, 15, 4], "texture": "#all"},
				"east": {"uv": [14, 2, 15, 4], "texture": "#all"},
				"south": {"uv": [14, 2, 15, 4], "texture": "#all"},
				"up": {"uv": [14, 2, 15, 3], "texture": "#all"}
			}
		},
		{
			"from": [3.5, 7.6, 9.5],
			"to": [4, 9, 10],
			"faces": {
				"north": {"uv": [13, 1, 14, 3], "texture": "#all"},
				"east": {"uv": [13, 1, 14, 3], "texture": "#all"},
				"west": {"uv": [13, 1, 14, 3], "texture": "#all"},
				"up": {"uv": [13, 1, 14, 2], "texture": "#all"},
				"down": {"uv": [13, 2, 14, 3], "texture": "#all"}
			}
		},
		{
			"from": [4, 6.9, 9.5],
			"to": [4.5, 8.3, 10],
			"faces": {
				"north": {"uv": [1, 2, 2, 4], "texture": "#all"},
				"east": {"uv": [1, 2, 2, 4], "texture": "#all"},
				"west": {"uv": [1, 2, 2, 4], "texture": "#all"},
				"up": {"uv": [1, 2, 2, 3], "texture": "#all"}
			}
		},
		{
			"from": [4, 9, 9.5],
			"to": [4.5, 9.7, 10],
			"faces": {
				"north": {"uv": [1, 0, 2, 1], "texture": "#all"},
				"east": {"uv": [1, 0, 2, 1], "texture": "#all"},
				"south": {"uv": [1, 0, 2, 1], "texture": "#all"},
				"west": {"uv": [1, 0, 2, 1], "texture": "#all"},
				"up": {"uv": [1, 0, 2, 1], "texture": "#all"},
				"down": {"uv": [1, 0, 2, 1], "texture": "#all"}
			}
		}
	]
}