{
    "ambientocclusion": false,
    "textures": {
        "edge": "block/iron_bars",
        "particle": "block/iron_bars"
    },
    "elements": [
        {
            "from": [
                7,
                0.001,
                7
            ],
            "to": [
                9,
                16.001,
                9
            ],
            "faces": {
                "north": {
                    "uv": [
                        9,
                        0,
                        7,
                        16
                    ],
                    "texture": "#edge"
                },
                "east": {
                    "uv": [
                        7,
                        0,
                        9,
                        16
                    ],
                    "texture": "#edge"
                },
                "south": {
                    "uv": [
                        9,
                        0,
                        7,
                        16
                    ],
                    "texture": "#edge"
                },
                "west": {
                    "uv": [
                        7,
                        0,
                        9,
                        16
                    ],
                    "texture": "#edge"
                },
                "up": {
                    "uv": [
                        7,
                        7,
                        9,
                        9
                    ],
                    "texture": "#edge"
                },
                "down": {
                    "uv": [
                        7,
                        7,
                        9,
                        9
                    ],
                    "texture": "#edge"
                }
            }
        }
    ]
}