{
    "ambientocclusion": false,
    "textures": {
        "bars": "block/iron_bars"
    },
    "elements": [
        {
            "from": [
                7,
                0,
                2
            ],
            "to": [
                9,
                16,
                4
            ],
            "faces": {
                "north": {
                    "uv": [
                        14,
                        0,
                        12,
                        16
                    ],
                    "texture": "#bars"
                },
                "east": {
                    "uv": [
                        12,
                        0,
                        14,
                        16
                    ],
                    "texture": "#bars"
                },
                "south": {
                    "uv": [
                        14,
                        0,
                        12,
                        16
                    ],
                    "texture": "#bars"
                },
                "west": {
                    "uv": [
                        12,
                        0,
                        14,
                        16
                    ],
                    "texture": "#bars"
                },
                "up": {
                    "uv": [
                        7,
                        2,
                        9,
                        4
                    ],
                    "texture": "#bars",
                    "cullface": "up"
                },
                "down": {
                    "uv": [
                        7,
                        2,
                        9,
                        4
                    ],
                    "texture": "#bars",
                    "cullface": "down"
                }
            }
        },
        {
            "from": [
                7,
                7,
                0
            ],
            "to": [
                9,
                9,
                2
            ],
            "faces": {
                "north": {
                    "uv": [
                        16,
                        7,
                        14,
                        9
                    ],
                    "texture": "#bars",
                    "cullface": "north"
                },
                "east": {
                    "uv": [
                        14,
                        7,
                        16,
                        9
                    ],
                    "texture": "#bars"
                },
                "west": {
                    "uv": [
                        14,
                        7,
                        16,
                        9
                    ],
                    "texture": "#bars"
                },
                "up": {
                    "uv": [
                        7,
                        0,
                        9,
                        2
                    ],
                    "texture": "#bars"
                },
                "down": {
                    "uv": [
                        7,
                        0,
                        9,
                        2
                    ],
                    "texture": "#bars"
                }
            }
        },
        {
            "from": [
                7,
                2,
                4
            ],
            "to": [
                9,
                4,
                7
            ],
            "faces": {
                "east": {
                    "uv": [
                        9,
                        12,
                        12,
                        14
                    ],
                    "texture": "#bars"
                },
                "south": {
                    "uv": [
                        0,
                        0,
                        0,
                        0
                    ],
                    "texture": "#bars"
                },
                "west": {
                    "uv": [
                        9,
                        12,
                        12,
                        14
                    ],
                    "texture": "#bars"
                },
                "up": {
                    "uv": [
                        7,
                        4,
                        9,
                        7
                    ],
                    "texture": "#bars"
                },
                "down": {
                    "uv": [
                        7,
                        4,
                        9,
                        7
                    ],
                    "texture": "#bars"
                }
            }
        }
    ]
}