{
    "parent": "block/thin_block",
    "textures": {
        "particle": "minecraft:block/jungle_trapdoor",
        "texture": "minecraft:block/jungle_trapdoor"
    },
    "elements": [
        {
            "from": [
                13,
                13,
                0
            ],
            "to": [
                16,
                16,
                16
            ],
            "faces": {
                "north": {
                    "uv": [
                        0,
                        0,
                        3,
                        3
                    ],
                    "texture": "#texture",
                    "cullface": "north"
                },
                "east": {
                    "uv": [
                        0,
                        0,
                        16,
                        3
                    ],
                    "texture": "#texture",
                    "cullface": "east"
                },
                "south": {
                    "uv": [
                        13,
                        0,
                        16,
                        3
                    ],
                    "texture": "#texture",
                    "cullface": "south"
                },
                "west": {
                    "uv": [
                        0,
                        0,
                        16,
                        3
                    ],
                    "texture": "#texture"
                },
                "up": {
                    "uv": [
                        13,
                        16,
                        16,
                        0
                    ],
                    "texture": "#texture",
                    "cullface": "up"
                },
                "down": {
                    "uv": [
                        13,
                        0,
                        16,
                        16
                    ],
                    "texture": "#texture"
                }
            }
        },
        {
            "from": [
                0,
                13,
                0
            ],
            "to": [
                3,
                16,
                16
            ],
            "faces": {
                "north": {
                    "uv": [
                        13,
                        0,
                        16,
                        3
                    ],
                    "texture": "#texture",
                    "cullface": "north"
                },
                "east": {
                    "uv": [
                        0,
                        0,
                        16,
                        3
                    ],
                    "texture": "#texture"
                },
                "south": {
                    "uv": [
                        0,
                        0,
                        3,
                        3
                    ],
                    "texture": "#texture",
                    "cullface": "south"
                },
                "west": {
                    "uv": [
                        0,
                        0,
                        16,
                        3
                    ],
                    "texture": "#texture",
                    "cullface": "west"
                },
                "up": {
                    "uv": [
                        0,
                        16,
                        3,
                        0
                    ],
                    "texture": "#texture",
                    "cullface": "up"
                },
                "down": {
                    "uv": [
                        0,
                        0,
                        3,
                        16
                    ],
                    "texture": "#texture"
                }
            }
        },
        {
            "from": [
                6,
                13,
                4
            ],
            "to": [
                7,
                16,
                7
            ],
            "faces": {
                "east": {
                    "uv": [
                        9,
                        0,
                        12,
                        3
                    ],
                    "texture": "#texture"
                },
                "west": {
                    "uv": [
                        4,
                        0,
                        7,
                        3
                    ],
                    "texture": "#texture"
                },
                "up": {
                    "uv": [
                        6,
                        12,
                        7,
                        9
                    ],
                    "texture": "#texture",
                    "cullface": "up"
                },
                "down": {
                    "uv": [
                        6,
                        9,
                        7,
                        12
                    ],
                    "texture": "#texture"
                }
            }
        },
        {
            "from": [
                9,
                13,
                4
            ],
            "to": [
                10,
                16,
                7
            ],
            "faces": {
                "east": {
                    "uv": [
                        4,
                        0,
                        7,
                        3
                    ],
                    "texture": "#texture"
                },
                "west": {
                    "uv": [
                        4,
                        0,
                        7,
                        3
                    ],
                    "texture": "#texture"
                },
                "up": {
                    "uv": [
                        9,
                        12,
                        10,
                        9
                    ],
                    "texture": "#texture",
                    "cullface": "up"
                },
                "down": {
                    "uv": [
                        9,
                        9,
                        10,
                        12
                    ],
                    "texture": "#texture"
                }
            }
        },
        {
            "from": [
                11,
                13,
                4
            ],
            "to": [
                12,
                16,
                5
            ],
            "faces": {
                "south": {
                    "uv": [
                        4,
                        0,
                        5,
                        3
                    ],
                    "texture": "#texture"
                },
                "west": {
                    "uv": [
                        4,
                        0,
                        5,
                        3
                    ],
                    "texture": "#texture"
                },
                "up": {
                    "uv": [
                        11,
                        12,
                        12,
                        11
                    ],
                    "texture": "#texture",
                    "cullface": "up"
                },
                "down": {
                    "uv": [
                        11,
                        11,
                        12,
                        12
                    ],
                    "texture": "#texture"
                }
            }
        },
        {
            "from": [
                12,
                13,
                4
            ],
            "to": [
                13,
                16,
                7
            ],
            "faces": {
                "west": {
                    "uv": [
                        4,
                        0,
                        7,
                        3
                    ],
                    "texture": "#texture"
                },
                "up": {
                    "uv": [
                        12,
                        12,
                        13,
                        9
                    ],
                    "texture": "#texture",
                    "cullface": "up"
                },
                "down": {
                    "uv": [
                        12,
                        9,
                        13,
                        12
                    ],
                    "texture": "#texture"
                }
            }
        },
        {
            "from": [
                12,
                13,
                11
            ],
            "to": [
                13,
                16,
                13
            ],
            "faces": {
                "north": {
                    "uv": [
                        3,
                        0,
                        4,
                        3
                    ],
                    "texture": "#texture"
                },
                "west": {
                    "uv": [
                        11,
                        0,
                        13,
                        3
                    ],
                    "texture": "#texture"
                },
                "up": {
                    "uv": [
                        12,
                        5,
                        13,
                        3
                    ],
                    "texture": "#texture",
                    "cullface": "up"
                },
                "down": {
                    "uv": [
                        12,
                        3,
                        13,
                        5
                    ],
                    "texture": "#texture"
                }
            }
        },
        {
            "from": [
                3,
                13,
                11
            ],
            "to": [
                4,
                16,
                13
            ],
            "faces": {
                "north": {
                    "uv": [
                        12,
                        0,
                        13,
                        3
                    ],
                    "texture": "#texture"
                },
                "east": {
                    "uv": [
                        3,
                        0,
                        5,
                        3
                    ],
                    "texture": "#texture"
                },
                "up": {
                    "uv": [
                        3,
                        5,
                        4,
                        3
                    ],
                    "texture": "#texture",
                    "cullface": "up"
                },
                "down": {
                    "uv": [
                        3,
                        3,
                        4,
                        5
                    ],
                    "texture": "#texture"
                }
            }
        },
        {
            "from": [
                11,
                13,
                12
            ],
            "to": [
                12,
                16,
                13
            ],
            "faces": {
                "north": {
                    "uv": [
                        4,
                        0,
                        5,
                        3
                    ],
                    "texture": "#texture"
                },
                "west": {
                    "uv": [
                        12,
                        0,
                        13,
                        3
                    ],
                    "texture": "#texture"
                },
                "up": {
                    "uv": [
                        11,
                        4,
                        12,
                        3
                    ],
                    "texture": "#texture",
                    "cullface": "up"
                },
                "down": {
                    "uv": [
                        11,
                        3,
                        12,
                        4
                    ],
                    "texture": "#texture"
                }
            }
        },
        {
            "from": [
                4,
                13,
                12
            ],
            "to": [
                5,
                16,
                13
            ],
            "faces": {
                "north": {
                    "uv": [
                        11,
                        0,
                        12,
                        3
                    ],
                    "texture": "#texture"
                },
                "east": {
                    "uv": [
                        4,
                        0,
                        5,
                        3
                    ],
                    "texture": "#texture"
                },
                "up": {
                    "uv": [
                        4,
                        4,
                        5,
                        3
                    ],
                    "texture": "#texture",
                    "cullface": "up"
                },
                "down": {
                    "uv": [
                        4,
                        3,
                        5,
                        4
                    ],
                    "texture": "#texture"
                }
            }
        },
        {
            "from": [
                4,
                13,
                4
            ],
            "to": [
                5,
                16,
                5
            ],
            "faces": {
                "east": {
                    "uv": [
                        11,
                        0,
                        12,
                        3
                    ],
                    "texture": "#texture"
                },
                "south": {
                    "uv": [
                        11,
                        0,
                        12,
                        3
                    ],
                    "texture": "#texture"
                },
                "up": {
                    "uv": [
                        4,
                        12,
                        5,
                        11
                    ],
                    "texture": "#texture",
                    "cullface": "up"
                },
                "down": {
                    "uv": [
                        4,
                        11,
                        5,
                        12
                    ],
                    "texture": "#texture"
                }
            }
        },
        {
            "from": [
                3,
                13,
                4
            ],
            "to": [
                4,
                16,
                7
            ],
            "faces": {
                "east": {
                    "uv": [
                        9,
                        0,
                        12,
                        3
                    ],
                    "texture": "#texture"
                },
                "up": {
                    "uv": [
                        3,
                        12,
                        4,
                        9
                    ],
                    "texture": "#texture",
                    "cullface": "up"
                },
                "down": {
                    "uv": [
                        3,
                        9,
                        4,
                        12
                    ],
                    "texture": "#texture"
                }
            }
        },
        {
            "from": [
                9,
                13,
                9
            ],
            "to": [
                10,
                16,
                13
            ],
            "faces": {
                "east": {
                    "uv": [
                        3,
                        0,
                        7,
                        3
                    ],
                    "texture": "#texture"
                },
                "west": {
                    "uv": [
                        9,
                        0,
                        13,
                        3
                    ],
                    "texture": "#texture"
                },
                "up": {
                    "uv": [
                        9,
                        7,
                        10,
                        3
                    ],
                    "texture": "#texture",
                    "cullface": "up"
                },
                "down": {
                    "uv": [
                        9,
                        3,
                        10,
                        7
                    ],
                    "texture": "#texture"
                }
            }
        },
        {
            "from": [
                6,
                13,
                9
            ],
            "to": [
                7,
                16,
                13
            ],
            "faces": {
                "east": {
                    "uv": [
                        3,
                        0,
                        7,
                        3
                    ],
                    "texture": "#texture"
                },
                "west": {
                    "uv": [
                        9,
                        0,
                        13,
                        3
                    ],
                    "texture": "#texture"
                },
                "up": {
                    "uv": [
                        6,
                        7,
                        7,
                        3
                    ],
                    "texture": "#texture",
                    "cullface": "up"
                },
                "down": {
                    "uv": [
                        6,
                        3,
                        7,
                        7
                    ],
                    "texture": "#texture"
                }
            }
        },
        {
            "from": [
                3,
                13,
                0
            ],
            "to": [
                13,
                16,
                4
            ],
            "faces": {
                "north": {
                    "uv": [
                        3,
                        0,
                        13,
                        3
                    ],
                    "texture": "#texture",
                    "cullface": "north"
                },
                "south": {
                    "uv": [
                        3,
                        0,
                        13,
                        3
                    ],
                    "texture": "#texture"
                },
                "up": {
                    "uv": [
                        3,
                        16,
                        13,
                        12
                    ],
                    "texture": "#texture",
                    "cullface": "up"
                },
                "down": {
                    "uv": [
                        3,
                        12,
                        13,
                        16
                    ],
                    "texture": "#texture"
                }
            }
        },
        {
            "from": [
                3,
                13,
                7
            ],
            "to": [
                13,
                16,
                9
            ],
            "faces": {
                "north": {
                    "uv": [
                        3,
                        0,
                        13,
                        3
                    ],
                    "texture": "#texture"
                },
                "south": {
                    "uv": [
                        3,
                        0,
                        13,
                        3
                    ],
                    "texture": "#texture"
                },
                "up": {
                    "uv": [
                        3,
                        9,
                        13,
                        7
                    ],
                    "texture": "#texture",
                    "cullface": "up"
                },
                "down": {
                    "uv": [
                        3,
                        7,
                        13,
                        9
                    ],
                    "texture": "#texture"
                }
            }
        },
        {
            "from": [
                3,
                13,
                13
            ],
            "to": [
                13,
                16,
                16
            ],
            "faces": {
                "north": {
                    "uv": [
                        3,
                        0,
                        13,
                        3
                    ],
                    "texture": "#texture"
                },
                "south": {
                    "uv": [
                        3,
                        0,
                        13,
                        3
                    ],
                    "texture": "#texture",
                    "cullface": "south"
                },
                "up": {
                    "uv": [
                        3,
                        3,
                        13,
                        0
                    ],
                    "texture": "#texture",
                    "cullface": "up"
                },
                "down": {
                    "uv": [
                        3,
                        0,
                        13,
                        3
                    ],
                    "texture": "#texture"
                }
            }
        }
    ]
}