{
    "ambientocclusion": false,
    "textures": {
        "particle": "minecraft:block/jungle_door_top",
        "top": "minecraft:block/jungle_door_top"
    },
    "elements": [
        {
            "from": [
                0,
                0,
                0
            ],
            "to": [
                3,
                16,
                4
            ],
            "faces": {
                "north": {
                    "uv": [
                        3,
                        0,
                        0,
                        16
                    ],
                    "texture": "#top",
                    "cullface": "north"
                },
                "east": {
                    "uv": [
                        12,
                        0,
                        16,
                        16
                    ],
                    "texture": "#top"
                },
                "south": {
                    "uv": [
                        13,
                        0,
                        16,
                        16
                    ],
                    "texture": "#top"
                },
                "west": {
                    "uv": [
                        16,
                        0,
                        12,
                        16
                    ],
                    "texture": "#top",
                    "cullface": "west"
                },
                "up": {
                    "uv": [
                        12,
                        0,
                        16,
                        3
                    ],
                    "rotation": 270,
                    "texture": "#top",
                    "cullface": "up"
                }
            }
        },
        {
            "from": [
                0,
                11,
                4
            ],
            "to": [
                3,
                16,
                5
            ],
            "faces": {
                "east": {
                    "uv": [
                        11,
                        0,
                        12,
                        5
                    ],
                    "texture": "#top"
                },
                "south": {
                    "uv": [
                        13,
                        0,
                        16,
                        5
                    ],
                    "texture": "#top"
                },
                "west": {
                    "uv": [
                        12,
                        0,
                        11,
                        5
                    ],
                    "texture": "#top",
                    "cullface": "west"
                },
                "up": {
                    "uv": [
                        11,
                        0,
                        12,
                        3
                    ],
                    "rotation": 270,
                    "texture": "#top",
                    "cullface": "up"
                },
                "down": {
                    "uv": [
                        11,
                        0,
                        12,
                        3
                    ],
                    "rotation": 270,
                    "texture": "#top"
                }
            }
        },
        {
            "from": [
                0,
                6,
                4
            ],
            "to": [
                3,
                8,
                12
            ],
            "faces": {
                "east": {
                    "uv": [
                        4,
                        8,
                        12,
                        10
                    ],
                    "texture": "#top"
                },
                "west": {
                    "uv": [
                        12,
                        8,
                        4,
                        10
                    ],
                    "texture": "#top",
                    "cullface": "west"
                },
                "up": {
                    "uv": [
                        4,
                        0,
                        12,
                        3
                    ],
                    "rotation": 270,
                    "texture": "#top"
                },
                "down": {
                    "uv": [
                        4,
                        0,
                        12,
                        3
                    ],
                    "rotation": 270,
                    "texture": "#top"
                }
            }
        },
        {
            "from": [
                0,
                12,
                5
            ],
            "to": [
                3,
                16,
                6
            ],
            "faces": {
                "east": {
                    "uv": [
                        10,
                        0,
                        11,
                        4
                    ],
                    "texture": "#top"
                },
                "west": {
                    "uv": [
                        11,
                        0,
                        10,
                        4
                    ],
                    "texture": "#top",
                    "cullface": "west"
                },
                "up": {
                    "uv": [
                        10,
                        0,
                        11,
                        3
                    ],
                    "rotation": 270,
                    "texture": "#top",
                    "cullface": "up"
                },
                "down": {
                    "uv": [
                        10,
                        0,
                        11,
                        3
                    ],
                    "rotation": 270,
                    "texture": "#top"
                }
            }
        },
        {
            "from": [
                0,
                8,
                6
            ],
            "to": [
                3,
                16,
                7
            ],
            "faces": {
                "north": {
                    "uv": [
                        16,
                        0,
                        13,
                        8
                    ],
                    "texture": "#top"
                },
                "east": {
                    "uv": [
                        9,
                        0,
                        10,
                        8
                    ],
                    "texture": "#top"
                },
                "south": {
                    "uv": [
                        13,
                        0,
                        16,
                        8
                    ],
                    "texture": "#top"
                },
                "west": {
                    "uv": [
                        10,
                        0,
                        9,
                        8
                    ],
                    "texture": "#top",
                    "cullface": "west"
                },
                "up": {
                    "uv": [
                        9,
                        0,
                        10,
                        3
                    ],
                    "rotation": 270,
                    "texture": "#top",
                    "cullface": "up"
                }
            }
        },
        {
            "from": [
                0,
                13,
                7
            ],
            "to": [
                3,
                16,
                9
            ],
            "faces": {
                "east": {
                    "uv": [
                        7,
                        0,
                        9,
                        3
                    ],
                    "texture": "#top"
                },
                "west": {
                    "uv": [
                        9,
                        0,
                        7,
                        3
                    ],
                    "texture": "#top",
                    "cullface": "west"
                },
                "up": {
                    "uv": [
                        7,
                        0,
                        9,
                        3
                    ],
                    "rotation": 270,
                    "texture": "#top",
                    "cullface": "up"
                },
                "down": {
                    "uv": [
                        7,
                        0,
                        9,
                        3
                    ],
                    "rotation": 270,
                    "texture": "#top"
                }
            }
        },
        {
            "from": [
                0,
                8,
                9
            ],
            "to": [
                3,
                16,
                10
            ],
            "faces": {
                "north": {
                    "uv": [
                        16,
                        0,
                        13,
                        8
                    ],
                    "texture": "#top"
                },
                "east": {
                    "uv": [
                        6,
                        0,
                        7,
                        8
                    ],
                    "texture": "#top"
                },
                "south": {
                    "uv": [
                        13,
                        0,
                        16,
                        8
                    ],
                    "texture": "#top"
                },
                "west": {
                    "uv": [
                        7,
                        0,
                        6,
                        8
                    ],
                    "texture": "#top",
                    "cullface": "west"
                },
                "up": {
                    "uv": [
                        6,
                        0,
                        7,
                        3
                    ],
                    "rotation": 270,
                    "texture": "#top",
                    "cullface": "up"
                }
            }
        },
        {
            "from": [
                0,
                11,
                11
            ],
            "to": [
                3,
                16,
                12
            ],
            "faces": {
                "north": {
                    "uv": [
                        16,
                        0,
                        13,
                        5
                    ],
                    "texture": "#top"
                },
                "east": {
                    "uv": [
                        4,
                        0,
                        5,
                        5
                    ],
                    "texture": "#top"
                },
                "west": {
                    "uv": [
                        5,
                        0,
                        4,
                        5
                    ],
                    "texture": "#top",
                    "cullface": "west"
                },
                "up": {
                    "uv": [
                        4,
                        0,
                        5,
                        3
                    ],
                    "rotation": 270,
                    "texture": "#top",
                    "cullface": "up"
                },
                "down": {
                    "uv": [
                        4,
                        0,
                        5,
                        3
                    ],
                    "rotation": 270,
                    "texture": "#top"
                }
            }
        },
        {
            "from": [
                0,
                12,
                10
            ],
            "to": [
                3,
                16,
                11
            ],
            "faces": {
                "east": {
                    "uv": [
                        5,
                        0,
                        6,
                        4
                    ],
                    "texture": "#top"
                },
                "west": {
                    "uv": [
                        6,
                        0,
                        5,
                        4
                    ],
                    "texture": "#top",
                    "cullface": "west"
                },
                "up": {
                    "uv": [
                        5,
                        0,
                        6,
                        3
                    ],
                    "rotation": 270,
                    "texture": "#top",
                    "cullface": "up"
                },
                "down": {
                    "uv": [
                        5,
                        0,
                        6,
                        3
                    ],
                    "rotation": 270,
                    "texture": "#top"
                }
            }
        },
        {
            "from": [
                0,
                0,
                4
            ],
            "to": [
                3,
                6,
                6
            ],
            "faces": {
                "east": {
                    "uv": [
                        10,
                        10,
                        12,
                        16
                    ],
                    "texture": "#top"
                },
                "south": {
                    "uv": [
                        13,
                        10,
                        16,
                        16
                    ],
                    "texture": "#top"
                },
                "west": {
                    "uv": [
                        12,
                        10,
                        10,
                        16
                    ],
                    "texture": "#top",
                    "cullface": "west"
                }
            }
        },
        {
            "from": [
                0,
                0,
                10
            ],
            "to": [
                3,
                6,
                12
            ],
            "faces": {
                "north": {
                    "uv": [
                        16,
                        10,
                        13,
                        16
                    ],
                    "texture": "#top"
                },
                "east": {
                    "uv": [
                        4,
                        10,
                        6,
                        16
                    ],
                    "texture": "#top"
                },
                "west": {
                    "uv": [
                        6,
                        10,
                        4,
                        16
                    ],
                    "texture": "#top",
                    "cullface": "west"
                }
            }
        },
        {
            "from": [
                0,
                0,
                6
            ],
            "to": [
                3,
                4,
                10
            ],
            "faces": {
                "east": {
                    "uv": [
                        6,
                        12,
                        10,
                        16
                    ],
                    "texture": "#top"
                },
                "west": {
                    "uv": [
                        10,
                        12,
                        6,
                        16
                    ],
                    "texture": "#top",
                    "cullface": "west"
                },
                "up": {
                    "uv": [
                        6,
                        0,
                        10,
                        3
                    ],
                    "rotation": 270,
                    "texture": "#top"
                }
            }
        },
        {
            "from": [
                0,
                4,
                6
            ],
            "to": [
                3,
                5,
                7
            ],
            "faces": {
                "east": {
                    "uv": [
                        9,
                        11,
                        10,
                        12
                    ],
                    "texture": "#top"
                },
                "south": {
                    "uv": [
                        13,
                        11,
                        16,
                        12
                    ],
                    "texture": "#top"
                },
                "west": {
                    "uv": [
                        10,
                        11,
                        9,
                        12
                    ],
                    "texture": "#top",
                    "cullface": "west"
                },
                "up": {
                    "uv": [
                        9,
                        0,
                        10,
                        3
                    ],
                    "rotation": 270,
                    "texture": "#top"
                }
            }
        },
        {
            "from": [
                0,
                4,
                9
            ],
            "to": [
                3,
                5,
                10
            ],
            "faces": {
                "north": {
                    "uv": [
                        16,
                        11,
                        13,
                        12
                    ],
                    "texture": "#top"
                },
                "east": {
                    "uv": [
                        6,
                        11,
                        7,
                        12
                    ],
                    "texture": "#top"
                },
                "west": {
                    "uv": [
                        7,
                        11,
                        6,
                        12
                    ],
                    "texture": "#top",
                    "cullface": "west"
                },
                "up": {
                    "uv": [
                        6,
                        0,
                        7,
                        3
                    ],
                    "rotation": 270,
                    "texture": "#top"
                }
            }
        },
        {
            "from": [
                0,
                0,
                12
            ],
            "to": [
                3,
                16,
                16
            ],
            "faces": {
                "north": {
                    "uv": [
                        16,
                        0,
                        13,
                        16
                    ],
                    "texture": "#top"
                },
                "east": {
                    "uv": [
                        0,
                        0,
                        4,
                        16
                    ],
                    "texture": "#top"
                },
                "south": {
                    "uv": [
                        0,
                        0,
                        3,
                        16
                    ],
                    "texture": "#top",
                    "cullface": "south"
                },
                "west": {
                    "uv": [
                        4,
                        0,
                        0,
                        16
                    ],
                    "texture": "#top",
                    "cullface": "west"
                },
                "up": {
                    "uv": [
                        0,
                        0,
                        4,
                        3
                    ],
                    "rotation": 270,
                    "texture": "#top",
                    "cullface": "up"
                }
            }
        }
    ]
}