{
    "ambientocclusion": false,
    "textures": {
        "ladder": "block/ladder",
        "particle": "block/ladder"
    },
    "elements": [
        {
            "from": [
                14,
                13,
                15
            ],
            "to": [
                15,
                15,
                16
            ],
            "faces": {
                "north": {
                    "uv": [
                        1,
                        1,
                        2,
                        3
                    ],
                    "texture": "#ladder"
                },
                "east": {
                    "uv": [
                        1,
                        1,
                        2,
                        3
                    ],
                    "texture": "#ladder"
                },
                "south": {
                    "uv": [
                        2,
                        1,
                        1,
                        3
                    ],
                    "texture": "#ladder",
                    "cullface": "south"
                },
                "up": {
                    "uv": [
                        2,
                        1,
                        1,
                        2
                    ],
                    "texture": "#ladder"
                },
                "down": {
                    "uv": [
                        2,
                        2,
                        1,
                        3
                    ],
                    "texture": "#ladder"
                }
            },
            "shade": false
        },
        {
            "from": [
                14,
                9,
                15
            ],
            "to": [
                15,
                11,
                16
            ],
            "faces": {
                "north": {
                    "uv": [
                        1,
                        5,
                        2,
                        7
                    ],
                    "texture": "#ladder"
                },
                "east": {
                    "uv": [
                        1,
                        5,
                        2,
                        7
                    ],
                    "texture": "#ladder"
                },
                "south": {
                    "uv": [
                        2,
                        5,
                        1,
                        7
                    ],
                    "texture": "#ladder",
                    "cullface": "south"
                },
                "up": {
                    "uv": [
                        2,
                        5,
                        1,
                        6
                    ],
                    "texture": "#ladder"
                },
                "down": {
                    "uv": [
                        2,
                        6,
                        1,
                        7
                    ],
                    "texture": "#ladder"
                }
            },
            "shade": false
        },
        {
            "from": [
                14,
                5,
                15
            ],
            "to": [
                15,
                7,
                16
            ],
            "faces": {
                "north": {
                    "uv": [
                        1,
                        9,
                        2,
                        11
                    ],
                    "texture": "#ladder"
                },
                "east": {
                    "uv": [
                        1,
                        9,
                        2,
                        11
                    ],
                    "texture": "#ladder"
                },
                "south": {
                    "uv": [
                        2,
                        9,
                        1,
                        11
                    ],
                    "texture": "#ladder",
                    "cullface": "south"
                },
                "up": {
                    "uv": [
                        2,
                        9,
                        1,
                        10
                    ],
                    "texture": "#ladder"
                },
                "down": {
                    "uv": [
                        2,
                        10,
                        1,
                        11
                    ],
                    "texture": "#ladder"
                }
            },
            "shade": false
        },
        {
            "from": [
                14,
                1,
                15
            ],
            "to": [
                15,
                3,
                16
            ],
            "faces": {
                "north": {
                    "uv": [
                        1,
                        13,
                        2,
                        15
                    ],
                    "texture": "#ladder"
                },
                "east": {
                    "uv": [
                        1,
                        13,
                        2,
                        15
                    ],
                    "texture": "#ladder"
                },
                "south": {
                    "uv": [
                        2,
                        13,
                        1,
                        15
                    ],
                    "texture": "#ladder",
                    "cullface": "south"
                },
                "up": {
                    "uv": [
                        2,
                        13,
                        1,
                        14
                    ],
                    "texture": "#ladder"
                },
                "down": {
                    "uv": [
                        2,
                        14,
                        1,
                        15
                    ],
                    "texture": "#ladder"
                }
            },
            "shade": false
        },
        {
            "from": [
                12,
                0,
                15
            ],
            "to": [
                14,
                16,
                16
            ],
            "faces": {
                "north": {
                    "uv": [
                        2,
                        0,
                        4,
                        16
                    ],
                    "texture": "#ladder"
                },
                "east": {
                    "uv": [
                        2,
                        0,
                        3,
                        16
                    ],
                    "texture": "#ladder"
                },
                "south": {
                    "uv": [
                        4,
                        0,
                        2,
                        16
                    ],
                    "texture": "#ladder",
                    "cullface": "south"
                },
                "west": {
                    "uv": [
                        3,
                        0,
                        4,
                        16
                    ],
                    "texture": "#ladder"
                },
                "up": {
                    "uv": [
                        4,
                        0,
                        2,
                        1
                    ],
                    "texture": "#ladder",
                    "cullface": "up"
                },
                "down": {
                    "uv": [
                        4,
                        15,
                        2,
                        16
                    ],
                    "texture": "#ladder",
                    "cullface": "down"
                }
            },
            "shade": false
        },
        {
            "from": [
                4,
                13,
                15
            ],
            "to": [
                12,
                15,
                16
            ],
            "faces": {
                "north": {
                    "uv": [
                        4,
                        1,
                        12,
                        3
                    ],
                    "texture": "#ladder"
                },
                "south": {
                    "uv": [
                        12,
                        1,
                        4,
                        3
                    ],
                    "texture": "#ladder",
                    "cullface": "south"
                },
                "up": {
                    "uv": [
                        12,
                        1,
                        4,
                        2
                    ],
                    "texture": "#ladder"
                },
                "down": {
                    "uv": [
                        12,
                        2,
                        4,
                        3
                    ],
                    "texture": "#ladder"
                }
            },
            "shade": false
        },
        {
            "from": [
                4,
                9,
                15
            ],
            "to": [
                12,
                11,
                16
            ],
            "faces": {
                "north": {
                    "uv": [
                        4,
                        5,
                        12,
                        7
                    ],
                    "texture": "#ladder"
                },
                "south": {
                    "uv": [
                        12,
                        5,
                        4,
                        7
                    ],
                    "texture": "#ladder",
                    "cullface": "south"
                },
                "up": {
                    "uv": [
                        12,
                        5,
                        4,
                        6
                    ],
                    "texture": "#ladder"
                },
                "down": {
                    "uv": [
                        12,
                        6,
                        4,
                        7
                    ],
                    "texture": "#ladder"
                }
            },
            "shade": false
        },
        {
            "from": [
                4,
                5,
                15
            ],
            "to": [
                12,
                7,
                16
            ],
            "faces": {
                "north": {
                    "uv": [
                        4,
                        9,
                        12,
                        11
                    ],
                    "texture": "#ladder"
                },
                "south": {
                    "uv": [
                        12,
                        9,
                        4,
                        11
                    ],
                    "texture": "#ladder",
                    "cullface": "south"
                },
                "up": {
                    "uv": [
                        12,
                        9,
                        4,
                        10
                    ],
                    "texture": "#ladder"
                },
                "down": {
                    "uv": [
                        12,
                        10,
                        4,
                        11
                    ],
                    "texture": "#ladder"
                }
            },
            "shade": false
        },
        {
            "from": [
                4,
                1,
                15
            ],
            "to": [
                12,
                3,
                16
            ],
            "faces": {
                "north": {
                    "uv": [
                        4,
                        13,
                        12,
                        15
                    ],
                    "texture": "#ladder"
                },
                "south": {
                    "uv": [
                        12,
                        13,
                        4,
                        15
                    ],
                    "texture": "#ladder",
                    "cullface": "south"
                },
                "up": {
                    "uv": [
                        12,
                        13,
                        4,
                        14
                    ],
                    "texture": "#ladder"
                },
                "down": {
                    "uv": [
                        12,
                        14,
                        4,
                        15
                    ],
                    "texture": "#ladder"
                }
            },
            "shade": false
        },
        {
            "from": [
                2,
                0,
                15
            ],
            "to": [
                4,
                16,
                16
            ],
            "faces": {
                "north": {
                    "uv": [
                        12,
                        0,
                        14,
                        16
                    ],
                    "texture": "#ladder"
                },
                "east": {
                    "uv": [
                        12,
                        0,
                        13,
                        16
                    ],
                    "texture": "#ladder"
                },
                "south": {
                    "uv": [
                        14,
                        0,
                        12,
                        16
                    ],
                    "texture": "#ladder",
                    "cullface": "south"
                },
                "west": {
                    "uv": [
                        13,
                        0,
                        14,
                        16
                    ],
                    "texture": "#ladder"
                },
                "up": {
                    "uv": [
                        14,
                        0,
                        12,
                        1
                    ],
                    "texture": "#ladder",
                    "cullface": "up"
                },
                "down": {
                    "uv": [
                        14,
                        15,
                        12,
                        16
                    ],
                    "texture": "#ladder",
                    "cullface": "down"
                }
            },
            "shade": false
        },
        {
            "from": [
                1,
                13,
                15
            ],
            "to": [
                2,
                15,
                16
            ],
            "faces": {
                "north": {
                    "uv": [
                        14,
                        1,
                        15,
                        3
                    ],
                    "texture": "#ladder"
                },
                "south": {
                    "uv": [
                        15,
                        1,
                        14,
                        3
                    ],
                    "texture": "#ladder",
                    "cullface": "south"
                },
                "west": {
                    "uv": [
                        14,
                        1,
                        15,
                        3
                    ],
                    "texture": "#ladder"
                },
                "up": {
                    "uv": [
                        15,
                        1,
                        14,
                        2
                    ],
                    "texture": "#ladder"
                },
                "down": {
                    "uv": [
                        15,
                        2,
                        14,
                        3
                    ],
                    "texture": "#ladder"
                }
            },
            "shade": false
        },
        {
            "from": [
                1,
                9,
                15
            ],
            "to": [
                2,
                11,
                16
            ],
            "faces": {
                "north": {
                    "uv": [
                        14,
                        5,
                        15,
                        7
                    ],
                    "texture": "#ladder"
                },
                "south": {
                    "uv": [
                        15,
                        5,
                        14,
                        7
                    ],
                    "texture": "#ladder",
                    "cullface": "south"
                },
                "west": {
                    "uv": [
                        14,
                        5,
                        15,
                        7
                    ],
                    "texture": "#ladder"
                },
                "up": {
                    "uv": [
                        15,
                        5,
                        14,
                        6
                    ],
                    "texture": "#ladder"
                },
                "down": {
                    "uv": [
                        15,
                        6,
                        14,
                        7
                    ],
                    "texture": "#ladder"
                }
            },
            "shade": false
        },
        {
            "from": [
                1,
                5,
                15
            ],
            "to": [
                2,
                7,
                16
            ],
            "faces": {
                "north": {
                    "uv": [
                        14,
                        9,
                        15,
                        11
                    ],
                    "texture": "#ladder"
                },
                "south": {
                    "uv": [
                        15,
                        9,
                        14,
                        11
                    ],
                    "texture": "#ladder",
                    "cullface": "south"
                },
                "west": {
                    "uv": [
                        14,
                        9,
                        15,
                        11
                    ],
                    "texture": "#ladder"
                },
                "up": {
                    "uv": [
                        15,
                        9,
                        14,
                        10
                    ],
                    "texture": "#ladder"
                },
                "down": {
                    "uv": [
                        15,
                        10,
                        14,
                        11
                    ],
                    "texture": "#ladder"
                }
            },
            "shade": false
        },
        {
            "from": [
                1,
                1,
                15
            ],
            "to": [
                2,
                3,
                16
            ],
            "faces": {
                "north": {
                    "uv": [
                        14,
                        13,
                        15,
                        15
                    ],
                    "texture": "#ladder"
                },
                "south": {
                    "uv": [
                        15,
                        13,
                        14,
                        15
                    ],
                    "texture": "#ladder",
                    "cullface": "south"
                },
                "west": {
                    "uv": [
                        14,
                        13,
                        15,
                        15
                    ],
                    "texture": "#ladder"
                },
                "up": {
                    "uv": [
                        15,
                        13,
                        14,
                        14
                    ],
                    "texture": "#ladder"
                },
                "down": {
                    "uv": [
                        15,
                        14,
                        14,
                        15
                    ],
                    "texture": "#ladder"
                }
            },
            "shade": false
        }
    ]
}