{
    "ambientocclusion": false,
    "textures": {
        "particle": "block/lily_pad",
        "lily_pad": "block/lily_pad"
    },
    "elements": [
        {
            "from": [
                2,
                0,
                4
            ],
            "to": [
                3,
                1,
                11
            ],
            "faces": {
                "north": {
                    "uv": [
                        2,
                        4,
                        3,
                        5
                    ],
                    "texture": "#lily_pad",
                    "tintindex": 0
                },
                "south": {
                    "uv": [
                        2,
                        10,
                        3,
                        11
                    ],
                    "texture": "#lily_pad",
                    "tintindex": 0
                },
                "west": {
                    "uv": [
                        2,
                        4,
                        3,
                        11
                    ],
                    "rotation": 270,
                    "texture": "#lily_pad",
                    "tintindex": 0
                },
                "up": {
                    "uv": [
                        2,
                        4,
                        3,
                        11
                    ],
                    "texture": "#lily_pad",
                    "tintindex": 0
                },
                "down": {
                    "uv": [
                        2,
                        11,
                        3,
                        4
                    ],
                    "texture": "#lily_pad",
                    "tintindex": 0,
                    "cullface": "down"
                }
            }
        },
        {
            "from": [
                3,
                0,
                2
            ],
            "to": [
                4,
                1,
                13
            ],
            "faces": {
                "north": {
                    "uv": [
                        3,
                        2,
                        4,
                        3
                    ],
                    "texture": "#lily_pad",
                    "tintindex": 0
                },
                "south": {
                    "uv": [
                        3,
                        12,
                        4,
                        13
                    ],
                    "texture": "#lily_pad",
                    "tintindex": 0
                },
                "west": {
                    "uv": [
                        3,
                        2,
                        4,
                        13
                    ],
                    "rotation": 270,
                    "texture": "#lily_pad",
                    "tintindex": 0
                },
                "up": {
                    "uv": [
                        3,
                        2,
                        4,
                        13
                    ],
                    "texture": "#lily_pad",
                    "tintindex": 0
                },
                "down": {
                    "uv": [
                        3,
                        13,
                        4,
                        2
                    ],
                    "texture": "#lily_pad",
                    "tintindex": 0,
                    "cullface": "down"
                }
            }
        },
        {
            "from": [
                4,
                0,
                1
            ],
            "to": [
                6,
                1,
                14
            ],
            "faces": {
                "north": {
                    "uv": [
                        4,
                        1,
                        6,
                        2
                    ],
                    "texture": "#lily_pad",
                    "tintindex": 0
                },
                "south": {
                    "uv": [
                        4,
                        13,
                        6,
                        14
                    ],
                    "texture": "#lily_pad",
                    "tintindex": 0
                },
                "west": {
                    "uv": [
                        4,
                        1,
                        5,
                        14
                    ],
                    "rotation": 270,
                    "texture": "#lily_pad",
                    "tintindex": 0
                },
                "up": {
                    "uv": [
                        4,
                        1,
                        6,
                        14
                    ],
                    "texture": "#lily_pad",
                    "tintindex": 0
                },
                "down": {
                    "uv": [
                        4,
                        14,
                        6,
                        1
                    ],
                    "texture": "#lily_pad",
                    "tintindex": 0,
                    "cullface": "down"
                }
            }
        },
        {
            "from": [
                6,
                0,
                1
            ],
            "to": [
                7,
                1,
                15
            ],
            "faces": {
                "north": {
                    "uv": [
                        6,
                        1,
                        7,
                        2
                    ],
                    "texture": "#lily_pad",
                    "tintindex": 0
                },
                "east": {
                    "uv": [
                        6,
                        1,
                        7,
                        15
                    ],
                    "rotation": 90,
                    "texture": "#lily_pad",
                    "tintindex": 0
                },
                "south": {
                    "uv": [
                        6,
                        14,
                        7,
                        15
                    ],
                    "texture": "#lily_pad",
                    "tintindex": 0
                },
                "west": {
                    "uv": [
                        6,
                        1,
                        7,
                        15
                    ],
                    "rotation": 270,
                    "texture": "#lily_pad",
                    "tintindex": 0
                },
                "up": {
                    "uv": [
                        6,
                        1,
                        7,
                        15
                    ],
                    "texture": "#lily_pad",
                    "tintindex": 0
                },
                "down": {
                    "uv": [
                        6,
                        15,
                        7,
                        1
                    ],
                    "texture": "#lily_pad",
                    "tintindex": 0,
                    "cullface": "down"
                }
            }
        },
        {
            "from": [
                7,
                0,
                3
            ],
            "to": [
                8,
                1,
                15
            ],
            "faces": {
                "north": {
                    "uv": [
                        7,
                        3,
                        8,
                        4
                    ],
                    "texture": "#lily_pad",
                    "tintindex": 0
                },
                "east": {
                    "uv": [
                        7,
                        3,
                        8,
                        15
                    ],
                    "rotation": 90,
                    "texture": "#lily_pad",
                    "tintindex": 0
                },
                "south": {
                    "uv": [
                        7,
                        14,
                        8,
                        15
                    ],
                    "texture": "#lily_pad",
                    "tintindex": 0
                },
                "up": {
                    "uv": [
                        7,
                        3,
                        8,
                        15
                    ],
                    "texture": "#lily_pad",
                    "tintindex": 0
                },
                "down": {
                    "uv": [
                        7,
                        15,
                        8,
                        3
                    ],
                    "texture": "#lily_pad",
                    "tintindex": 0,
                    "cullface": "down"
                }
            }
        },
        {
            "from": [
                8,
                0,
                5
            ],
            "to": [
                9,
                1,
                15
            ],
            "faces": {
                "north": {
                    "uv": [
                        8,
                        5,
                        9,
                        6
                    ],
                    "texture": "#lily_pad",
                    "tintindex": 0
                },
                "south": {
                    "uv": [
                        8,
                        14,
                        9,
                        15
                    ],
                    "texture": "#lily_pad",
                    "tintindex": 0
                },
                "up": {
                    "uv": [
                        8,
                        5,
                        9,
                        15
                    ],
                    "texture": "#lily_pad",
                    "tintindex": 0
                },
                "down": {
                    "uv": [
                        8,
                        15,
                        9,
                        5
                    ],
                    "texture": "#lily_pad",
                    "tintindex": 0,
                    "cullface": "down"
                }
            }
        },
        {
            "from": [
                9,
                0,
                3
            ],
            "to": [
                10,
                1,
                15
            ],
            "faces": {
                "north": {
                    "uv": [
                        9,
                        3,
                        10,
                        4
                    ],
                    "texture": "#lily_pad",
                    "tintindex": 0
                },
                "south": {
                    "uv": [
                        9,
                        14,
                        10,
                        15
                    ],
                    "texture": "#lily_pad",
                    "tintindex": 0
                },
                "west": {
                    "uv": [
                        9,
                        3,
                        10,
                        15
                    ],
                    "rotation": 270,
                    "texture": "#lily_pad",
                    "tintindex": 0
                },
                "up": {
                    "uv": [
                        9,
                        3,
                        10,
                        15
                    ],
                    "texture": "#lily_pad",
                    "tintindex": 0
                },
                "down": {
                    "uv": [
                        9,
                        15,
                        10,
                        3
                    ],
                    "texture": "#lily_pad",
                    "tintindex": 0,
                    "cullface": "down"
                }
            }
        },
        {
            "from": [
                10,
                0,
                1
            ],
            "to": [
                11,
                1,
                15
            ],
            "faces": {
                "north": {
                    "uv": [
                        10,
                        1,
                        11,
                        2
                    ],
                    "texture": "#lily_pad",
                    "tintindex": 0
                },
                "east": {
                    "uv": [
                        10,
                        1,
                        11,
                        15
                    ],
                    "rotation": 90,
                    "texture": "#lily_pad",
                    "tintindex": 0
                },
                "south": {
                    "uv": [
                        10,
                        14,
                        11,
                        15
                    ],
                    "texture": "#lily_pad",
                    "tintindex": 0
                },
                "west": {
                    "uv": [
                        10,
                        1,
                        11,
                        15
                    ],
                    "rotation": 270,
                    "texture": "#lily_pad",
                    "tintindex": 0
                },
                "up": {
                    "uv": [
                        10,
                        1,
                        11,
                        15
                    ],
                    "texture": "#lily_pad",
                    "tintindex": 0
                },
                "down": {
                    "uv": [
                        10,
                        15,
                        11,
                        1
                    ],
                    "texture": "#lily_pad",
                    "tintindex": 0,
                    "cullface": "down"
                }
            }
        },
        {
            "from": [
                11,
                0,
                1
            ],
            "to": [
                13,
                1,
                14
            ],
            "faces": {
                "north": {
                    "uv": [
                        11,
                        1,
                        13,
                        2
                    ],
                    "texture": "#lily_pad",
                    "tintindex": 0
                },
                "east": {
                    "uv": [
                        12,
                        1,
                        13,
                        14
                    ],
                    "rotation": 90,
                    "texture": "#lily_pad",
                    "tintindex": 0
                },
                "south": {
                    "uv": [
                        11,
                        13,
                        13,
                        14
                    ],
                    "texture": "#lily_pad",
                    "tintindex": 0
                },
                "up": {
                    "uv": [
                        11,
                        1,
                        13,
                        14
                    ],
                    "texture": "#lily_pad",
                    "tintindex": 0
                },
                "down": {
                    "uv": [
                        11,
                        14,
                        13,
                        1
                    ],
                    "texture": "#lily_pad",
                    "tintindex": 0,
                    "cullface": "down"
                }
            }
        },
        {
            "from": [
                13,
                0,
                2
            ],
            "to": [
                14,
                1,
                13
            ],
            "faces": {
                "north": {
                    "uv": [
                        13,
                        2,
                        14,
                        3
                    ],
                    "texture": "#lily_pad",
                    "tintindex": 0
                },
                "east": {
                    "uv": [
                        13,
                        2,
                        14,
                        13
                    ],
                    "rotation": 90,
                    "texture": "#lily_pad",
                    "tintindex": 0
                },
                "south": {
                    "uv": [
                        13,
                        12,
                        14,
                        13
                    ],
                    "texture": "#lily_pad",
                    "tintindex": 0
                },
                "up": {
                    "uv": [
                        13,
                        2,
                        14,
                        13
                    ],
                    "texture": "#lily_pad",
                    "tintindex": 0
                },
                "down": {
                    "uv": [
                        13,
                        13,
                        14,
                        2
                    ],
                    "texture": "#lily_pad",
                    "tintindex": 0,
                    "cullface": "down"
                }
            }
        },
        {
            "from": [
                14,
                0,
                4
            ],
            "to": [
                15,
                1,
                11
            ],
            "faces": {
                "north": {
                    "uv": [
                        14,
                        4,
                        15,
                        5
                    ],
                    "texture": "#lily_pad",
                    "tintindex": 0
                },
                "east": {
                    "uv": [
                        14,
                        4,
                        15,
                        11
                    ],
                    "rotation": 90,
                    "texture": "#lily_pad",
                    "tintindex": 0
                },
                "south": {
                    "uv": [
                        14,
                        10,
                        15,
                        11
                    ],
                    "texture": "#lily_pad",
                    "tintindex": 0
                },
                "up": {
                    "uv": [
                        14,
                        4,
                        15,
                        11
                    ],
                    "texture": "#lily_pad",
                    "tintindex": 0
                },
                "down": {
                    "uv": [
                        14,
                        11,
                        15,
                        4
                    ],
                    "texture": "#lily_pad",
                    "tintindex": 0,
                    "cullface": "down"
                }
            }
        }
    ]
}