{
    "ambientocclusion": false,
    "textures": {
        "nether_sprouts": "block/nether_sprouts",
        "particle": "block/nether_sprouts"
    },
    "elements": [
        {
            "from": [
                1,
                0,
                1
            ],
            "to": [
                2,
                2,
                2
            ],
            "faces": {
                "north": {
                    "uv": [
                        2,
                        14,
                        1,
                        16
                    ],
                    "texture": "#nether_sprouts"
                },
                "east": {
                    "uv": [
                        1,
                        14,
                        2,
                        16
                    ],
                    "texture": "#nether_sprouts"
                },
                "south": {
                    "uv": [
                        1,
                        14,
                        2,
                        16
                    ],
                    "texture": "#nether_sprouts"
                },
                "west": {
                    "uv": [
                        1,
                        14,
                        2,
                        16
                    ],
                    "texture": "#nether_sprouts"
                },
                "up": {
                    "uv": [
                        1,
                        14,
                        2,
                        15
                    ],
                    "texture": "#nether_sprouts"
                },
                "down": {
                    "uv": [
                        1,
                        15,
                        2,
                        16
                    ],
                    "texture": "#nether_sprouts",
                    "cullface": "down"
                }
            },
            "shade": false
        },
        {
            "from": [
                14,
                0,
                1
            ],
            "to": [
                15,
                2,
                2
            ],
            "faces": {
                "north": {
                    "uv": [
                        2,
                        14,
                        1,
                        16
                    ],
                    "texture": "#nether_sprouts"
                },
                "east": {
                    "uv": [
                        1,
                        14,
                        2,
                        16
                    ],
                    "texture": "#nether_sprouts"
                },
                "south": {
                    "uv": [
                        1,
                        14,
                        2,
                        16
                    ],
                    "texture": "#nether_sprouts"
                },
                "west": {
                    "uv": [
                        1,
                        14,
                        2,
                        16
                    ],
                    "texture": "#nether_sprouts"
                },
                "up": {
                    "uv": [
                        1,
                        14,
                        2,
                        15
                    ],
                    "texture": "#nether_sprouts"
                },
                "down": {
                    "uv": [
                        1,
                        15,
                        2,
                        16
                    ],
                    "texture": "#nether_sprouts",
                    "cullface": "down"
                }
            },
            "shade": false
        },
        {
            "from": [
                2,
                0,
                2
            ],
            "to": [
                3,
                4,
                3
            ],
            "faces": {
                "north": {
                    "uv": [
                        3,
                        12,
                        2,
                        16
                    ],
                    "texture": "#nether_sprouts"
                },
                "east": {
                    "uv": [
                        2,
                        12,
                        3,
                        16
                    ],
                    "texture": "#nether_sprouts"
                },
                "south": {
                    "uv": [
                        2,
                        12,
                        3,
                        16
                    ],
                    "texture": "#nether_sprouts"
                },
                "west": {
                    "uv": [
                        2,
                        12,
                        3,
                        16
                    ],
                    "texture": "#nether_sprouts"
                },
                "up": {
                    "uv": [
                        2,
                        12,
                        3,
                        13
                    ],
                    "texture": "#nether_sprouts"
                },
                "down": {
                    "uv": [
                        2,
                        15,
                        3,
                        16
                    ],
                    "texture": "#nether_sprouts",
                    "cullface": "down"
                }
            },
            "shade": false
        },
        {
            "from": [
                13,
                0,
                2
            ],
            "to": [
                14,
                4,
                3
            ],
            "faces": {
                "north": {
                    "uv": [
                        3,
                        12,
                        2,
                        16
                    ],
                    "texture": "#nether_sprouts"
                },
                "east": {
                    "uv": [
                        2,
                        12,
                        3,
                        16
                    ],
                    "texture": "#nether_sprouts"
                },
                "south": {
                    "uv": [
                        2,
                        12,
                        3,
                        16
                    ],
                    "texture": "#nether_sprouts"
                },
                "west": {
                    "uv": [
                        2,
                        12,
                        3,
                        16
                    ],
                    "texture": "#nether_sprouts"
                },
                "up": {
                    "uv": [
                        2,
                        12,
                        3,
                        13
                    ],
                    "texture": "#nether_sprouts"
                },
                "down": {
                    "uv": [
                        2,
                        15,
                        3,
                        16
                    ],
                    "texture": "#nether_sprouts",
                    "cullface": "down"
                }
            },
            "shade": false
        },
        {
            "from": [
                4,
                0,
                4
            ],
            "to": [
                5,
                4,
                5
            ],
            "faces": {
                "north": {
                    "uv": [
                        5,
                        12,
                        4,
                        16
                    ],
                    "texture": "#nether_sprouts"
                },
                "east": {
                    "uv": [
                        4,
                        12,
                        5,
                        16
                    ],
                    "texture": "#nether_sprouts"
                },
                "south": {
                    "uv": [
                        4,
                        12,
                        5,
                        16
                    ],
                    "texture": "#nether_sprouts"
                },
                "west": {
                    "uv": [
                        4,
                        12,
                        5,
                        16
                    ],
                    "texture": "#nether_sprouts"
                },
                "up": {
                    "uv": [
                        4,
                        12,
                        5,
                        13
                    ],
                    "texture": "#nether_sprouts"
                },
                "down": {
                    "uv": [
                        4,
                        15,
                        5,
                        16
                    ],
                    "texture": "#nether_sprouts",
                    "cullface": "down"
                }
            },
            "shade": false
        },
        {
            "from": [
                11,
                0,
                4
            ],
            "to": [
                12,
                4,
                5
            ],
            "faces": {
                "north": {
                    "uv": [
                        5,
                        12,
                        4,
                        16
                    ],
                    "texture": "#nether_sprouts"
                },
                "east": {
                    "uv": [
                        4,
                        12,
                        5,
                        16
                    ],
                    "texture": "#nether_sprouts"
                },
                "south": {
                    "uv": [
                        4,
                        12,
                        5,
                        16
                    ],
                    "texture": "#nether_sprouts"
                },
                "west": {
                    "uv": [
                        4,
                        12,
                        5,
                        16
                    ],
                    "texture": "#nether_sprouts"
                },
                "up": {
                    "uv": [
                        4,
                        12,
                        5,
                        13
                    ],
                    "texture": "#nether_sprouts"
                },
                "down": {
                    "uv": [
                        4,
                        15,
                        5,
                        16
                    ],
                    "texture": "#nether_sprouts",
                    "cullface": "down"
                }
            },
            "shade": false
        },
        {
            "from": [
                5,
                0,
                5
            ],
            "to": [
                6,
                3,
                6
            ],
            "faces": {
                "north": {
                    "uv": [
                        6,
                        13,
                        5,
                        16
                    ],
                    "texture": "#nether_sprouts"
                },
                "east": {
                    "uv": [
                        5,
                        13,
                        6,
                        16
                    ],
                    "texture": "#nether_sprouts"
                },
                "south": {
                    "uv": [
                        5,
                        13,
                        6,
                        16
                    ],
                    "texture": "#nether_sprouts"
                },
                "west": {
                    "uv": [
                        5,
                        13,
                        6,
                        16
                    ],
                    "texture": "#nether_sprouts"
                },
                "up": {
                    "uv": [
                        5,
                        13,
                        6,
                        14
                    ],
                    "texture": "#nether_sprouts"
                },
                "down": {
                    "uv": [
                        5,
                        15,
                        6,
                        16
                    ],
                    "texture": "#nether_sprouts",
                    "cullface": "down"
                }
            },
            "shade": false
        },
        {
            "from": [
                10,
                0,
                5
            ],
            "to": [
                11,
                3,
                6
            ],
            "faces": {
                "north": {
                    "uv": [
                        6,
                        13,
                        5,
                        16
                    ],
                    "texture": "#nether_sprouts"
                },
                "east": {
                    "uv": [
                        5,
                        13,
                        6,
                        16
                    ],
                    "texture": "#nether_sprouts"
                },
                "south": {
                    "uv": [
                        5,
                        13,
                        6,
                        16
                    ],
                    "texture": "#nether_sprouts"
                },
                "west": {
                    "uv": [
                        5,
                        13,
                        6,
                        16
                    ],
                    "texture": "#nether_sprouts"
                },
                "up": {
                    "uv": [
                        5,
                        13,
                        6,
                        14
                    ],
                    "texture": "#nether_sprouts"
                },
                "down": {
                    "uv": [
                        5,
                        15,
                        6,
                        16
                    ],
                    "texture": "#nether_sprouts",
                    "cullface": "down"
                }
            },
            "shade": false
        },
        {
            "from": [
                7,
                0,
                7
            ],
            "to": [
                8,
                5,
                8
            ],
            "faces": {
                "north": {
                    "uv": [
                        8,
                        11,
                        7,
                        16
                    ],
                    "texture": "#nether_sprouts"
                },
                "east": {
                    "uv": [
                        7,
                        11,
                        8,
                        16
                    ],
                    "texture": "#nether_sprouts"
                },
                "south": {
                    "uv": [
                        7,
                        11,
                        8,
                        16
                    ],
                    "texture": "#nether_sprouts"
                },
                "west": {
                    "uv": [
                        7,
                        11,
                        8,
                        16
                    ],
                    "texture": "#nether_sprouts"
                },
                "up": {
                    "uv": [
                        7,
                        11,
                        8,
                        12
                    ],
                    "texture": "#nether_sprouts"
                },
                "down": {
                    "uv": [
                        7,
                        15,
                        8,
                        16
                    ],
                    "texture": "#nether_sprouts",
                    "cullface": "down"
                }
            },
            "shade": false
        },
        {
            "from": [
                8,
                0,
                8
            ],
            "to": [
                9,
                5,
                9
            ],
            "faces": {
                "north": {
                    "uv": [
                        8,
                        11,
                        7,
                        16
                    ],
                    "texture": "#nether_sprouts"
                },
                "east": {
                    "uv": [
                        7,
                        11,
                        8,
                        16
                    ],
                    "texture": "#nether_sprouts"
                },
                "south": {
                    "uv": [
                        7,
                        11,
                        8,
                        16
                    ],
                    "texture": "#nether_sprouts"
                },
                "west": {
                    "uv": [
                        7,
                        11,
                        8,
                        16
                    ],
                    "texture": "#nether_sprouts"
                },
                "up": {
                    "uv": [
                        7,
                        11,
                        8,
                        12
                    ],
                    "texture": "#nether_sprouts"
                },
                "down": {
                    "uv": [
                        7,
                        15,
                        8,
                        16
                    ],
                    "texture": "#nether_sprouts",
                    "cullface": "down"
                }
            },
            "shade": false
        },
        {
            "from": [
                9,
                0,
                9
            ],
            "to": [
                10,
                4,
                10
            ],
            "faces": {
                "north": {
                    "uv": [
                        10,
                        12,
                        9,
                        16
                    ],
                    "texture": "#nether_sprouts"
                },
                "east": {
                    "uv": [
                        9,
                        12,
                        10,
                        16
                    ],
                    "texture": "#nether_sprouts"
                },
                "south": {
                    "uv": [
                        9,
                        12,
                        10,
                        16
                    ],
                    "texture": "#nether_sprouts"
                },
                "west": {
                    "uv": [
                        9,
                        12,
                        10,
                        16
                    ],
                    "texture": "#nether_sprouts"
                },
                "up": {
                    "uv": [
                        9,
                        12,
                        10,
                        13
                    ],
                    "texture": "#nether_sprouts"
                },
                "down": {
                    "uv": [
                        9,
                        15,
                        10,
                        16
                    ],
                    "texture": "#nether_sprouts",
                    "cullface": "down"
                }
            },
            "shade": false
        },
        {
            "from": [
                6,
                0,
                9
            ],
            "to": [
                7,
                4,
                10
            ],
            "faces": {
                "north": {
                    "uv": [
                        10,
                        12,
                        9,
                        16
                    ],
                    "texture": "#nether_sprouts"
                },
                "east": {
                    "uv": [
                        9,
                        12,
                        10,
                        16
                    ],
                    "texture": "#nether_sprouts"
                },
                "south": {
                    "uv": [
                        9,
                        12,
                        10,
                        16
                    ],
                    "texture": "#nether_sprouts"
                },
                "west": {
                    "uv": [
                        9,
                        12,
                        10,
                        16
                    ],
                    "texture": "#nether_sprouts"
                },
                "up": {
                    "uv": [
                        9,
                        12,
                        10,
                        13
                    ],
                    "texture": "#nether_sprouts"
                },
                "down": {
                    "uv": [
                        9,
                        15,
                        10,
                        16
                    ],
                    "texture": "#nether_sprouts",
                    "cullface": "down"
                }
            },
            "shade": false
        },
        {
            "from": [
                11,
                0,
                11
            ],
            "to": [
                12,
                3,
                12
            ],
            "faces": {
                "north": {
                    "uv": [
                        12,
                        13,
                        11,
                        16
                    ],
                    "texture": "#nether_sprouts"
                },
                "east": {
                    "uv": [
                        11,
                        13,
                        12,
                        16
                    ],
                    "texture": "#nether_sprouts"
                },
                "south": {
                    "uv": [
                        11,
                        13,
                        12,
                        16
                    ],
                    "texture": "#nether_sprouts"
                },
                "west": {
                    "uv": [
                        11,
                        13,
                        12,
                        16
                    ],
                    "texture": "#nether_sprouts"
                },
                "up": {
                    "uv": [
                        11,
                        13,
                        12,
                        14
                    ],
                    "texture": "#nether_sprouts"
                },
                "down": {
                    "uv": [
                        11,
                        15,
                        12,
                        16
                    ],
                    "texture": "#nether_sprouts",
                    "cullface": "down"
                }
            },
            "shade": false
        },
        {
            "from": [
                4,
                0,
                11
            ],
            "to": [
                5,
                3,
                12
            ],
            "faces": {
                "north": {
                    "uv": [
                        12,
                        13,
                        11,
                        16
                    ],
                    "texture": "#nether_sprouts"
                },
                "east": {
                    "uv": [
                        11,
                        13,
                        12,
                        16
                    ],
                    "texture": "#nether_sprouts"
                },
                "south": {
                    "uv": [
                        11,
                        13,
                        12,
                        16
                    ],
                    "texture": "#nether_sprouts"
                },
                "west": {
                    "uv": [
                        11,
                        13,
                        12,
                        16
                    ],
                    "texture": "#nether_sprouts"
                },
                "up": {
                    "uv": [
                        11,
                        13,
                        12,
                        14
                    ],
                    "texture": "#nether_sprouts"
                },
                "down": {
                    "uv": [
                        11,
                        15,
                        12,
                        16
                    ],
                    "texture": "#nether_sprouts",
                    "cullface": "down"
                }
            },
            "shade": false
        },
        {
            "from": [
                12,
                0,
                12
            ],
            "to": [
                13,
                4,
                13
            ],
            "faces": {
                "north": {
                    "uv": [
                        13,
                        12,
                        12,
                        16
                    ],
                    "texture": "#nether_sprouts"
                },
                "east": {
                    "uv": [
                        12,
                        12,
                        13,
                        16
                    ],
                    "texture": "#nether_sprouts"
                },
                "south": {
                    "uv": [
                        12,
                        12,
                        13,
                        16
                    ],
                    "texture": "#nether_sprouts"
                },
                "west": {
                    "uv": [
                        12,
                        12,
                        13,
                        16
                    ],
                    "texture": "#nether_sprouts"
                },
                "up": {
                    "uv": [
                        12,
                        12,
                        13,
                        13
                    ],
                    "texture": "#nether_sprouts"
                },
                "down": {
                    "uv": [
                        12,
                        15,
                        13,
                        16
                    ],
                    "texture": "#nether_sprouts",
                    "cullface": "down"
                }
            },
            "shade": false
        },
        {
            "from": [
                3,
                0,
                12
            ],
            "to": [
                4,
                4,
                13
            ],
            "faces": {
                "north": {
                    "uv": [
                        13,
                        12,
                        12,
                        16
                    ],
                    "texture": "#nether_sprouts"
                },
                "east": {
                    "uv": [
                        12,
                        12,
                        13,
                        16
                    ],
                    "texture": "#nether_sprouts"
                },
                "south": {
                    "uv": [
                        12,
                        12,
                        13,
                        16
                    ],
                    "texture": "#nether_sprouts"
                },
                "west": {
                    "uv": [
                        12,
                        12,
                        13,
                        16
                    ],
                    "texture": "#nether_sprouts"
                },
                "up": {
                    "uv": [
                        12,
                        12,
                        13,
                        13
                    ],
                    "texture": "#nether_sprouts"
                },
                "down": {
                    "uv": [
                        12,
                        15,
                        13,
                        16
                    ],
                    "texture": "#nether_sprouts",
                    "cullface": "down"
                }
            },
            "shade": false
        },
        {
            "from": [
                14,
                0,
                14
            ],
            "to": [
                15,
                2,
                15
            ],
            "faces": {
                "north": {
                    "uv": [
                        15,
                        14,
                        14,
                        16
                    ],
                    "texture": "#nether_sprouts"
                },
                "east": {
                    "uv": [
                        14,
                        14,
                        15,
                        16
                    ],
                    "texture": "#nether_sprouts"
                },
                "south": {
                    "uv": [
                        14,
                        14,
                        15,
                        16
                    ],
                    "texture": "#nether_sprouts"
                },
                "west": {
                    "uv": [
                        14,
                        14,
                        15,
                        16
                    ],
                    "texture": "#nether_sprouts"
                },
                "up": {
                    "uv": [
                        14,
                        14,
                        15,
                        15
                    ],
                    "texture": "#nether_sprouts"
                },
                "down": {
                    "uv": [
                        14,
                        15,
                        15,
                        16
                    ],
                    "texture": "#nether_sprouts",
                    "cullface": "down"
                }
            },
            "shade": false
        },
        {
            "from": [
                1,
                0,
                14
            ],
            "to": [
                2,
                2,
                15
            ],
            "faces": {
                "north": {
                    "uv": [
                        15,
                        14,
                        14,
                        16
                    ],
                    "texture": "#nether_sprouts"
                },
                "east": {
                    "uv": [
                        14,
                        14,
                        15,
                        16
                    ],
                    "texture": "#nether_sprouts"
                },
                "south": {
                    "uv": [
                        14,
                        14,
                        15,
                        16
                    ],
                    "texture": "#nether_sprouts"
                },
                "west": {
                    "uv": [
                        14,
                        14,
                        15,
                        16
                    ],
                    "texture": "#nether_sprouts"
                },
                "up": {
                    "uv": [
                        14,
                        14,
                        15,
                        15
                    ],
                    "texture": "#nether_sprouts"
                },
                "down": {
                    "uv": [
                        14,
                        15,
                        15,
                        16
                    ],
                    "texture": "#nether_sprouts",
                    "cullface": "down"
                }
            },
            "shade": false
        }
    ]
}