{
    "ambientocclusion": false,
    "textures": {
        "orange_tulip": "block/orange_tulip",
        "particle": "block/orange_tulip"
    },
    "elements": [
        {
            "from": [
                5,
                3,
                5
            ],
            "to": [
                6,
                8,
                6
            ],
            "faces": {
                "north": {
                    "uv": [
                        6,
                        8,
                        5,
                        13
                    ],
                    "texture": "#orange_tulip"
                },
                "east": {
                    "uv": [
                        5,
                        8,
                        6,
                        13
                    ],
                    "texture": "#orange_tulip"
                },
                "south": {
                    "uv": [
                        5,
                        8,
                        6,
                        13
                    ],
                    "texture": "#orange_tulip"
                },
                "west": {
                    "uv": [
                        5,
                        8,
                        6,
                        13
                    ],
                    "texture": "#orange_tulip"
                },
                "up": {
                    "uv": [
                        5,
                        8,
                        6,
                        9
                    ],
                    "texture": "#orange_tulip"
                },
                "down": {
                    "uv": [
                        5,
                        12,
                        6,
                        13
                    ],
                    "texture": "#orange_tulip"
                }
            },
            "shade": false
        },
        {
            "from": [
                10,
                3,
                5
            ],
            "to": [
                11,
                8,
                6
            ],
            "faces": {
                "north": {
                    "uv": [
                        6,
                        8,
                        5,
                        13
                    ],
                    "texture": "#orange_tulip"
                },
                "east": {
                    "uv": [
                        5,
                        8,
                        6,
                        13
                    ],
                    "texture": "#orange_tulip"
                },
                "south": {
                    "uv": [
                        5,
                        8,
                        6,
                        13
                    ],
                    "texture": "#orange_tulip"
                },
                "west": {
                    "uv": [
                        5,
                        8,
                        6,
                        13
                    ],
                    "texture": "#orange_tulip"
                },
                "up": {
                    "uv": [
                        5,
                        8,
                        6,
                        9
                    ],
                    "texture": "#orange_tulip"
                },
                "down": {
                    "uv": [
                        5,
                        12,
                        6,
                        13
                    ],
                    "texture": "#orange_tulip"
                }
            },
            "shade": false
        },
        {
            "from": [
                6,
                10,
                6
            ],
            "to": [
                7,
                13,
                7
            ],
            "faces": {
                "north": {
                    "uv": [
                        7,
                        3,
                        6,
                        6
                    ],
                    "texture": "#orange_tulip"
                },
                "east": {
                    "uv": [
                        6,
                        3,
                        7,
                        6
                    ],
                    "texture": "#orange_tulip"
                },
                "south": {
                    "uv": [
                        6,
                        3,
                        7,
                        6
                    ],
                    "texture": "#orange_tulip"
                },
                "west": {
                    "uv": [
                        6,
                        3,
                        7,
                        6
                    ],
                    "texture": "#orange_tulip"
                },
                "up": {
                    "uv": [
                        6,
                        3,
                        7,
                        4
                    ],
                    "texture": "#orange_tulip"
                },
                "down": {
                    "uv": [
                        6,
                        5,
                        7,
                        6
                    ],
                    "texture": "#orange_tulip"
                }
            },
            "shade": false
        },
        {
            "from": [
                9,
                10,
                6
            ],
            "to": [
                10,
                13,
                7
            ],
            "faces": {
                "north": {
                    "uv": [
                        7,
                        3,
                        6,
                        6
                    ],
                    "texture": "#orange_tulip"
                },
                "east": {
                    "uv": [
                        6,
                        3,
                        7,
                        6
                    ],
                    "texture": "#orange_tulip"
                },
                "south": {
                    "uv": [
                        6,
                        3,
                        7,
                        6
                    ],
                    "texture": "#orange_tulip"
                },
                "west": {
                    "uv": [
                        6,
                        3,
                        7,
                        6
                    ],
                    "texture": "#orange_tulip"
                },
                "up": {
                    "uv": [
                        6,
                        3,
                        7,
                        4
                    ],
                    "texture": "#orange_tulip"
                },
                "down": {
                    "uv": [
                        6,
                        5,
                        7,
                        6
                    ],
                    "texture": "#orange_tulip"
                }
            },
            "shade": false
        },
        {
            "from": [
                6,
                1,
                6
            ],
            "to": [
                7,
                6,
                7
            ],
            "faces": {
                "north": {
                    "uv": [
                        7,
                        10,
                        6,
                        15
                    ],
                    "texture": "#orange_tulip"
                },
                "east": {
                    "uv": [
                        6,
                        10,
                        7,
                        15
                    ],
                    "texture": "#orange_tulip"
                },
                "south": {
                    "uv": [
                        6,
                        10,
                        7,
                        15
                    ],
                    "texture": "#orange_tulip"
                },
                "west": {
                    "uv": [
                        6,
                        10,
                        7,
                        15
                    ],
                    "texture": "#orange_tulip"
                },
                "up": {
                    "uv": [
                        6,
                        10,
                        7,
                        11
                    ],
                    "texture": "#orange_tulip"
                },
                "down": {
                    "uv": [
                        6,
                        14,
                        7,
                        15
                    ],
                    "texture": "#orange_tulip"
                }
            },
            "shade": false
        },
        {
            "from": [
                9,
                1,
                6
            ],
            "to": [
                10,
                6,
                7
            ],
            "faces": {
                "north": {
                    "uv": [
                        7,
                        10,
                        6,
                        15
                    ],
                    "texture": "#orange_tulip"
                },
                "east": {
                    "uv": [
                        6,
                        10,
                        7,
                        15
                    ],
                    "texture": "#orange_tulip"
                },
                "south": {
                    "uv": [
                        6,
                        10,
                        7,
                        15
                    ],
                    "texture": "#orange_tulip"
                },
                "west": {
                    "uv": [
                        6,
                        10,
                        7,
                        15
                    ],
                    "texture": "#orange_tulip"
                },
                "up": {
                    "uv": [
                        6,
                        10,
                        7,
                        11
                    ],
                    "texture": "#orange_tulip"
                },
                "down": {
                    "uv": [
                        6,
                        14,
                        7,
                        15
                    ],
                    "texture": "#orange_tulip"
                }
            },
            "shade": false
        },
        {
            "from": [
                7,
                0,
                7
            ],
            "to": [
                8,
                12,
                8
            ],
            "faces": {
                "north": {
                    "uv": [
                        8,
                        4,
                        7,
                        16
                    ],
                    "texture": "#orange_tulip"
                },
                "south": {
                    "uv": [
                        7,
                        4,
                        8,
                        16
                    ],
                    "texture": "#orange_tulip"
                },
                "west": {
                    "uv": [
                        7,
                        4,
                        8,
                        16
                    ],
                    "texture": "#orange_tulip"
                },
                "up": {
                    "uv": [
                        7,
                        4,
                        8,
                        5
                    ],
                    "texture": "#orange_tulip"
                },
                "down": {
                    "uv": [
                        7,
                        15,
                        8,
                        16
                    ],
                    "texture": "#orange_tulip",
                    "cullface": "down"
                }
            },
            "shade": false
        },
        {
            "from": [
                8,
                0,
                7
            ],
            "to": [
                9,
                12,
                8
            ],
            "faces": {
                "north": {
                    "uv": [
                        8,
                        4,
                        7,
                        16
                    ],
                    "texture": "#orange_tulip"
                },
                "east": {
                    "uv": [
                        7,
                        4,
                        8,
                        16
                    ],
                    "texture": "#orange_tulip"
                },
                "south": {
                    "uv": [
                        7,
                        4,
                        8,
                        16
                    ],
                    "texture": "#orange_tulip"
                },
                "up": {
                    "uv": [
                        7,
                        4,
                        8,
                        5
                    ],
                    "texture": "#orange_tulip"
                },
                "down": {
                    "uv": [
                        7,
                        15,
                        8,
                        16
                    ],
                    "texture": "#orange_tulip",
                    "cullface": "down"
                }
            },
            "shade": false
        },
        {
            "from": [
                8,
                10,
                8
            ],
            "to": [
                9,
                13,
                9
            ],
            "faces": {
                "north": {
                    "uv": [
                        9,
                        3,
                        8,
                        6
                    ],
                    "texture": "#orange_tulip"
                },
                "east": {
                    "uv": [
                        8,
                        3,
                        9,
                        6
                    ],
                    "texture": "#orange_tulip"
                },
                "south": {
                    "uv": [
                        8,
                        3,
                        9,
                        6
                    ],
                    "texture": "#orange_tulip"
                },
                "up": {
                    "uv": [
                        8,
                        3,
                        9,
                        4
                    ],
                    "texture": "#orange_tulip"
                },
                "down": {
                    "uv": [
                        8,
                        5,
                        9,
                        6
                    ],
                    "texture": "#orange_tulip"
                }
            },
            "shade": false
        },
        {
            "from": [
                7,
                10,
                8
            ],
            "to": [
                8,
                13,
                9
            ],
            "faces": {
                "north": {
                    "uv": [
                        9,
                        3,
                        8,
                        6
                    ],
                    "texture": "#orange_tulip"
                },
                "south": {
                    "uv": [
                        8,
                        3,
                        9,
                        6
                    ],
                    "texture": "#orange_tulip"
                },
                "west": {
                    "uv": [
                        8,
                        3,
                        9,
                        6
                    ],
                    "texture": "#orange_tulip"
                },
                "up": {
                    "uv": [
                        8,
                        3,
                        9,
                        4
                    ],
                    "texture": "#orange_tulip"
                },
                "down": {
                    "uv": [
                        8,
                        5,
                        9,
                        6
                    ],
                    "texture": "#orange_tulip"
                }
            },
            "shade": false
        },
        {
            "from": [
                8,
                1,
                8
            ],
            "to": [
                9,
                8,
                9
            ],
            "faces": {
                "east": {
                    "uv": [
                        8,
                        8,
                        9,
                        15
                    ],
                    "texture": "#orange_tulip"
                },
                "south": {
                    "uv": [
                        8,
                        8,
                        9,
                        15
                    ],
                    "texture": "#orange_tulip"
                },
                "up": {
                    "uv": [
                        8,
                        8,
                        9,
                        9
                    ],
                    "texture": "#orange_tulip"
                },
                "down": {
                    "uv": [
                        8,
                        14,
                        9,
                        15
                    ],
                    "texture": "#orange_tulip"
                }
            },
            "shade": false
        },
        {
            "from": [
                7,
                1,
                8
            ],
            "to": [
                8,
                8,
                9
            ],
            "faces": {
                "south": {
                    "uv": [
                        8,
                        8,
                        9,
                        15
                    ],
                    "texture": "#orange_tulip"
                },
                "west": {
                    "uv": [
                        8,
                        8,
                        9,
                        15
                    ],
                    "texture": "#orange_tulip"
                },
                "up": {
                    "uv": [
                        8,
                        8,
                        9,
                        9
                    ],
                    "texture": "#orange_tulip"
                },
                "down": {
                    "uv": [
                        8,
                        14,
                        9,
                        15
                    ],
                    "texture": "#orange_tulip"
                }
            },
            "shade": false
        },
        {
            "from": [
                9,
                3,
                9
            ],
            "to": [
                10,
                9,
                10
            ],
            "faces": {
                "north": {
                    "uv": [
                        10,
                        7,
                        9,
                        13
                    ],
                    "texture": "#orange_tulip"
                },
                "east": {
                    "uv": [
                        9,
                        7,
                        10,
                        13
                    ],
                    "texture": "#orange_tulip"
                },
                "south": {
                    "uv": [
                        9,
                        7,
                        10,
                        13
                    ],
                    "texture": "#orange_tulip"
                },
                "west": {
                    "uv": [
                        9,
                        7,
                        10,
                        13
                    ],
                    "texture": "#orange_tulip"
                },
                "up": {
                    "uv": [
                        9,
                        7,
                        10,
                        8
                    ],
                    "texture": "#orange_tulip"
                },
                "down": {
                    "uv": [
                        9,
                        12,
                        10,
                        13
                    ],
                    "texture": "#orange_tulip"
                }
            },
            "shade": false
        },
        {
            "from": [
                6,
                3,
                9
            ],
            "to": [
                7,
                9,
                10
            ],
            "faces": {
                "north": {
                    "uv": [
                        10,
                        7,
                        9,
                        13
                    ],
                    "texture": "#orange_tulip"
                },
                "east": {
                    "uv": [
                        9,
                        7,
                        10,
                        13
                    ],
                    "texture": "#orange_tulip"
                },
                "south": {
                    "uv": [
                        9,
                        7,
                        10,
                        13
                    ],
                    "texture": "#orange_tulip"
                },
                "west": {
                    "uv": [
                        9,
                        7,
                        10,
                        13
                    ],
                    "texture": "#orange_tulip"
                },
                "up": {
                    "uv": [
                        9,
                        7,
                        10,
                        8
                    ],
                    "texture": "#orange_tulip"
                },
                "down": {
                    "uv": [
                        9,
                        12,
                        10,
                        13
                    ],
                    "texture": "#orange_tulip"
                }
            },
            "shade": false
        }
    ]
}