{
    "ambientocclusion": false,
    "textures": {
        "peony_top": "block/peony_top",
        "particle": "block/peony_top"
    },
    "elements": [
        {
            "from": [
                1,
                4,
                1
            ],
            "to": [
                2,
                5,
                2
            ],
            "faces": {
                "north": {
                    "uv": [
                        2,
                        11,
                        1,
                        12
                    ],
                    "texture": "#peony_top"
                },
                "east": {
                    "uv": [
                        1,
                        11,
                        2,
                        12
                    ],
                    "texture": "#peony_top"
                },
                "south": {
                    "uv": [
                        1,
                        11,
                        2,
                        12
                    ],
                    "texture": "#peony_top"
                },
                "west": {
                    "uv": [
                        1,
                        11,
                        2,
                        12
                    ],
                    "texture": "#peony_top"
                },
                "up": {
                    "uv": [
                        1,
                        11,
                        2,
                        12
                    ],
                    "texture": "#peony_top"
                },
                "down": {
                    "uv": [
                        1,
                        11,
                        2,
                        12
                    ],
                    "texture": "#peony_top"
                }
            },
            "shade": false
        },
        {
            "from": [
                14,
                4,
                1
            ],
            "to": [
                15,
                5,
                2
            ],
            "faces": {
                "north": {
                    "uv": [
                        2,
                        11,
                        1,
                        12
                    ],
                    "texture": "#peony_top"
                },
                "east": {
                    "uv": [
                        1,
                        11,
                        2,
                        12
                    ],
                    "texture": "#peony_top"
                },
                "south": {
                    "uv": [
                        1,
                        11,
                        2,
                        12
                    ],
                    "texture": "#peony_top"
                },
                "west": {
                    "uv": [
                        1,
                        11,
                        2,
                        12
                    ],
                    "texture": "#peony_top"
                },
                "up": {
                    "uv": [
                        1,
                        11,
                        2,
                        12
                    ],
                    "texture": "#peony_top"
                },
                "down": {
                    "uv": [
                        1,
                        11,
                        2,
                        12
                    ],
                    "texture": "#peony_top"
                }
            },
            "shade": false
        },
        {
            "from": [
                2,
                7,
                2
            ],
            "to": [
                3,
                10,
                3
            ],
            "faces": {
                "north": {
                    "uv": [
                        3,
                        6,
                        2,
                        9
                    ],
                    "texture": "#peony_top"
                },
                "east": {
                    "uv": [
                        2,
                        6,
                        3,
                        9
                    ],
                    "texture": "#peony_top"
                },
                "south": {
                    "uv": [
                        2,
                        6,
                        3,
                        9
                    ],
                    "texture": "#peony_top"
                },
                "west": {
                    "uv": [
                        2,
                        6,
                        3,
                        9
                    ],
                    "texture": "#peony_top"
                },
                "up": {
                    "uv": [
                        2,
                        6,
                        3,
                        7
                    ],
                    "texture": "#peony_top"
                },
                "down": {
                    "uv": [
                        2,
                        8,
                        3,
                        9
                    ],
                    "texture": "#peony_top"
                }
            },
            "shade": false
        },
        {
            "from": [
                13,
                7,
                2
            ],
            "to": [
                14,
                10,
                3
            ],
            "faces": {
                "north": {
                    "uv": [
                        3,
                        6,
                        2,
                        9
                    ],
                    "texture": "#peony_top"
                },
                "east": {
                    "uv": [
                        2,
                        6,
                        3,
                        9
                    ],
                    "texture": "#peony_top"
                },
                "south": {
                    "uv": [
                        2,
                        6,
                        3,
                        9
                    ],
                    "texture": "#peony_top"
                },
                "west": {
                    "uv": [
                        2,
                        6,
                        3,
                        9
                    ],
                    "texture": "#peony_top"
                },
                "up": {
                    "uv": [
                        2,
                        6,
                        3,
                        7
                    ],
                    "texture": "#peony_top"
                },
                "down": {
                    "uv": [
                        2,
                        8,
                        3,
                        9
                    ],
                    "texture": "#peony_top"
                }
            },
            "shade": false
        },
        {
            "from": [
                2,
                3,
                2
            ],
            "to": [
                3,
                5,
                3
            ],
            "faces": {
                "north": {
                    "uv": [
                        3,
                        11,
                        2,
                        13
                    ],
                    "texture": "#peony_top"
                },
                "east": {
                    "uv": [
                        2,
                        11,
                        3,
                        13
                    ],
                    "texture": "#peony_top"
                },
                "south": {
                    "uv": [
                        2,
                        11,
                        3,
                        13
                    ],
                    "texture": "#peony_top"
                },
                "west": {
                    "uv": [
                        2,
                        11,
                        3,
                        13
                    ],
                    "texture": "#peony_top"
                },
                "up": {
                    "uv": [
                        2,
                        11,
                        3,
                        12
                    ],
                    "texture": "#peony_top"
                },
                "down": {
                    "uv": [
                        2,
                        12,
                        3,
                        13
                    ],
                    "texture": "#peony_top"
                }
            },
            "shade": false
        },
        {
            "from": [
                13,
                3,
                2
            ],
            "to": [
                14,
                5,
                3
            ],
            "faces": {
                "north": {
                    "uv": [
                        3,
                        11,
                        2,
                        13
                    ],
                    "texture": "#peony_top"
                },
                "east": {
                    "uv": [
                        2,
                        11,
                        3,
                        13
                    ],
                    "texture": "#peony_top"
                },
                "south": {
                    "uv": [
                        2,
                        11,
                        3,
                        13
                    ],
                    "texture": "#peony_top"
                },
                "west": {
                    "uv": [
                        2,
                        11,
                        3,
                        13
                    ],
                    "texture": "#peony_top"
                },
                "up": {
                    "uv": [
                        2,
                        11,
                        3,
                        12
                    ],
                    "texture": "#peony_top"
                },
                "down": {
                    "uv": [
                        2,
                        12,
                        3,
                        13
                    ],
                    "texture": "#peony_top"
                }
            },
            "shade": false
        },
        {
            "from": [
                3,
                6,
                3
            ],
            "to": [
                4,
                11,
                4
            ],
            "faces": {
                "north": {
                    "uv": [
                        4,
                        5,
                        3,
                        10
                    ],
                    "texture": "#peony_top"
                },
                "east": {
                    "uv": [
                        3,
                        5,
                        4,
                        10
                    ],
                    "texture": "#peony_top"
                },
                "south": {
                    "uv": [
                        3,
                        5,
                        4,
                        10
                    ],
                    "texture": "#peony_top"
                },
                "west": {
                    "uv": [
                        3,
                        5,
                        4,
                        10
                    ],
                    "texture": "#peony_top"
                },
                "up": {
                    "uv": [
                        3,
                        5,
                        4,
                        6
                    ],
                    "texture": "#peony_top"
                },
                "down": {
                    "uv": [
                        3,
                        9,
                        4,
                        10
                    ],
                    "texture": "#peony_top"
                }
            },
            "shade": false
        },
        {
            "from": [
                12,
                6,
                3
            ],
            "to": [
                13,
                11,
                4
            ],
            "faces": {
                "north": {
                    "uv": [
                        4,
                        5,
                        3,
                        10
                    ],
                    "texture": "#peony_top"
                },
                "east": {
                    "uv": [
                        3,
                        5,
                        4,
                        10
                    ],
                    "texture": "#peony_top"
                },
                "south": {
                    "uv": [
                        3,
                        5,
                        4,
                        10
                    ],
                    "texture": "#peony_top"
                },
                "west": {
                    "uv": [
                        3,
                        5,
                        4,
                        10
                    ],
                    "texture": "#peony_top"
                },
                "up": {
                    "uv": [
                        3,
                        5,
                        4,
                        6
                    ],
                    "texture": "#peony_top"
                },
                "down": {
                    "uv": [
                        3,
                        9,
                        4,
                        10
                    ],
                    "texture": "#peony_top"
                }
            },
            "shade": false
        },
        {
            "from": [
                3,
                3,
                3
            ],
            "to": [
                4,
                5,
                4
            ],
            "faces": {
                "north": {
                    "uv": [
                        4,
                        11,
                        3,
                        13
                    ],
                    "texture": "#peony_top"
                },
                "east": {
                    "uv": [
                        3,
                        11,
                        4,
                        13
                    ],
                    "texture": "#peony_top"
                },
                "south": {
                    "uv": [
                        3,
                        11,
                        4,
                        13
                    ],
                    "texture": "#peony_top"
                },
                "west": {
                    "uv": [
                        3,
                        11,
                        4,
                        13
                    ],
                    "texture": "#peony_top"
                },
                "up": {
                    "uv": [
                        3,
                        11,
                        4,
                        12
                    ],
                    "texture": "#peony_top"
                },
                "down": {
                    "uv": [
                        3,
                        12,
                        4,
                        13
                    ],
                    "texture": "#peony_top"
                }
            },
            "shade": false
        },
        {
            "from": [
                12,
                3,
                3
            ],
            "to": [
                13,
                5,
                4
            ],
            "faces": {
                "north": {
                    "uv": [
                        4,
                        11,
                        3,
                        13
                    ],
                    "texture": "#peony_top"
                },
                "east": {
                    "uv": [
                        3,
                        11,
                        4,
                        13
                    ],
                    "texture": "#peony_top"
                },
                "south": {
                    "uv": [
                        3,
                        11,
                        4,
                        13
                    ],
                    "texture": "#peony_top"
                },
                "west": {
                    "uv": [
                        3,
                        11,
                        4,
                        13
                    ],
                    "texture": "#peony_top"
                },
                "up": {
                    "uv": [
                        3,
                        11,
                        4,
                        12
                    ],
                    "texture": "#peony_top"
                },
                "down": {
                    "uv": [
                        3,
                        12,
                        4,
                        13
                    ],
                    "texture": "#peony_top"
                }
            },
            "shade": false
        },
        {
            "from": [
                4,
                1,
                4
            ],
            "to": [
                5,
                11,
                5
            ],
            "faces": {
                "north": {
                    "uv": [
                        5,
                        5,
                        4,
                        15
                    ],
                    "texture": "#peony_top"
                },
                "east": {
                    "uv": [
                        4,
                        5,
                        5,
                        15
                    ],
                    "texture": "#peony_top"
                },
                "south": {
                    "uv": [
                        4,
                        5,
                        5,
                        15
                    ],
                    "texture": "#peony_top"
                },
                "west": {
                    "uv": [
                        4,
                        5,
                        5,
                        15
                    ],
                    "texture": "#peony_top"
                },
                "up": {
                    "uv": [
                        4,
                        5,
                        5,
                        6
                    ],
                    "texture": "#peony_top"
                },
                "down": {
                    "uv": [
                        4,
                        14,
                        5,
                        15
                    ],
                    "texture": "#peony_top"
                }
            },
            "shade": false
        },
        {
            "from": [
                11,
                1,
                4
            ],
            "to": [
                12,
                11,
                5
            ],
            "faces": {
                "north": {
                    "uv": [
                        5,
                        5,
                        4,
                        15
                    ],
                    "texture": "#peony_top"
                },
                "east": {
                    "uv": [
                        4,
                        5,
                        5,
                        15
                    ],
                    "texture": "#peony_top"
                },
                "south": {
                    "uv": [
                        4,
                        5,
                        5,
                        15
                    ],
                    "texture": "#peony_top"
                },
                "west": {
                    "uv": [
                        4,
                        5,
                        5,
                        15
                    ],
                    "texture": "#peony_top"
                },
                "up": {
                    "uv": [
                        4,
                        5,
                        5,
                        6
                    ],
                    "texture": "#peony_top"
                },
                "down": {
                    "uv": [
                        4,
                        14,
                        5,
                        15
                    ],
                    "texture": "#peony_top"
                }
            },
            "shade": false
        },
        {
            "from": [
                5,
                0,
                5
            ],
            "to": [
                6,
                11,
                6
            ],
            "faces": {
                "north": {
                    "uv": [
                        6,
                        5,
                        5,
                        16
                    ],
                    "texture": "#peony_top"
                },
                "east": {
                    "uv": [
                        5,
                        5,
                        6,
                        16
                    ],
                    "texture": "#peony_top"
                },
                "south": {
                    "uv": [
                        5,
                        5,
                        6,
                        16
                    ],
                    "texture": "#peony_top"
                },
                "west": {
                    "uv": [
                        5,
                        5,
                        6,
                        16
                    ],
                    "texture": "#peony_top"
                },
                "up": {
                    "uv": [
                        5,
                        5,
                        6,
                        6
                    ],
                    "texture": "#peony_top"
                },
                "down": {
                    "uv": [
                        5,
                        15,
                        6,
                        16
                    ],
                    "texture": "#peony_top",
                    "cullface": "down"
                }
            },
            "shade": false
        },
        {
            "from": [
                10,
                0,
                5
            ],
            "to": [
                11,
                11,
                6
            ],
            "faces": {
                "north": {
                    "uv": [
                        6,
                        5,
                        5,
                        16
                    ],
                    "texture": "#peony_top"
                },
                "east": {
                    "uv": [
                        5,
                        5,
                        6,
                        16
                    ],
                    "texture": "#peony_top"
                },
                "south": {
                    "uv": [
                        5,
                        5,
                        6,
                        16
                    ],
                    "texture": "#peony_top"
                },
                "west": {
                    "uv": [
                        5,
                        5,
                        6,
                        16
                    ],
                    "texture": "#peony_top"
                },
                "up": {
                    "uv": [
                        5,
                        5,
                        6,
                        6
                    ],
                    "texture": "#peony_top"
                },
                "down": {
                    "uv": [
                        5,
                        15,
                        6,
                        16
                    ],
                    "texture": "#peony_top",
                    "cullface": "down"
                }
            },
            "shade": false
        },
        {
            "from": [
                6,
                0,
                6
            ],
            "to": [
                7,
                10,
                7
            ],
            "faces": {
                "north": {
                    "uv": [
                        7,
                        6,
                        6,
                        16
                    ],
                    "texture": "#peony_top"
                },
                "east": {
                    "uv": [
                        6,
                        6,
                        7,
                        16
                    ],
                    "texture": "#peony_top"
                },
                "south": {
                    "uv": [
                        6,
                        6,
                        7,
                        16
                    ],
                    "texture": "#peony_top"
                },
                "west": {
                    "uv": [
                        6,
                        6,
                        7,
                        16
                    ],
                    "texture": "#peony_top"
                },
                "up": {
                    "uv": [
                        6,
                        6,
                        7,
                        7
                    ],
                    "texture": "#peony_top"
                },
                "down": {
                    "uv": [
                        6,
                        15,
                        7,
                        16
                    ],
                    "texture": "#peony_top",
                    "cullface": "down"
                }
            },
            "shade": false
        },
        {
            "from": [
                9,
                0,
                6
            ],
            "to": [
                10,
                10,
                7
            ],
            "faces": {
                "north": {
                    "uv": [
                        7,
                        6,
                        6,
                        16
                    ],
                    "texture": "#peony_top"
                },
                "east": {
                    "uv": [
                        6,
                        6,
                        7,
                        16
                    ],
                    "texture": "#peony_top"
                },
                "south": {
                    "uv": [
                        6,
                        6,
                        7,
                        16
                    ],
                    "texture": "#peony_top"
                },
                "west": {
                    "uv": [
                        6,
                        6,
                        7,
                        16
                    ],
                    "texture": "#peony_top"
                },
                "up": {
                    "uv": [
                        6,
                        6,
                        7,
                        7
                    ],
                    "texture": "#peony_top"
                },
                "down": {
                    "uv": [
                        6,
                        15,
                        7,
                        16
                    ],
                    "texture": "#peony_top",
                    "cullface": "down"
                }
            },
            "shade": false
        },
        {
            "from": [
                7,
                0,
                7
            ],
            "to": [
                8,
                9,
                8
            ],
            "faces": {
                "north": {
                    "uv": [
                        8,
                        7,
                        7,
                        16
                    ],
                    "texture": "#peony_top"
                },
                "west": {
                    "uv": [
                        7,
                        7,
                        8,
                        16
                    ],
                    "texture": "#peony_top"
                },
                "up": {
                    "uv": [
                        7,
                        7,
                        8,
                        8
                    ],
                    "texture": "#peony_top"
                },
                "down": {
                    "uv": [
                        7,
                        15,
                        8,
                        16
                    ],
                    "texture": "#peony_top",
                    "cullface": "down"
                }
            },
            "shade": false
        },
        {
            "from": [
                8,
                0,
                8
            ],
            "to": [
                9,
                9,
                9
            ],
            "faces": {
                "east": {
                    "uv": [
                        7,
                        7,
                        8,
                        16
                    ],
                    "texture": "#peony_top"
                },
                "south": {
                    "uv": [
                        7,
                        7,
                        8,
                        16
                    ],
                    "texture": "#peony_top"
                },
                "up": {
                    "uv": [
                        7,
                        7,
                        8,
                        8
                    ],
                    "texture": "#peony_top"
                },
                "down": {
                    "uv": [
                        7,
                        15,
                        8,
                        16
                    ],
                    "texture": "#peony_top",
                    "cullface": "down"
                }
            },
            "shade": false
        },
        {
            "from": [
                7,
                0,
                8
            ],
            "to": [
                8,
                10,
                9
            ],
            "faces": {
                "north": {
                    "uv": [
                        9,
                        6,
                        8,
                        16
                    ],
                    "texture": "#peony_top"
                },
                "east": {
                    "uv": [
                        8,
                        6,
                        9,
                        16
                    ],
                    "texture": "#peony_top"
                },
                "south": {
                    "uv": [
                        8,
                        6,
                        9,
                        16
                    ],
                    "texture": "#peony_top"
                },
                "west": {
                    "uv": [
                        8,
                        6,
                        9,
                        16
                    ],
                    "texture": "#peony_top"
                },
                "up": {
                    "uv": [
                        8,
                        6,
                        9,
                        7
                    ],
                    "texture": "#peony_top"
                },
                "down": {
                    "uv": [
                        8,
                        15,
                        9,
                        16
                    ],
                    "texture": "#peony_top",
                    "cullface": "down"
                }
            },
            "shade": false
        },
        {
            "from": [
                8,
                0,
                7
            ],
            "to": [
                9,
                10,
                8
            ],
            "faces": {
                "north": {
                    "uv": [
                        9,
                        6,
                        8,
                        16
                    ],
                    "texture": "#peony_top"
                },
                "east": {
                    "uv": [
                        8,
                        6,
                        9,
                        16
                    ],
                    "texture": "#peony_top"
                },
                "south": {
                    "uv": [
                        8,
                        6,
                        9,
                        16
                    ],
                    "texture": "#peony_top"
                },
                "west": {
                    "uv": [
                        8,
                        6,
                        9,
                        16
                    ],
                    "texture": "#peony_top"
                },
                "up": {
                    "uv": [
                        8,
                        6,
                        9,
                        7
                    ],
                    "texture": "#peony_top"
                },
                "down": {
                    "uv": [
                        8,
                        15,
                        9,
                        16
                    ],
                    "texture": "#peony_top",
                    "cullface": "down"
                }
            },
            "shade": false
        },
        {
            "from": [
                9,
                0,
                9
            ],
            "to": [
                10,
                11,
                10
            ],
            "faces": {
                "north": {
                    "uv": [
                        10,
                        5,
                        9,
                        16
                    ],
                    "texture": "#peony_top"
                },
                "east": {
                    "uv": [
                        9,
                        5,
                        10,
                        16
                    ],
                    "texture": "#peony_top"
                },
                "south": {
                    "uv": [
                        9,
                        5,
                        10,
                        16
                    ],
                    "texture": "#peony_top"
                },
                "west": {
                    "uv": [
                        9,
                        5,
                        10,
                        16
                    ],
                    "texture": "#peony_top"
                },
                "up": {
                    "uv": [
                        9,
                        5,
                        10,
                        6
                    ],
                    "texture": "#peony_top"
                },
                "down": {
                    "uv": [
                        9,
                        15,
                        10,
                        16
                    ],
                    "texture": "#peony_top",
                    "cullface": "down"
                }
            },
            "shade": false
        },
        {
            "from": [
                6,
                0,
                9
            ],
            "to": [
                7,
                11,
                10
            ],
            "faces": {
                "north": {
                    "uv": [
                        10,
                        5,
                        9,
                        16
                    ],
                    "texture": "#peony_top"
                },
                "east": {
                    "uv": [
                        9,
                        5,
                        10,
                        16
                    ],
                    "texture": "#peony_top"
                },
                "south": {
                    "uv": [
                        9,
                        5,
                        10,
                        16
                    ],
                    "texture": "#peony_top"
                },
                "west": {
                    "uv": [
                        9,
                        5,
                        10,
                        16
                    ],
                    "texture": "#peony_top"
                },
                "up": {
                    "uv": [
                        9,
                        5,
                        10,
                        6
                    ],
                    "texture": "#peony_top"
                },
                "down": {
                    "uv": [
                        9,
                        15,
                        10,
                        16
                    ],
                    "texture": "#peony_top",
                    "cullface": "down"
                }
            },
            "shade": false
        },
        {
            "from": [
                10,
                0,
                10
            ],
            "to": [
                11,
                12,
                11
            ],
            "faces": {
                "north": {
                    "uv": [
                        11,
                        4,
                        10,
                        16
                    ],
                    "texture": "#peony_top"
                },
                "east": {
                    "uv": [
                        10,
                        4,
                        11,
                        16
                    ],
                    "texture": "#peony_top"
                },
                "south": {
                    "uv": [
                        10,
                        4,
                        11,
                        16
                    ],
                    "texture": "#peony_top"
                },
                "west": {
                    "uv": [
                        10,
                        4,
                        11,
                        16
                    ],
                    "texture": "#peony_top"
                },
                "up": {
                    "uv": [
                        10,
                        4,
                        11,
                        5
                    ],
                    "texture": "#peony_top"
                },
                "down": {
                    "uv": [
                        10,
                        15,
                        11,
                        16
                    ],
                    "texture": "#peony_top",
                    "cullface": "down"
                }
            },
            "shade": false
        },
        {
            "from": [
                5,
                0,
                10
            ],
            "to": [
                6,
                12,
                11
            ],
            "faces": {
                "north": {
                    "uv": [
                        11,
                        4,
                        10,
                        16
                    ],
                    "texture": "#peony_top"
                },
                "east": {
                    "uv": [
                        10,
                        4,
                        11,
                        16
                    ],
                    "texture": "#peony_top"
                },
                "south": {
                    "uv": [
                        10,
                        4,
                        11,
                        16
                    ],
                    "texture": "#peony_top"
                },
                "west": {
                    "uv": [
                        10,
                        4,
                        11,
                        16
                    ],
                    "texture": "#peony_top"
                },
                "up": {
                    "uv": [
                        10,
                        4,
                        11,
                        5
                    ],
                    "texture": "#peony_top"
                },
                "down": {
                    "uv": [
                        10,
                        15,
                        11,
                        16
                    ],
                    "texture": "#peony_top",
                    "cullface": "down"
                }
            },
            "shade": false
        },
        {
            "from": [
                11,
                7,
                11
            ],
            "to": [
                12,
                11,
                12
            ],
            "faces": {
                "north": {
                    "uv": [
                        12,
                        5,
                        11,
                        9
                    ],
                    "texture": "#peony_top"
                },
                "east": {
                    "uv": [
                        11,
                        5,
                        12,
                        9
                    ],
                    "texture": "#peony_top"
                },
                "south": {
                    "uv": [
                        11,
                        5,
                        12,
                        9
                    ],
                    "texture": "#peony_top"
                },
                "west": {
                    "uv": [
                        11,
                        5,
                        12,
                        9
                    ],
                    "texture": "#peony_top"
                },
                "up": {
                    "uv": [
                        11,
                        5,
                        12,
                        6
                    ],
                    "texture": "#peony_top"
                },
                "down": {
                    "uv": [
                        11,
                        8,
                        12,
                        9
                    ],
                    "texture": "#peony_top"
                }
            },
            "shade": false
        },
        {
            "from": [
                4,
                7,
                11
            ],
            "to": [
                5,
                11,
                12
            ],
            "faces": {
                "north": {
                    "uv": [
                        12,
                        5,
                        11,
                        9
                    ],
                    "texture": "#peony_top"
                },
                "east": {
                    "uv": [
                        11,
                        5,
                        12,
                        9
                    ],
                    "texture": "#peony_top"
                },
                "south": {
                    "uv": [
                        11,
                        5,
                        12,
                        9
                    ],
                    "texture": "#peony_top"
                },
                "west": {
                    "uv": [
                        11,
                        5,
                        12,
                        9
                    ],
                    "texture": "#peony_top"
                },
                "up": {
                    "uv": [
                        11,
                        5,
                        12,
                        6
                    ],
                    "texture": "#peony_top"
                },
                "down": {
                    "uv": [
                        11,
                        8,
                        12,
                        9
                    ],
                    "texture": "#peony_top"
                }
            },
            "shade": false
        },
        {
            "from": [
                11,
                0,
                11
            ],
            "to": [
                12,
                6,
                12
            ],
            "faces": {
                "north": {
                    "uv": [
                        12,
                        10,
                        11,
                        16
                    ],
                    "texture": "#peony_top"
                },
                "east": {
                    "uv": [
                        11,
                        10,
                        12,
                        16
                    ],
                    "texture": "#peony_top"
                },
                "south": {
                    "uv": [
                        11,
                        10,
                        12,
                        16
                    ],
                    "texture": "#peony_top"
                },
                "west": {
                    "uv": [
                        11,
                        10,
                        12,
                        16
                    ],
                    "texture": "#peony_top"
                },
                "up": {
                    "uv": [
                        11,
                        10,
                        12,
                        11
                    ],
                    "texture": "#peony_top"
                },
                "down": {
                    "uv": [
                        11,
                        15,
                        12,
                        16
                    ],
                    "texture": "#peony_top",
                    "cullface": "down"
                }
            },
            "shade": false
        },
        {
            "from": [
                4,
                0,
                11
            ],
            "to": [
                5,
                6,
                12
            ],
            "faces": {
                "north": {
                    "uv": [
                        12,
                        10,
                        11,
                        16
                    ],
                    "texture": "#peony_top"
                },
                "east": {
                    "uv": [
                        11,
                        10,
                        12,
                        16
                    ],
                    "texture": "#peony_top"
                },
                "south": {
                    "uv": [
                        11,
                        10,
                        12,
                        16
                    ],
                    "texture": "#peony_top"
                },
                "west": {
                    "uv": [
                        11,
                        10,
                        12,
                        16
                    ],
                    "texture": "#peony_top"
                },
                "up": {
                    "uv": [
                        11,
                        10,
                        12,
                        11
                    ],
                    "texture": "#peony_top"
                },
                "down": {
                    "uv": [
                        11,
                        15,
                        12,
                        16
                    ],
                    "texture": "#peony_top",
                    "cullface": "down"
                }
            },
            "shade": false
        },
        {
            "from": [
                12,
                5,
                12
            ],
            "to": [
                13,
                10,
                13
            ],
            "faces": {
                "north": {
                    "uv": [
                        13,
                        6,
                        12,
                        11
                    ],
                    "texture": "#peony_top"
                },
                "east": {
                    "uv": [
                        12,
                        6,
                        13,
                        11
                    ],
                    "texture": "#peony_top"
                },
                "south": {
                    "uv": [
                        12,
                        6,
                        13,
                        11
                    ],
                    "texture": "#peony_top"
                },
                "west": {
                    "uv": [
                        12,
                        6,
                        13,
                        11
                    ],
                    "texture": "#peony_top"
                },
                "up": {
                    "uv": [
                        12,
                        6,
                        13,
                        7
                    ],
                    "texture": "#peony_top"
                },
                "down": {
                    "uv": [
                        12,
                        10,
                        13,
                        11
                    ],
                    "texture": "#peony_top"
                }
            },
            "shade": false
        },
        {
            "from": [
                3,
                5,
                12
            ],
            "to": [
                4,
                10,
                13
            ],
            "faces": {
                "north": {
                    "uv": [
                        13,
                        6,
                        12,
                        11
                    ],
                    "texture": "#peony_top"
                },
                "east": {
                    "uv": [
                        12,
                        6,
                        13,
                        11
                    ],
                    "texture": "#peony_top"
                },
                "south": {
                    "uv": [
                        12,
                        6,
                        13,
                        11
                    ],
                    "texture": "#peony_top"
                },
                "west": {
                    "uv": [
                        12,
                        6,
                        13,
                        11
                    ],
                    "texture": "#peony_top"
                },
                "up": {
                    "uv": [
                        12,
                        6,
                        13,
                        7
                    ],
                    "texture": "#peony_top"
                },
                "down": {
                    "uv": [
                        12,
                        10,
                        13,
                        11
                    ],
                    "texture": "#peony_top"
                }
            },
            "shade": false
        },
        {
            "from": [
                12,
                1,
                12
            ],
            "to": [
                13,
                4,
                13
            ],
            "faces": {
                "north": {
                    "uv": [
                        13,
                        12,
                        12,
                        15
                    ],
                    "texture": "#peony_top"
                },
                "east": {
                    "uv": [
                        12,
                        12,
                        13,
                        15
                    ],
                    "texture": "#peony_top"
                },
                "south": {
                    "uv": [
                        12,
                        12,
                        13,
                        15
                    ],
                    "texture": "#peony_top"
                },
                "west": {
                    "uv": [
                        12,
                        12,
                        13,
                        15
                    ],
                    "texture": "#peony_top"
                },
                "up": {
                    "uv": [
                        12,
                        12,
                        13,
                        13
                    ],
                    "texture": "#peony_top"
                },
                "down": {
                    "uv": [
                        12,
                        14,
                        13,
                        15
                    ],
                    "texture": "#peony_top"
                }
            },
            "shade": false
        },
        {
            "from": [
                3,
                1,
                12
            ],
            "to": [
                4,
                4,
                13
            ],
            "faces": {
                "north": {
                    "uv": [
                        13,
                        12,
                        12,
                        15
                    ],
                    "texture": "#peony_top"
                },
                "east": {
                    "uv": [
                        12,
                        12,
                        13,
                        15
                    ],
                    "texture": "#peony_top"
                },
                "south": {
                    "uv": [
                        12,
                        12,
                        13,
                        15
                    ],
                    "texture": "#peony_top"
                },
                "west": {
                    "uv": [
                        12,
                        12,
                        13,
                        15
                    ],
                    "texture": "#peony_top"
                },
                "up": {
                    "uv": [
                        12,
                        12,
                        13,
                        13
                    ],
                    "texture": "#peony_top"
                },
                "down": {
                    "uv": [
                        12,
                        14,
                        13,
                        15
                    ],
                    "texture": "#peony_top"
                }
            },
            "shade": false
        },
        {
            "from": [
                13,
                8,
                13
            ],
            "to": [
                14,
                10,
                14
            ],
            "faces": {
                "north": {
                    "uv": [
                        14,
                        6,
                        13,
                        8
                    ],
                    "texture": "#peony_top"
                },
                "east": {
                    "uv": [
                        13,
                        6,
                        14,
                        8
                    ],
                    "texture": "#peony_top"
                },
                "south": {
                    "uv": [
                        13,
                        6,
                        14,
                        8
                    ],
                    "texture": "#peony_top"
                },
                "west": {
                    "uv": [
                        13,
                        6,
                        14,
                        8
                    ],
                    "texture": "#peony_top"
                },
                "up": {
                    "uv": [
                        13,
                        6,
                        14,
                        7
                    ],
                    "texture": "#peony_top"
                },
                "down": {
                    "uv": [
                        13,
                        7,
                        14,
                        8
                    ],
                    "texture": "#peony_top"
                }
            },
            "shade": false
        },
        {
            "from": [
                2,
                8,
                13
            ],
            "to": [
                3,
                10,
                14
            ],
            "faces": {
                "north": {
                    "uv": [
                        14,
                        6,
                        13,
                        8
                    ],
                    "texture": "#peony_top"
                },
                "east": {
                    "uv": [
                        13,
                        6,
                        14,
                        8
                    ],
                    "texture": "#peony_top"
                },
                "south": {
                    "uv": [
                        13,
                        6,
                        14,
                        8
                    ],
                    "texture": "#peony_top"
                },
                "west": {
                    "uv": [
                        13,
                        6,
                        14,
                        8
                    ],
                    "texture": "#peony_top"
                },
                "up": {
                    "uv": [
                        13,
                        6,
                        14,
                        7
                    ],
                    "texture": "#peony_top"
                },
                "down": {
                    "uv": [
                        13,
                        7,
                        14,
                        8
                    ],
                    "texture": "#peony_top"
                }
            },
            "shade": false
        },
        {
            "from": [
                13,
                6,
                13
            ],
            "to": [
                14,
                7,
                14
            ],
            "faces": {
                "north": {
                    "uv": [
                        14,
                        9,
                        13,
                        10
                    ],
                    "texture": "#peony_top"
                },
                "east": {
                    "uv": [
                        13,
                        9,
                        14,
                        10
                    ],
                    "texture": "#peony_top"
                },
                "south": {
                    "uv": [
                        13,
                        9,
                        14,
                        10
                    ],
                    "texture": "#peony_top"
                },
                "west": {
                    "uv": [
                        13,
                        9,
                        14,
                        10
                    ],
                    "texture": "#peony_top"
                },
                "up": {
                    "uv": [
                        13,
                        9,
                        14,
                        10
                    ],
                    "texture": "#peony_top"
                },
                "down": {
                    "uv": [
                        13,
                        9,
                        14,
                        10
                    ],
                    "texture": "#peony_top"
                }
            },
            "shade": false
        },
        {
            "from": [
                2,
                6,
                13
            ],
            "to": [
                3,
                7,
                14
            ],
            "faces": {
                "north": {
                    "uv": [
                        14,
                        9,
                        13,
                        10
                    ],
                    "texture": "#peony_top"
                },
                "east": {
                    "uv": [
                        13,
                        9,
                        14,
                        10
                    ],
                    "texture": "#peony_top"
                },
                "south": {
                    "uv": [
                        13,
                        9,
                        14,
                        10
                    ],
                    "texture": "#peony_top"
                },
                "west": {
                    "uv": [
                        13,
                        9,
                        14,
                        10
                    ],
                    "texture": "#peony_top"
                },
                "up": {
                    "uv": [
                        13,
                        9,
                        14,
                        10
                    ],
                    "texture": "#peony_top"
                },
                "down": {
                    "uv": [
                        13,
                        9,
                        14,
                        10
                    ],
                    "texture": "#peony_top"
                }
            },
            "shade": false
        },
        {
            "from": [
                13,
                1,
                13
            ],
            "to": [
                14,
                4,
                14
            ],
            "faces": {
                "north": {
                    "uv": [
                        14,
                        12,
                        13,
                        15
                    ],
                    "texture": "#peony_top"
                },
                "east": {
                    "uv": [
                        13,
                        12,
                        14,
                        15
                    ],
                    "texture": "#peony_top"
                },
                "south": {
                    "uv": [
                        13,
                        12,
                        14,
                        15
                    ],
                    "texture": "#peony_top"
                },
                "west": {
                    "uv": [
                        13,
                        12,
                        14,
                        15
                    ],
                    "texture": "#peony_top"
                },
                "up": {
                    "uv": [
                        13,
                        12,
                        14,
                        13
                    ],
                    "texture": "#peony_top"
                },
                "down": {
                    "uv": [
                        13,
                        14,
                        14,
                        15
                    ],
                    "texture": "#peony_top"
                }
            },
            "shade": false
        },
        {
            "from": [
                2,
                1,
                13
            ],
            "to": [
                3,
                4,
                14
            ],
            "faces": {
                "north": {
                    "uv": [
                        14,
                        12,
                        13,
                        15
                    ],
                    "texture": "#peony_top"
                },
                "east": {
                    "uv": [
                        13,
                        12,
                        14,
                        15
                    ],
                    "texture": "#peony_top"
                },
                "south": {
                    "uv": [
                        13,
                        12,
                        14,
                        15
                    ],
                    "texture": "#peony_top"
                },
                "west": {
                    "uv": [
                        13,
                        12,
                        14,
                        15
                    ],
                    "texture": "#peony_top"
                },
                "up": {
                    "uv": [
                        13,
                        12,
                        14,
                        13
                    ],
                    "texture": "#peony_top"
                },
                "down": {
                    "uv": [
                        13,
                        14,
                        14,
                        15
                    ],
                    "texture": "#peony_top"
                }
            },
            "shade": false
        }
    ]
}