{
	"ambientocclusion": false,
	"textures": {
		"particle": "minecraft:block/flower_pot",
		"flowerpot": "minecraft:block/flower_pot",
		"cactus_top": "minecraft:block/cactus_top",
		"cactus": "minecraft:block/cactus_side"
	},
	"elements": [
		{
			"from": [5, 0, 5],
			"to": [11, 6, 11],
			"faces": {
				"north": {"uv": [5, 10, 11, 16], "texture": "#flowerpot"},
				"east": {"uv": [5, 10, 11, 16], "texture": "#flowerpot"},
				"south": {"uv": [5, 10, 11, 16], "texture": "#flowerpot"},
				"west": {"uv": [5, 10, 11, 16], "texture": "#flowerpot"},
				"up": {"uv": [5, 5, 11, 11], "texture": "#flowerpot"},
				"down": {"uv": [5, 5, 6, 11], "texture": "#flowerpot"}
			}
		},
		{
			"from": [6, 5, 6],
			"to": [10, 16, 10],
			"faces": {
				"north": {"uv": [6, 0, 10, 12], "texture": "#cactus"},
				"east": {"uv": [6, 0, 10, 12], "texture": "#cactus"},
				"south": {"uv": [6, 0, 10, 12], "texture": "#cactus"},
				"west": {"uv": [6, 0, 10, 12], "texture": "#cactus"},
				"up": {"uv": [6, 6, 10, 10], "texture": "#cactus_top"}
			}
		},
		{
			"from": [8, 9.5, 5],
			"to": [9, 10.5, 6],
			"faces": {
				"north": {"uv": [7, 6, 8, 7], "texture": "#cactus"},
				"east": {"uv": [7, 6, 8, 7], "texture": "#cactus"},
				"west": {"uv": [7, 6, 8, 7], "texture": "#cactus"},
				"up": {"uv": [7, 6, 8, 7], "texture": "#cactus"},
				"down": {"uv": [7, 6, 8, 7], "texture": "#cactus"}
			}
		},
		{
			"from": [10, 9.5, 8],
			"to": [11, 10.5, 9],
			"faces": {
				"north": {"uv": [7, 6, 8, 7], "texture": "#cactus"},
				"east": {"uv": [7, 6, 8, 7], "texture": "#cactus"},
				"south": {"uv": [7, 6, 8, 7], "texture": "#cactus"},
				"up": {"uv": [7, 6, 8, 7], "rotation": 90, "texture": "#cactus"},
				"down": {"uv": [7, 6, 8, 7], "rotation": 270, "texture": "#cactus"}
			}
		},
		{
			"from": [7, 9.5, 10],
			"to": [8, 10.5, 11],
			"faces": {
				"east": {"uv": [7, 6, 8, 7], "texture": "#cactus"},
				"south": {"uv": [7, 6, 8, 7], "texture": "#cactus"},
				"west": {"uv": [7, 6, 8, 7], "texture": "#cactus"},
				"up": {"uv": [7, 6, 8, 7], "rotation": 180, "texture": "#cactus"},
				"down": {"uv": [7, 6, 8, 7], "rotation": 180, "texture": "#cactus"}
			}
		},
		{
			"from": [5, 9.5, 7],
			"to": [6, 10.5, 8],
			"faces": {
				"north": {"uv": [7, 6, 8, 7], "texture": "#cactus"},
				"south": {"uv": [7, 6, 8, 7], "texture": "#cactus"},
				"west": {"uv": [7, 6, 8, 7], "texture": "#cactus"},
				"up": {"uv": [7, 6, 8, 7], "rotation": 270, "texture": "#cactus"},
				"down": {"uv": [7, 6, 8, 7], "rotation": 90, "texture": "#cactus"}
			}
		},
		{
			"from": [9, 16, 9],
			"to": [10, 17, 10],
			"faces": {
				"north": {"uv": [9, 9, 10, 10], "texture": "#cactus_top"},
				"east": {"uv": [9, 9, 10, 10], "texture": "#cactus_top"},
				"south": {"uv": [9, 9, 10, 10], "texture": "#cactus_top"},
				"west": {"uv": [9, 9, 10, 10], "texture": "#cactus_top"},
				"up": {"uv": [9, 9, 10, 10], "texture": "#cactus_top"}
			}
		}
	]
}