{
    "ambientocclusion": false,
    "textures": {
        "particle": "minecraft:block/powered_rail",
        "rail": "minecraft:block/powered_rail"
    },
    "elements": [
        {
            "from": [
                1,
                8.585786437626904,
                -1.1260968946888799
            ],
            "to": [
                4,
                9.292893218813452,
                1.7907185777056283
            ],
            "faces": {
                "north": {
                    "uv": [
                        1,
                        1,
                        2,
                        2
                    ],
                    "texture": "#rail"
                },
                "south": {
                    "uv": [
                        1,
                        2,
                        2,
                        3
                    ],
                    "texture": "#rail"
                },
                "west": {
                    "uv": [
                        1,
                        1,
                        2,
                        3
                    ],
                    "rotation": 270,
                    "texture": "#rail"
                },
                "up": {
                    "uv": [
                        1,
                        1,
                        2,
                        3
                    ],
                    "texture": "#rail"
                },
                "down": {
                    "uv": [
                        1,
                        3,
                        2,
                        1
                    ],
                    "texture": "#rail"
                }
            },
            "rotation": {
                "angle": 45,
                "axis": "x",
                "origin": [
                    0,
                    10,
                    8
                ]
            }
        },
        {
            "from": [
                12,
                8.585786437626904,
                -1.1260968946888799
            ],
            "to": [
                15,
                9.292893218813452,
                1.7907185777056283
            ],
            "faces": {
                "north": {
                    "uv": [
                        14,
                        1,
                        15,
                        2
                    ],
                    "texture": "#rail"
                },
                "east": {
                    "uv": [
                        14,
                        1,
                        15,
                        3
                    ],
                    "rotation": 90,
                    "texture": "#rail"
                },
                "south": {
                    "uv": [
                        14,
                        2,
                        15,
                        3
                    ],
                    "texture": "#rail"
                },
                "up": {
                    "uv": [
                        14,
                        1,
                        15,
                        3
                    ],
                    "texture": "#rail"
                },
                "down": {
                    "uv": [
                        14,
                        3,
                        15,
                        1
                    ],
                    "texture": "#rail"
                }
            },
            "rotation": {
                "angle": 45,
                "axis": "x",
                "origin": [
                    0,
                    10,
                    8
                ]
            }
        },
        {
            "from": [
                12,
                9.292893218813452,
                -3.313708498984761
            ],
            "to": [
                14,
                10,
                20.020815280171306
            ],
            "faces": {
                "north": {
                    "uv": [
                        14,
                        0,
                        12,
                        1
                    ],
                    "texture": "#rail"
                },
                "east": {
                    "uv": [
                        13,
                        0,
                        14,
                        16
                    ],
                    "rotation": 90,
                    "texture": "#rail"
                },
                "south": {
                    "uv": [
                        12,
                        15,
                        14,
                        16
                    ],
                    "texture": "#rail"
                },
                "west": {
                    "uv": [
                        12,
                        0,
                        13,
                        16
                    ],
                    "rotation": 270,
                    "texture": "#rail"
                },
                "up": {
                    "uv": [
                        12,
                        0,
                        14,
                        16
                    ],
                    "texture": "#rail"
                },
                "down": {
                    "uv": [
                        12,
                        16,
                        14,
                        0
                    ],
                    "texture": "#rail"
                }
            },
            "rotation": {
                "angle": 45,
                "axis": "x",
                "origin": [
                    0,
                    10,
                    8
                ]
            }
        },
        {
            "from": [
                2,
                9.292893218813452,
                -3.313708498984761
            ],
            "to": [
                4,
                10,
                20.020815280171306
            ],
            "faces": {
                "north": {
                    "uv": [
                        4,
                        0,
                        2,
                        1
                    ],
                    "texture": "#rail"
                },
                "east": {
                    "uv": [
                        3,
                        0,
                        4,
                        16
                    ],
                    "rotation": 90,
                    "texture": "#rail"
                },
                "south": {
                    "uv": [
                        2,
                        15,
                        4,
                        16
                    ],
                    "texture": "#rail"
                },
                "west": {
                    "uv": [
                        2,
                        0,
                        3,
                        16
                    ],
                    "rotation": 270,
                    "texture": "#rail"
                },
                "up": {
                    "uv": [
                        2,
                        0,
                        4,
                        16
                    ],
                    "texture": "#rail"
                },
                "down": {
                    "uv": [
                        2,
                        16,
                        4,
                        0
                    ],
                    "texture": "#rail"
                }
            },
            "rotation": {
                "angle": 45,
                "axis": "x",
                "origin": [
                    0,
                    10,
                    8
                ]
            }
        },
        {
            "from": [
                5,
                8.585786437626904,
                -1.1260968946888799
            ],
            "to": [
                11,
                9.292893218813452,
                1.7907185777056283
            ],
            "faces": {
                "north": {
                    "uv": [
                        5,
                        1,
                        11,
                        2
                    ],
                    "rotation": 180,
                    "texture": "#rail"
                },
                "south": {
                    "uv": [
                        5,
                        2,
                        11,
                        3
                    ],
                    "texture": "#rail"
                },
                "up": {
                    "uv": [
                        5,
                        1,
                        11,
                        3
                    ],
                    "texture": "#rail"
                },
                "down": {
                    "uv": [
                        5,
                        3,
                        11,
                        1
                    ],
                    "texture": "#rail"
                }
            },
            "rotation": {
                "angle": 45,
                "axis": "x",
                "origin": [
                    0,
                    10,
                    8
                ]
            }
        },
        {
            "from": [
                1,
                8.585786437626904,
                4.707534050100138
            ],
            "to": [
                4,
                9.292893218813452,
                7.624349522494646
            ],
            "faces": {
                "north": {
                    "uv": [
                        1,
                        5,
                        2,
                        6
                    ],
                    "texture": "#rail"
                },
                "south": {
                    "uv": [
                        1,
                        6,
                        2,
                        7
                    ],
                    "texture": "#rail"
                },
                "west": {
                    "uv": [
                        1,
                        5,
                        2,
                        7
                    ],
                    "rotation": 270,
                    "texture": "#rail"
                },
                "up": {
                    "uv": [
                        1,
                        5,
                        2,
                        7
                    ],
                    "texture": "#rail"
                },
                "down": {
                    "uv": [
                        1,
                        7,
                        2,
                        5
                    ],
                    "texture": "#rail"
                }
            },
            "rotation": {
                "angle": 45,
                "axis": "x",
                "origin": [
                    0,
                    10,
                    8
                ]
            }
        },
        {
            "from": [
                12,
                8.585786437626904,
                4.707534050100138
            ],
            "to": [
                15,
                9.292893218813452,
                7.624349522494646
            ],
            "faces": {
                "north": {
                    "uv": [
                        14,
                        5,
                        15,
                        6
                    ],
                    "texture": "#rail"
                },
                "east": {
                    "uv": [
                        14,
                        5,
                        15,
                        7
                    ],
                    "rotation": 90,
                    "texture": "#rail"
                },
                "south": {
                    "uv": [
                        14,
                        6,
                        15,
                        7
                    ],
                    "texture": "#rail"
                },
                "up": {
                    "uv": [
                        14,
                        5,
                        15,
                        7
                    ],
                    "texture": "#rail"
                },
                "down": {
                    "uv": [
                        14,
                        7,
                        15,
                        5
                    ],
                    "texture": "#rail"
                }
            },
            "rotation": {
                "angle": 45,
                "axis": "x",
                "origin": [
                    0,
                    10,
                    8
                ]
            }
        },
        {
            "from": [
                5,
                8.585786437626904,
                4.707534050100138
            ],
            "to": [
                11,
                9.292893218813452,
                7.624349522494646
            ],
            "faces": {
                "north": {
                    "uv": [
                        5,
                        5,
                        11,
                        6
                    ],
                    "rotation": 180,
                    "texture": "#rail"
                },
                "south": {
                    "uv": [
                        5,
                        6,
                        11,
                        7
                    ],
                    "texture": "#rail"
                },
                "up": {
                    "uv": [
                        5,
                        5,
                        11,
                        7
                    ],
                    "texture": "#rail"
                },
                "down": {
                    "uv": [
                        5,
                        7,
                        11,
                        5
                    ],
                    "texture": "#rail"
                }
            },
            "rotation": {
                "angle": 45,
                "axis": "x",
                "origin": [
                    0,
                    10,
                    8
                ]
            }
        },
        {
            "from": [
                1,
                8.585786437626904,
                10.541164994889154
            ],
            "to": [
                4,
                9.292893218813452,
                13.457980467283662
            ],
            "faces": {
                "north": {
                    "uv": [
                        1,
                        9,
                        2,
                        10
                    ],
                    "texture": "#rail"
                },
                "south": {
                    "uv": [
                        1,
                        10,
                        2,
                        11
                    ],
                    "texture": "#rail"
                },
                "west": {
                    "uv": [
                        1,
                        9,
                        2,
                        11
                    ],
                    "rotation": 270,
                    "texture": "#rail"
                },
                "up": {
                    "uv": [
                        1,
                        9,
                        2,
                        11
                    ],
                    "texture": "#rail"
                },
                "down": {
                    "uv": [
                        1,
                        11,
                        2,
                        9
                    ],
                    "texture": "#rail"
                }
            },
            "rotation": {
                "angle": 45,
                "axis": "x",
                "origin": [
                    0,
                    10,
                    8
                ]
            }
        },
        {
            "from": [
                12,
                8.585786437626904,
                10.541164994889154
            ],
            "to": [
                15,
                9.292893218813452,
                13.457980467283662
            ],
            "faces": {
                "north": {
                    "uv": [
                        14,
                        9,
                        15,
                        10
                    ],
                    "texture": "#rail"
                },
                "east": {
                    "uv": [
                        14,
                        9,
                        15,
                        11
                    ],
                    "rotation": 90,
                    "texture": "#rail"
                },
                "south": {
                    "uv": [
                        14,
                        10,
                        15,
                        11
                    ],
                    "texture": "#rail"
                },
                "up": {
                    "uv": [
                        14,
                        9,
                        15,
                        11
                    ],
                    "texture": "#rail"
                },
                "down": {
                    "uv": [
                        14,
                        11,
                        15,
                        9
                    ],
                    "texture": "#rail"
                }
            },
            "rotation": {
                "angle": 45,
                "axis": "x",
                "origin": [
                    0,
                    10,
                    8
                ]
            }
        },
        {
            "from": [
                5,
                8.585786437626904,
                10.541164994889154
            ],
            "to": [
                11,
                9.292893218813452,
                13.457980467283662
            ],
            "faces": {
                "north": {
                    "uv": [
                        5,
                        9,
                        11,
                        10
                    ],
                    "rotation": 180,
                    "texture": "#rail"
                },
                "south": {
                    "uv": [
                        5,
                        10,
                        11,
                        11
                    ],
                    "texture": "#rail"
                },
                "up": {
                    "uv": [
                        5,
                        9,
                        11,
                        11
                    ],
                    "texture": "#rail"
                },
                "down": {
                    "uv": [
                        5,
                        11,
                        11,
                        9
                    ],
                    "texture": "#rail"
                }
            },
            "rotation": {
                "angle": 45,
                "axis": "x",
                "origin": [
                    0,
                    10,
                    8
                ]
            }
        },
        {
            "from": [
                1,
                8.585786437626904,
                16.374795939678172
            ],
            "to": [
                4,
                9.292893218813452,
                19.291611412072683
            ],
            "faces": {
                "north": {
                    "uv": [
                        1,
                        13,
                        2,
                        14
                    ],
                    "texture": "#rail"
                },
                "south": {
                    "uv": [
                        1,
                        14,
                        2,
                        15
                    ],
                    "texture": "#rail"
                },
                "west": {
                    "uv": [
                        1,
                        13,
                        2,
                        15
                    ],
                    "rotation": 270,
                    "texture": "#rail"
                },
                "up": {
                    "uv": [
                        1,
                        13,
                        2,
                        15
                    ],
                    "texture": "#rail"
                },
                "down": {
                    "uv": [
                        1,
                        15,
                        2,
                        13
                    ],
                    "texture": "#rail"
                }
            },
            "rotation": {
                "angle": 45,
                "axis": "x",
                "origin": [
                    0,
                    10,
                    8
                ]
            }
        },
        {
            "from": [
                12,
                8.585786437626904,
                16.374795939678172
            ],
            "to": [
                15,
                9.292893218813452,
                19.291611412072683
            ],
            "faces": {
                "north": {
                    "uv": [
                        14,
                        13,
                        15,
                        14
                    ],
                    "texture": "#rail"
                },
                "east": {
                    "uv": [
                        14,
                        13,
                        15,
                        15
                    ],
                    "rotation": 90,
                    "texture": "#rail"
                },
                "south": {
                    "uv": [
                        14,
                        14,
                        15,
                        15
                    ],
                    "texture": "#rail"
                },
                "up": {
                    "uv": [
                        14,
                        13,
                        15,
                        15
                    ],
                    "texture": "#rail"
                },
                "down": {
                    "uv": [
                        14,
                        15,
                        15,
                        13
                    ],
                    "texture": "#rail"
                }
            },
            "rotation": {
                "angle": 45,
                "axis": "x",
                "origin": [
                    0,
                    10,
                    8
                ]
            }
        },
        {
            "from": [
                5,
                8.585786437626904,
                16.374795939678172
            ],
            "to": [
                11,
                9.292893218813452,
                19.291611412072683
            ],
            "faces": {
                "north": {
                    "uv": [
                        5,
                        13,
                        11,
                        14
                    ],
                    "rotation": 180,
                    "texture": "#rail"
                },
                "south": {
                    "uv": [
                        5,
                        14,
                        11,
                        15
                    ],
                    "texture": "#rail"
                },
                "up": {
                    "uv": [
                        5,
                        13,
                        11,
                        15
                    ],
                    "texture": "#rail"
                },
                "down": {
                    "uv": [
                        5,
                        15,
                        11,
                        13
                    ],
                    "texture": "#rail"
                }
            },
            "rotation": {
                "angle": 45,
                "axis": "x",
                "origin": [
                    0,
                    10,
                    8
                ]
            }
        },
        {
            "from": [
                4,
                8.585786437626904,
                -2.5845046308861335
            ],
            "to": [
                5,
                9.292893218813452,
                20.750019148269935
            ],
            "faces": {
                "north": {
                    "uv": [
                        4,
                        0,
                        5,
                        1
                    ],
                    "texture": "#rail"
                },
                "east": {
                    "uv": [
                        4,
                        0,
                        5,
                        16
                    ],
                    "rotation": 90,
                    "texture": "#rail"
                },
                "south": {
                    "uv": [
                        4,
                        15,
                        5,
                        16
                    ],
                    "texture": "#rail"
                },
                "west": {
                    "uv": [
                        4,
                        0,
                        5,
                        16
                    ],
                    "rotation": 270,
                    "texture": "#rail"
                },
                "up": {
                    "uv": [
                        4,
                        0,
                        5,
                        16
                    ],
                    "texture": "#rail"
                },
                "down": {
                    "uv": [
                        4,
                        16,
                        5,
                        0
                    ],
                    "texture": "#rail"
                }
            },
            "rotation": {
                "angle": 45,
                "axis": "x",
                "origin": [
                    0,
                    10,
                    8
                ]
            }
        },
        {
            "from": [
                11,
                8.585786437626904,
                -2.5845046308861335
            ],
            "to": [
                12,
                9.292893218813452,
                20.750019148269935
            ],
            "faces": {
                "north": {
                    "uv": [
                        11,
                        0,
                        12,
                        1
                    ],
                    "texture": "#rail"
                },
                "east": {
                    "uv": [
                        11,
                        0,
                        12,
                        16
                    ],
                    "rotation": 90,
                    "texture": "#rail"
                },
                "south": {
                    "uv": [
                        11,
                        15,
                        12,
                        16
                    ],
                    "texture": "#rail"
                },
                "west": {
                    "uv": [
                        11,
                        0,
                        12,
                        16
                    ],
                    "rotation": 270,
                    "texture": "#rail"
                },
                "up": {
                    "uv": [
                        11,
                        0,
                        12,
                        16
                    ],
                    "texture": "#rail"
                },
                "down": {
                    "uv": [
                        11,
                        16,
                        12,
                        0
                    ],
                    "texture": "#rail"
                }
            },
            "rotation": {
                "angle": 45,
                "axis": "x",
                "origin": [
                    0,
                    10,
                    8
                ]
            }
        },
        {
            "from": [
                7,
                8.585786437626904,
                1.7907185777056283
            ],
            "to": [
                9,
                9.292893218813452,
                4.707534050100138
            ],
            "faces": {
                "east": {
                    "uv": [
                        8,
                        3,
                        9,
                        5
                    ],
                    "rotation": 90,
                    "texture": "#rail"
                },
                "west": {
                    "uv": [
                        7,
                        3,
                        8,
                        5
                    ],
                    "rotation": 270,
                    "texture": "#rail"
                },
                "up": {
                    "uv": [
                        7,
                        3,
                        9,
                        5
                    ],
                    "texture": "#rail"
                },
                "down": {
                    "uv": [
                        7,
                        5,
                        9,
                        3
                    ],
                    "texture": "#rail"
                }
            },
            "rotation": {
                "angle": 45,
                "axis": "x",
                "origin": [
                    0,
                    10,
                    8
                ]
            }
        },
        {
            "from": [
                7,
                8.585786437626904,
                7.624349522494646
            ],
            "to": [
                9,
                9.292893218813452,
                10.541164994889154
            ],
            "faces": {
                "east": {
                    "uv": [
                        8,
                        7,
                        9,
                        9
                    ],
                    "rotation": 90,
                    "texture": "#rail"
                },
                "west": {
                    "uv": [
                        7,
                        7,
                        8,
                        9
                    ],
                    "rotation": 270,
                    "texture": "#rail"
                },
                "up": {
                    "uv": [
                        7,
                        7,
                        9,
                        9
                    ],
                    "texture": "#rail"
                },
                "down": {
                    "uv": [
                        7,
                        9,
                        9,
                        7
                    ],
                    "texture": "#rail"
                }
            },
            "rotation": {
                "angle": 45,
                "axis": "x",
                "origin": [
                    0,
                    10,
                    8
                ]
            }
        },
        {
            "from": [
                7,
                8.585786437626904,
                13.457980467283662
            ],
            "to": [
                9,
                9.292893218813452,
                16.374795939678172
            ],
            "faces": {
                "east": {
                    "uv": [
                        8,
                        11,
                        9,
                        13
                    ],
                    "rotation": 90,
                    "texture": "#rail"
                },
                "west": {
                    "uv": [
                        7,
                        11,
                        8,
                        13
                    ],
                    "rotation": 270,
                    "texture": "#rail"
                },
                "up": {
                    "uv": [
                        7,
                        11,
                        9,
                        13
                    ],
                    "texture": "#rail"
                },
                "down": {
                    "uv": [
                        7,
                        13,
                        9,
                        11
                    ],
                    "texture": "#rail"
                }
            },
            "rotation": {
                "angle": 45,
                "axis": "x",
                "origin": [
                    0,
                    10,
                    8
                ]
            }
        }
    ]
}