{
    "ambientocclusion": false,
    "textures": {
        "pumpkin_stem": "block/pumpkin_stem",
        "particle": "block/pumpkin_stem"
    },
    "elements": [
        {
            "from": [
                5,
                5,
                5
            ],
            "to": [
                6,
                7,
                6
            ],
            "faces": {
                "north": {
                    "uv": [
                        6,
                        6,
                        5,
                        8
                    ],
                    "texture": "#pumpkin_stem",
                    "tintindex": 0
                },
                "east": {
                    "uv": [
                        5,
                        6,
                        6,
                        8
                    ],
                    "texture": "#pumpkin_stem",
                    "tintindex": 0
                },
                "south": {
                    "uv": [
                        5,
                        6,
                        6,
                        8
                    ],
                    "texture": "#pumpkin_stem",
                    "tintindex": 0
                },
                "west": {
                    "uv": [
                        5,
                        6,
                        6,
                        8
                    ],
                    "texture": "#pumpkin_stem",
                    "tintindex": 0
                },
                "up": {
                    "uv": [
                        5,
                        6,
                        6,
                        7
                    ],
                    "texture": "#pumpkin_stem",
                    "tintindex": 0
                },
                "down": {
                    "uv": [
                        5,
                        7,
                        6,
                        8
                    ],
                    "texture": "#pumpkin_stem",
                    "tintindex": 0
                }
            }
        },
        {
            "from": [
                10,
                5,
                5
            ],
            "to": [
                11,
                7,
                6
            ],
            "faces": {
                "north": {
                    "uv": [
                        6,
                        6,
                        5,
                        8
                    ],
                    "texture": "#pumpkin_stem",
                    "tintindex": 0
                },
                "east": {
                    "uv": [
                        5,
                        6,
                        6,
                        8
                    ],
                    "texture": "#pumpkin_stem",
                    "tintindex": 0
                },
                "south": {
                    "uv": [
                        5,
                        6,
                        6,
                        8
                    ],
                    "texture": "#pumpkin_stem",
                    "tintindex": 0
                },
                "west": {
                    "uv": [
                        5,
                        6,
                        6,
                        8
                    ],
                    "texture": "#pumpkin_stem",
                    "tintindex": 0
                },
                "up": {
                    "uv": [
                        5,
                        6,
                        6,
                        7
                    ],
                    "texture": "#pumpkin_stem",
                    "tintindex": 0
                },
                "down": {
                    "uv": [
                        5,
                        7,
                        6,
                        8
                    ],
                    "texture": "#pumpkin_stem",
                    "tintindex": 0
                }
            }
        },
        {
            "from": [
                6,
                9,
                6
            ],
            "to": [
                7,
                12,
                7
            ],
            "faces": {
                "north": {
                    "uv": [
                        7,
                        1,
                        6,
                        4
                    ],
                    "texture": "#pumpkin_stem",
                    "tintindex": 0
                },
                "east": {
                    "uv": [
                        6,
                        1,
                        7,
                        4
                    ],
                    "texture": "#pumpkin_stem",
                    "tintindex": 0
                },
                "south": {
                    "uv": [
                        6,
                        1,
                        7,
                        4
                    ],
                    "texture": "#pumpkin_stem",
                    "tintindex": 0
                },
                "west": {
                    "uv": [
                        6,
                        1,
                        7,
                        4
                    ],
                    "texture": "#pumpkin_stem",
                    "tintindex": 0
                },
                "up": {
                    "uv": [
                        6,
                        1,
                        7,
                        2
                    ],
                    "texture": "#pumpkin_stem",
                    "tintindex": 0
                },
                "down": {
                    "uv": [
                        6,
                        3,
                        7,
                        4
                    ],
                    "texture": "#pumpkin_stem",
                    "tintindex": 0
                }
            }
        },
        {
            "from": [
                9,
                9,
                6
            ],
            "to": [
                10,
                12,
                7
            ],
            "faces": {
                "north": {
                    "uv": [
                        7,
                        1,
                        6,
                        4
                    ],
                    "texture": "#pumpkin_stem",
                    "tintindex": 0
                },
                "east": {
                    "uv": [
                        6,
                        1,
                        7,
                        4
                    ],
                    "texture": "#pumpkin_stem",
                    "tintindex": 0
                },
                "south": {
                    "uv": [
                        6,
                        1,
                        7,
                        4
                    ],
                    "texture": "#pumpkin_stem",
                    "tintindex": 0
                },
                "west": {
                    "uv": [
                        6,
                        1,
                        7,
                        4
                    ],
                    "texture": "#pumpkin_stem",
                    "tintindex": 0
                },
                "up": {
                    "uv": [
                        6,
                        1,
                        7,
                        2
                    ],
                    "texture": "#pumpkin_stem",
                    "tintindex": 0
                },
                "down": {
                    "uv": [
                        6,
                        3,
                        7,
                        4
                    ],
                    "texture": "#pumpkin_stem",
                    "tintindex": 0
                }
            }
        },
        {
            "from": [
                6,
                4,
                6
            ],
            "to": [
                7,
                6,
                7
            ],
            "faces": {
                "north": {
                    "uv": [
                        7,
                        7,
                        6,
                        9
                    ],
                    "texture": "#pumpkin_stem",
                    "tintindex": 0
                },
                "east": {
                    "uv": [
                        6,
                        7,
                        7,
                        9
                    ],
                    "texture": "#pumpkin_stem",
                    "tintindex": 0
                },
                "south": {
                    "uv": [
                        6,
                        7,
                        7,
                        9
                    ],
                    "texture": "#pumpkin_stem",
                    "tintindex": 0
                },
                "west": {
                    "uv": [
                        6,
                        7,
                        7,
                        9
                    ],
                    "texture": "#pumpkin_stem",
                    "tintindex": 0
                },
                "up": {
                    "uv": [
                        6,
                        7,
                        7,
                        8
                    ],
                    "texture": "#pumpkin_stem",
                    "tintindex": 0
                },
                "down": {
                    "uv": [
                        6,
                        8,
                        7,
                        9
                    ],
                    "texture": "#pumpkin_stem",
                    "tintindex": 0
                }
            }
        },
        {
            "from": [
                9,
                4,
                6
            ],
            "to": [
                10,
                6,
                7
            ],
            "faces": {
                "north": {
                    "uv": [
                        7,
                        7,
                        6,
                        9
                    ],
                    "texture": "#pumpkin_stem",
                    "tintindex": 0
                },
                "east": {
                    "uv": [
                        6,
                        7,
                        7,
                        9
                    ],
                    "texture": "#pumpkin_stem",
                    "tintindex": 0
                },
                "south": {
                    "uv": [
                        6,
                        7,
                        7,
                        9
                    ],
                    "texture": "#pumpkin_stem",
                    "tintindex": 0
                },
                "west": {
                    "uv": [
                        6,
                        7,
                        7,
                        9
                    ],
                    "texture": "#pumpkin_stem",
                    "tintindex": 0
                },
                "up": {
                    "uv": [
                        6,
                        7,
                        7,
                        8
                    ],
                    "texture": "#pumpkin_stem",
                    "tintindex": 0
                },
                "down": {
                    "uv": [
                        6,
                        8,
                        7,
                        9
                    ],
                    "texture": "#pumpkin_stem",
                    "tintindex": 0
                }
            }
        },
        {
            "from": [
                7,
                -1,
                7
            ],
            "to": [
                8,
                11,
                8
            ],
            "faces": {
                "north": {
                    "uv": [
                        8,
                        2,
                        7,
                        14
                    ],
                    "texture": "#pumpkin_stem",
                    "tintindex": 0
                },
                "south": {
                    "uv": [
                        7,
                        2,
                        8,
                        14
                    ],
                    "texture": "#pumpkin_stem",
                    "tintindex": 0
                },
                "west": {
                    "uv": [
                        7,
                        2,
                        8,
                        14
                    ],
                    "texture": "#pumpkin_stem",
                    "tintindex": 0
                },
                "up": {
                    "uv": [
                        7,
                        2,
                        8,
                        3
                    ],
                    "texture": "#pumpkin_stem",
                    "tintindex": 0
                },
                "down": {
                    "uv": [
                        7,
                        13,
                        8,
                        14
                    ],
                    "texture": "#pumpkin_stem",
                    "tintindex": 0,
                    "cullface": "down"
                }
            }
        },
        {
            "from": [
                8,
                -1,
                7
            ],
            "to": [
                9,
                11,
                8
            ],
            "faces": {
                "north": {
                    "uv": [
                        8,
                        2,
                        7,
                        14
                    ],
                    "texture": "#pumpkin_stem",
                    "tintindex": 0
                },
                "east": {
                    "uv": [
                        7,
                        2,
                        8,
                        14
                    ],
                    "texture": "#pumpkin_stem",
                    "tintindex": 0
                },
                "south": {
                    "uv": [
                        7,
                        2,
                        8,
                        14
                    ],
                    "texture": "#pumpkin_stem",
                    "tintindex": 0
                },
                "up": {
                    "uv": [
                        7,
                        2,
                        8,
                        3
                    ],
                    "texture": "#pumpkin_stem",
                    "tintindex": 0
                },
                "down": {
                    "uv": [
                        7,
                        13,
                        8,
                        14
                    ],
                    "texture": "#pumpkin_stem",
                    "tintindex": 0,
                    "cullface": "down"
                }
            }
        },
        {
            "from": [
                8,
                -1,
                8
            ],
            "to": [
                9,
                8,
                9
            ],
            "faces": {
                "east": {
                    "uv": [
                        8,
                        5,
                        9,
                        14
                    ],
                    "texture": "#pumpkin_stem",
                    "tintindex": 0
                },
                "south": {
                    "uv": [
                        8,
                        5,
                        9,
                        14
                    ],
                    "texture": "#pumpkin_stem",
                    "tintindex": 0
                },
                "up": {
                    "uv": [
                        8,
                        5,
                        9,
                        6
                    ],
                    "texture": "#pumpkin_stem",
                    "tintindex": 0
                },
                "down": {
                    "uv": [
                        8,
                        13,
                        9,
                        14
                    ],
                    "texture": "#pumpkin_stem",
                    "tintindex": 0,
                    "cullface": "down"
                }
            }
        },
        {
            "from": [
                7,
                -1,
                8
            ],
            "to": [
                8,
                8,
                9
            ],
            "faces": {
                "south": {
                    "uv": [
                        8,
                        5,
                        9,
                        14
                    ],
                    "texture": "#pumpkin_stem",
                    "tintindex": 0
                },
                "west": {
                    "uv": [
                        8,
                        5,
                        9,
                        14
                    ],
                    "texture": "#pumpkin_stem",
                    "tintindex": 0
                },
                "up": {
                    "uv": [
                        8,
                        5,
                        9,
                        6
                    ],
                    "texture": "#pumpkin_stem",
                    "tintindex": 0
                },
                "down": {
                    "uv": [
                        8,
                        13,
                        9,
                        14
                    ],
                    "texture": "#pumpkin_stem",
                    "tintindex": 0,
                    "cullface": "down"
                }
            }
        },
        {
            "from": [
                9,
                2,
                9
            ],
            "to": [
                10,
                4,
                10
            ],
            "faces": {
                "north": {
                    "uv": [
                        10,
                        9,
                        9,
                        11
                    ],
                    "texture": "#pumpkin_stem",
                    "tintindex": 0
                },
                "east": {
                    "uv": [
                        9,
                        9,
                        10,
                        11
                    ],
                    "texture": "#pumpkin_stem",
                    "tintindex": 0
                },
                "south": {
                    "uv": [
                        9,
                        9,
                        10,
                        11
                    ],
                    "texture": "#pumpkin_stem",
                    "tintindex": 0
                },
                "west": {
                    "uv": [
                        9,
                        9,
                        10,
                        11
                    ],
                    "texture": "#pumpkin_stem",
                    "tintindex": 0
                },
                "up": {
                    "uv": [
                        9,
                        9,
                        10,
                        10
                    ],
                    "texture": "#pumpkin_stem",
                    "tintindex": 0
                },
                "down": {
                    "uv": [
                        9,
                        10,
                        10,
                        11
                    ],
                    "texture": "#pumpkin_stem",
                    "tintindex": 0
                }
            }
        },
        {
            "from": [
                6,
                2,
                9
            ],
            "to": [
                7,
                4,
                10
            ],
            "faces": {
                "north": {
                    "uv": [
                        10,
                        9,
                        9,
                        11
                    ],
                    "texture": "#pumpkin_stem",
                    "tintindex": 0
                },
                "east": {
                    "uv": [
                        9,
                        9,
                        10,
                        11
                    ],
                    "texture": "#pumpkin_stem",
                    "tintindex": 0
                },
                "south": {
                    "uv": [
                        9,
                        9,
                        10,
                        11
                    ],
                    "texture": "#pumpkin_stem",
                    "tintindex": 0
                },
                "west": {
                    "uv": [
                        9,
                        9,
                        10,
                        11
                    ],
                    "texture": "#pumpkin_stem",
                    "tintindex": 0
                },
                "up": {
                    "uv": [
                        9,
                        9,
                        10,
                        10
                    ],
                    "texture": "#pumpkin_stem",
                    "tintindex": 0
                },
                "down": {
                    "uv": [
                        9,
                        10,
                        10,
                        11
                    ],
                    "texture": "#pumpkin_stem",
                    "tintindex": 0
                }
            }
        },
        {
            "from": [
                10,
                4,
                10
            ],
            "to": [
                11,
                5,
                11
            ],
            "faces": {
                "north": {
                    "uv": [
                        11,
                        8,
                        10,
                        9
                    ],
                    "texture": "#pumpkin_stem",
                    "tintindex": 0
                },
                "east": {
                    "uv": [
                        10,
                        8,
                        11,
                        9
                    ],
                    "texture": "#pumpkin_stem",
                    "tintindex": 0
                },
                "south": {
                    "uv": [
                        10,
                        8,
                        11,
                        9
                    ],
                    "texture": "#pumpkin_stem",
                    "tintindex": 0
                },
                "west": {
                    "uv": [
                        10,
                        8,
                        11,
                        9
                    ],
                    "texture": "#pumpkin_stem",
                    "tintindex": 0
                },
                "up": {
                    "uv": [
                        10,
                        8,
                        11,
                        9
                    ],
                    "texture": "#pumpkin_stem",
                    "tintindex": 0
                },
                "down": {
                    "uv": [
                        10,
                        8,
                        11,
                        9
                    ],
                    "texture": "#pumpkin_stem",
                    "tintindex": 0
                }
            }
        },
        {
            "from": [
                5,
                4,
                10
            ],
            "to": [
                6,
                5,
                11
            ],
            "faces": {
                "north": {
                    "uv": [
                        11,
                        8,
                        10,
                        9
                    ],
                    "texture": "#pumpkin_stem",
                    "tintindex": 0
                },
                "east": {
                    "uv": [
                        10,
                        8,
                        11,
                        9
                    ],
                    "texture": "#pumpkin_stem",
                    "tintindex": 0
                },
                "south": {
                    "uv": [
                        10,
                        8,
                        11,
                        9
                    ],
                    "texture": "#pumpkin_stem",
                    "tintindex": 0
                },
                "west": {
                    "uv": [
                        10,
                        8,
                        11,
                        9
                    ],
                    "texture": "#pumpkin_stem",
                    "tintindex": 0
                },
                "up": {
                    "uv": [
                        10,
                        8,
                        11,
                        9
                    ],
                    "texture": "#pumpkin_stem",
                    "tintindex": 0
                },
                "down": {
                    "uv": [
                        10,
                        8,
                        11,
                        9
                    ],
                    "texture": "#pumpkin_stem",
                    "tintindex": 0
                }
            }
        }
    ]
}