{
    "ambientocclusion": false,
    "textures": {
        "pumpkin_stem": "block/pumpkin_stem",
        "particle": "block/pumpkin_stem"
    },
    "elements": [
        {
            "from": [
                6,
                1,
                6
            ],
            "to": [
                7,
                4,
                7
            ],
            "faces": {
                "north": {
                    "uv": [
                        7,
                        1,
                        6,
                        4
                    ],
                    "texture": "#pumpkin_stem",
                    "tintindex": 0
                },
                "east": {
                    "uv": [
                        6,
                        1,
                        7,
                        4
                    ],
                    "texture": "#pumpkin_stem",
                    "tintindex": 0
                },
                "south": {
                    "uv": [
                        6,
                        1,
                        7,
                        4
                    ],
                    "texture": "#pumpkin_stem",
                    "tintindex": 0
                },
                "west": {
                    "uv": [
                        6,
                        1,
                        7,
                        4
                    ],
                    "texture": "#pumpkin_stem",
                    "tintindex": 0
                },
                "up": {
                    "uv": [
                        6,
                        1,
                        7,
                        2
                    ],
                    "texture": "#pumpkin_stem",
                    "tintindex": 0
                },
                "down": {
                    "uv": [
                        6,
                        3,
                        7,
                        4
                    ],
                    "texture": "#pumpkin_stem",
                    "tintindex": 0
                }
            }
        },
        {
            "from": [
                9,
                1,
                6
            ],
            "to": [
                10,
                4,
                7
            ],
            "faces": {
                "north": {
                    "uv": [
                        7,
                        1,
                        6,
                        4
                    ],
                    "texture": "#pumpkin_stem",
                    "tintindex": 0
                },
                "east": {
                    "uv": [
                        6,
                        1,
                        7,
                        4
                    ],
                    "texture": "#pumpkin_stem",
                    "tintindex": 0
                },
                "south": {
                    "uv": [
                        6,
                        1,
                        7,
                        4
                    ],
                    "texture": "#pumpkin_stem",
                    "tintindex": 0
                },
                "west": {
                    "uv": [
                        6,
                        1,
                        7,
                        4
                    ],
                    "texture": "#pumpkin_stem",
                    "tintindex": 0
                },
                "up": {
                    "uv": [
                        6,
                        1,
                        7,
                        2
                    ],
                    "texture": "#pumpkin_stem",
                    "tintindex": 0
                },
                "down": {
                    "uv": [
                        6,
                        3,
                        7,
                        4
                    ],
                    "texture": "#pumpkin_stem",
                    "tintindex": 0
                }
            }
        },
        {
            "from": [
                7,
                -1,
                7
            ],
            "to": [
                8,
                3,
                8
            ],
            "faces": {
                "north": {
                    "uv": [
                        8,
                        2,
                        7,
                        6
                    ],
                    "texture": "#pumpkin_stem",
                    "tintindex": 0
                },
                "south": {
                    "uv": [
                        7,
                        2,
                        8,
                        6
                    ],
                    "texture": "#pumpkin_stem",
                    "tintindex": 0
                },
                "west": {
                    "uv": [
                        7,
                        2,
                        8,
                        6
                    ],
                    "texture": "#pumpkin_stem",
                    "tintindex": 0
                },
                "up": {
                    "uv": [
                        7,
                        2,
                        8,
                        3
                    ],
                    "texture": "#pumpkin_stem",
                    "tintindex": 0
                },
                "down": {
                    "uv": [
                        7,
                        5,
                        8,
                        6
                    ],
                    "texture": "#pumpkin_stem",
                    "tintindex": 0,
                    "cullface": "down"
                }
            }
        },
        {
            "from": [
                8,
                -1,
                7
            ],
            "to": [
                9,
                3,
                8
            ],
            "faces": {
                "north": {
                    "uv": [
                        8,
                        2,
                        7,
                        6
                    ],
                    "texture": "#pumpkin_stem",
                    "tintindex": 0
                },
                "east": {
                    "uv": [
                        7,
                        2,
                        8,
                        6
                    ],
                    "texture": "#pumpkin_stem",
                    "tintindex": 0
                },
                "south": {
                    "uv": [
                        7,
                        2,
                        8,
                        6
                    ],
                    "texture": "#pumpkin_stem",
                    "tintindex": 0
                },
                "up": {
                    "uv": [
                        7,
                        2,
                        8,
                        3
                    ],
                    "texture": "#pumpkin_stem",
                    "tintindex": 0
                },
                "down": {
                    "uv": [
                        7,
                        5,
                        8,
                        6
                    ],
                    "texture": "#pumpkin_stem",
                    "tintindex": 0,
                    "cullface": "down"
                }
            }
        },
        {
            "from": [
                8,
                -1,
                8
            ],
            "to": [
                9,
                0,
                9
            ],
            "faces": {
                "east": {
                    "uv": [
                        8,
                        5,
                        9,
                        6
                    ],
                    "texture": "#pumpkin_stem",
                    "tintindex": 0
                },
                "south": {
                    "uv": [
                        8,
                        5,
                        9,
                        6
                    ],
                    "texture": "#pumpkin_stem",
                    "tintindex": 0
                },
                "up": {
                    "uv": [
                        8,
                        5,
                        9,
                        6
                    ],
                    "texture": "#pumpkin_stem",
                    "tintindex": 0
                },
                "down": {
                    "uv": [
                        8,
                        5,
                        9,
                        6
                    ],
                    "texture": "#pumpkin_stem",
                    "tintindex": 0,
                    "cullface": "down"
                }
            }
        },
        {
            "from": [
                7,
                -1,
                8
            ],
            "to": [
                8,
                0,
                9
            ],
            "faces": {
                "south": {
                    "uv": [
                        8,
                        5,
                        9,
                        6
                    ],
                    "texture": "#pumpkin_stem",
                    "tintindex": 0
                },
                "west": {
                    "uv": [
                        8,
                        5,
                        9,
                        6
                    ],
                    "texture": "#pumpkin_stem",
                    "tintindex": 0
                },
                "up": {
                    "uv": [
                        8,
                        5,
                        9,
                        6
                    ],
                    "texture": "#pumpkin_stem",
                    "tintindex": 0
                },
                "down": {
                    "uv": [
                        8,
                        5,
                        9,
                        6
                    ],
                    "texture": "#pumpkin_stem",
                    "tintindex": 0,
                    "cullface": "down"
                }
            }
        }
    ]
}