{
    "ambientocclusion": false,
    "textures": {
        "particle": "minecraft:block/rail",
        "rail": "minecraft:block/rail"
    },
    "elements": [
        {
            "from": [
                1,
                0,
                1
            ],
            "to": [
                4,
                1,
                3
            ],
            "faces": {
                "north": {
                    "uv": [
                        1,
                        1,
                        2,
                        2
                    ],
                    "texture": "#rail"
                },
                "south": {
                    "uv": [
                        1,
                        2,
                        2,
                        3
                    ],
                    "texture": "#rail"
                },
                "west": {
                    "uv": [
                        1,
                        1,
                        2,
                        3
                    ],
                    "rotation": 270,
                    "texture": "#rail"
                },
                "up": {
                    "uv": [
                        1,
                        1,
                        2,
                        3
                    ],
                    "texture": "#rail"
                },
                "down": {
                    "uv": [
                        1,
                        3,
                        2,
                        1
                    ],
                    "texture": "#rail",
                    "cullface": "down"
                }
            }
        },
        {
            "from": [
                12,
                0,
                1
            ],
            "to": [
                15,
                1,
                3
            ],
            "faces": {
                "north": {
                    "uv": [
                        14,
                        1,
                        15,
                        2
                    ],
                    "texture": "#rail"
                },
                "east": {
                    "uv": [
                        14,
                        1,
                        15,
                        3
                    ],
                    "rotation": 90,
                    "texture": "#rail"
                },
                "south": {
                    "uv": [
                        14,
                        2,
                        15,
                        3
                    ],
                    "texture": "#rail"
                },
                "up": {
                    "uv": [
                        14,
                        1,
                        15,
                        3
                    ],
                    "texture": "#rail"
                },
                "down": {
                    "uv": [
                        14,
                        3,
                        15,
                        1
                    ],
                    "texture": "#rail",
                    "cullface": "down"
                }
            }
        },
        {
            "from": [
                12,
                1,
                0
            ],
            "to": [
                14,
                2,
                16
            ],
            "faces": {
                "north": {
                    "uv": [
                        14,
                        0,
                        12,
                        1
                    ],
                    "texture": "#rail",
                    "cullface": "north"
                },
                "east": {
                    "uv": [
                        13,
                        0,
                        14,
                        16
                    ],
                    "rotation": 90,
                    "texture": "#rail"
                },
                "south": {
                    "uv": [
                        12,
                        15,
                        14,
                        16
                    ],
                    "texture": "#rail",
                    "cullface": "south"
                },
                "west": {
                    "uv": [
                        12,
                        0,
                        13,
                        16
                    ],
                    "rotation": 270,
                    "texture": "#rail"
                },
                "up": {
                    "uv": [
                        12,
                        0,
                        14,
                        16
                    ],
                    "texture": "#rail"
                },
                "down": {
                    "uv": [
                        12,
                        16,
                        14,
                        0
                    ],
                    "texture": "#rail"
                }
            }
        },
        {
            "from": [
                2,
                1,
                0
            ],
            "to": [
                4,
                2,
                16
            ],
            "faces": {
                "north": {
                    "uv": [
                        4,
                        0,
                        2,
                        1
                    ],
                    "texture": "#rail",
                    "cullface": "north"
                },
                "east": {
                    "uv": [
                        3,
                        0,
                        4,
                        16
                    ],
                    "rotation": 90,
                    "texture": "#rail"
                },
                "south": {
                    "uv": [
                        2,
                        15,
                        4,
                        16
                    ],
                    "texture": "#rail",
                    "cullface": "south"
                },
                "west": {
                    "uv": [
                        2,
                        0,
                        3,
                        16
                    ],
                    "rotation": 270,
                    "texture": "#rail"
                },
                "up": {
                    "uv": [
                        2,
                        0,
                        4,
                        16
                    ],
                    "texture": "#rail"
                },
                "down": {
                    "uv": [
                        2,
                        16,
                        4,
                        0
                    ],
                    "texture": "#rail"
                }
            }
        },
        {
            "from": [
                4,
                0,
                1
            ],
            "to": [
                12,
                1,
                3
            ],
            "faces": {
                "north": {
                    "uv": [
                        4,
                        1,
                        12,
                        2
                    ],
                    "rotation": 180,
                    "texture": "#rail"
                },
                "south": {
                    "uv": [
                        4,
                        2,
                        12,
                        3
                    ],
                    "texture": "#rail"
                },
                "up": {
                    "uv": [
                        4,
                        1,
                        12,
                        3
                    ],
                    "texture": "#rail"
                },
                "down": {
                    "uv": [
                        4,
                        3,
                        12,
                        1
                    ],
                    "texture": "#rail",
                    "cullface": "down"
                }
            }
        },
        {
            "from": [
                1,
                0,
                5
            ],
            "to": [
                4,
                1,
                7
            ],
            "faces": {
                "north": {
                    "uv": [
                        1,
                        5,
                        2,
                        6
                    ],
                    "texture": "#rail"
                },
                "south": {
                    "uv": [
                        1,
                        6,
                        2,
                        7
                    ],
                    "texture": "#rail"
                },
                "west": {
                    "uv": [
                        1,
                        5,
                        2,
                        7
                    ],
                    "rotation": 270,
                    "texture": "#rail"
                },
                "up": {
                    "uv": [
                        1,
                        5,
                        2,
                        7
                    ],
                    "texture": "#rail"
                },
                "down": {
                    "uv": [
                        1,
                        7,
                        2,
                        5
                    ],
                    "texture": "#rail",
                    "cullface": "down"
                }
            }
        },
        {
            "from": [
                12,
                0,
                5
            ],
            "to": [
                15,
                1,
                7
            ],
            "faces": {
                "north": {
                    "uv": [
                        14,
                        5,
                        15,
                        6
                    ],
                    "texture": "#rail"
                },
                "east": {
                    "uv": [
                        14,
                        5,
                        15,
                        7
                    ],
                    "rotation": 90,
                    "texture": "#rail"
                },
                "south": {
                    "uv": [
                        14,
                        6,
                        15,
                        7
                    ],
                    "texture": "#rail"
                },
                "up": {
                    "uv": [
                        14,
                        5,
                        15,
                        7
                    ],
                    "texture": "#rail"
                },
                "down": {
                    "uv": [
                        14,
                        7,
                        15,
                        5
                    ],
                    "texture": "#rail",
                    "cullface": "down"
                }
            }
        },
        {
            "from": [
                4,
                0,
                5
            ],
            "to": [
                12,
                1,
                7
            ],
            "faces": {
                "north": {
                    "uv": [
                        4,
                        5,
                        12,
                        6
                    ],
                    "rotation": 180,
                    "texture": "#rail"
                },
                "south": {
                    "uv": [
                        4,
                        6,
                        12,
                        7
                    ],
                    "texture": "#rail"
                },
                "up": {
                    "uv": [
                        4,
                        5,
                        12,
                        7
                    ],
                    "texture": "#rail"
                },
                "down": {
                    "uv": [
                        4,
                        7,
                        12,
                        5
                    ],
                    "texture": "#rail",
                    "cullface": "down"
                }
            }
        },
        {
            "from": [
                1,
                0,
                9
            ],
            "to": [
                4,
                1,
                11
            ],
            "faces": {
                "north": {
                    "uv": [
                        1,
                        9,
                        2,
                        10
                    ],
                    "texture": "#rail"
                },
                "south": {
                    "uv": [
                        1,
                        10,
                        2,
                        11
                    ],
                    "texture": "#rail"
                },
                "west": {
                    "uv": [
                        1,
                        9,
                        2,
                        11
                    ],
                    "rotation": 270,
                    "texture": "#rail"
                },
                "up": {
                    "uv": [
                        1,
                        9,
                        2,
                        11
                    ],
                    "texture": "#rail"
                },
                "down": {
                    "uv": [
                        1,
                        11,
                        2,
                        9
                    ],
                    "texture": "#rail",
                    "cullface": "down"
                }
            }
        },
        {
            "from": [
                12,
                0,
                9
            ],
            "to": [
                15,
                1,
                11
            ],
            "faces": {
                "north": {
                    "uv": [
                        14,
                        9,
                        15,
                        10
                    ],
                    "texture": "#rail"
                },
                "east": {
                    "uv": [
                        14,
                        9,
                        15,
                        11
                    ],
                    "rotation": 90,
                    "texture": "#rail"
                },
                "south": {
                    "uv": [
                        14,
                        10,
                        15,
                        11
                    ],
                    "texture": "#rail"
                },
                "up": {
                    "uv": [
                        14,
                        9,
                        15,
                        11
                    ],
                    "texture": "#rail"
                },
                "down": {
                    "uv": [
                        14,
                        11,
                        15,
                        9
                    ],
                    "texture": "#rail",
                    "cullface": "down"
                }
            }
        },
        {
            "from": [
                4,
                0,
                9
            ],
            "to": [
                12,
                1,
                11
            ],
            "faces": {
                "north": {
                    "uv": [
                        4,
                        9,
                        12,
                        10
                    ],
                    "rotation": 180,
                    "texture": "#rail"
                },
                "south": {
                    "uv": [
                        4,
                        10,
                        12,
                        11
                    ],
                    "texture": "#rail"
                },
                "up": {
                    "uv": [
                        4,
                        9,
                        12,
                        11
                    ],
                    "texture": "#rail"
                },
                "down": {
                    "uv": [
                        4,
                        11,
                        12,
                        9
                    ],
                    "texture": "#rail",
                    "cullface": "down"
                }
            }
        },
        {
            "from": [
                1,
                0,
                13
            ],
            "to": [
                4,
                1,
                15
            ],
            "faces": {
                "north": {
                    "uv": [
                        1,
                        13,
                        2,
                        14
                    ],
                    "texture": "#rail"
                },
                "south": {
                    "uv": [
                        1,
                        14,
                        2,
                        15
                    ],
                    "texture": "#rail"
                },
                "west": {
                    "uv": [
                        1,
                        13,
                        2,
                        15
                    ],
                    "rotation": 270,
                    "texture": "#rail"
                },
                "up": {
                    "uv": [
                        1,
                        13,
                        2,
                        15
                    ],
                    "texture": "#rail"
                },
                "down": {
                    "uv": [
                        1,
                        15,
                        2,
                        13
                    ],
                    "texture": "#rail",
                    "cullface": "down"
                }
            }
        },
        {
            "from": [
                12,
                0,
                13
            ],
            "to": [
                15,
                1,
                15
            ],
            "faces": {
                "north": {
                    "uv": [
                        14,
                        13,
                        15,
                        14
                    ],
                    "texture": "#rail"
                },
                "east": {
                    "uv": [
                        14,
                        13,
                        15,
                        15
                    ],
                    "rotation": 90,
                    "texture": "#rail"
                },
                "south": {
                    "uv": [
                        14,
                        14,
                        15,
                        15
                    ],
                    "texture": "#rail"
                },
                "up": {
                    "uv": [
                        14,
                        13,
                        15,
                        15
                    ],
                    "texture": "#rail"
                },
                "down": {
                    "uv": [
                        14,
                        15,
                        15,
                        13
                    ],
                    "texture": "#rail",
                    "cullface": "down"
                }
            }
        },
        {
            "from": [
                4,
                0,
                13
            ],
            "to": [
                12,
                1,
                15
            ],
            "faces": {
                "north": {
                    "uv": [
                        4,
                        13,
                        12,
                        14
                    ],
                    "rotation": 180,
                    "texture": "#rail"
                },
                "south": {
                    "uv": [
                        4,
                        14,
                        12,
                        15
                    ],
                    "texture": "#rail"
                },
                "up": {
                    "uv": [
                        4,
                        13,
                        12,
                        15
                    ],
                    "texture": "#rail"
                },
                "down": {
                    "uv": [
                        4,
                        15,
                        12,
                        13
                    ],
                    "texture": "#rail",
                    "cullface": "down"
                }
            }
        }
    ]
}