{
    "ambientocclusion": false,
    "textures": {
        "particle": "block/redstone_torch",
        "torch": "block/redstone_torch"
    },
    "elements": [
        {
            "from": [
                -1,
                3.5,
                7
            ],
            "to": [
                1,
                13.5,
                9
            ],
            "shade": false,
            "faces": {
                "north": {
                    "uv": [
                        7,
                        6,
                        9,
                        16
                    ],
                    "texture": "#torch"
                },
                "east": {
                    "uv": [
                        7,
                        6,
                        9,
                        16
                    ],
                    "texture": "#torch"
                },
                "south": {
                    "uv": [
                        7,
                        6,
                        9,
                        16
                    ],
                    "texture": "#torch"
                },
                "west": {
                    "uv": [
                        7,
                        6,
                        9,
                        16
                    ],
                    "texture": "#torch"
                },
                "up": {
                    "uv": [
                        7,
                        6,
                        9,
                        8
                    ],
                    "texture": "#torch"
                },
                "down": {
                    "uv": [
                        9,
                        14,
                        7,
                        16
                    ],
                    "texture": "#torch"
                }
            },
            "rotation": {
                "angle": -22.5,
                "axis": "z",
                "origin": [
                    0,
                    3.5,
                    8
                ]
            }
        },
        {
            "from": [
                -1,
                13.5,
                6
            ],
            "to": [
                1,
                14.5,
                7
            ],
            "shade": false,
            "faces": {
                "north": {
                    "uv": [
                        7,
                        5,
                        9,
                        6
                    ],
                    "texture": "#torch"
                },
                "east": {
                    "uv": [
                        7,
                        5,
                        8,
                        6
                    ],
                    "texture": "#torch"
                },
                "south": {
                    "uv": [
                        7,
                        5,
                        9,
                        6
                    ],
                    "texture": "#torch"
                },
                "west": {
                    "uv": [
                        8,
                        5,
                        9,
                        6
                    ],
                    "texture": "#torch"
                },
                "up": {
                    "uv": [
                        7,
                        5,
                        9,
                        6
                    ],
                    "rotation": 270,
                    "texture": "#torch"
                },
                "down": {
                    "uv": [
                        7,
                        5,
                        9,
                        6
                    ],
                    "texture": "#torch"
                }
            },
            "rotation": {
                "angle": -22.5,
                "axis": "z",
                "origin": [
                    0,
                    3.5,
                    8
                ]
            }
        },
        {
            "from": [
                1,
                11.5,
                6
            ],
            "to": [
                2,
                13.5,
                7
            ],
            "shade": false,
            "faces": {
                "north": {
                    "uv": [
                        6,
                        6,
                        7,
                        8
                    ],
                    "texture": "#torch"
                },
                "east": {
                    "uv": [
                        6,
                        6,
                        7,
                        8
                    ],
                    "texture": "#torch"
                },
                "south": {
                    "uv": [
                        6,
                        6,
                        7,
                        8
                    ],
                    "texture": "#torch"
                },
                "west": {
                    "uv": [
                        6,
                        6,
                        7,
                        8
                    ],
                    "texture": "#torch"
                },
                "up": {
                    "uv": [
                        6,
                        6,
                        7,
                        7
                    ],
                    "rotation": 270,
                    "texture": "#torch"
                },
                "down": {
                    "uv": [
                        6,
                        7,
                        7,
                        8
                    ],
                    "rotation": 90,
                    "texture": "#torch"
                }
            },
            "rotation": {
                "angle": -22.5,
                "axis": "z",
                "origin": [
                    0,
                    3.5,
                    8
                ]
            }
        },
        {
            "from": [
                -2,
                11.5,
                6
            ],
            "to": [
                -1,
                13.5,
                7
            ],
            "shade": false,
            "faces": {
                "north": {
                    "uv": [
                        9,
                        6,
                        10,
                        8
                    ],
                    "texture": "#torch"
                },
                "east": {
                    "uv": [
                        9,
                        6,
                        10,
                        8
                    ],
                    "texture": "#torch"
                },
                "south": {
                    "uv": [
                        9,
                        6,
                        10,
                        8
                    ],
                    "texture": "#torch"
                },
                "west": {
                    "uv": [
                        9,
                        6,
                        10,
                        8
                    ],
                    "texture": "#torch"
                },
                "up": {
                    "uv": [
                        9,
                        6,
                        10,
                        7
                    ],
                    "rotation": 270,
                    "texture": "#torch"
                },
                "down": {
                    "uv": [
                        9,
                        7,
                        10,
                        8
                    ],
                    "rotation": 90,
                    "texture": "#torch"
                }
            },
            "rotation": {
                "angle": -22.5,
                "axis": "z",
                "origin": [
                    0,
                    3.5,
                    8
                ]
            }
        },
        {
            "from": [
                -2,
                13.5,
                7
            ],
            "to": [
                -1,
                14.5,
                9
            ],
            "shade": false,
            "faces": {
                "north": {
                    "uv": [
                        8,
                        5,
                        9,
                        6
                    ],
                    "texture": "#torch"
                },
                "east": {
                    "uv": [
                        7,
                        5,
                        9,
                        6
                    ],
                    "texture": "#torch"
                },
                "south": {
                    "uv": [
                        7,
                        5,
                        8,
                        6
                    ],
                    "texture": "#torch"
                },
                "west": {
                    "uv": [
                        9,
                        5,
                        7,
                        6
                    ],
                    "texture": "#torch"
                },
                "up": {
                    "uv": [
                        7,
                        5,
                        9,
                        6
                    ],
                    "rotation": 270,
                    "texture": "#torch"
                },
                "down": {
                    "uv": [
                        7,
                        5,
                        9,
                        6
                    ],
                    "texture": "#torch"
                }
            },
            "rotation": {
                "angle": -22.5,
                "axis": "z",
                "origin": [
                    0,
                    3.5,
                    8
                ]
            }
        },
        {
            "from": [
                -2,
                10.5,
                7
            ],
            "to": [
                -1,
                11.5,
                9
            ],
            "shade": false,
            "faces": {
                "north": {
                    "uv": [
                        8,
                        8,
                        9,
                        9
                    ],
                    "texture": "#torch"
                },
                "south": {
                    "uv": [
                        7,
                        8,
                        8,
                        9
                    ],
                    "texture": "#torch"
                },
                "west": {
                    "uv": [
                        9,
                        8,
                        7,
                        9
                    ],
                    "texture": "#torch"
                },
                "up": {
                    "uv": [
                        9,
                        8,
                        7,
                        9
                    ],
                    "rotation": 90,
                    "texture": "#torch"
                },
                "down": {
                    "uv": [
                        7,
                        8,
                        9,
                        9
                    ],
                    "rotation": 90,
                    "texture": "#torch"
                }
            },
            "rotation": {
                "angle": -22.5,
                "axis": "z",
                "origin": [
                    0,
                    3.5,
                    8
                ]
            }
        },
        {
            "from": [
                1,
                10.5,
                7
            ],
            "to": [
                2,
                11.5,
                9
            ],
            "shade": false,
            "faces": {
                "north": {
                    "uv": [
                        7,
                        8,
                        8,
                        9
                    ],
                    "texture": "#torch"
                },
                "east": {
                    "uv": [
                        9,
                        8,
                        7,
                        9
                    ],
                    "texture": "#torch"
                },
                "south": {
                    "uv": [
                        8,
                        8,
                        9,
                        9
                    ],
                    "texture": "#torch"
                },
                "up": {
                    "uv": [
                        7,
                        8,
                        9,
                        9
                    ],
                    "rotation": 90,
                    "texture": "#torch"
                },
                "down": {
                    "uv": [
                        7,
                        8,
                        9,
                        9
                    ],
                    "rotation": 270,
                    "texture": "#torch"
                }
            },
            "rotation": {
                "angle": -22.5,
                "axis": "z",
                "origin": [
                    0,
                    3.5,
                    8
                ]
            }
        },
        {
            "from": [
                1,
                13.5,
                7
            ],
            "to": [
                2,
                14.5,
                9
            ],
            "shade": false,
            "faces": {
                "north": {
                    "uv": [
                        7,
                        5,
                        8,
                        6
                    ],
                    "texture": "#torch"
                },
                "east": {
                    "uv": [
                        9,
                        5,
                        7,
                        6
                    ],
                    "texture": "#torch"
                },
                "south": {
                    "uv": [
                        8,
                        5,
                        9,
                        6
                    ],
                    "texture": "#torch"
                },
                "west": {
                    "uv": [
                        7,
                        5,
                        9,
                        6
                    ],
                    "texture": "#torch"
                },
                "up": {
                    "uv": [
                        7,
                        5,
                        9,
                        6
                    ],
                    "rotation": 90,
                    "texture": "#torch"
                },
                "down": {
                    "uv": [
                        7,
                        5,
                        9,
                        6
                    ],
                    "texture": "#torch"
                }
            },
            "rotation": {
                "angle": -22.5,
                "axis": "z",
                "origin": [
                    0,
                    3.5,
                    8
                ]
            }
        },
        {
            "from": [
                -1,
                10.5,
                6
            ],
            "to": [
                1,
                11.5,
                7
            ],
            "shade": false,
            "faces": {
                "north": {
                    "uv": [
                        7,
                        8,
                        9,
                        9
                    ],
                    "texture": "#torch"
                },
                "east": {
                    "uv": [
                        7,
                        8,
                        8,
                        9
                    ],
                    "texture": "#torch"
                },
                "west": {
                    "uv": [
                        8,
                        8,
                        9,
                        9
                    ],
                    "texture": "#torch"
                },
                "up": {
                    "uv": [
                        9,
                        8,
                        7,
                        9
                    ],
                    "texture": "#torch"
                },
                "down": {
                    "uv": [
                        9,
                        8,
                        7,
                        9
                    ],
                    "texture": "#torch"
                }
            },
            "rotation": {
                "angle": -22.5,
                "axis": "z",
                "origin": [
                    0,
                    3.5,
                    8
                ]
            }
        },
        {
            "from": [
                1,
                11.5,
                9
            ],
            "to": [
                2,
                13.5,
                10
            ],
            "shade": false,
            "faces": {
                "north": {
                    "uv": [
                        6,
                        6,
                        7,
                        8
                    ],
                    "texture": "#torch"
                },
                "east": {
                    "uv": [
                        9,
                        6,
                        10,
                        8
                    ],
                    "texture": "#torch"
                },
                "south": {
                    "uv": [
                        9,
                        6,
                        10,
                        8
                    ],
                    "texture": "#torch"
                },
                "west": {
                    "uv": [
                        9,
                        6,
                        10,
                        8
                    ],
                    "texture": "#torch"
                },
                "up": {
                    "uv": [
                        9,
                        6,
                        10,
                        7
                    ],
                    "rotation": 90,
                    "texture": "#torch"
                },
                "down": {
                    "uv": [
                        9,
                        7,
                        10,
                        8
                    ],
                    "rotation": 270,
                    "texture": "#torch"
                }
            },
            "rotation": {
                "angle": -22.5,
                "axis": "z",
                "origin": [
                    0,
                    3.5,
                    8
                ]
            }
        },
        {
            "from": [
                -1,
                13.5,
                9
            ],
            "to": [
                1,
                14.5,
                10
            ],
            "shade": false,
            "faces": {
                "north": {
                    "uv": [
                        7,
                        5,
                        9,
                        6
                    ],
                    "texture": "#torch"
                },
                "east": {
                    "uv": [
                        8,
                        5,
                        9,
                        6
                    ],
                    "texture": "#torch"
                },
                "south": {
                    "uv": [
                        7,
                        5,
                        9,
                        6
                    ],
                    "texture": "#torch"
                },
                "west": {
                    "uv": [
                        7,
                        5,
                        8,
                        6
                    ],
                    "texture": "#torch"
                },
                "up": {
                    "uv": [
                        7,
                        5,
                        9,
                        6
                    ],
                    "rotation": 90,
                    "texture": "#torch"
                },
                "down": {
                    "uv": [
                        7,
                        5,
                        9,
                        6
                    ],
                    "texture": "#torch"
                }
            },
            "rotation": {
                "angle": -22.5,
                "axis": "z",
                "origin": [
                    0,
                    3.5,
                    8
                ]
            }
        },
        {
            "from": [
                -2,
                11.5,
                9
            ],
            "to": [
                -1,
                13.5,
                10
            ],
            "shade": false,
            "faces": {
                "north": {
                    "uv": [
                        6,
                        6,
                        7,
                        8
                    ],
                    "texture": "#torch"
                },
                "east": {
                    "uv": [
                        6,
                        6,
                        7,
                        8
                    ],
                    "texture": "#torch"
                },
                "south": {
                    "uv": [
                        6,
                        6,
                        7,
                        8
                    ],
                    "texture": "#torch"
                },
                "west": {
                    "uv": [
                        6,
                        6,
                        7,
                        8
                    ],
                    "texture": "#torch"
                },
                "up": {
                    "uv": [
                        6,
                        6,
                        7,
                        7
                    ],
                    "rotation": 90,
                    "texture": "#torch"
                },
                "down": {
                    "uv": [
                        6,
                        7,
                        7,
                        8
                    ],
                    "rotation": 270,
                    "texture": "#torch"
                }
            },
            "rotation": {
                "angle": -22.5,
                "axis": "z",
                "origin": [
                    0,
                    3.5,
                    8
                ]
            }
        },
        {
            "from": [
                -1,
                10.5,
                9
            ],
            "to": [
                1,
                11.5,
                10
            ],
            "shade": false,
            "faces": {
                "east": {
                    "uv": [
                        8,
                        8,
                        9,
                        9
                    ],
                    "texture": "#torch"
                },
                "south": {
                    "uv": [
                        7,
                        8,
                        9,
                        9
                    ],
                    "texture": "#torch"
                },
                "west": {
                    "uv": [
                        7,
                        8,
                        8,
                        9
                    ],
                    "texture": "#torch"
                },
                "up": {
                    "uv": [
                        7,
                        8,
                        9,
                        9
                    ],
                    "texture": "#torch"
                },
                "down": {
                    "uv": [
                        9,
                        8,
                        7,
                        9
                    ],
                    "rotation": 180,
                    "texture": "#torch"
                }
            },
            "rotation": {
                "angle": -22.5,
                "axis": "z",
                "origin": [
                    0,
                    3.5,
                    8
                ]
            }
        }
    ]
}