{
    "ambientocclusion": false,
    "textures": {
        "slab": "block/smooth_stone",
        "particle": "block/repeater_on",
        "top": "block/repeater_on",
        "lit": "block/redstone_torch",
        "lock": "block/bedrock"
    },
    "elements": [
        {
            "from": [
                0,
                0,
                0
            ],
            "to": [
                16,
                2,
                16
            ],
            "faces": {
                "north": {
                    "uv": [
                        0,
                        14,
                        16,
                        16
                    ],
                    "texture": "#slab",
                    "cullface": "north"
                },
                "east": {
                    "uv": [
                        0,
                        14,
                        16,
                        16
                    ],
                    "texture": "#slab",
                    "cullface": "east"
                },
                "south": {
                    "uv": [
                        0,
                        14,
                        16,
                        16
                    ],
                    "texture": "#slab",
                    "cullface": "south"
                },
                "west": {
                    "uv": [
                        0,
                        14,
                        16,
                        16
                    ],
                    "texture": "#slab",
                    "cullface": "west"
                },
                "up": {
                    "uv": [
                        0,
                        0,
                        16,
                        16
                    ],
                    "texture": "#top"
                },
                "down": {
                    "uv": [
                        0,
                        0,
                        16,
                        16
                    ],
                    "texture": "#slab",
                    "cullface": "down"
                }
            }
        },
        {
            "from": [
                7,
                2,
                2
            ],
            "to": [
                9,
                7,
                4
            ],
            "faces": {
                "north": {
                    "uv": [
                        7,
                        6,
                        9,
                        11
                    ],
                    "texture": "#lit"
                },
                "east": {
                    "uv": [
                        7,
                        6,
                        9,
                        11
                    ],
                    "texture": "#lit"
                },
                "south": {
                    "uv": [
                        7,
                        6,
                        9,
                        11
                    ],
                    "texture": "#lit"
                },
                "west": {
                    "uv": [
                        7,
                        6,
                        9,
                        11
                    ],
                    "texture": "#lit"
                },
                "up": {
                    "uv": [
                        7,
                        6,
                        9,
                        8
                    ],
                    "texture": "#lit"
                }
            }
        },
        {
            "from": [
                7,
                7,
                1
            ],
            "to": [
                9,
                8,
                2
            ],
            "faces": {
                "north": {
                    "uv": [
                        7,
                        5,
                        9,
                        6
                    ],
                    "texture": "#lit"
                },
                "east": {
                    "uv": [
                        7,
                        5,
                        8,
                        6
                    ],
                    "texture": "#lit"
                },
                "south": {
                    "uv": [
                        7,
                        5,
                        9,
                        6
                    ],
                    "texture": "#lit"
                },
                "west": {
                    "uv": [
                        8,
                        5,
                        9,
                        6
                    ],
                    "texture": "#lit"
                },
                "up": {
                    "uv": [
                        7,
                        5,
                        9,
                        6
                    ],
                    "rotation": 270,
                    "texture": "#lit"
                },
                "down": {
                    "uv": [
                        7,
                        5,
                        9,
                        6
                    ],
                    "texture": "#lit"
                }
            }
        },
        {
            "from": [
                9,
                5,
                1
            ],
            "to": [
                10,
                7,
                2
            ],
            "faces": {
                "north": {
                    "uv": [
                        6,
                        6,
                        7,
                        8
                    ],
                    "texture": "#lit"
                },
                "east": {
                    "uv": [
                        6,
                        6,
                        7,
                        8
                    ],
                    "texture": "#lit"
                },
                "south": {
                    "uv": [
                        6,
                        6,
                        7,
                        8
                    ],
                    "texture": "#lit"
                },
                "west": {
                    "uv": [
                        6,
                        6,
                        7,
                        8
                    ],
                    "texture": "#lit"
                },
                "up": {
                    "uv": [
                        6,
                        6,
                        7,
                        7
                    ],
                    "rotation": 270,
                    "texture": "#lit"
                },
                "down": {
                    "uv": [
                        6,
                        7,
                        7,
                        8
                    ],
                    "rotation": 90,
                    "texture": "#lit"
                }
            }
        },
        {
            "from": [
                6,
                5,
                1
            ],
            "to": [
                7,
                7,
                2
            ],
            "faces": {
                "north": {
                    "uv": [
                        9,
                        6,
                        10,
                        8
                    ],
                    "texture": "#lit"
                },
                "east": {
                    "uv": [
                        9,
                        6,
                        10,
                        8
                    ],
                    "texture": "#lit"
                },
                "south": {
                    "uv": [
                        9,
                        6,
                        10,
                        8
                    ],
                    "texture": "#lit"
                },
                "west": {
                    "uv": [
                        9,
                        6,
                        10,
                        8
                    ],
                    "texture": "#lit"
                },
                "up": {
                    "uv": [
                        9,
                        6,
                        10,
                        7
                    ],
                    "rotation": 270,
                    "texture": "#lit"
                },
                "down": {
                    "uv": [
                        9,
                        7,
                        10,
                        8
                    ],
                    "rotation": 90,
                    "texture": "#lit"
                }
            }
        },
        {
            "from": [
                6,
                7,
                2
            ],
            "to": [
                7,
                8,
                4
            ],
            "faces": {
                "north": {
                    "uv": [
                        8,
                        5,
                        9,
                        6
                    ],
                    "texture": "#lit"
                },
                "east": {
                    "uv": [
                        7,
                        5,
                        9,
                        6
                    ],
                    "texture": "#lit"
                },
                "south": {
                    "uv": [
                        7,
                        5,
                        8,
                        6
                    ],
                    "texture": "#lit"
                },
                "west": {
                    "uv": [
                        9,
                        5,
                        7,
                        6
                    ],
                    "texture": "#lit"
                },
                "up": {
                    "uv": [
                        7,
                        5,
                        9,
                        6
                    ],
                    "rotation": 270,
                    "texture": "#lit"
                },
                "down": {
                    "uv": [
                        7,
                        5,
                        9,
                        6
                    ],
                    "texture": "#lit"
                }
            }
        },
        {
            "from": [
                6,
                4,
                2
            ],
            "to": [
                7,
                5,
                4
            ],
            "faces": {
                "north": {
                    "uv": [
                        8,
                        8,
                        9,
                        9
                    ],
                    "texture": "#lit"
                },
                "south": {
                    "uv": [
                        7,
                        8,
                        8,
                        9
                    ],
                    "texture": "#lit"
                },
                "west": {
                    "uv": [
                        9,
                        8,
                        7,
                        9
                    ],
                    "texture": "#lit"
                },
                "up": {
                    "uv": [
                        9,
                        8,
                        7,
                        9
                    ],
                    "rotation": 90,
                    "texture": "#lit"
                },
                "down": {
                    "uv": [
                        7,
                        8,
                        9,
                        9
                    ],
                    "rotation": 90,
                    "texture": "#lit"
                }
            }
        },
        {
            "from": [
                9,
                4,
                2
            ],
            "to": [
                10,
                5,
                4
            ],
            "faces": {
                "north": {
                    "uv": [
                        7,
                        8,
                        8,
                        9
                    ],
                    "texture": "#lit"
                },
                "east": {
                    "uv": [
                        9,
                        8,
                        7,
                        9
                    ],
                    "texture": "#lit"
                },
                "south": {
                    "uv": [
                        8,
                        8,
                        9,
                        9
                    ],
                    "texture": "#lit"
                },
                "up": {
                    "uv": [
                        7,
                        8,
                        9,
                        9
                    ],
                    "rotation": 90,
                    "texture": "#lit"
                },
                "down": {
                    "uv": [
                        7,
                        8,
                        9,
                        9
                    ],
                    "rotation": 270,
                    "texture": "#lit"
                }
            }
        },
        {
            "from": [
                9,
                7,
                2
            ],
            "to": [
                10,
                8,
                4
            ],
            "faces": {
                "north": {
                    "uv": [
                        7,
                        5,
                        8,
                        6
                    ],
                    "texture": "#lit"
                },
                "east": {
                    "uv": [
                        9,
                        5,
                        7,
                        6
                    ],
                    "texture": "#lit"
                },
                "south": {
                    "uv": [
                        8,
                        5,
                        9,
                        6
                    ],
                    "texture": "#lit"
                },
                "west": {
                    "uv": [
                        7,
                        5,
                        9,
                        6
                    ],
                    "texture": "#lit"
                },
                "up": {
                    "uv": [
                        7,
                        5,
                        9,
                        6
                    ],
                    "rotation": 90,
                    "texture": "#lit"
                },
                "down": {
                    "uv": [
                        7,
                        5,
                        9,
                        6
                    ],
                    "texture": "#lit"
                }
            }
        },
        {
            "from": [
                7,
                4,
                1
            ],
            "to": [
                9,
                5,
                2
            ],
            "faces": {
                "north": {
                    "uv": [
                        7,
                        8,
                        9,
                        9
                    ],
                    "texture": "#lit"
                },
                "east": {
                    "uv": [
                        7,
                        8,
                        8,
                        9
                    ],
                    "texture": "#lit"
                },
                "west": {
                    "uv": [
                        8,
                        8,
                        9,
                        9
                    ],
                    "texture": "#lit"
                },
                "up": {
                    "uv": [
                        9,
                        8,
                        7,
                        9
                    ],
                    "texture": "#lit"
                },
                "down": {
                    "uv": [
                        9,
                        8,
                        7,
                        9
                    ],
                    "texture": "#lit"
                }
            }
        },
        {
            "from": [
                9,
                5,
                4
            ],
            "to": [
                10,
                7,
                5
            ],
            "faces": {
                "north": {
                    "uv": [
                        6,
                        6,
                        7,
                        8
                    ],
                    "texture": "#lit"
                },
                "east": {
                    "uv": [
                        9,
                        6,
                        10,
                        8
                    ],
                    "texture": "#lit"
                },
                "south": {
                    "uv": [
                        9,
                        6,
                        10,
                        8
                    ],
                    "texture": "#lit"
                },
                "west": {
                    "uv": [
                        9,
                        6,
                        10,
                        8
                    ],
                    "texture": "#lit"
                },
                "up": {
                    "uv": [
                        9,
                        6,
                        10,
                        7
                    ],
                    "rotation": 90,
                    "texture": "#lit"
                },
                "down": {
                    "uv": [
                        9,
                        7,
                        10,
                        8
                    ],
                    "rotation": 270,
                    "texture": "#lit"
                }
            }
        },
        {
            "from": [
                7,
                7,
                4
            ],
            "to": [
                9,
                8,
                5
            ],
            "faces": {
                "north": {
                    "uv": [
                        7,
                        5,
                        9,
                        6
                    ],
                    "texture": "#lit"
                },
                "east": {
                    "uv": [
                        8,
                        5,
                        9,
                        6
                    ],
                    "texture": "#lit"
                },
                "south": {
                    "uv": [
                        7,
                        5,
                        9,
                        6
                    ],
                    "texture": "#lit"
                },
                "west": {
                    "uv": [
                        7,
                        5,
                        8,
                        6
                    ],
                    "texture": "#lit"
                },
                "up": {
                    "uv": [
                        7,
                        5,
                        9,
                        6
                    ],
                    "rotation": 90,
                    "texture": "#lit"
                },
                "down": {
                    "uv": [
                        7,
                        5,
                        9,
                        6
                    ],
                    "texture": "#lit"
                }
            }
        },
        {
            "from": [
                6,
                5,
                4
            ],
            "to": [
                7,
                7,
                5
            ],
            "faces": {
                "north": {
                    "uv": [
                        6,
                        6,
                        7,
                        8
                    ],
                    "texture": "#lit"
                },
                "east": {
                    "uv": [
                        6,
                        6,
                        7,
                        8
                    ],
                    "texture": "#lit"
                },
                "south": {
                    "uv": [
                        6,
                        6,
                        7,
                        8
                    ],
                    "texture": "#lit"
                },
                "west": {
                    "uv": [
                        6,
                        6,
                        7,
                        8
                    ],
                    "texture": "#lit"
                },
                "up": {
                    "uv": [
                        6,
                        6,
                        7,
                        7
                    ],
                    "rotation": 90,
                    "texture": "#lit"
                },
                "down": {
                    "uv": [
                        6,
                        7,
                        7,
                        8
                    ],
                    "rotation": 270,
                    "texture": "#lit"
                }
            }
        },
        {
            "from": [
                7,
                4,
                4
            ],
            "to": [
                9,
                5,
                5
            ],
            "faces": {
                "east": {
                    "uv": [
                        8,
                        8,
                        9,
                        9
                    ],
                    "texture": "#lit"
                },
                "south": {
                    "uv": [
                        7,
                        8,
                        9,
                        9
                    ],
                    "texture": "#lit"
                },
                "west": {
                    "uv": [
                        7,
                        8,
                        8,
                        9
                    ],
                    "texture": "#lit"
                },
                "up": {
                    "uv": [
                        7,
                        8,
                        9,
                        9
                    ],
                    "texture": "#lit"
                },
                "down": {
                    "uv": [
                        9,
                        8,
                        7,
                        9
                    ],
                    "rotation": 180,
                    "texture": "#lit"
                }
            }
        },
        {
            "from": [
                2,
                2,
                8
            ],
            "to": [
                14,
                4,
                10
            ],
            "faces": {
                "north": {
                    "uv": [
                        2,
                        7,
                        14,
                        9
                    ],
                    "texture": "#lock"
                },
                "east": {
                    "uv": [
                        6,
                        7,
                        8,
                        9
                    ],
                    "texture": "#lock"
                },
                "south": {
                    "uv": [
                        2,
                        7,
                        14,
                        9
                    ],
                    "texture": "#lock"
                },
                "west": {
                    "uv": [
                        6,
                        7,
                        8,
                        9
                    ],
                    "texture": "#lock"
                },
                "up": {
                    "uv": [
                        7,
                        2,
                        9,
                        14
                    ],
                    "rotation": 90,
                    "texture": "#lock"
                }
            }
        }
    ]
}