{
	"parent": "block/block",
	"textures": {
		"particle": "block/sea_pickle",
		"all": "block/sea_pickle"
	},
	"elements": [
		{
			"from": [6, 0, 6],
			"to": [10, 6, 10],
			"faces": {
				"north": {"uv": [4, 5, 8, 11], "texture": "#all"},
				"east": {"uv": [12, 5, 16, 11], "texture": "#all"},
				"south": {"uv": [0, 5, 4, 11], "texture": "#all"},
				"west": {"uv": [8, 5, 12, 11], "texture": "#all"},
				"up": {"uv": [4, 1, 8, 5], "texture": "#all"},
				"down": {"uv": [8, 1, 12, 5], "texture": "#all", "cullface": "down"}
			}
		},
		{
			"from": [8, 5.9, 7.5],
			"to": [8.5, 7.3, 8],
			"faces": {
				"north": {"uv": [1, 2, 2, 4], "texture": "#all"},
				"east": {"uv": [1, 2, 2, 4], "texture": "#all"},
				"west": {"uv": [1, 2, 2, 4], "texture": "#all"},
				"up": {"uv": [1, 2, 2, 3], "texture": "#all"}
			}
		},
		{
			"from": [7.5, 6.6, 7.5],
			"to": [8, 8, 8],
			"faces": {
				"north": {"uv": [13, 1, 14, 3], "texture": "#all"},
				"east": {"uv": [13, 1, 14, 3], "texture": "#all"},
				"west": {"uv": [13, 1, 14, 3], "texture": "#all"},
				"up": {"uv": [13, 1, 14, 2], "texture": "#all"},
				"down": {"uv": [13, 2, 14, 3], "texture": "#all"}
			}
		},
		{
			"from": [8, 5.9, 8],
			"to": [8.5, 7.3, 8.5],
			"faces": {
				"north": {"uv": [14, 2, 15, 4], "texture": "#all"},
				"east": {"uv": [14, 2, 15, 4], "texture": "#all"},
				"south": {"uv": [14, 2, 15, 4], "texture": "#all"},
				"up": {"uv": [14, 2, 15, 3], "texture": "#all"}
			}
		},
		{
			"from": [7.5, 5.9, 8],
			"to": [8, 8, 8.5],
			"faces": {
				"north": {"uv": [2, 1, 3, 4], "texture": "#all"},
				"east": {"uv": [2, 1, 3, 4], "texture": "#all"},
				"south": {"uv": [2, 1, 3, 4], "texture": "#all"},
				"west": {"uv": [2, 1, 3, 4], "texture": "#all"},
				"up": {"uv": [2, 1, 3, 2], "texture": "#all"}
			}
		},
		{
			"from": [8, 8, 7.5],
			"to": [8.5, 8.7, 8],
			"faces": {
				"north": {"uv": [1, 0, 2, 1], "texture": "#all"},
				"east": {"uv": [1, 0, 2, 1], "texture": "#all"},
				"south": {"uv": [1, 0, 2, 1], "texture": "#all"},
				"west": {"uv": [1, 0, 2, 1], "texture": "#all"},
				"up": {"uv": [1, 0, 2, 1], "texture": "#all"},
				"down": {"uv": [1, 0, 2, 1], "texture": "#all"}
			}
		},
		{
			"from": [6, 5.95, 6],
			"to": [10, 5.95, 10],
			"faces": {
				"up": {"uv": [8, 1, 12, 5], "texture": "#all"}
			}
		}
	]
}