{
    "ambientocclusion": false,
    "textures": {
        "seagrass": "block/seagrass",
        "particle": "block/seagrass",
        "seagrass_xz_0": "block/seagrass_xz_0",
        "seagrass_xy_0": "block/seagrass_xy_0",
        "seagrass_yz_0": "block/seagrass_yz_0",
        "seagrass_xz_1": "block/seagrass_xz_1",
        "seagrass_xy_1": "block/seagrass_xy_1",
        "seagrass_yz_1": "block/seagrass_yz_1",
        "seagrass_xz_2": "block/seagrass_xz_2",
        "seagrass_xy_2": "block/seagrass_xy_2",
        "seagrass_yz_2": "block/seagrass_yz_2",
        "seagrass_xz_3": "block/seagrass_xz_3",
        "seagrass_xy_3": "block/seagrass_xy_3",
        "seagrass_yz_3": "block/seagrass_yz_3",
        "seagrass_xz_4": "block/seagrass_xz_4",
        "seagrass_xy_4": "block/seagrass_xy_4",
        "seagrass_yz_4": "block/seagrass_yz_4",
        "seagrass_xz_5": "block/seagrass_xz_5",
        "seagrass_xy_5": "block/seagrass_xy_5",
        "seagrass_yz_5": "block/seagrass_yz_5",
        "seagrass_xz_6": "block/seagrass_xz_6",
        "seagrass_xy_6": "block/seagrass_xy_6",
        "seagrass_yz_6": "block/seagrass_yz_6",
        "seagrass_xz_7": "block/seagrass_xz_7",
        "seagrass_xy_7": "block/seagrass_xy_7",
        "seagrass_yz_7": "block/seagrass_yz_7",
        "seagrass_xz_8": "block/seagrass_xz_8",
        "seagrass_xy_8": "block/seagrass_xy_8",
        "seagrass_yz_8": "block/seagrass_yz_8",
        "seagrass_xz_9": "block/seagrass_xz_9",
        "seagrass_xy_9": "block/seagrass_xy_9",
        "seagrass_yz_9": "block/seagrass_yz_9",
        "seagrass_xz_10": "block/seagrass_xz_10",
        "seagrass_xy_10": "block/seagrass_xy_10",
        "seagrass_yz_10": "block/seagrass_yz_10",
        "seagrass_xz_11": "block/seagrass_xz_11",
        "seagrass_xy_11": "block/seagrass_xy_11",
        "seagrass_yz_11": "block/seagrass_yz_11",
        "seagrass_xz_12": "block/seagrass_xz_12",
        "seagrass_xy_12": "block/seagrass_xy_12",
        "seagrass_yz_12": "block/seagrass_yz_12",
        "seagrass_xz_13": "block/seagrass_xz_13",
        "seagrass_xy_13": "block/seagrass_xy_13",
        "seagrass_yz_13": "block/seagrass_yz_13",
        "seagrass_xz_14": "block/seagrass_xz_14",
        "seagrass_xy_14": "block/seagrass_xy_14",
        "seagrass_yz_14": "block/seagrass_yz_14",
        "seagrass_xz_15": "block/seagrass_xz_15",
        "seagrass_xy_15": "block/seagrass_xy_15",
        "seagrass_yz_15": "block/seagrass_yz_15"
    },
    "elements": [
        {
            "from": [
                3.47,
                0,
                0
            ],
            "to": [
                4.476,
                16,
                16
            ],
            "faces": {
                "east": {
                    "uv": [
                        0,
                        0,
                        16,
                        16
                    ],
                    "texture": "#seagrass",
                    "tintindex": 0
                },
                "west": {
                    "uv": [
                        16,
                        0,
                        0,
                        16
                    ],
                    "texture": "#seagrass",
                    "tintindex": 0
                }
            },
            "shade": false
        },
        {
            "from": [
                11.518,
                0,
                0
            ],
            "to": [
                12.524,
                16,
                16
            ],
            "faces": {
                "east": {
                    "uv": [
                        16,
                        0,
                        0,
                        16
                    ],
                    "texture": "#seagrass",
                    "tintindex": 0
                },
                "west": {
                    "uv": [
                        0,
                        0,
                        16,
                        16
                    ],
                    "texture": "#seagrass",
                    "tintindex": 0
                }
            },
            "shade": false
        },
        {
            "from": [
                0,
                0,
                3.47
            ],
            "to": [
                16,
                16,
                4.476
            ],
            "faces": {
                "north": {
                    "uv": [
                        16,
                        0,
                        0,
                        16
                    ],
                    "texture": "#seagrass",
                    "tintindex": 0
                },
                "south": {
                    "uv": [
                        0,
                        0,
                        16,
                        16
                    ],
                    "texture": "#seagrass",
                    "tintindex": 0
                }
            },
            "shade": false
        },
        {
            "from": [
                0,
                0,
                11.518
            ],
            "to": [
                16,
                16,
                12.524
            ],
            "faces": {
                "north": {
                    "uv": [
                        0,
                        0,
                        16,
                        16
                    ],
                    "texture": "#seagrass",
                    "tintindex": 0
                },
                "south": {
                    "uv": [
                        16,
                        0,
                        0,
                        16
                    ],
                    "texture": "#seagrass",
                    "tintindex": 0
                }
            },
            "shade": false
        },
        {
            "from": [
                0.5,
                0,
                0
            ],
            "to": [
                16.5,
                1,
                16
            ],
            "faces": {
                "up": {
                    "uv": [
                        0,
                        0,
                        16,
                        16
                    ],
                    "texture": "#seagrass_xz_0",
                    "tintindex": 0
                },
                "down": {
                    "uv": [
                        0,
                        16,
                        16,
                        0
                    ],
                    "texture": "#seagrass_xz_0",
                    "tintindex": 0,
                    "cullface": "down"
                }
            },
            "shade": false
        },
        {
            "from": [
                0,
                0,
                0.5
            ],
            "to": [
                16,
                1,
                16.5
            ],
            "faces": {
                "up": {
                    "uv": [
                        0,
                        0,
                        16,
                        16
                    ],
                    "texture": "#seagrass_xz_0",
                    "rotation": 90,
                    "tintindex": 0
                },
                "down": {
                    "uv": [
                        16,
                        0,
                        0,
                        16
                    ],
                    "texture": "#seagrass_xz_0",
                    "rotation": 90,
                    "tintindex": 0,
                    "cullface": "down"
                }
            },
            "shade": false
        },
        {
            "from": [
                0,
                0,
                0.5
            ],
            "to": [
                1,
                16,
                16.5
            ],
            "faces": {
                "east": {
                    "uv": [
                        16,
                        0,
                        0,
                        16
                    ],
                    "texture": "#seagrass_yz_0",
                    "tintindex": 0
                },
                "west": {
                    "uv": [
                        0,
                        0,
                        16,
                        16
                    ],
                    "texture": "#seagrass_yz_0",
                    "tintindex": 0
                }
            },
            "shade": false
        },
        {
            "from": [
                0.5,
                0,
                0
            ],
            "to": [
                16.5,
                16,
                1
            ],
            "faces": {
                "north": {
                    "uv": [
                        0,
                        0,
                        16,
                        16
                    ],
                    "texture": "#seagrass_xy_0",
                    "tintindex": 0
                },
                "south": {
                    "uv": [
                        16,
                        0,
                        0,
                        16
                    ],
                    "texture": "#seagrass_xy_0",
                    "tintindex": 0
                }
            },
            "shade": false
        },
        {
            "from": [
                0.5,
                1,
                0
            ],
            "to": [
                16.5,
                2,
                16
            ],
            "faces": {
                "up": {
                    "uv": [
                        0,
                        0,
                        16,
                        16
                    ],
                    "texture": "#seagrass_xz_1",
                    "tintindex": 0
                },
                "down": {
                    "uv": [
                        0,
                        16,
                        16,
                        0
                    ],
                    "texture": "#seagrass_xz_1",
                    "tintindex": 0
                }
            },
            "shade": false
        },
        {
            "from": [
                0,
                1,
                0.5
            ],
            "to": [
                16,
                2,
                16.5
            ],
            "faces": {
                "up": {
                    "uv": [
                        0,
                        0,
                        16,
                        16
                    ],
                    "texture": "#seagrass_xz_1",
                    "rotation": 90,
                    "tintindex": 0
                },
                "down": {
                    "uv": [
                        16,
                        0,
                        0,
                        16
                    ],
                    "texture": "#seagrass_xz_1",
                    "rotation": 90,
                    "tintindex": 0
                }
            },
            "shade": false
        },
        {
            "from": [
                1,
                0,
                0.5
            ],
            "to": [
                2,
                16,
                16.5
            ],
            "faces": {
                "east": {
                    "uv": [
                        16,
                        0,
                        0,
                        16
                    ],
                    "texture": "#seagrass_yz_1",
                    "tintindex": 0
                },
                "west": {
                    "uv": [
                        0,
                        0,
                        16,
                        16
                    ],
                    "texture": "#seagrass_yz_1",
                    "tintindex": 0
                }
            },
            "shade": false
        },
        {
            "from": [
                0.5,
                0,
                1
            ],
            "to": [
                16.5,
                16,
                2
            ],
            "faces": {
                "north": {
                    "uv": [
                        0,
                        0,
                        16,
                        16
                    ],
                    "texture": "#seagrass_xy_1",
                    "tintindex": 0
                },
                "south": {
                    "uv": [
                        16,
                        0,
                        0,
                        16
                    ],
                    "texture": "#seagrass_xy_1",
                    "tintindex": 0
                }
            },
            "shade": false
        },
        {
            "from": [
                0.5,
                2,
                0
            ],
            "to": [
                16.5,
                3,
                16
            ],
            "faces": {
                "up": {
                    "uv": [
                        0,
                        0,
                        16,
                        16
                    ],
                    "texture": "#seagrass_xz_2",
                    "tintindex": 0
                },
                "down": {
                    "uv": [
                        0,
                        16,
                        16,
                        0
                    ],
                    "texture": "#seagrass_xz_2",
                    "tintindex": 0
                }
            },
            "shade": false
        },
        {
            "from": [
                0,
                2,
                0.5
            ],
            "to": [
                16,
                3,
                16.5
            ],
            "faces": {
                "up": {
                    "uv": [
                        0,
                        0,
                        16,
                        16
                    ],
                    "texture": "#seagrass_xz_2",
                    "rotation": 90,
                    "tintindex": 0
                },
                "down": {
                    "uv": [
                        16,
                        0,
                        0,
                        16
                    ],
                    "texture": "#seagrass_xz_2",
                    "rotation": 90,
                    "tintindex": 0
                }
            },
            "shade": false
        },
        {
            "from": [
                2,
                0,
                0.5
            ],
            "to": [
                3,
                16,
                16.5
            ],
            "faces": {
                "east": {
                    "uv": [
                        16,
                        0,
                        0,
                        16
                    ],
                    "texture": "#seagrass_yz_2",
                    "tintindex": 0
                },
                "west": {
                    "uv": [
                        0,
                        0,
                        16,
                        16
                    ],
                    "texture": "#seagrass_yz_2",
                    "tintindex": 0
                }
            },
            "shade": false
        },
        {
            "from": [
                0.5,
                0,
                2
            ],
            "to": [
                16.5,
                16,
                3
            ],
            "faces": {
                "north": {
                    "uv": [
                        0,
                        0,
                        16,
                        16
                    ],
                    "texture": "#seagrass_xy_2",
                    "tintindex": 0
                },
                "south": {
                    "uv": [
                        16,
                        0,
                        0,
                        16
                    ],
                    "texture": "#seagrass_xy_2",
                    "tintindex": 0
                }
            },
            "shade": false
        },
        {
            "from": [
                0.5,
                3,
                0
            ],
            "to": [
                16.5,
                4,
                16
            ],
            "faces": {
                "up": {
                    "uv": [
                        0,
                        0,
                        16,
                        16
                    ],
                    "texture": "#seagrass_xz_3",
                    "tintindex": 0
                },
                "down": {
                    "uv": [
                        0,
                        16,
                        16,
                        0
                    ],
                    "texture": "#seagrass_xz_3",
                    "tintindex": 0
                }
            },
            "shade": false
        },
        {
            "from": [
                0,
                3,
                0.5
            ],
            "to": [
                16,
                4,
                16.5
            ],
            "faces": {
                "up": {
                    "uv": [
                        0,
                        0,
                        16,
                        16
                    ],
                    "texture": "#seagrass_xz_3",
                    "rotation": 90,
                    "tintindex": 0
                },
                "down": {
                    "uv": [
                        16,
                        0,
                        0,
                        16
                    ],
                    "texture": "#seagrass_xz_3",
                    "rotation": 90,
                    "tintindex": 0
                }
            },
            "shade": false
        },
        {
            "from": [
                3,
                0,
                0.5
            ],
            "to": [
                4,
                16,
                16.5
            ],
            "faces": {
                "east": {
                    "uv": [
                        16,
                        0,
                        0,
                        16
                    ],
                    "texture": "#seagrass_yz_3",
                    "tintindex": 0
                },
                "west": {
                    "uv": [
                        0,
                        0,
                        16,
                        16
                    ],
                    "texture": "#seagrass_yz_3",
                    "tintindex": 0
                }
            },
            "shade": false
        },
        {
            "from": [
                0.5,
                0,
                3
            ],
            "to": [
                16.5,
                16,
                4
            ],
            "faces": {
                "north": {
                    "uv": [
                        0,
                        0,
                        16,
                        16
                    ],
                    "texture": "#seagrass_xy_3",
                    "tintindex": 0
                },
                "south": {
                    "uv": [
                        16,
                        0,
                        0,
                        16
                    ],
                    "texture": "#seagrass_xy_3",
                    "tintindex": 0
                }
            },
            "shade": false
        },
        {
            "from": [
                0.5,
                4,
                0
            ],
            "to": [
                16.5,
                5,
                16
            ],
            "faces": {
                "up": {
                    "uv": [
                        0,
                        0,
                        16,
                        16
                    ],
                    "texture": "#seagrass_xz_4",
                    "tintindex": 0
                },
                "down": {
                    "uv": [
                        0,
                        16,
                        16,
                        0
                    ],
                    "texture": "#seagrass_xz_4",
                    "tintindex": 0
                }
            },
            "shade": false
        },
        {
            "from": [
                0,
                4,
                0.5
            ],
            "to": [
                16,
                5,
                16.5
            ],
            "faces": {
                "up": {
                    "uv": [
                        0,
                        0,
                        16,
                        16
                    ],
                    "texture": "#seagrass_xz_4",
                    "rotation": 90,
                    "tintindex": 0
                },
                "down": {
                    "uv": [
                        16,
                        0,
                        0,
                        16
                    ],
                    "texture": "#seagrass_xz_4",
                    "rotation": 90,
                    "tintindex": 0
                }
            },
            "shade": false
        },
        {
            "from": [
                4,
                0,
                0.5
            ],
            "to": [
                5,
                16,
                16.5
            ],
            "faces": {
                "east": {
                    "uv": [
                        16,
                        0,
                        0,
                        16
                    ],
                    "texture": "#seagrass_yz_4",
                    "tintindex": 0
                },
                "west": {
                    "uv": [
                        0,
                        0,
                        16,
                        16
                    ],
                    "texture": "#seagrass_yz_4",
                    "tintindex": 0
                }
            },
            "shade": false
        },
        {
            "from": [
                0.5,
                0,
                4
            ],
            "to": [
                16.5,
                16,
                5
            ],
            "faces": {
                "north": {
                    "uv": [
                        0,
                        0,
                        16,
                        16
                    ],
                    "texture": "#seagrass_xy_4",
                    "tintindex": 0
                },
                "south": {
                    "uv": [
                        16,
                        0,
                        0,
                        16
                    ],
                    "texture": "#seagrass_xy_4",
                    "tintindex": 0
                }
            },
            "shade": false
        },
        {
            "from": [
                0.5,
                5,
                0
            ],
            "to": [
                16.5,
                6,
                16
            ],
            "faces": {
                "up": {
                    "uv": [
                        0,
                        0,
                        16,
                        16
                    ],
                    "texture": "#seagrass_xz_5",
                    "tintindex": 0
                },
                "down": {
                    "uv": [
                        0,
                        16,
                        16,
                        0
                    ],
                    "texture": "#seagrass_xz_5",
                    "tintindex": 0
                }
            },
            "shade": false
        },
        {
            "from": [
                0,
                5,
                0.5
            ],
            "to": [
                16,
                6,
                16.5
            ],
            "faces": {
                "up": {
                    "uv": [
                        0,
                        0,
                        16,
                        16
                    ],
                    "texture": "#seagrass_xz_5",
                    "rotation": 90,
                    "tintindex": 0
                },
                "down": {
                    "uv": [
                        16,
                        0,
                        0,
                        16
                    ],
                    "texture": "#seagrass_xz_5",
                    "rotation": 90,
                    "tintindex": 0
                }
            },
            "shade": false
        },
        {
            "from": [
                5,
                0,
                0.5
            ],
            "to": [
                6,
                16,
                16.5
            ],
            "faces": {
                "east": {
                    "uv": [
                        16,
                        0,
                        0,
                        16
                    ],
                    "texture": "#seagrass_yz_5",
                    "tintindex": 0
                },
                "west": {
                    "uv": [
                        0,
                        0,
                        16,
                        16
                    ],
                    "texture": "#seagrass_yz_5",
                    "tintindex": 0
                }
            },
            "shade": false
        },
        {
            "from": [
                0.5,
                0,
                5
            ],
            "to": [
                16.5,
                16,
                6
            ],
            "faces": {
                "north": {
                    "uv": [
                        0,
                        0,
                        16,
                        16
                    ],
                    "texture": "#seagrass_xy_5",
                    "tintindex": 0
                },
                "south": {
                    "uv": [
                        16,
                        0,
                        0,
                        16
                    ],
                    "texture": "#seagrass_xy_5",
                    "tintindex": 0
                }
            },
            "shade": false
        },
        {
            "from": [
                0.5,
                6,
                0
            ],
            "to": [
                16.5,
                7,
                16
            ],
            "faces": {
                "up": {
                    "uv": [
                        0,
                        0,
                        16,
                        16
                    ],
                    "texture": "#seagrass_xz_6",
                    "tintindex": 0
                },
                "down": {
                    "uv": [
                        0,
                        16,
                        16,
                        0
                    ],
                    "texture": "#seagrass_xz_6",
                    "tintindex": 0
                }
            },
            "shade": false
        },
        {
            "from": [
                0,
                6,
                0.5
            ],
            "to": [
                16,
                7,
                16.5
            ],
            "faces": {
                "up": {
                    "uv": [
                        0,
                        0,
                        16,
                        16
                    ],
                    "texture": "#seagrass_xz_6",
                    "rotation": 90,
                    "tintindex": 0
                },
                "down": {
                    "uv": [
                        16,
                        0,
                        0,
                        16
                    ],
                    "texture": "#seagrass_xz_6",
                    "rotation": 90,
                    "tintindex": 0
                }
            },
            "shade": false
        },
        {
            "from": [
                6,
                0,
                0.5
            ],
            "to": [
                7,
                16,
                16.5
            ],
            "faces": {
                "east": {
                    "uv": [
                        16,
                        0,
                        0,
                        16
                    ],
                    "texture": "#seagrass_yz_6",
                    "tintindex": 0
                },
                "west": {
                    "uv": [
                        0,
                        0,
                        16,
                        16
                    ],
                    "texture": "#seagrass_yz_6",
                    "tintindex": 0
                }
            },
            "shade": false
        },
        {
            "from": [
                0.5,
                0,
                6
            ],
            "to": [
                16.5,
                16,
                7
            ],
            "faces": {
                "north": {
                    "uv": [
                        0,
                        0,
                        16,
                        16
                    ],
                    "texture": "#seagrass_xy_6",
                    "tintindex": 0
                },
                "south": {
                    "uv": [
                        16,
                        0,
                        0,
                        16
                    ],
                    "texture": "#seagrass_xy_6",
                    "tintindex": 0
                }
            },
            "shade": false
        },
        {
            "from": [
                0.5,
                7,
                0
            ],
            "to": [
                16.5,
                8,
                16
            ],
            "faces": {
                "up": {
                    "uv": [
                        0,
                        0,
                        16,
                        16
                    ],
                    "texture": "#seagrass_xz_7",
                    "tintindex": 0
                },
                "down": {
                    "uv": [
                        0,
                        16,
                        16,
                        0
                    ],
                    "texture": "#seagrass_xz_7",
                    "tintindex": 0
                }
            },
            "shade": false
        },
        {
            "from": [
                0,
                7,
                0.5
            ],
            "to": [
                16,
                8,
                16.5
            ],
            "faces": {
                "up": {
                    "uv": [
                        0,
                        0,
                        16,
                        16
                    ],
                    "texture": "#seagrass_xz_7",
                    "rotation": 90,
                    "tintindex": 0
                },
                "down": {
                    "uv": [
                        16,
                        0,
                        0,
                        16
                    ],
                    "texture": "#seagrass_xz_7",
                    "rotation": 90,
                    "tintindex": 0
                }
            },
            "shade": false
        },
        {
            "from": [
                7,
                0,
                0.5
            ],
            "to": [
                8,
                16,
                16.5
            ],
            "faces": {
                "east": {
                    "uv": [
                        16,
                        0,
                        0,
                        16
                    ],
                    "texture": "#seagrass_yz_7",
                    "tintindex": 0
                },
                "west": {
                    "uv": [
                        0,
                        0,
                        16,
                        16
                    ],
                    "texture": "#seagrass_yz_7",
                    "tintindex": 0
                }
            },
            "shade": false
        },
        {
            "from": [
                0.5,
                0,
                7
            ],
            "to": [
                16.5,
                16,
                8
            ],
            "faces": {
                "north": {
                    "uv": [
                        0,
                        0,
                        16,
                        16
                    ],
                    "texture": "#seagrass_xy_7",
                    "tintindex": 0
                },
                "south": {
                    "uv": [
                        16,
                        0,
                        0,
                        16
                    ],
                    "texture": "#seagrass_xy_7",
                    "tintindex": 0
                }
            },
            "shade": false
        },
        {
            "from": [
                0.5,
                8,
                0
            ],
            "to": [
                16.5,
                9,
                16
            ],
            "faces": {
                "up": {
                    "uv": [
                        0,
                        0,
                        16,
                        16
                    ],
                    "texture": "#seagrass_xz_8",
                    "tintindex": 0
                },
                "down": {
                    "uv": [
                        0,
                        16,
                        16,
                        0
                    ],
                    "texture": "#seagrass_xz_8",
                    "tintindex": 0
                }
            },
            "shade": false
        },
        {
            "from": [
                0,
                8,
                0.5
            ],
            "to": [
                16,
                9,
                16.5
            ],
            "faces": {
                "up": {
                    "uv": [
                        0,
                        0,
                        16,
                        16
                    ],
                    "texture": "#seagrass_xz_8",
                    "rotation": 90,
                    "tintindex": 0
                },
                "down": {
                    "uv": [
                        16,
                        0,
                        0,
                        16
                    ],
                    "texture": "#seagrass_xz_8",
                    "rotation": 90,
                    "tintindex": 0
                }
            },
            "shade": false
        },
        {
            "from": [
                8,
                0,
                0.5
            ],
            "to": [
                9,
                16,
                16.5
            ],
            "faces": {
                "east": {
                    "uv": [
                        16,
                        0,
                        0,
                        16
                    ],
                    "texture": "#seagrass_yz_8",
                    "tintindex": 0
                },
                "west": {
                    "uv": [
                        0,
                        0,
                        16,
                        16
                    ],
                    "texture": "#seagrass_yz_8",
                    "tintindex": 0
                }
            },
            "shade": false
        },
        {
            "from": [
                0.5,
                0,
                8
            ],
            "to": [
                16.5,
                16,
                9
            ],
            "faces": {
                "north": {
                    "uv": [
                        0,
                        0,
                        16,
                        16
                    ],
                    "texture": "#seagrass_xy_8",
                    "tintindex": 0
                },
                "south": {
                    "uv": [
                        16,
                        0,
                        0,
                        16
                    ],
                    "texture": "#seagrass_xy_8",
                    "tintindex": 0
                }
            },
            "shade": false
        },
        {
            "from": [
                0.5,
                9,
                0
            ],
            "to": [
                16.5,
                10,
                16
            ],
            "faces": {
                "up": {
                    "uv": [
                        0,
                        0,
                        16,
                        16
                    ],
                    "texture": "#seagrass_xz_9",
                    "tintindex": 0
                },
                "down": {
                    "uv": [
                        0,
                        16,
                        16,
                        0
                    ],
                    "texture": "#seagrass_xz_9",
                    "tintindex": 0
                }
            },
            "shade": false
        },
        {
            "from": [
                0,
                9,
                0.5
            ],
            "to": [
                16,
                10,
                16.5
            ],
            "faces": {
                "up": {
                    "uv": [
                        0,
                        0,
                        16,
                        16
                    ],
                    "texture": "#seagrass_xz_9",
                    "rotation": 90,
                    "tintindex": 0
                },
                "down": {
                    "uv": [
                        16,
                        0,
                        0,
                        16
                    ],
                    "texture": "#seagrass_xz_9",
                    "rotation": 90,
                    "tintindex": 0
                }
            },
            "shade": false
        },
        {
            "from": [
                9,
                0,
                0.5
            ],
            "to": [
                10,
                16,
                16.5
            ],
            "faces": {
                "east": {
                    "uv": [
                        16,
                        0,
                        0,
                        16
                    ],
                    "texture": "#seagrass_yz_9",
                    "tintindex": 0
                },
                "west": {
                    "uv": [
                        0,
                        0,
                        16,
                        16
                    ],
                    "texture": "#seagrass_yz_9",
                    "tintindex": 0
                }
            },
            "shade": false
        },
        {
            "from": [
                0.5,
                0,
                9
            ],
            "to": [
                16.5,
                16,
                10
            ],
            "faces": {
                "north": {
                    "uv": [
                        0,
                        0,
                        16,
                        16
                    ],
                    "texture": "#seagrass_xy_9",
                    "tintindex": 0
                },
                "south": {
                    "uv": [
                        16,
                        0,
                        0,
                        16
                    ],
                    "texture": "#seagrass_xy_9",
                    "tintindex": 0
                }
            },
            "shade": false
        },
        {
            "from": [
                0.5,
                10,
                0
            ],
            "to": [
                16.5,
                11,
                16
            ],
            "faces": {
                "up": {
                    "uv": [
                        0,
                        0,
                        16,
                        16
                    ],
                    "texture": "#seagrass_xz_10",
                    "tintindex": 0
                },
                "down": {
                    "uv": [
                        0,
                        16,
                        16,
                        0
                    ],
                    "texture": "#seagrass_xz_10",
                    "tintindex": 0
                }
            },
            "shade": false
        },
        {
            "from": [
                0,
                10,
                0.5
            ],
            "to": [
                16,
                11,
                16.5
            ],
            "faces": {
                "up": {
                    "uv": [
                        0,
                        0,
                        16,
                        16
                    ],
                    "texture": "#seagrass_xz_10",
                    "rotation": 90,
                    "tintindex": 0
                },
                "down": {
                    "uv": [
                        16,
                        0,
                        0,
                        16
                    ],
                    "texture": "#seagrass_xz_10",
                    "rotation": 90,
                    "tintindex": 0
                }
            },
            "shade": false
        },
        {
            "from": [
                10,
                0,
                0.5
            ],
            "to": [
                11,
                16,
                16.5
            ],
            "faces": {
                "east": {
                    "uv": [
                        16,
                        0,
                        0,
                        16
                    ],
                    "texture": "#seagrass_yz_10",
                    "tintindex": 0
                },
                "west": {
                    "uv": [
                        0,
                        0,
                        16,
                        16
                    ],
                    "texture": "#seagrass_yz_10",
                    "tintindex": 0
                }
            },
            "shade": false
        },
        {
            "from": [
                0.5,
                0,
                10
            ],
            "to": [
                16.5,
                16,
                11
            ],
            "faces": {
                "north": {
                    "uv": [
                        0,
                        0,
                        16,
                        16
                    ],
                    "texture": "#seagrass_xy_10",
                    "tintindex": 0
                },
                "south": {
                    "uv": [
                        16,
                        0,
                        0,
                        16
                    ],
                    "texture": "#seagrass_xy_10",
                    "tintindex": 0
                }
            },
            "shade": false
        },
        {
            "from": [
                0.5,
                11,
                0
            ],
            "to": [
                16.5,
                12,
                16
            ],
            "faces": {
                "up": {
                    "uv": [
                        0,
                        0,
                        16,
                        16
                    ],
                    "texture": "#seagrass_xz_11",
                    "tintindex": 0
                },
                "down": {
                    "uv": [
                        0,
                        16,
                        16,
                        0
                    ],
                    "texture": "#seagrass_xz_11",
                    "tintindex": 0
                }
            },
            "shade": false
        },
        {
            "from": [
                0,
                11,
                0.5
            ],
            "to": [
                16,
                12,
                16.5
            ],
            "faces": {
                "up": {
                    "uv": [
                        0,
                        0,
                        16,
                        16
                    ],
                    "texture": "#seagrass_xz_11",
                    "rotation": 90,
                    "tintindex": 0
                },
                "down": {
                    "uv": [
                        16,
                        0,
                        0,
                        16
                    ],
                    "texture": "#seagrass_xz_11",
                    "rotation": 90,
                    "tintindex": 0
                }
            },
            "shade": false
        },
        {
            "from": [
                11,
                0,
                0.5
            ],
            "to": [
                12,
                16,
                16.5
            ],
            "faces": {
                "east": {
                    "uv": [
                        16,
                        0,
                        0,
                        16
                    ],
                    "texture": "#seagrass_yz_11",
                    "tintindex": 0
                },
                "west": {
                    "uv": [
                        0,
                        0,
                        16,
                        16
                    ],
                    "texture": "#seagrass_yz_11",
                    "tintindex": 0
                }
            },
            "shade": false
        },
        {
            "from": [
                0.5,
                0,
                11
            ],
            "to": [
                16.5,
                16,
                12
            ],
            "faces": {
                "north": {
                    "uv": [
                        0,
                        0,
                        16,
                        16
                    ],
                    "texture": "#seagrass_xy_11",
                    "tintindex": 0
                },
                "south": {
                    "uv": [
                        16,
                        0,
                        0,
                        16
                    ],
                    "texture": "#seagrass_xy_11",
                    "tintindex": 0
                }
            },
            "shade": false
        },
        {
            "from": [
                0.5,
                12,
                0
            ],
            "to": [
                16.5,
                13,
                16
            ],
            "faces": {
                "up": {
                    "uv": [
                        0,
                        0,
                        16,
                        16
                    ],
                    "texture": "#seagrass_xz_12",
                    "tintindex": 0
                },
                "down": {
                    "uv": [
                        0,
                        16,
                        16,
                        0
                    ],
                    "texture": "#seagrass_xz_12",
                    "tintindex": 0
                }
            },
            "shade": false
        },
        {
            "from": [
                0,
                12,
                0.5
            ],
            "to": [
                16,
                13,
                16.5
            ],
            "faces": {
                "up": {
                    "uv": [
                        0,
                        0,
                        16,
                        16
                    ],
                    "texture": "#seagrass_xz_12",
                    "rotation": 90,
                    "tintindex": 0
                },
                "down": {
                    "uv": [
                        16,
                        0,
                        0,
                        16
                    ],
                    "texture": "#seagrass_xz_12",
                    "rotation": 90,
                    "tintindex": 0
                }
            },
            "shade": false
        },
        {
            "from": [
                12,
                0,
                0.5
            ],
            "to": [
                13,
                16,
                16.5
            ],
            "faces": {
                "east": {
                    "uv": [
                        16,
                        0,
                        0,
                        16
                    ],
                    "texture": "#seagrass_yz_12",
                    "tintindex": 0
                },
                "west": {
                    "uv": [
                        0,
                        0,
                        16,
                        16
                    ],
                    "texture": "#seagrass_yz_12",
                    "tintindex": 0
                }
            },
            "shade": false
        },
        {
            "from": [
                0.5,
                0,
                12
            ],
            "to": [
                16.5,
                16,
                13
            ],
            "faces": {
                "north": {
                    "uv": [
                        0,
                        0,
                        16,
                        16
                    ],
                    "texture": "#seagrass_xy_12",
                    "tintindex": 0
                },
                "south": {
                    "uv": [
                        16,
                        0,
                        0,
                        16
                    ],
                    "texture": "#seagrass_xy_12",
                    "tintindex": 0
                }
            },
            "shade": false
        },
        {
            "from": [
                0.5,
                13,
                0
            ],
            "to": [
                16.5,
                14,
                16
            ],
            "faces": {
                "up": {
                    "uv": [
                        0,
                        0,
                        16,
                        16
                    ],
                    "texture": "#seagrass_xz_13",
                    "tintindex": 0
                },
                "down": {
                    "uv": [
                        0,
                        16,
                        16,
                        0
                    ],
                    "texture": "#seagrass_xz_13",
                    "tintindex": 0
                }
            },
            "shade": false
        },
        {
            "from": [
                0,
                13,
                0.5
            ],
            "to": [
                16,
                14,
                16.5
            ],
            "faces": {
                "up": {
                    "uv": [
                        0,
                        0,
                        16,
                        16
                    ],
                    "texture": "#seagrass_xz_13",
                    "rotation": 90,
                    "tintindex": 0
                },
                "down": {
                    "uv": [
                        16,
                        0,
                        0,
                        16
                    ],
                    "texture": "#seagrass_xz_13",
                    "rotation": 90,
                    "tintindex": 0
                }
            },
            "shade": false
        },
        {
            "from": [
                13,
                0,
                0.5
            ],
            "to": [
                14,
                16,
                16.5
            ],
            "faces": {
                "east": {
                    "uv": [
                        16,
                        0,
                        0,
                        16
                    ],
                    "texture": "#seagrass_yz_13",
                    "tintindex": 0
                },
                "west": {
                    "uv": [
                        0,
                        0,
                        16,
                        16
                    ],
                    "texture": "#seagrass_yz_13",
                    "tintindex": 0
                }
            },
            "shade": false
        },
        {
            "from": [
                0.5,
                0,
                13
            ],
            "to": [
                16.5,
                16,
                14
            ],
            "faces": {
                "north": {
                    "uv": [
                        0,
                        0,
                        16,
                        16
                    ],
                    "texture": "#seagrass_xy_13",
                    "tintindex": 0
                },
                "south": {
                    "uv": [
                        16,
                        0,
                        0,
                        16
                    ],
                    "texture": "#seagrass_xy_13",
                    "tintindex": 0
                }
            },
            "shade": false
        },
        {
            "from": [
                0.5,
                14,
                0
            ],
            "to": [
                16.5,
                15,
                16
            ],
            "faces": {
                "up": {
                    "uv": [
                        0,
                        0,
                        16,
                        16
                    ],
                    "texture": "#seagrass_xz_14",
                    "tintindex": 0
                },
                "down": {
                    "uv": [
                        0,
                        16,
                        16,
                        0
                    ],
                    "texture": "#seagrass_xz_14",
                    "tintindex": 0
                }
            },
            "shade": false
        },
        {
            "from": [
                0,
                14,
                0.5
            ],
            "to": [
                16,
                15,
                16.5
            ],
            "faces": {
                "up": {
                    "uv": [
                        0,
                        0,
                        16,
                        16
                    ],
                    "texture": "#seagrass_xz_14",
                    "rotation": 90,
                    "tintindex": 0
                },
                "down": {
                    "uv": [
                        16,
                        0,
                        0,
                        16
                    ],
                    "texture": "#seagrass_xz_14",
                    "rotation": 90,
                    "tintindex": 0
                }
            },
            "shade": false
        },
        {
            "from": [
                14,
                0,
                0.5
            ],
            "to": [
                15,
                16,
                16.5
            ],
            "faces": {
                "east": {
                    "uv": [
                        16,
                        0,
                        0,
                        16
                    ],
                    "texture": "#seagrass_yz_14",
                    "tintindex": 0
                },
                "west": {
                    "uv": [
                        0,
                        0,
                        16,
                        16
                    ],
                    "texture": "#seagrass_yz_14",
                    "tintindex": 0
                }
            },
            "shade": false
        },
        {
            "from": [
                0.5,
                0,
                14
            ],
            "to": [
                16.5,
                16,
                15
            ],
            "faces": {
                "north": {
                    "uv": [
                        0,
                        0,
                        16,
                        16
                    ],
                    "texture": "#seagrass_xy_14",
                    "tintindex": 0
                },
                "south": {
                    "uv": [
                        16,
                        0,
                        0,
                        16
                    ],
                    "texture": "#seagrass_xy_14",
                    "tintindex": 0
                }
            },
            "shade": false
        },
        {
            "from": [
                0.5,
                15,
                0
            ],
            "to": [
                16.5,
                16,
                16
            ],
            "faces": {
                "up": {
                    "uv": [
                        0,
                        0,
                        16,
                        16
                    ],
                    "texture": "#seagrass_xz_15",
                    "tintindex": 0
                },
                "down": {
                    "uv": [
                        0,
                        16,
                        16,
                        0
                    ],
                    "texture": "#seagrass_xz_15",
                    "tintindex": 0
                }
            },
            "shade": false
        },
        {
            "from": [
                0,
                15,
                0.5
            ],
            "to": [
                16,
                16,
                16.5
            ],
            "faces": {
                "up": {
                    "uv": [
                        0,
                        0,
                        16,
                        16
                    ],
                    "texture": "#seagrass_xz_15",
                    "rotation": 90,
                    "tintindex": 0
                },
                "down": {
                    "uv": [
                        16,
                        0,
                        0,
                        16
                    ],
                    "texture": "#seagrass_xz_15",
                    "rotation": 90,
                    "tintindex": 0
                }
            },
            "shade": false
        },
        {
            "from": [
                15,
                0,
                0.5
            ],
            "to": [
                16,
                16,
                16.5
            ],
            "faces": {
                "east": {
                    "uv": [
                        16,
                        0,
                        0,
                        16
                    ],
                    "texture": "#seagrass_yz_15",
                    "tintindex": 0
                },
                "west": {
                    "uv": [
                        0,
                        0,
                        16,
                        16
                    ],
                    "texture": "#seagrass_yz_15",
                    "tintindex": 0
                }
            },
            "shade": false
        },
        {
            "from": [
                0.5,
                0,
                15
            ],
            "to": [
                16.5,
                16,
                16
            ],
            "faces": {
                "north": {
                    "uv": [
                        0,
                        0,
                        16,
                        16
                    ],
                    "texture": "#seagrass_xy_15",
                    "tintindex": 0
                },
                "south": {
                    "uv": [
                        16,
                        0,
                        0,
                        16
                    ],
                    "texture": "#seagrass_xy_15",
                    "tintindex": 0
                }
            },
            "shade": false
        }
    ]
}