{
    "parent": "block/block",
    "textures": {
        "particle": "block/stonecutter_bottom",
        "bottom": "block/stonecutter_bottom",
        "top": "block/stonecutter_top",
        "side": "block/stonecutter_side",
        "saw": "block/stonecutter_saw"
    },
    "elements": [
        {
            "from": [
                0,
                0,
                0
            ],
            "to": [
                16,
                9,
                16
            ],
            "faces": {
                "north": {
                    "uv": [
                        0,
                        7,
                        16,
                        16
                    ],
                    "texture": "#side",
                    "cullface": "north"
                },
                "east": {
                    "uv": [
                        0,
                        7,
                        16,
                        16
                    ],
                    "texture": "#side",
                    "cullface": "east"
                },
                "south": {
                    "uv": [
                        0,
                        7,
                        16,
                        16
                    ],
                    "texture": "#side",
                    "cullface": "south"
                },
                "west": {
                    "uv": [
                        0,
                        7,
                        16,
                        16
                    ],
                    "texture": "#side",
                    "cullface": "west"
                },
                "up": {
                    "uv": [
                        0,
                        0,
                        16,
                        16
                    ],
                    "texture": "#top"
                },
                "down": {
                    "uv": [
                        0,
                        0,
                        16,
                        16
                    ],
                    "texture": "#bottom",
                    "cullface": "down"
                }
            }
        },
        {
            "from": [
                1,
                9,
                7.5
            ],
            "to": [
                15,
                12,
                8.5
            ],
            "faces": {
                "north": {
                    "uv": [
                        1,
                        13,
                        15,
                        16
                    ],
                    "texture": "#saw",
                    "tintindex": 0
                },
                "east": {
                    "uv": [
                        1,
                        13,
                        2,
                        16
                    ],
                    "texture": "#saw",
                    "tintindex": 0
                },
                "south": {
                    "uv": [
                        15,
                        13,
                        1,
                        16
                    ],
                    "texture": "#saw",
                    "tintindex": 0
                },
                "west": {
                    "uv": [
                        14,
                        13,
                        15,
                        16
                    ],
                    "texture": "#saw",
                    "tintindex": 0
                },
                "up": {
                    "uv": [
                        1,
                        13,
                        15,
                        14
                    ],
                    "rotation": 180,
                    "texture": "#saw",
                    "tintindex": 0
                }
            }
        },
        {
            "from": [
                2,
                12,
                7.5
            ],
            "to": [
                14,
                14,
                8.5
            ],
            "faces": {
                "north": {
                    "uv": [
                        2,
                        11,
                        14,
                        13
                    ],
                    "texture": "#saw",
                    "tintindex": 0
                },
                "east": {
                    "uv": [
                        2,
                        11,
                        3,
                        13
                    ],
                    "texture": "#saw",
                    "tintindex": 0
                },
                "south": {
                    "uv": [
                        14,
                        11,
                        2,
                        13
                    ],
                    "texture": "#saw",
                    "tintindex": 0
                },
                "west": {
                    "uv": [
                        13,
                        11,
                        14,
                        13
                    ],
                    "texture": "#saw",
                    "tintindex": 0
                },
                "up": {
                    "uv": [
                        2,
                        11,
                        14,
                        12
                    ],
                    "rotation": 180,
                    "texture": "#saw",
                    "tintindex": 0
                }
            }
        },
        {
            "from": [
                3,
                14,
                7.5
            ],
            "to": [
                13,
                15,
                8.5
            ],
            "faces": {
                "north": {
                    "uv": [
                        3,
                        10,
                        13,
                        11
                    ],
                    "texture": "#saw",
                    "tintindex": 0
                },
                "east": {
                    "uv": [
                        3,
                        10,
                        4,
                        11
                    ],
                    "texture": "#saw",
                    "tintindex": 0
                },
                "south": {
                    "uv": [
                        13,
                        10,
                        3,
                        11
                    ],
                    "texture": "#saw",
                    "tintindex": 0
                },
                "west": {
                    "uv": [
                        12,
                        10,
                        13,
                        11
                    ],
                    "texture": "#saw",
                    "tintindex": 0
                },
                "up": {
                    "uv": [
                        3,
                        10,
                        13,
                        11
                    ],
                    "rotation": 180,
                    "texture": "#saw",
                    "tintindex": 0
                }
            }
        },
        {
            "from": [
                5,
                15,
                7.5
            ],
            "to": [
                11,
                16,
                8.5
            ],
            "faces": {
                "north": {
                    "uv": [
                        5,
                        9,
                        11,
                        10
                    ],
                    "texture": "#saw",
                    "tintindex": 0
                },
                "east": {
                    "uv": [
                        5,
                        9,
                        6,
                        10
                    ],
                    "texture": "#saw",
                    "tintindex": 0
                },
                "south": {
                    "uv": [
                        11,
                        9,
                        5,
                        10
                    ],
                    "texture": "#saw",
                    "tintindex": 0
                },
                "west": {
                    "uv": [
                        10,
                        9,
                        11,
                        10
                    ],
                    "texture": "#saw",
                    "tintindex": 0
                },
                "up": {
                    "uv": [
                        5,
                        9,
                        11,
                        10
                    ],
                    "rotation": 180,
                    "texture": "#saw",
                    "tintindex": 0,
                    "cullface": "up"
                }
            }
        }
    ]
}