{
    "ambientocclusion": false,
    "textures": {
        "sugar_cane": "block/sugar_cane",
        "particle": "block/sugar_cane"
    },
    "elements": [
        {
            "from": [
                0,
                6,
                0
            ],
            "to": [
                1,
                8,
                1
            ],
            "faces": {
                "north": {
                    "uv": [
                        1,
                        8,
                        0,
                        10
                    ],
                    "texture": "#sugar_cane",
                    "tintindex": 0
                },
                "east": {
                    "uv": [
                        0,
                        8,
                        1,
                        10
                    ],
                    "texture": "#sugar_cane",
                    "tintindex": 0
                },
                "south": {
                    "uv": [
                        0,
                        8,
                        1,
                        10
                    ],
                    "texture": "#sugar_cane",
                    "tintindex": 0
                },
                "west": {
                    "uv": [
                        0,
                        8,
                        1,
                        10
                    ],
                    "texture": "#sugar_cane",
                    "tintindex": 0
                },
                "up": {
                    "uv": [
                        0,
                        8,
                        1,
                        9
                    ],
                    "texture": "#sugar_cane",
                    "tintindex": 0
                },
                "down": {
                    "uv": [
                        0,
                        9,
                        1,
                        10
                    ],
                    "texture": "#sugar_cane",
                    "tintindex": 0
                }
            },
            "shade": false
        },
        {
            "from": [
                15,
                6,
                0
            ],
            "to": [
                16,
                8,
                1
            ],
            "faces": {
                "north": {
                    "uv": [
                        1,
                        8,
                        0,
                        10
                    ],
                    "texture": "#sugar_cane",
                    "tintindex": 0
                },
                "east": {
                    "uv": [
                        0,
                        8,
                        1,
                        10
                    ],
                    "texture": "#sugar_cane",
                    "tintindex": 0
                },
                "south": {
                    "uv": [
                        0,
                        8,
                        1,
                        10
                    ],
                    "texture": "#sugar_cane",
                    "tintindex": 0
                },
                "west": {
                    "uv": [
                        0,
                        8,
                        1,
                        10
                    ],
                    "texture": "#sugar_cane",
                    "tintindex": 0
                },
                "up": {
                    "uv": [
                        0,
                        8,
                        1,
                        9
                    ],
                    "texture": "#sugar_cane",
                    "tintindex": 0
                },
                "down": {
                    "uv": [
                        0,
                        9,
                        1,
                        10
                    ],
                    "texture": "#sugar_cane",
                    "tintindex": 0
                }
            },
            "shade": false
        },
        {
            "from": [
                1,
                0,
                1
            ],
            "to": [
                2,
                16,
                2
            ],
            "faces": {
                "north": {
                    "uv": [
                        2,
                        0,
                        1,
                        16
                    ],
                    "texture": "#sugar_cane",
                    "tintindex": 0
                },
                "east": {
                    "uv": [
                        1,
                        0,
                        2,
                        16
                    ],
                    "texture": "#sugar_cane",
                    "tintindex": 0
                },
                "south": {
                    "uv": [
                        1,
                        0,
                        2,
                        16
                    ],
                    "texture": "#sugar_cane",
                    "tintindex": 0
                },
                "west": {
                    "uv": [
                        1,
                        0,
                        2,
                        16
                    ],
                    "texture": "#sugar_cane",
                    "tintindex": 0
                },
                "up": {
                    "uv": [
                        1,
                        0,
                        2,
                        1
                    ],
                    "texture": "#sugar_cane",
                    "tintindex": 0
                },
                "down": {
                    "uv": [
                        1,
                        15,
                        2,
                        16
                    ],
                    "texture": "#sugar_cane",
                    "tintindex": 0,
                    "cullface": "down"
                }
            },
            "shade": false
        },
        {
            "from": [
                14,
                0,
                1
            ],
            "to": [
                15,
                16,
                2
            ],
            "faces": {
                "north": {
                    "uv": [
                        2,
                        0,
                        1,
                        16
                    ],
                    "texture": "#sugar_cane",
                    "tintindex": 0
                },
                "east": {
                    "uv": [
                        1,
                        0,
                        2,
                        16
                    ],
                    "texture": "#sugar_cane",
                    "tintindex": 0
                },
                "south": {
                    "uv": [
                        1,
                        0,
                        2,
                        16
                    ],
                    "texture": "#sugar_cane",
                    "tintindex": 0
                },
                "west": {
                    "uv": [
                        1,
                        0,
                        2,
                        16
                    ],
                    "texture": "#sugar_cane",
                    "tintindex": 0
                },
                "up": {
                    "uv": [
                        1,
                        0,
                        2,
                        1
                    ],
                    "texture": "#sugar_cane",
                    "tintindex": 0
                },
                "down": {
                    "uv": [
                        1,
                        15,
                        2,
                        16
                    ],
                    "texture": "#sugar_cane",
                    "tintindex": 0,
                    "cullface": "down"
                }
            },
            "shade": false
        },
        {
            "from": [
                2,
                0,
                2
            ],
            "to": [
                3,
                16,
                3
            ],
            "faces": {
                "north": {
                    "uv": [
                        3,
                        0,
                        2,
                        16
                    ],
                    "texture": "#sugar_cane",
                    "tintindex": 0
                },
                "east": {
                    "uv": [
                        2,
                        0,
                        3,
                        16
                    ],
                    "texture": "#sugar_cane",
                    "tintindex": 0
                },
                "south": {
                    "uv": [
                        2,
                        0,
                        3,
                        16
                    ],
                    "texture": "#sugar_cane",
                    "tintindex": 0
                },
                "west": {
                    "uv": [
                        2,
                        0,
                        3,
                        16
                    ],
                    "texture": "#sugar_cane",
                    "tintindex": 0
                },
                "up": {
                    "uv": [
                        2,
                        0,
                        3,
                        1
                    ],
                    "texture": "#sugar_cane",
                    "tintindex": 0
                },
                "down": {
                    "uv": [
                        2,
                        15,
                        3,
                        16
                    ],
                    "texture": "#sugar_cane",
                    "tintindex": 0,
                    "cullface": "down"
                }
            },
            "shade": false
        },
        {
            "from": [
                13,
                0,
                2
            ],
            "to": [
                14,
                16,
                3
            ],
            "faces": {
                "north": {
                    "uv": [
                        3,
                        0,
                        2,
                        16
                    ],
                    "texture": "#sugar_cane",
                    "tintindex": 0
                },
                "east": {
                    "uv": [
                        2,
                        0,
                        3,
                        16
                    ],
                    "texture": "#sugar_cane",
                    "tintindex": 0
                },
                "south": {
                    "uv": [
                        2,
                        0,
                        3,
                        16
                    ],
                    "texture": "#sugar_cane",
                    "tintindex": 0
                },
                "west": {
                    "uv": [
                        2,
                        0,
                        3,
                        16
                    ],
                    "texture": "#sugar_cane",
                    "tintindex": 0
                },
                "up": {
                    "uv": [
                        2,
                        0,
                        3,
                        1
                    ],
                    "texture": "#sugar_cane",
                    "tintindex": 0
                },
                "down": {
                    "uv": [
                        2,
                        15,
                        3,
                        16
                    ],
                    "texture": "#sugar_cane",
                    "tintindex": 0,
                    "cullface": "down"
                }
            },
            "shade": false
        },
        {
            "from": [
                3,
                12,
                3
            ],
            "to": [
                4,
                14,
                4
            ],
            "faces": {
                "north": {
                    "uv": [
                        4,
                        2,
                        3,
                        4
                    ],
                    "texture": "#sugar_cane",
                    "tintindex": 0
                },
                "east": {
                    "uv": [
                        3,
                        2,
                        4,
                        4
                    ],
                    "texture": "#sugar_cane",
                    "tintindex": 0
                },
                "south": {
                    "uv": [
                        3,
                        2,
                        4,
                        4
                    ],
                    "texture": "#sugar_cane",
                    "tintindex": 0
                },
                "west": {
                    "uv": [
                        3,
                        2,
                        4,
                        4
                    ],
                    "texture": "#sugar_cane",
                    "tintindex": 0
                },
                "up": {
                    "uv": [
                        3,
                        2,
                        4,
                        3
                    ],
                    "texture": "#sugar_cane",
                    "tintindex": 0
                },
                "down": {
                    "uv": [
                        3,
                        3,
                        4,
                        4
                    ],
                    "texture": "#sugar_cane",
                    "tintindex": 0
                }
            },
            "shade": false
        },
        {
            "from": [
                12,
                12,
                3
            ],
            "to": [
                13,
                14,
                4
            ],
            "faces": {
                "north": {
                    "uv": [
                        4,
                        2,
                        3,
                        4
                    ],
                    "texture": "#sugar_cane",
                    "tintindex": 0
                },
                "east": {
                    "uv": [
                        3,
                        2,
                        4,
                        4
                    ],
                    "texture": "#sugar_cane",
                    "tintindex": 0
                },
                "south": {
                    "uv": [
                        3,
                        2,
                        4,
                        4
                    ],
                    "texture": "#sugar_cane",
                    "tintindex": 0
                },
                "west": {
                    "uv": [
                        3,
                        2,
                        4,
                        4
                    ],
                    "texture": "#sugar_cane",
                    "tintindex": 0
                },
                "up": {
                    "uv": [
                        3,
                        2,
                        4,
                        3
                    ],
                    "texture": "#sugar_cane",
                    "tintindex": 0
                },
                "down": {
                    "uv": [
                        3,
                        3,
                        4,
                        4
                    ],
                    "texture": "#sugar_cane",
                    "tintindex": 0
                }
            },
            "shade": false
        },
        {
            "from": [
                4,
                5,
                4
            ],
            "to": [
                5,
                6,
                5
            ],
            "faces": {
                "north": {
                    "uv": [
                        5,
                        10,
                        4,
                        11
                    ],
                    "texture": "#sugar_cane",
                    "tintindex": 0
                },
                "east": {
                    "uv": [
                        4,
                        10,
                        5,
                        11
                    ],
                    "texture": "#sugar_cane",
                    "tintindex": 0
                },
                "south": {
                    "uv": [
                        4,
                        10,
                        5,
                        11
                    ],
                    "texture": "#sugar_cane",
                    "tintindex": 0
                },
                "west": {
                    "uv": [
                        4,
                        10,
                        5,
                        11
                    ],
                    "texture": "#sugar_cane",
                    "tintindex": 0
                },
                "up": {
                    "uv": [
                        4,
                        10,
                        5,
                        11
                    ],
                    "texture": "#sugar_cane",
                    "tintindex": 0
                },
                "down": {
                    "uv": [
                        4,
                        10,
                        5,
                        11
                    ],
                    "texture": "#sugar_cane",
                    "tintindex": 0
                }
            },
            "shade": false
        },
        {
            "from": [
                11,
                5,
                4
            ],
            "to": [
                12,
                6,
                5
            ],
            "faces": {
                "north": {
                    "uv": [
                        5,
                        10,
                        4,
                        11
                    ],
                    "texture": "#sugar_cane",
                    "tintindex": 0
                },
                "east": {
                    "uv": [
                        4,
                        10,
                        5,
                        11
                    ],
                    "texture": "#sugar_cane",
                    "tintindex": 0
                },
                "south": {
                    "uv": [
                        4,
                        10,
                        5,
                        11
                    ],
                    "texture": "#sugar_cane",
                    "tintindex": 0
                },
                "west": {
                    "uv": [
                        4,
                        10,
                        5,
                        11
                    ],
                    "texture": "#sugar_cane",
                    "tintindex": 0
                },
                "up": {
                    "uv": [
                        4,
                        10,
                        5,
                        11
                    ],
                    "texture": "#sugar_cane",
                    "tintindex": 0
                },
                "down": {
                    "uv": [
                        4,
                        10,
                        5,
                        11
                    ],
                    "texture": "#sugar_cane",
                    "tintindex": 0
                }
            },
            "shade": false
        },
        {
            "from": [
                5,
                0,
                5
            ],
            "to": [
                6,
                16,
                6
            ],
            "faces": {
                "north": {
                    "uv": [
                        6,
                        0,
                        5,
                        16
                    ],
                    "texture": "#sugar_cane",
                    "tintindex": 0
                },
                "east": {
                    "uv": [
                        5,
                        0,
                        6,
                        16
                    ],
                    "texture": "#sugar_cane",
                    "tintindex": 0
                },
                "south": {
                    "uv": [
                        5,
                        0,
                        6,
                        16
                    ],
                    "texture": "#sugar_cane",
                    "tintindex": 0
                },
                "west": {
                    "uv": [
                        5,
                        0,
                        6,
                        16
                    ],
                    "texture": "#sugar_cane",
                    "tintindex": 0
                },
                "up": {
                    "uv": [
                        5,
                        0,
                        6,
                        1
                    ],
                    "texture": "#sugar_cane",
                    "tintindex": 0
                },
                "down": {
                    "uv": [
                        5,
                        15,
                        6,
                        16
                    ],
                    "texture": "#sugar_cane",
                    "tintindex": 0,
                    "cullface": "down"
                }
            },
            "shade": false
        },
        {
            "from": [
                10,
                0,
                5
            ],
            "to": [
                11,
                16,
                6
            ],
            "faces": {
                "north": {
                    "uv": [
                        6,
                        0,
                        5,
                        16
                    ],
                    "texture": "#sugar_cane",
                    "tintindex": 0
                },
                "east": {
                    "uv": [
                        5,
                        0,
                        6,
                        16
                    ],
                    "texture": "#sugar_cane",
                    "tintindex": 0
                },
                "south": {
                    "uv": [
                        5,
                        0,
                        6,
                        16
                    ],
                    "texture": "#sugar_cane",
                    "tintindex": 0
                },
                "west": {
                    "uv": [
                        5,
                        0,
                        6,
                        16
                    ],
                    "texture": "#sugar_cane",
                    "tintindex": 0
                },
                "up": {
                    "uv": [
                        5,
                        0,
                        6,
                        1
                    ],
                    "texture": "#sugar_cane",
                    "tintindex": 0
                },
                "down": {
                    "uv": [
                        5,
                        15,
                        6,
                        16
                    ],
                    "texture": "#sugar_cane",
                    "tintindex": 0,
                    "cullface": "down"
                }
            },
            "shade": false
        },
        {
            "from": [
                6,
                0,
                6
            ],
            "to": [
                7,
                16,
                7
            ],
            "faces": {
                "north": {
                    "uv": [
                        7,
                        0,
                        6,
                        16
                    ],
                    "texture": "#sugar_cane",
                    "tintindex": 0
                },
                "east": {
                    "uv": [
                        6,
                        0,
                        7,
                        16
                    ],
                    "texture": "#sugar_cane",
                    "tintindex": 0
                },
                "south": {
                    "uv": [
                        6,
                        0,
                        7,
                        16
                    ],
                    "texture": "#sugar_cane",
                    "tintindex": 0
                },
                "west": {
                    "uv": [
                        6,
                        0,
                        7,
                        16
                    ],
                    "texture": "#sugar_cane",
                    "tintindex": 0
                },
                "up": {
                    "uv": [
                        6,
                        0,
                        7,
                        1
                    ],
                    "texture": "#sugar_cane",
                    "tintindex": 0
                },
                "down": {
                    "uv": [
                        6,
                        15,
                        7,
                        16
                    ],
                    "texture": "#sugar_cane",
                    "tintindex": 0,
                    "cullface": "down"
                }
            },
            "shade": false
        },
        {
            "from": [
                9,
                0,
                6
            ],
            "to": [
                10,
                16,
                7
            ],
            "faces": {
                "north": {
                    "uv": [
                        7,
                        0,
                        6,
                        16
                    ],
                    "texture": "#sugar_cane",
                    "tintindex": 0
                },
                "east": {
                    "uv": [
                        6,
                        0,
                        7,
                        16
                    ],
                    "texture": "#sugar_cane",
                    "tintindex": 0
                },
                "south": {
                    "uv": [
                        6,
                        0,
                        7,
                        16
                    ],
                    "texture": "#sugar_cane",
                    "tintindex": 0
                },
                "west": {
                    "uv": [
                        6,
                        0,
                        7,
                        16
                    ],
                    "texture": "#sugar_cane",
                    "tintindex": 0
                },
                "up": {
                    "uv": [
                        6,
                        0,
                        7,
                        1
                    ],
                    "texture": "#sugar_cane",
                    "tintindex": 0
                },
                "down": {
                    "uv": [
                        6,
                        15,
                        7,
                        16
                    ],
                    "texture": "#sugar_cane",
                    "tintindex": 0,
                    "cullface": "down"
                }
            },
            "shade": false
        },
        {
            "from": [
                7,
                11,
                7
            ],
            "to": [
                8,
                13,
                8
            ],
            "faces": {
                "north": {
                    "uv": [
                        8,
                        3,
                        7,
                        5
                    ],
                    "texture": "#sugar_cane",
                    "tintindex": 0
                },
                "south": {
                    "uv": [
                        7,
                        3,
                        8,
                        5
                    ],
                    "texture": "#sugar_cane",
                    "tintindex": 0
                },
                "west": {
                    "uv": [
                        7,
                        3,
                        8,
                        5
                    ],
                    "texture": "#sugar_cane",
                    "tintindex": 0
                },
                "up": {
                    "uv": [
                        7,
                        3,
                        8,
                        4
                    ],
                    "texture": "#sugar_cane",
                    "tintindex": 0
                },
                "down": {
                    "uv": [
                        7,
                        4,
                        8,
                        5
                    ],
                    "texture": "#sugar_cane",
                    "tintindex": 0
                }
            },
            "shade": false
        },
        {
            "from": [
                8,
                11,
                7
            ],
            "to": [
                9,
                13,
                8
            ],
            "faces": {
                "north": {
                    "uv": [
                        8,
                        3,
                        7,
                        5
                    ],
                    "texture": "#sugar_cane",
                    "tintindex": 0
                },
                "east": {
                    "uv": [
                        7,
                        3,
                        8,
                        5
                    ],
                    "texture": "#sugar_cane",
                    "tintindex": 0
                },
                "south": {
                    "uv": [
                        7,
                        3,
                        8,
                        5
                    ],
                    "texture": "#sugar_cane",
                    "tintindex": 0
                },
                "up": {
                    "uv": [
                        7,
                        3,
                        8,
                        4
                    ],
                    "texture": "#sugar_cane",
                    "tintindex": 0
                },
                "down": {
                    "uv": [
                        7,
                        4,
                        8,
                        5
                    ],
                    "texture": "#sugar_cane",
                    "tintindex": 0
                }
            },
            "shade": false
        },
        {
            "from": [
                8,
                4,
                8
            ],
            "to": [
                9,
                6,
                9
            ],
            "faces": {
                "north": {
                    "uv": [
                        9,
                        10,
                        8,
                        12
                    ],
                    "texture": "#sugar_cane",
                    "tintindex": 0
                },
                "east": {
                    "uv": [
                        8,
                        10,
                        9,
                        12
                    ],
                    "texture": "#sugar_cane",
                    "tintindex": 0
                },
                "south": {
                    "uv": [
                        8,
                        10,
                        9,
                        12
                    ],
                    "texture": "#sugar_cane",
                    "tintindex": 0
                },
                "up": {
                    "uv": [
                        8,
                        10,
                        9,
                        11
                    ],
                    "texture": "#sugar_cane",
                    "tintindex": 0
                },
                "down": {
                    "uv": [
                        8,
                        11,
                        9,
                        12
                    ],
                    "texture": "#sugar_cane",
                    "tintindex": 0
                }
            },
            "shade": false
        },
        {
            "from": [
                7,
                4,
                8
            ],
            "to": [
                8,
                6,
                9
            ],
            "faces": {
                "north": {
                    "uv": [
                        9,
                        10,
                        8,
                        12
                    ],
                    "texture": "#sugar_cane",
                    "tintindex": 0
                },
                "south": {
                    "uv": [
                        8,
                        10,
                        9,
                        12
                    ],
                    "texture": "#sugar_cane",
                    "tintindex": 0
                },
                "west": {
                    "uv": [
                        8,
                        10,
                        9,
                        12
                    ],
                    "texture": "#sugar_cane",
                    "tintindex": 0
                },
                "up": {
                    "uv": [
                        8,
                        10,
                        9,
                        11
                    ],
                    "texture": "#sugar_cane",
                    "tintindex": 0
                },
                "down": {
                    "uv": [
                        8,
                        11,
                        9,
                        12
                    ],
                    "texture": "#sugar_cane",
                    "tintindex": 0
                }
            },
            "shade": false
        },
        {
            "from": [
                9,
                0,
                9
            ],
            "to": [
                10,
                16,
                10
            ],
            "faces": {
                "north": {
                    "uv": [
                        10,
                        0,
                        9,
                        16
                    ],
                    "texture": "#sugar_cane",
                    "tintindex": 0
                },
                "east": {
                    "uv": [
                        9,
                        0,
                        10,
                        16
                    ],
                    "texture": "#sugar_cane",
                    "tintindex": 0
                },
                "south": {
                    "uv": [
                        9,
                        0,
                        10,
                        16
                    ],
                    "texture": "#sugar_cane",
                    "tintindex": 0
                },
                "west": {
                    "uv": [
                        9,
                        0,
                        10,
                        16
                    ],
                    "texture": "#sugar_cane",
                    "tintindex": 0
                },
                "up": {
                    "uv": [
                        9,
                        0,
                        10,
                        1
                    ],
                    "texture": "#sugar_cane",
                    "tintindex": 0
                },
                "down": {
                    "uv": [
                        9,
                        15,
                        10,
                        16
                    ],
                    "texture": "#sugar_cane",
                    "tintindex": 0,
                    "cullface": "down"
                }
            },
            "shade": false
        },
        {
            "from": [
                6,
                0,
                9
            ],
            "to": [
                7,
                16,
                10
            ],
            "faces": {
                "north": {
                    "uv": [
                        10,
                        0,
                        9,
                        16
                    ],
                    "texture": "#sugar_cane",
                    "tintindex": 0
                },
                "east": {
                    "uv": [
                        9,
                        0,
                        10,
                        16
                    ],
                    "texture": "#sugar_cane",
                    "tintindex": 0
                },
                "south": {
                    "uv": [
                        9,
                        0,
                        10,
                        16
                    ],
                    "texture": "#sugar_cane",
                    "tintindex": 0
                },
                "west": {
                    "uv": [
                        9,
                        0,
                        10,
                        16
                    ],
                    "texture": "#sugar_cane",
                    "tintindex": 0
                },
                "up": {
                    "uv": [
                        9,
                        0,
                        10,
                        1
                    ],
                    "texture": "#sugar_cane",
                    "tintindex": 0
                },
                "down": {
                    "uv": [
                        9,
                        15,
                        10,
                        16
                    ],
                    "texture": "#sugar_cane",
                    "tintindex": 0,
                    "cullface": "down"
                }
            },
            "shade": false
        },
        {
            "from": [
                10,
                0,
                10
            ],
            "to": [
                11,
                16,
                11
            ],
            "faces": {
                "north": {
                    "uv": [
                        11,
                        0,
                        10,
                        16
                    ],
                    "texture": "#sugar_cane",
                    "tintindex": 0
                },
                "east": {
                    "uv": [
                        10,
                        0,
                        11,
                        16
                    ],
                    "texture": "#sugar_cane",
                    "tintindex": 0
                },
                "south": {
                    "uv": [
                        10,
                        0,
                        11,
                        16
                    ],
                    "texture": "#sugar_cane",
                    "tintindex": 0
                },
                "west": {
                    "uv": [
                        10,
                        0,
                        11,
                        16
                    ],
                    "texture": "#sugar_cane",
                    "tintindex": 0
                },
                "up": {
                    "uv": [
                        10,
                        0,
                        11,
                        1
                    ],
                    "texture": "#sugar_cane",
                    "tintindex": 0
                },
                "down": {
                    "uv": [
                        10,
                        15,
                        11,
                        16
                    ],
                    "texture": "#sugar_cane",
                    "tintindex": 0,
                    "cullface": "down"
                }
            },
            "shade": false
        },
        {
            "from": [
                5,
                0,
                10
            ],
            "to": [
                6,
                16,
                11
            ],
            "faces": {
                "north": {
                    "uv": [
                        11,
                        0,
                        10,
                        16
                    ],
                    "texture": "#sugar_cane",
                    "tintindex": 0
                },
                "east": {
                    "uv": [
                        10,
                        0,
                        11,
                        16
                    ],
                    "texture": "#sugar_cane",
                    "tintindex": 0
                },
                "south": {
                    "uv": [
                        10,
                        0,
                        11,
                        16
                    ],
                    "texture": "#sugar_cane",
                    "tintindex": 0
                },
                "west": {
                    "uv": [
                        10,
                        0,
                        11,
                        16
                    ],
                    "texture": "#sugar_cane",
                    "tintindex": 0
                },
                "up": {
                    "uv": [
                        10,
                        0,
                        11,
                        1
                    ],
                    "texture": "#sugar_cane",
                    "tintindex": 0
                },
                "down": {
                    "uv": [
                        10,
                        15,
                        11,
                        16
                    ],
                    "texture": "#sugar_cane",
                    "tintindex": 0,
                    "cullface": "down"
                }
            },
            "shade": false
        },
        {
            "from": [
                11,
                13,
                11
            ],
            "to": [
                12,
                14,
                12
            ],
            "faces": {
                "north": {
                    "uv": [
                        12,
                        2,
                        11,
                        3
                    ],
                    "texture": "#sugar_cane",
                    "tintindex": 0
                },
                "east": {
                    "uv": [
                        11,
                        2,
                        12,
                        3
                    ],
                    "texture": "#sugar_cane",
                    "tintindex": 0
                },
                "south": {
                    "uv": [
                        11,
                        2,
                        12,
                        3
                    ],
                    "texture": "#sugar_cane",
                    "tintindex": 0
                },
                "west": {
                    "uv": [
                        11,
                        2,
                        12,
                        3
                    ],
                    "texture": "#sugar_cane",
                    "tintindex": 0
                },
                "up": {
                    "uv": [
                        11,
                        2,
                        12,
                        3
                    ],
                    "texture": "#sugar_cane",
                    "tintindex": 0
                },
                "down": {
                    "uv": [
                        11,
                        2,
                        12,
                        3
                    ],
                    "texture": "#sugar_cane",
                    "tintindex": 0
                }
            },
            "shade": false
        },
        {
            "from": [
                4,
                13,
                11
            ],
            "to": [
                5,
                14,
                12
            ],
            "faces": {
                "north": {
                    "uv": [
                        12,
                        2,
                        11,
                        3
                    ],
                    "texture": "#sugar_cane",
                    "tintindex": 0
                },
                "east": {
                    "uv": [
                        11,
                        2,
                        12,
                        3
                    ],
                    "texture": "#sugar_cane",
                    "tintindex": 0
                },
                "south": {
                    "uv": [
                        11,
                        2,
                        12,
                        3
                    ],
                    "texture": "#sugar_cane",
                    "tintindex": 0
                },
                "west": {
                    "uv": [
                        11,
                        2,
                        12,
                        3
                    ],
                    "texture": "#sugar_cane",
                    "tintindex": 0
                },
                "up": {
                    "uv": [
                        11,
                        2,
                        12,
                        3
                    ],
                    "texture": "#sugar_cane",
                    "tintindex": 0
                },
                "down": {
                    "uv": [
                        11,
                        2,
                        12,
                        3
                    ],
                    "texture": "#sugar_cane",
                    "tintindex": 0
                }
            },
            "shade": false
        },
        {
            "from": [
                12,
                2,
                12
            ],
            "to": [
                13,
                3,
                13
            ],
            "faces": {
                "north": {
                    "uv": [
                        13,
                        13,
                        12,
                        14
                    ],
                    "texture": "#sugar_cane",
                    "tintindex": 0
                },
                "east": {
                    "uv": [
                        12,
                        13,
                        13,
                        14
                    ],
                    "texture": "#sugar_cane",
                    "tintindex": 0
                },
                "south": {
                    "uv": [
                        12,
                        13,
                        13,
                        14
                    ],
                    "texture": "#sugar_cane",
                    "tintindex": 0
                },
                "west": {
                    "uv": [
                        12,
                        13,
                        13,
                        14
                    ],
                    "texture": "#sugar_cane",
                    "tintindex": 0
                },
                "up": {
                    "uv": [
                        12,
                        13,
                        13,
                        14
                    ],
                    "texture": "#sugar_cane",
                    "tintindex": 0
                },
                "down": {
                    "uv": [
                        12,
                        13,
                        13,
                        14
                    ],
                    "texture": "#sugar_cane",
                    "tintindex": 0
                }
            },
            "shade": false
        },
        {
            "from": [
                3,
                2,
                12
            ],
            "to": [
                4,
                3,
                13
            ],
            "faces": {
                "north": {
                    "uv": [
                        13,
                        13,
                        12,
                        14
                    ],
                    "texture": "#sugar_cane",
                    "tintindex": 0
                },
                "east": {
                    "uv": [
                        12,
                        13,
                        13,
                        14
                    ],
                    "texture": "#sugar_cane",
                    "tintindex": 0
                },
                "south": {
                    "uv": [
                        12,
                        13,
                        13,
                        14
                    ],
                    "texture": "#sugar_cane",
                    "tintindex": 0
                },
                "west": {
                    "uv": [
                        12,
                        13,
                        13,
                        14
                    ],
                    "texture": "#sugar_cane",
                    "tintindex": 0
                },
                "up": {
                    "uv": [
                        12,
                        13,
                        13,
                        14
                    ],
                    "texture": "#sugar_cane",
                    "tintindex": 0
                },
                "down": {
                    "uv": [
                        12,
                        13,
                        13,
                        14
                    ],
                    "texture": "#sugar_cane",
                    "tintindex": 0
                }
            },
            "shade": false
        },
        {
            "from": [
                13,
                0,
                13
            ],
            "to": [
                14,
                16,
                14
            ],
            "faces": {
                "north": {
                    "uv": [
                        14,
                        0,
                        13,
                        16
                    ],
                    "texture": "#sugar_cane",
                    "tintindex": 0
                },
                "east": {
                    "uv": [
                        13,
                        0,
                        14,
                        16
                    ],
                    "texture": "#sugar_cane",
                    "tintindex": 0
                },
                "south": {
                    "uv": [
                        13,
                        0,
                        14,
                        16
                    ],
                    "texture": "#sugar_cane",
                    "tintindex": 0
                },
                "west": {
                    "uv": [
                        13,
                        0,
                        14,
                        16
                    ],
                    "texture": "#sugar_cane",
                    "tintindex": 0
                },
                "up": {
                    "uv": [
                        13,
                        0,
                        14,
                        1
                    ],
                    "texture": "#sugar_cane",
                    "tintindex": 0
                },
                "down": {
                    "uv": [
                        13,
                        15,
                        14,
                        16
                    ],
                    "texture": "#sugar_cane",
                    "tintindex": 0,
                    "cullface": "down"
                }
            },
            "shade": false
        },
        {
            "from": [
                2,
                0,
                13
            ],
            "to": [
                3,
                16,
                14
            ],
            "faces": {
                "north": {
                    "uv": [
                        14,
                        0,
                        13,
                        16
                    ],
                    "texture": "#sugar_cane",
                    "tintindex": 0
                },
                "east": {
                    "uv": [
                        13,
                        0,
                        14,
                        16
                    ],
                    "texture": "#sugar_cane",
                    "tintindex": 0
                },
                "south": {
                    "uv": [
                        13,
                        0,
                        14,
                        16
                    ],
                    "texture": "#sugar_cane",
                    "tintindex": 0
                },
                "west": {
                    "uv": [
                        13,
                        0,
                        14,
                        16
                    ],
                    "texture": "#sugar_cane",
                    "tintindex": 0
                },
                "up": {
                    "uv": [
                        13,
                        0,
                        14,
                        1
                    ],
                    "texture": "#sugar_cane",
                    "tintindex": 0
                },
                "down": {
                    "uv": [
                        13,
                        15,
                        14,
                        16
                    ],
                    "texture": "#sugar_cane",
                    "tintindex": 0,
                    "cullface": "down"
                }
            },
            "shade": false
        },
        {
            "from": [
                14,
                0,
                14
            ],
            "to": [
                15,
                16,
                15
            ],
            "faces": {
                "north": {
                    "uv": [
                        15,
                        0,
                        14,
                        16
                    ],
                    "texture": "#sugar_cane",
                    "tintindex": 0
                },
                "east": {
                    "uv": [
                        14,
                        0,
                        15,
                        16
                    ],
                    "texture": "#sugar_cane",
                    "tintindex": 0
                },
                "south": {
                    "uv": [
                        14,
                        0,
                        15,
                        16
                    ],
                    "texture": "#sugar_cane",
                    "tintindex": 0
                },
                "west": {
                    "uv": [
                        14,
                        0,
                        15,
                        16
                    ],
                    "texture": "#sugar_cane",
                    "tintindex": 0
                },
                "up": {
                    "uv": [
                        14,
                        0,
                        15,
                        1
                    ],
                    "texture": "#sugar_cane",
                    "tintindex": 0
                },
                "down": {
                    "uv": [
                        14,
                        15,
                        15,
                        16
                    ],
                    "texture": "#sugar_cane",
                    "tintindex": 0,
                    "cullface": "down"
                }
            },
            "shade": false
        },
        {
            "from": [
                1,
                0,
                14
            ],
            "to": [
                2,
                16,
                15
            ],
            "faces": {
                "north": {
                    "uv": [
                        15,
                        0,
                        14,
                        16
                    ],
                    "texture": "#sugar_cane",
                    "tintindex": 0
                },
                "east": {
                    "uv": [
                        14,
                        0,
                        15,
                        16
                    ],
                    "texture": "#sugar_cane",
                    "tintindex": 0
                },
                "south": {
                    "uv": [
                        14,
                        0,
                        15,
                        16
                    ],
                    "texture": "#sugar_cane",
                    "tintindex": 0
                },
                "west": {
                    "uv": [
                        14,
                        0,
                        15,
                        16
                    ],
                    "texture": "#sugar_cane",
                    "tintindex": 0
                },
                "up": {
                    "uv": [
                        14,
                        0,
                        15,
                        1
                    ],
                    "texture": "#sugar_cane",
                    "tintindex": 0
                },
                "down": {
                    "uv": [
                        14,
                        15,
                        15,
                        16
                    ],
                    "texture": "#sugar_cane",
                    "tintindex": 0,
                    "cullface": "down"
                }
            },
            "shade": false
        },
        {
            "from": [
                15,
                8,
                15
            ],
            "to": [
                16,
                10,
                16
            ],
            "faces": {
                "north": {
                    "uv": [
                        16,
                        6,
                        15,
                        8
                    ],
                    "texture": "#sugar_cane",
                    "tintindex": 0
                },
                "east": {
                    "uv": [
                        15,
                        6,
                        16,
                        8
                    ],
                    "texture": "#sugar_cane",
                    "tintindex": 0
                },
                "south": {
                    "uv": [
                        15,
                        6,
                        16,
                        8
                    ],
                    "texture": "#sugar_cane",
                    "tintindex": 0
                },
                "west": {
                    "uv": [
                        15,
                        6,
                        16,
                        8
                    ],
                    "texture": "#sugar_cane",
                    "tintindex": 0
                },
                "up": {
                    "uv": [
                        15,
                        6,
                        16,
                        7
                    ],
                    "texture": "#sugar_cane",
                    "tintindex": 0
                },
                "down": {
                    "uv": [
                        15,
                        7,
                        16,
                        8
                    ],
                    "texture": "#sugar_cane",
                    "tintindex": 0
                }
            },
            "shade": false
        },
        {
            "from": [
                0,
                8,
                15
            ],
            "to": [
                1,
                10,
                16
            ],
            "faces": {
                "north": {
                    "uv": [
                        16,
                        6,
                        15,
                        8
                    ],
                    "texture": "#sugar_cane",
                    "tintindex": 0
                },
                "east": {
                    "uv": [
                        15,
                        6,
                        16,
                        8
                    ],
                    "texture": "#sugar_cane",
                    "tintindex": 0
                },
                "south": {
                    "uv": [
                        15,
                        6,
                        16,
                        8
                    ],
                    "texture": "#sugar_cane",
                    "tintindex": 0
                },
                "west": {
                    "uv": [
                        15,
                        6,
                        16,
                        8
                    ],
                    "texture": "#sugar_cane",
                    "tintindex": 0
                },
                "up": {
                    "uv": [
                        15,
                        6,
                        16,
                        7
                    ],
                    "texture": "#sugar_cane",
                    "tintindex": 0
                },
                "down": {
                    "uv": [
                        15,
                        7,
                        16,
                        8
                    ],
                    "texture": "#sugar_cane",
                    "tintindex": 0
                }
            },
            "shade": false
        }
    ]
}