{
    "ambientocclusion": false,
    "textures": {
        "front": "block/sunflower_front",
        "back": "block/sunflower_back",
        "particle": "block/sunflower_front",
        "cross": "block/sunflower_top"
    },
    "elements": [
        {
            "from": [
                4,
                3,
                4
            ],
            "to": [
                5,
                5,
                5
            ],
            "shade": false,
            "faces": {
                "north": {
                    "uv": [
                        4,
                        11,
                        5,
                        13
                    ],
                    "texture": "#cross"
                },
                "east": {
                    "uv": [
                        4,
                        11,
                        5,
                        13
                    ],
                    "texture": "#cross"
                },
                "south": {
                    "uv": [
                        4,
                        11,
                        5,
                        13
                    ],
                    "texture": "#cross"
                },
                "west": {
                    "uv": [
                        4,
                        11,
                        5,
                        13
                    ],
                    "texture": "#cross"
                },
                "up": {
                    "uv": [
                        4,
                        11,
                        5,
                        12
                    ],
                    "texture": "#cross"
                },
                "down": {
                    "uv": [
                        4,
                        12,
                        5,
                        13
                    ],
                    "texture": "#cross"
                }
            }
        },
        {
            "from": [
                4,
                3,
                11
            ],
            "to": [
                5,
                5,
                12
            ],
            "shade": false,
            "faces": {
                "north": {
                    "uv": [
                        4,
                        11,
                        5,
                        13
                    ],
                    "texture": "#cross"
                },
                "east": {
                    "uv": [
                        4,
                        11,
                        5,
                        13
                    ],
                    "texture": "#cross"
                },
                "south": {
                    "uv": [
                        4,
                        11,
                        5,
                        13
                    ],
                    "texture": "#cross"
                },
                "west": {
                    "uv": [
                        4,
                        11,
                        5,
                        13
                    ],
                    "texture": "#cross"
                },
                "up": {
                    "uv": [
                        4,
                        11,
                        5,
                        12
                    ],
                    "texture": "#cross"
                },
                "down": {
                    "uv": [
                        4,
                        12,
                        5,
                        13
                    ],
                    "texture": "#cross"
                }
            }
        },
        {
            "from": [
                5,
                2,
                5
            ],
            "to": [
                6,
                5,
                6
            ],
            "shade": false,
            "faces": {
                "north": {
                    "uv": [
                        5,
                        11,
                        6,
                        14
                    ],
                    "texture": "#cross"
                },
                "east": {
                    "uv": [
                        5,
                        11,
                        6,
                        14
                    ],
                    "texture": "#cross"
                },
                "south": {
                    "uv": [
                        5,
                        11,
                        6,
                        14
                    ],
                    "texture": "#cross"
                },
                "west": {
                    "uv": [
                        5,
                        11,
                        6,
                        14
                    ],
                    "texture": "#cross"
                },
                "up": {
                    "uv": [
                        5,
                        11,
                        6,
                        12
                    ],
                    "texture": "#cross"
                },
                "down": {
                    "uv": [
                        5,
                        13,
                        6,
                        14
                    ],
                    "texture": "#cross"
                }
            }
        },
        {
            "from": [
                5,
                2,
                10
            ],
            "to": [
                6,
                5,
                11
            ],
            "shade": false,
            "faces": {
                "north": {
                    "uv": [
                        5,
                        11,
                        6,
                        14
                    ],
                    "texture": "#cross"
                },
                "east": {
                    "uv": [
                        5,
                        11,
                        6,
                        14
                    ],
                    "texture": "#cross"
                },
                "south": {
                    "uv": [
                        5,
                        11,
                        6,
                        14
                    ],
                    "texture": "#cross"
                },
                "west": {
                    "uv": [
                        5,
                        11,
                        6,
                        14
                    ],
                    "texture": "#cross"
                },
                "up": {
                    "uv": [
                        5,
                        11,
                        6,
                        12
                    ],
                    "texture": "#cross"
                },
                "down": {
                    "uv": [
                        5,
                        13,
                        6,
                        14
                    ],
                    "texture": "#cross"
                }
            }
        },
        {
            "from": [
                6,
                1,
                6
            ],
            "to": [
                7,
                4,
                7
            ],
            "shade": false,
            "faces": {
                "north": {
                    "uv": [
                        6,
                        12,
                        7,
                        15
                    ],
                    "texture": "#cross"
                },
                "east": {
                    "uv": [
                        6,
                        12,
                        7,
                        15
                    ],
                    "texture": "#cross"
                },
                "south": {
                    "uv": [
                        6,
                        12,
                        7,
                        15
                    ],
                    "texture": "#cross"
                },
                "west": {
                    "uv": [
                        6,
                        12,
                        7,
                        15
                    ],
                    "texture": "#cross"
                },
                "up": {
                    "uv": [
                        6,
                        12,
                        7,
                        13
                    ],
                    "texture": "#cross"
                },
                "down": {
                    "uv": [
                        6,
                        14,
                        7,
                        15
                    ],
                    "texture": "#cross"
                }
            }
        },
        {
            "from": [
                6,
                1,
                9
            ],
            "to": [
                7,
                4,
                10
            ],
            "shade": false,
            "faces": {
                "north": {
                    "uv": [
                        6,
                        12,
                        7,
                        15
                    ],
                    "texture": "#cross"
                },
                "east": {
                    "uv": [
                        6,
                        12,
                        7,
                        15
                    ],
                    "texture": "#cross"
                },
                "south": {
                    "uv": [
                        6,
                        12,
                        7,
                        15
                    ],
                    "texture": "#cross"
                },
                "west": {
                    "uv": [
                        6,
                        12,
                        7,
                        15
                    ],
                    "texture": "#cross"
                },
                "up": {
                    "uv": [
                        6,
                        12,
                        7,
                        13
                    ],
                    "texture": "#cross"
                },
                "down": {
                    "uv": [
                        6,
                        14,
                        7,
                        15
                    ],
                    "texture": "#cross"
                }
            }
        },
        {
            "from": [
                7,
                0,
                7
            ],
            "to": [
                8,
                10,
                8
            ],
            "shade": false,
            "faces": {
                "north": {
                    "uv": [
                        7,
                        6,
                        8,
                        16
                    ],
                    "texture": "#cross"
                },
                "west": {
                    "uv": [
                        7,
                        6,
                        8,
                        16
                    ],
                    "texture": "#cross"
                },
                "up": {
                    "uv": [
                        7,
                        6,
                        8,
                        7
                    ],
                    "texture": "#cross"
                },
                "down": {
                    "uv": [
                        7,
                        15,
                        8,
                        16
                    ],
                    "texture": "#cross",
                    "cullface": "down"
                }
            }
        },
        {
            "from": [
                7,
                0,
                8
            ],
            "to": [
                8,
                10,
                9
            ],
            "shade": false,
            "faces": {
                "south": {
                    "uv": [
                        7,
                        6,
                        8,
                        16
                    ],
                    "texture": "#cross"
                },
                "west": {
                    "uv": [
                        7,
                        6,
                        8,
                        16
                    ],
                    "texture": "#cross"
                },
                "up": {
                    "uv": [
                        7,
                        6,
                        8,
                        7
                    ],
                    "texture": "#cross"
                },
                "down": {
                    "uv": [
                        7,
                        15,
                        8,
                        16
                    ],
                    "texture": "#cross",
                    "cullface": "down"
                }
            }
        },
        {
            "from": [
                8,
                0,
                8
            ],
            "to": [
                9,
                10,
                9
            ],
            "shade": false,
            "faces": {
                "east": {
                    "uv": [
                        8,
                        6,
                        9,
                        16
                    ],
                    "texture": "#cross"
                },
                "south": {
                    "uv": [
                        8,
                        6,
                        9,
                        16
                    ],
                    "texture": "#cross"
                },
                "up": {
                    "uv": [
                        8,
                        6,
                        9,
                        7
                    ],
                    "texture": "#cross"
                },
                "down": {
                    "uv": [
                        8,
                        15,
                        9,
                        16
                    ],
                    "texture": "#cross",
                    "cullface": "down"
                }
            }
        },
        {
            "from": [
                8,
                0,
                7
            ],
            "to": [
                9,
                10,
                8
            ],
            "shade": false,
            "faces": {
                "north": {
                    "uv": [
                        8,
                        6,
                        9,
                        16
                    ],
                    "texture": "#cross"
                },
                "east": {
                    "uv": [
                        8,
                        6,
                        9,
                        16
                    ],
                    "texture": "#cross"
                },
                "up": {
                    "uv": [
                        8,
                        6,
                        9,
                        7
                    ],
                    "texture": "#cross"
                },
                "down": {
                    "uv": [
                        8,
                        15,
                        9,
                        16
                    ],
                    "texture": "#cross",
                    "cullface": "down"
                }
            }
        },
        {
            "from": [
                9,
                4,
                9
            ],
            "to": [
                10,
                6,
                10
            ],
            "shade": false,
            "faces": {
                "north": {
                    "uv": [
                        9,
                        10,
                        10,
                        12
                    ],
                    "texture": "#cross"
                },
                "east": {
                    "uv": [
                        9,
                        10,
                        10,
                        12
                    ],
                    "texture": "#cross"
                },
                "south": {
                    "uv": [
                        9,
                        10,
                        10,
                        12
                    ],
                    "texture": "#cross"
                },
                "west": {
                    "uv": [
                        9,
                        10,
                        10,
                        12
                    ],
                    "texture": "#cross"
                },
                "up": {
                    "uv": [
                        9,
                        10,
                        10,
                        11
                    ],
                    "texture": "#cross"
                },
                "down": {
                    "uv": [
                        9,
                        11,
                        10,
                        12
                    ],
                    "texture": "#cross"
                }
            }
        },
        {
            "from": [
                9,
                4,
                6
            ],
            "to": [
                10,
                6,
                7
            ],
            "shade": false,
            "faces": {
                "north": {
                    "uv": [
                        9,
                        10,
                        10,
                        12
                    ],
                    "texture": "#cross"
                },
                "east": {
                    "uv": [
                        9,
                        10,
                        10,
                        12
                    ],
                    "texture": "#cross"
                },
                "south": {
                    "uv": [
                        9,
                        10,
                        10,
                        12
                    ],
                    "texture": "#cross"
                },
                "west": {
                    "uv": [
                        9,
                        10,
                        10,
                        12
                    ],
                    "texture": "#cross"
                },
                "up": {
                    "uv": [
                        9,
                        10,
                        10,
                        11
                    ],
                    "texture": "#cross"
                },
                "down": {
                    "uv": [
                        9,
                        11,
                        10,
                        12
                    ],
                    "texture": "#cross"
                }
            }
        },
        {
            "from": [
                9.1,
                5,
                4
            ],
            "to": [
                10.1,
                9,
                5
            ],
            "shade": false,
            "rotation": {
                "angle": 22.5,
                "axis": "z",
                "origin": [
                    8,
                    8,
                    8
                ]
            },
            "faces": {
                "north": {
                    "uv": [
                        11,
                        6,
                        12,
                        10
                    ],
                    "texture": "#front"
                },
                "east": {
                    "uv": [
                        11,
                        6,
                        12,
                        10
                    ],
                    "texture": "#front"
                },
                "west": {
                    "uv": [
                        11,
                        6,
                        12,
                        10
                    ],
                    "texture": "#back"
                },
                "up": {
                    "uv": [
                        11,
                        6,
                        12,
                        7
                    ],
                    "rotation": 90,
                    "texture": "#front"
                },
                "down": {
                    "uv": [
                        11,
                        9,
                        12,
                        10
                    ],
                    "rotation": 270,
                    "texture": "#front"
                }
            }
        },
        {
            "from": [
                9.1,
                4,
                5
            ],
            "to": [
                10.1,
                10,
                6
            ],
            "shade": false,
            "rotation": {
                "angle": 22.5,
                "axis": "z",
                "origin": [
                    8,
                    8,
                    8
                ]
            },
            "faces": {
                "north": {
                    "uv": [
                        10,
                        5,
                        11,
                        11
                    ],
                    "texture": "#front"
                },
                "east": {
                    "uv": [
                        10,
                        5,
                        11,
                        11
                    ],
                    "texture": "#front"
                },
                "west": {
                    "uv": [
                        10,
                        5,
                        11,
                        11
                    ],
                    "texture": "#back"
                },
                "up": {
                    "uv": [
                        10,
                        5,
                        11,
                        6
                    ],
                    "rotation": 90,
                    "texture": "#front"
                },
                "down": {
                    "uv": [
                        10,
                        10,
                        11,
                        11
                    ],
                    "rotation": 270,
                    "texture": "#front"
                }
            }
        },
        {
            "from": [
                9.1,
                3,
                6
            ],
            "to": [
                10.1,
                11,
                10
            ],
            "shade": false,
            "rotation": {
                "angle": 22.5,
                "axis": "z",
                "origin": [
                    8,
                    8,
                    8
                ]
            },
            "faces": {
                "north": {
                    "uv": [
                        9,
                        4,
                        10,
                        12
                    ],
                    "texture": "#front"
                },
                "east": {
                    "uv": [
                        6,
                        4,
                        10,
                        12
                    ],
                    "texture": "#front"
                },
                "south": {
                    "uv": [
                        6,
                        4,
                        7,
                        12
                    ],
                    "texture": "#front"
                },
                "west": {
                    "uv": [
                        6,
                        4,
                        10,
                        12
                    ],
                    "texture": "#back"
                },
                "up": {
                    "uv": [
                        6,
                        4,
                        10,
                        5
                    ],
                    "rotation": 90,
                    "texture": "#front"
                },
                "down": {
                    "uv": [
                        6,
                        11,
                        10,
                        12
                    ],
                    "rotation": 270,
                    "texture": "#front"
                }
            }
        },
        {
            "from": [
                9.1,
                4,
                10
            ],
            "to": [
                10.1,
                10,
                11
            ],
            "shade": false,
            "rotation": {
                "angle": 22.5,
                "axis": "z",
                "origin": [
                    8,
                    8,
                    8
                ]
            },
            "faces": {
                "east": {
                    "uv": [
                        5,
                        5,
                        6,
                        11
                    ],
                    "texture": "#front"
                },
                "south": {
                    "uv": [
                        5,
                        5,
                        6,
                        11
                    ],
                    "texture": "#front"
                },
                "west": {
                    "uv": [
                        5,
                        5,
                        6,
                        11
                    ],
                    "texture": "#back"
                },
                "up": {
                    "uv": [
                        5,
                        5,
                        6,
                        6
                    ],
                    "rotation": 90,
                    "texture": "#front"
                },
                "down": {
                    "uv": [
                        5,
                        10,
                        6,
                        11
                    ],
                    "rotation": 270,
                    "texture": "#front"
                }
            }
        },
        {
            "from": [
                9.1,
                5,
                11
            ],
            "to": [
                10.1,
                9,
                12
            ],
            "shade": false,
            "rotation": {
                "angle": 22.5,
                "axis": "z",
                "origin": [
                    8,
                    8,
                    8
                ]
            },
            "faces": {
                "east": {
                    "uv": [
                        4,
                        6,
                        5,
                        10
                    ],
                    "texture": "#front"
                },
                "south": {
                    "uv": [
                        4,
                        6,
                        5,
                        10
                    ],
                    "texture": "#front"
                },
                "west": {
                    "uv": [
                        4,
                        6,
                        5,
                        10
                    ],
                    "texture": "#back"
                },
                "up": {
                    "uv": [
                        4,
                        6,
                        5,
                        7
                    ],
                    "rotation": 90,
                    "texture": "#front"
                },
                "down": {
                    "uv": [
                        4,
                        9,
                        5,
                        10
                    ],
                    "rotation": 270,
                    "texture": "#front"
                }
            }
        }
    ]
}