{
    "ambientocclusion": false,
    "textures": {
        "sunflower_bottom": "minecraft:block/sunflower_bottom",
        "particle": "minecraft:block/sunflower_bottom"
    },
    "elements": [
        {
            "from": [
                4,
                4,
                4
            ],
            "to": [
                5,
                7,
                5
            ],
            "faces": {
                "north": {
                    "uv": [
                        4,
                        9,
                        5,
                        12
                    ],
                    "texture": "#sunflower_bottom"
                },
                "east": {
                    "uv": [
                        4,
                        9,
                        5,
                        12
                    ],
                    "texture": "#sunflower_bottom"
                },
                "south": {
                    "uv": [
                        4,
                        9,
                        5,
                        12
                    ],
                    "texture": "#sunflower_bottom"
                },
                "west": {
                    "uv": [
                        4,
                        9,
                        5,
                        12
                    ],
                    "texture": "#sunflower_bottom"
                },
                "up": {
                    "uv": [
                        4,
                        9,
                        5,
                        10
                    ],
                    "texture": "#sunflower_bottom"
                },
                "down": {
                    "uv": [
                        4,
                        11,
                        5,
                        12
                    ],
                    "texture": "#sunflower_bottom"
                }
            },
            "shade": false
        },
        {
            "from": [
                4,
                4,
                11
            ],
            "to": [
                5,
                7,
                12
            ],
            "faces": {
                "north": {
                    "uv": [
                        4,
                        9,
                        5,
                        12
                    ],
                    "texture": "#sunflower_bottom"
                },
                "east": {
                    "uv": [
                        4,
                        9,
                        5,
                        12
                    ],
                    "texture": "#sunflower_bottom"
                },
                "south": {
                    "uv": [
                        4,
                        9,
                        5,
                        12
                    ],
                    "texture": "#sunflower_bottom"
                },
                "west": {
                    "uv": [
                        4,
                        9,
                        5,
                        12
                    ],
                    "texture": "#sunflower_bottom"
                },
                "up": {
                    "uv": [
                        4,
                        9,
                        5,
                        10
                    ],
                    "texture": "#sunflower_bottom"
                },
                "down": {
                    "uv": [
                        4,
                        11,
                        5,
                        12
                    ],
                    "texture": "#sunflower_bottom"
                }
            },
            "shade": false
        },
        {
            "from": [
                5,
                3,
                5
            ],
            "to": [
                6,
                7,
                6
            ],
            "faces": {
                "north": {
                    "uv": [
                        5,
                        9,
                        6,
                        13
                    ],
                    "texture": "#sunflower_bottom"
                },
                "east": {
                    "uv": [
                        5,
                        9,
                        6,
                        13
                    ],
                    "texture": "#sunflower_bottom"
                },
                "south": {
                    "uv": [
                        5,
                        9,
                        6,
                        13
                    ],
                    "texture": "#sunflower_bottom"
                },
                "west": {
                    "uv": [
                        5,
                        9,
                        6,
                        13
                    ],
                    "texture": "#sunflower_bottom"
                },
                "up": {
                    "uv": [
                        5,
                        9,
                        6,
                        10
                    ],
                    "texture": "#sunflower_bottom"
                },
                "down": {
                    "uv": [
                        5,
                        12,
                        6,
                        13
                    ],
                    "texture": "#sunflower_bottom"
                }
            },
            "shade": false
        },
        {
            "from": [
                5,
                3,
                10
            ],
            "to": [
                6,
                7,
                11
            ],
            "faces": {
                "north": {
                    "uv": [
                        5,
                        9,
                        6,
                        13
                    ],
                    "texture": "#sunflower_bottom"
                },
                "east": {
                    "uv": [
                        5,
                        9,
                        6,
                        13
                    ],
                    "texture": "#sunflower_bottom"
                },
                "south": {
                    "uv": [
                        5,
                        9,
                        6,
                        13
                    ],
                    "texture": "#sunflower_bottom"
                },
                "west": {
                    "uv": [
                        5,
                        9,
                        6,
                        13
                    ],
                    "texture": "#sunflower_bottom"
                },
                "up": {
                    "uv": [
                        5,
                        9,
                        6,
                        10
                    ],
                    "texture": "#sunflower_bottom"
                },
                "down": {
                    "uv": [
                        5,
                        12,
                        6,
                        13
                    ],
                    "texture": "#sunflower_bottom"
                }
            },
            "shade": false
        },
        {
            "from": [
                6,
                14,
                6
            ],
            "to": [
                7,
                15,
                7
            ],
            "faces": {
                "north": {
                    "uv": [
                        6,
                        1,
                        7,
                        2
                    ],
                    "texture": "#sunflower_bottom"
                },
                "east": {
                    "uv": [
                        6,
                        1,
                        7,
                        2
                    ],
                    "texture": "#sunflower_bottom"
                },
                "south": {
                    "uv": [
                        6,
                        1,
                        7,
                        2
                    ],
                    "texture": "#sunflower_bottom"
                },
                "west": {
                    "uv": [
                        6,
                        1,
                        7,
                        2
                    ],
                    "texture": "#sunflower_bottom"
                },
                "up": {
                    "uv": [
                        6,
                        1,
                        7,
                        2
                    ],
                    "texture": "#sunflower_bottom"
                },
                "down": {
                    "uv": [
                        6,
                        1,
                        7,
                        2
                    ],
                    "texture": "#sunflower_bottom"
                }
            },
            "shade": false
        },
        {
            "from": [
                6,
                14,
                9
            ],
            "to": [
                7,
                15,
                10
            ],
            "faces": {
                "north": {
                    "uv": [
                        6,
                        1,
                        7,
                        2
                    ],
                    "texture": "#sunflower_bottom"
                },
                "east": {
                    "uv": [
                        6,
                        1,
                        7,
                        2
                    ],
                    "texture": "#sunflower_bottom"
                },
                "south": {
                    "uv": [
                        6,
                        1,
                        7,
                        2
                    ],
                    "texture": "#sunflower_bottom"
                },
                "west": {
                    "uv": [
                        6,
                        1,
                        7,
                        2
                    ],
                    "texture": "#sunflower_bottom"
                },
                "up": {
                    "uv": [
                        6,
                        1,
                        7,
                        2
                    ],
                    "texture": "#sunflower_bottom"
                },
                "down": {
                    "uv": [
                        6,
                        1,
                        7,
                        2
                    ],
                    "texture": "#sunflower_bottom"
                }
            },
            "shade": false
        },
        {
            "from": [
                6,
                8,
                6
            ],
            "to": [
                7,
                9,
                7
            ],
            "faces": {
                "north": {
                    "uv": [
                        6,
                        7,
                        7,
                        8
                    ],
                    "texture": "#sunflower_bottom"
                },
                "east": {
                    "uv": [
                        6,
                        7,
                        7,
                        8
                    ],
                    "texture": "#sunflower_bottom"
                },
                "south": {
                    "uv": [
                        6,
                        7,
                        7,
                        8
                    ],
                    "texture": "#sunflower_bottom"
                },
                "west": {
                    "uv": [
                        6,
                        7,
                        7,
                        8
                    ],
                    "texture": "#sunflower_bottom"
                },
                "up": {
                    "uv": [
                        6,
                        7,
                        7,
                        8
                    ],
                    "texture": "#sunflower_bottom"
                },
                "down": {
                    "uv": [
                        6,
                        7,
                        7,
                        8
                    ],
                    "texture": "#sunflower_bottom"
                }
            },
            "shade": false
        },
        {
            "from": [
                6,
                8,
                9
            ],
            "to": [
                7,
                9,
                10
            ],
            "faces": {
                "north": {
                    "uv": [
                        6,
                        7,
                        7,
                        8
                    ],
                    "texture": "#sunflower_bottom"
                },
                "east": {
                    "uv": [
                        6,
                        7,
                        7,
                        8
                    ],
                    "texture": "#sunflower_bottom"
                },
                "south": {
                    "uv": [
                        6,
                        7,
                        7,
                        8
                    ],
                    "texture": "#sunflower_bottom"
                },
                "west": {
                    "uv": [
                        6,
                        7,
                        7,
                        8
                    ],
                    "texture": "#sunflower_bottom"
                },
                "up": {
                    "uv": [
                        6,
                        7,
                        7,
                        8
                    ],
                    "texture": "#sunflower_bottom"
                },
                "down": {
                    "uv": [
                        6,
                        7,
                        7,
                        8
                    ],
                    "texture": "#sunflower_bottom"
                }
            },
            "shade": false
        },
        {
            "from": [
                6,
                3,
                6
            ],
            "to": [
                7,
                6,
                7
            ],
            "faces": {
                "north": {
                    "uv": [
                        6,
                        10,
                        7,
                        13
                    ],
                    "texture": "#sunflower_bottom"
                },
                "east": {
                    "uv": [
                        6,
                        10,
                        7,
                        13
                    ],
                    "texture": "#sunflower_bottom"
                },
                "south": {
                    "uv": [
                        6,
                        10,
                        7,
                        13
                    ],
                    "texture": "#sunflower_bottom"
                },
                "west": {
                    "uv": [
                        6,
                        10,
                        7,
                        13
                    ],
                    "texture": "#sunflower_bottom"
                },
                "up": {
                    "uv": [
                        6,
                        10,
                        7,
                        11
                    ],
                    "texture": "#sunflower_bottom"
                },
                "down": {
                    "uv": [
                        6,
                        12,
                        7,
                        13
                    ],
                    "texture": "#sunflower_bottom"
                }
            },
            "shade": false
        },
        {
            "from": [
                6,
                3,
                9
            ],
            "to": [
                7,
                6,
                10
            ],
            "faces": {
                "north": {
                    "uv": [
                        6,
                        10,
                        7,
                        13
                    ],
                    "texture": "#sunflower_bottom"
                },
                "east": {
                    "uv": [
                        6,
                        10,
                        7,
                        13
                    ],
                    "texture": "#sunflower_bottom"
                },
                "south": {
                    "uv": [
                        6,
                        10,
                        7,
                        13
                    ],
                    "texture": "#sunflower_bottom"
                },
                "west": {
                    "uv": [
                        6,
                        10,
                        7,
                        13
                    ],
                    "texture": "#sunflower_bottom"
                },
                "up": {
                    "uv": [
                        6,
                        10,
                        7,
                        11
                    ],
                    "texture": "#sunflower_bottom"
                },
                "down": {
                    "uv": [
                        6,
                        12,
                        7,
                        13
                    ],
                    "texture": "#sunflower_bottom"
                }
            },
            "shade": false
        },
        {
            "from": [
                7,
                0,
                7
            ],
            "to": [
                8,
                16,
                8
            ],
            "faces": {
                "north": {
                    "uv": [
                        7,
                        0,
                        8,
                        16
                    ],
                    "texture": "#sunflower_bottom"
                },
                "west": {
                    "uv": [
                        7,
                        0,
                        8,
                        16
                    ],
                    "texture": "#sunflower_bottom"
                },
                "up": {
                    "uv": [
                        7,
                        0,
                        8,
                        1
                    ],
                    "texture": "#sunflower_bottom",
                    "cullface": "up"
                },
                "down": {
                    "uv": [
                        7,
                        15,
                        8,
                        16
                    ],
                    "texture": "#sunflower_bottom",
                    "cullface": "down"
                }
            },
            "shade": false
        },
        {
            "from": [
                7,
                0,
                8
            ],
            "to": [
                8,
                16,
                9
            ],
            "faces": {
                "south": {
                    "uv": [
                        7,
                        0,
                        8,
                        16
                    ],
                    "texture": "#sunflower_bottom"
                },
                "west": {
                    "uv": [
                        7,
                        0,
                        8,
                        16
                    ],
                    "texture": "#sunflower_bottom"
                },
                "up": {
                    "uv": [
                        7,
                        0,
                        8,
                        1
                    ],
                    "texture": "#sunflower_bottom",
                    "cullface": "up"
                },
                "down": {
                    "uv": [
                        7,
                        15,
                        8,
                        16
                    ],
                    "texture": "#sunflower_bottom",
                    "cullface": "down"
                }
            },
            "shade": false
        },
        {
            "from": [
                8,
                0,
                8
            ],
            "to": [
                9,
                16,
                9
            ],
            "faces": {
                "east": {
                    "uv": [
                        8,
                        0,
                        9,
                        16
                    ],
                    "texture": "#sunflower_bottom"
                },
                "south": {
                    "uv": [
                        8,
                        0,
                        9,
                        16
                    ],
                    "texture": "#sunflower_bottom"
                },
                "up": {
                    "uv": [
                        8,
                        0,
                        9,
                        1
                    ],
                    "texture": "#sunflower_bottom",
                    "cullface": "up"
                },
                "down": {
                    "uv": [
                        8,
                        15,
                        9,
                        16
                    ],
                    "texture": "#sunflower_bottom",
                    "cullface": "down"
                }
            },
            "shade": false
        },
        {
            "from": [
                8,
                0,
                7
            ],
            "to": [
                9,
                16,
                8
            ],
            "faces": {
                "north": {
                    "uv": [
                        8,
                        0,
                        9,
                        16
                    ],
                    "texture": "#sunflower_bottom"
                },
                "east": {
                    "uv": [
                        8,
                        0,
                        9,
                        16
                    ],
                    "texture": "#sunflower_bottom"
                },
                "up": {
                    "uv": [
                        8,
                        0,
                        9,
                        1
                    ],
                    "texture": "#sunflower_bottom",
                    "cullface": "up"
                },
                "down": {
                    "uv": [
                        8,
                        15,
                        9,
                        16
                    ],
                    "texture": "#sunflower_bottom",
                    "cullface": "down"
                }
            },
            "shade": false
        },
        {
            "from": [
                9,
                15,
                9
            ],
            "to": [
                10,
                16,
                10
            ],
            "faces": {
                "north": {
                    "uv": [
                        9,
                        0,
                        10,
                        1
                    ],
                    "texture": "#sunflower_bottom"
                },
                "east": {
                    "uv": [
                        9,
                        0,
                        10,
                        1
                    ],
                    "texture": "#sunflower_bottom"
                },
                "south": {
                    "uv": [
                        9,
                        0,
                        10,
                        1
                    ],
                    "texture": "#sunflower_bottom"
                },
                "west": {
                    "uv": [
                        9,
                        0,
                        10,
                        1
                    ],
                    "texture": "#sunflower_bottom"
                },
                "up": {
                    "uv": [
                        9,
                        0,
                        10,
                        1
                    ],
                    "texture": "#sunflower_bottom",
                    "cullface": "up"
                },
                "down": {
                    "uv": [
                        9,
                        0,
                        10,
                        1
                    ],
                    "texture": "#sunflower_bottom"
                }
            },
            "shade": false
        },
        {
            "from": [
                9,
                15,
                6
            ],
            "to": [
                10,
                16,
                7
            ],
            "faces": {
                "north": {
                    "uv": [
                        9,
                        0,
                        10,
                        1
                    ],
                    "texture": "#sunflower_bottom"
                },
                "east": {
                    "uv": [
                        9,
                        0,
                        10,
                        1
                    ],
                    "texture": "#sunflower_bottom"
                },
                "south": {
                    "uv": [
                        9,
                        0,
                        10,
                        1
                    ],
                    "texture": "#sunflower_bottom"
                },
                "west": {
                    "uv": [
                        9,
                        0,
                        10,
                        1
                    ],
                    "texture": "#sunflower_bottom"
                },
                "up": {
                    "uv": [
                        9,
                        0,
                        10,
                        1
                    ],
                    "texture": "#sunflower_bottom",
                    "cullface": "up"
                },
                "down": {
                    "uv": [
                        9,
                        0,
                        10,
                        1
                    ],
                    "texture": "#sunflower_bottom"
                }
            },
            "shade": false
        },
        {
            "from": [
                9,
                9,
                9
            ],
            "to": [
                10,
                12,
                10
            ],
            "faces": {
                "north": {
                    "uv": [
                        9,
                        4,
                        10,
                        7
                    ],
                    "texture": "#sunflower_bottom"
                },
                "east": {
                    "uv": [
                        9,
                        4,
                        10,
                        7
                    ],
                    "texture": "#sunflower_bottom"
                },
                "south": {
                    "uv": [
                        9,
                        4,
                        10,
                        7
                    ],
                    "texture": "#sunflower_bottom"
                },
                "west": {
                    "uv": [
                        9,
                        4,
                        10,
                        7
                    ],
                    "texture": "#sunflower_bottom"
                },
                "up": {
                    "uv": [
                        9,
                        4,
                        10,
                        5
                    ],
                    "texture": "#sunflower_bottom"
                },
                "down": {
                    "uv": [
                        9,
                        6,
                        10,
                        7
                    ],
                    "texture": "#sunflower_bottom"
                }
            },
            "shade": false
        },
        {
            "from": [
                9,
                9,
                6
            ],
            "to": [
                10,
                12,
                7
            ],
            "faces": {
                "north": {
                    "uv": [
                        9,
                        4,
                        10,
                        7
                    ],
                    "texture": "#sunflower_bottom"
                },
                "east": {
                    "uv": [
                        9,
                        4,
                        10,
                        7
                    ],
                    "texture": "#sunflower_bottom"
                },
                "south": {
                    "uv": [
                        9,
                        4,
                        10,
                        7
                    ],
                    "texture": "#sunflower_bottom"
                },
                "west": {
                    "uv": [
                        9,
                        4,
                        10,
                        7
                    ],
                    "texture": "#sunflower_bottom"
                },
                "up": {
                    "uv": [
                        9,
                        4,
                        10,
                        5
                    ],
                    "texture": "#sunflower_bottom"
                },
                "down": {
                    "uv": [
                        9,
                        6,
                        10,
                        7
                    ],
                    "texture": "#sunflower_bottom"
                }
            },
            "shade": false
        },
        {
            "from": [
                9,
                7,
                9
            ],
            "to": [
                10,
                8,
                10
            ],
            "faces": {
                "north": {
                    "uv": [
                        9,
                        8,
                        10,
                        9
                    ],
                    "texture": "#sunflower_bottom"
                },
                "east": {
                    "uv": [
                        9,
                        8,
                        10,
                        9
                    ],
                    "texture": "#sunflower_bottom"
                },
                "south": {
                    "uv": [
                        9,
                        8,
                        10,
                        9
                    ],
                    "texture": "#sunflower_bottom"
                },
                "west": {
                    "uv": [
                        9,
                        8,
                        10,
                        9
                    ],
                    "texture": "#sunflower_bottom"
                },
                "up": {
                    "uv": [
                        9,
                        8,
                        10,
                        9
                    ],
                    "texture": "#sunflower_bottom"
                },
                "down": {
                    "uv": [
                        9,
                        8,
                        10,
                        9
                    ],
                    "texture": "#sunflower_bottom"
                }
            },
            "shade": false
        },
        {
            "from": [
                9,
                7,
                6
            ],
            "to": [
                10,
                8,
                7
            ],
            "faces": {
                "north": {
                    "uv": [
                        9,
                        8,
                        10,
                        9
                    ],
                    "texture": "#sunflower_bottom"
                },
                "east": {
                    "uv": [
                        9,
                        8,
                        10,
                        9
                    ],
                    "texture": "#sunflower_bottom"
                },
                "south": {
                    "uv": [
                        9,
                        8,
                        10,
                        9
                    ],
                    "texture": "#sunflower_bottom"
                },
                "west": {
                    "uv": [
                        9,
                        8,
                        10,
                        9
                    ],
                    "texture": "#sunflower_bottom"
                },
                "up": {
                    "uv": [
                        9,
                        8,
                        10,
                        9
                    ],
                    "texture": "#sunflower_bottom"
                },
                "down": {
                    "uv": [
                        9,
                        8,
                        10,
                        9
                    ],
                    "texture": "#sunflower_bottom"
                }
            },
            "shade": false
        },
        {
            "from": [
                9,
                2,
                9
            ],
            "to": [
                10,
                4,
                10
            ],
            "faces": {
                "north": {
                    "uv": [
                        9,
                        12,
                        10,
                        14
                    ],
                    "texture": "#sunflower_bottom"
                },
                "east": {
                    "uv": [
                        9,
                        12,
                        10,
                        14
                    ],
                    "texture": "#sunflower_bottom"
                },
                "south": {
                    "uv": [
                        9,
                        12,
                        10,
                        14
                    ],
                    "texture": "#sunflower_bottom"
                },
                "west": {
                    "uv": [
                        9,
                        12,
                        10,
                        14
                    ],
                    "texture": "#sunflower_bottom"
                },
                "up": {
                    "uv": [
                        9,
                        12,
                        10,
                        13
                    ],
                    "texture": "#sunflower_bottom"
                },
                "down": {
                    "uv": [
                        9,
                        13,
                        10,
                        14
                    ],
                    "texture": "#sunflower_bottom"
                }
            },
            "shade": false
        },
        {
            "from": [
                9,
                2,
                6
            ],
            "to": [
                10,
                4,
                7
            ],
            "faces": {
                "north": {
                    "uv": [
                        9,
                        12,
                        10,
                        14
                    ],
                    "texture": "#sunflower_bottom"
                },
                "east": {
                    "uv": [
                        9,
                        12,
                        10,
                        14
                    ],
                    "texture": "#sunflower_bottom"
                },
                "south": {
                    "uv": [
                        9,
                        12,
                        10,
                        14
                    ],
                    "texture": "#sunflower_bottom"
                },
                "west": {
                    "uv": [
                        9,
                        12,
                        10,
                        14
                    ],
                    "texture": "#sunflower_bottom"
                },
                "up": {
                    "uv": [
                        9,
                        12,
                        10,
                        13
                    ],
                    "texture": "#sunflower_bottom"
                },
                "down": {
                    "uv": [
                        9,
                        13,
                        10,
                        14
                    ],
                    "texture": "#sunflower_bottom"
                }
            },
            "shade": false
        },
        {
            "from": [
                10,
                10,
                10
            ],
            "to": [
                11,
                13,
                11
            ],
            "faces": {
                "north": {
                    "uv": [
                        10,
                        3,
                        11,
                        6
                    ],
                    "texture": "#sunflower_bottom"
                },
                "east": {
                    "uv": [
                        10,
                        3,
                        11,
                        6
                    ],
                    "texture": "#sunflower_bottom"
                },
                "south": {
                    "uv": [
                        10,
                        3,
                        11,
                        6
                    ],
                    "texture": "#sunflower_bottom"
                },
                "west": {
                    "uv": [
                        10,
                        3,
                        11,
                        6
                    ],
                    "texture": "#sunflower_bottom"
                },
                "up": {
                    "uv": [
                        10,
                        3,
                        11,
                        4
                    ],
                    "texture": "#sunflower_bottom"
                },
                "down": {
                    "uv": [
                        10,
                        5,
                        11,
                        6
                    ],
                    "texture": "#sunflower_bottom"
                }
            },
            "shade": false
        },
        {
            "from": [
                10,
                10,
                5
            ],
            "to": [
                11,
                13,
                6
            ],
            "faces": {
                "north": {
                    "uv": [
                        10,
                        3,
                        11,
                        6
                    ],
                    "texture": "#sunflower_bottom"
                },
                "east": {
                    "uv": [
                        10,
                        3,
                        11,
                        6
                    ],
                    "texture": "#sunflower_bottom"
                },
                "south": {
                    "uv": [
                        10,
                        3,
                        11,
                        6
                    ],
                    "texture": "#sunflower_bottom"
                },
                "west": {
                    "uv": [
                        10,
                        3,
                        11,
                        6
                    ],
                    "texture": "#sunflower_bottom"
                },
                "up": {
                    "uv": [
                        10,
                        3,
                        11,
                        4
                    ],
                    "texture": "#sunflower_bottom"
                },
                "down": {
                    "uv": [
                        10,
                        5,
                        11,
                        6
                    ],
                    "texture": "#sunflower_bottom"
                }
            },
            "shade": false
        },
        {
            "from": [
                11,
                10,
                11
            ],
            "to": [
                12,
                13,
                12
            ],
            "faces": {
                "north": {
                    "uv": [
                        11,
                        3,
                        12,
                        6
                    ],
                    "texture": "#sunflower_bottom"
                },
                "east": {
                    "uv": [
                        11,
                        3,
                        12,
                        6
                    ],
                    "texture": "#sunflower_bottom"
                },
                "south": {
                    "uv": [
                        11,
                        3,
                        12,
                        6
                    ],
                    "texture": "#sunflower_bottom"
                },
                "west": {
                    "uv": [
                        11,
                        3,
                        12,
                        6
                    ],
                    "texture": "#sunflower_bottom"
                },
                "up": {
                    "uv": [
                        11,
                        3,
                        12,
                        4
                    ],
                    "texture": "#sunflower_bottom"
                },
                "down": {
                    "uv": [
                        11,
                        5,
                        12,
                        6
                    ],
                    "texture": "#sunflower_bottom"
                }
            },
            "shade": false
        },
        {
            "from": [
                11,
                10,
                4
            ],
            "to": [
                12,
                13,
                5
            ],
            "faces": {
                "north": {
                    "uv": [
                        11,
                        3,
                        12,
                        6
                    ],
                    "texture": "#sunflower_bottom"
                },
                "east": {
                    "uv": [
                        11,
                        3,
                        12,
                        6
                    ],
                    "texture": "#sunflower_bottom"
                },
                "south": {
                    "uv": [
                        11,
                        3,
                        12,
                        6
                    ],
                    "texture": "#sunflower_bottom"
                },
                "west": {
                    "uv": [
                        11,
                        3,
                        12,
                        6
                    ],
                    "texture": "#sunflower_bottom"
                },
                "up": {
                    "uv": [
                        11,
                        3,
                        12,
                        4
                    ],
                    "texture": "#sunflower_bottom"
                },
                "down": {
                    "uv": [
                        11,
                        5,
                        12,
                        6
                    ],
                    "texture": "#sunflower_bottom"
                }
            },
            "shade": false
        }
    ]
}