{
    "ambientocclusion": false,
    "textures": {
        "tall_grass_bottom": "block/tall_grass_bottom",
        "particle": "block/tall_grass_bottom"
    },
    "elements": [
        {
            "from": [
                0,
                8,
                0
            ],
            "to": [
                1,
                11,
                1
            ],
            "faces": {
                "north": {
                    "uv": [
                        1,
                        5,
                        0,
                        8
                    ],
                    "texture": "#tall_grass_bottom",
                    "tintindex": 0
                },
                "east": {
                    "uv": [
                        0,
                        5,
                        1,
                        8
                    ],
                    "texture": "#tall_grass_bottom",
                    "tintindex": 0
                },
                "south": {
                    "uv": [
                        0,
                        5,
                        1,
                        8
                    ],
                    "texture": "#tall_grass_bottom",
                    "tintindex": 0
                },
                "west": {
                    "uv": [
                        0,
                        5,
                        1,
                        8
                    ],
                    "texture": "#tall_grass_bottom",
                    "tintindex": 0
                },
                "up": {
                    "uv": [
                        0,
                        5,
                        1,
                        6
                    ],
                    "texture": "#tall_grass_bottom",
                    "tintindex": 0
                },
                "down": {
                    "uv": [
                        0,
                        7,
                        1,
                        8
                    ],
                    "texture": "#tall_grass_bottom",
                    "tintindex": 0
                }
            },
            "shade": false
        },
        {
            "from": [
                15,
                8,
                0
            ],
            "to": [
                16,
                11,
                1
            ],
            "faces": {
                "north": {
                    "uv": [
                        1,
                        5,
                        0,
                        8
                    ],
                    "texture": "#tall_grass_bottom",
                    "tintindex": 0
                },
                "east": {
                    "uv": [
                        0,
                        5,
                        1,
                        8
                    ],
                    "texture": "#tall_grass_bottom",
                    "tintindex": 0
                },
                "south": {
                    "uv": [
                        0,
                        5,
                        1,
                        8
                    ],
                    "texture": "#tall_grass_bottom",
                    "tintindex": 0
                },
                "west": {
                    "uv": [
                        0,
                        5,
                        1,
                        8
                    ],
                    "texture": "#tall_grass_bottom",
                    "tintindex": 0
                },
                "up": {
                    "uv": [
                        0,
                        5,
                        1,
                        6
                    ],
                    "texture": "#tall_grass_bottom",
                    "tintindex": 0
                },
                "down": {
                    "uv": [
                        0,
                        7,
                        1,
                        8
                    ],
                    "texture": "#tall_grass_bottom",
                    "tintindex": 0
                }
            },
            "shade": false
        },
        {
            "from": [
                0,
                0,
                0
            ],
            "to": [
                1,
                6,
                1
            ],
            "faces": {
                "north": {
                    "uv": [
                        1,
                        10,
                        0,
                        16
                    ],
                    "texture": "#tall_grass_bottom",
                    "tintindex": 0
                },
                "east": {
                    "uv": [
                        0,
                        10,
                        1,
                        16
                    ],
                    "texture": "#tall_grass_bottom",
                    "tintindex": 0
                },
                "south": {
                    "uv": [
                        0,
                        10,
                        1,
                        16
                    ],
                    "texture": "#tall_grass_bottom",
                    "tintindex": 0
                },
                "west": {
                    "uv": [
                        0,
                        10,
                        1,
                        16
                    ],
                    "texture": "#tall_grass_bottom",
                    "tintindex": 0
                },
                "up": {
                    "uv": [
                        0,
                        10,
                        1,
                        11
                    ],
                    "texture": "#tall_grass_bottom",
                    "tintindex": 0
                },
                "down": {
                    "uv": [
                        0,
                        15,
                        1,
                        16
                    ],
                    "texture": "#tall_grass_bottom",
                    "tintindex": 0,
                    "cullface": "down"
                }
            },
            "shade": false
        },
        {
            "from": [
                15,
                0,
                0
            ],
            "to": [
                16,
                6,
                1
            ],
            "faces": {
                "north": {
                    "uv": [
                        1,
                        10,
                        0,
                        16
                    ],
                    "texture": "#tall_grass_bottom",
                    "tintindex": 0
                },
                "east": {
                    "uv": [
                        0,
                        10,
                        1,
                        16
                    ],
                    "texture": "#tall_grass_bottom",
                    "tintindex": 0
                },
                "south": {
                    "uv": [
                        0,
                        10,
                        1,
                        16
                    ],
                    "texture": "#tall_grass_bottom",
                    "tintindex": 0
                },
                "west": {
                    "uv": [
                        0,
                        10,
                        1,
                        16
                    ],
                    "texture": "#tall_grass_bottom",
                    "tintindex": 0
                },
                "up": {
                    "uv": [
                        0,
                        10,
                        1,
                        11
                    ],
                    "texture": "#tall_grass_bottom",
                    "tintindex": 0
                },
                "down": {
                    "uv": [
                        0,
                        15,
                        1,
                        16
                    ],
                    "texture": "#tall_grass_bottom",
                    "tintindex": 0,
                    "cullface": "down"
                }
            },
            "shade": false
        },
        {
            "from": [
                1,
                0,
                1
            ],
            "to": [
                2,
                13,
                2
            ],
            "faces": {
                "north": {
                    "uv": [
                        2,
                        3,
                        1,
                        16
                    ],
                    "texture": "#tall_grass_bottom",
                    "tintindex": 0
                },
                "east": {
                    "uv": [
                        1,
                        3,
                        2,
                        16
                    ],
                    "texture": "#tall_grass_bottom",
                    "tintindex": 0
                },
                "south": {
                    "uv": [
                        1,
                        3,
                        2,
                        16
                    ],
                    "texture": "#tall_grass_bottom",
                    "tintindex": 0
                },
                "west": {
                    "uv": [
                        1,
                        3,
                        2,
                        16
                    ],
                    "texture": "#tall_grass_bottom",
                    "tintindex": 0
                },
                "up": {
                    "uv": [
                        1,
                        3,
                        2,
                        4
                    ],
                    "texture": "#tall_grass_bottom",
                    "tintindex": 0
                },
                "down": {
                    "uv": [
                        1,
                        15,
                        2,
                        16
                    ],
                    "texture": "#tall_grass_bottom",
                    "tintindex": 0,
                    "cullface": "down"
                }
            },
            "shade": false
        },
        {
            "from": [
                14,
                0,
                1
            ],
            "to": [
                15,
                13,
                2
            ],
            "faces": {
                "north": {
                    "uv": [
                        2,
                        3,
                        1,
                        16
                    ],
                    "texture": "#tall_grass_bottom",
                    "tintindex": 0
                },
                "east": {
                    "uv": [
                        1,
                        3,
                        2,
                        16
                    ],
                    "texture": "#tall_grass_bottom",
                    "tintindex": 0
                },
                "south": {
                    "uv": [
                        1,
                        3,
                        2,
                        16
                    ],
                    "texture": "#tall_grass_bottom",
                    "tintindex": 0
                },
                "west": {
                    "uv": [
                        1,
                        3,
                        2,
                        16
                    ],
                    "texture": "#tall_grass_bottom",
                    "tintindex": 0
                },
                "up": {
                    "uv": [
                        1,
                        3,
                        2,
                        4
                    ],
                    "texture": "#tall_grass_bottom",
                    "tintindex": 0
                },
                "down": {
                    "uv": [
                        1,
                        15,
                        2,
                        16
                    ],
                    "texture": "#tall_grass_bottom",
                    "tintindex": 0,
                    "cullface": "down"
                }
            },
            "shade": false
        },
        {
            "from": [
                2,
                13,
                2
            ],
            "to": [
                3,
                16,
                3
            ],
            "faces": {
                "north": {
                    "uv": [
                        3,
                        0,
                        2,
                        3
                    ],
                    "texture": "#tall_grass_bottom",
                    "tintindex": 0
                },
                "east": {
                    "uv": [
                        2,
                        0,
                        3,
                        3
                    ],
                    "texture": "#tall_grass_bottom",
                    "tintindex": 0
                },
                "south": {
                    "uv": [
                        2,
                        0,
                        3,
                        3
                    ],
                    "texture": "#tall_grass_bottom",
                    "tintindex": 0
                },
                "west": {
                    "uv": [
                        2,
                        0,
                        3,
                        3
                    ],
                    "texture": "#tall_grass_bottom",
                    "tintindex": 0
                },
                "up": {
                    "uv": [
                        2,
                        0,
                        3,
                        1
                    ],
                    "texture": "#tall_grass_bottom",
                    "tintindex": 0,
                    "cullface": "up"
                },
                "down": {
                    "uv": [
                        2,
                        2,
                        3,
                        3
                    ],
                    "texture": "#tall_grass_bottom",
                    "tintindex": 0
                }
            },
            "shade": false
        },
        {
            "from": [
                13,
                13,
                2
            ],
            "to": [
                14,
                16,
                3
            ],
            "faces": {
                "north": {
                    "uv": [
                        3,
                        0,
                        2,
                        3
                    ],
                    "texture": "#tall_grass_bottom",
                    "tintindex": 0
                },
                "east": {
                    "uv": [
                        2,
                        0,
                        3,
                        3
                    ],
                    "texture": "#tall_grass_bottom",
                    "tintindex": 0
                },
                "south": {
                    "uv": [
                        2,
                        0,
                        3,
                        3
                    ],
                    "texture": "#tall_grass_bottom",
                    "tintindex": 0
                },
                "west": {
                    "uv": [
                        2,
                        0,
                        3,
                        3
                    ],
                    "texture": "#tall_grass_bottom",
                    "tintindex": 0
                },
                "up": {
                    "uv": [
                        2,
                        0,
                        3,
                        1
                    ],
                    "texture": "#tall_grass_bottom",
                    "tintindex": 0,
                    "cullface": "up"
                },
                "down": {
                    "uv": [
                        2,
                        2,
                        3,
                        3
                    ],
                    "texture": "#tall_grass_bottom",
                    "tintindex": 0
                }
            },
            "shade": false
        },
        {
            "from": [
                2,
                0,
                2
            ],
            "to": [
                3,
                8,
                3
            ],
            "faces": {
                "north": {
                    "uv": [
                        3,
                        8,
                        2,
                        16
                    ],
                    "texture": "#tall_grass_bottom",
                    "tintindex": 0
                },
                "east": {
                    "uv": [
                        2,
                        8,
                        3,
                        16
                    ],
                    "texture": "#tall_grass_bottom",
                    "tintindex": 0
                },
                "south": {
                    "uv": [
                        2,
                        8,
                        3,
                        16
                    ],
                    "texture": "#tall_grass_bottom",
                    "tintindex": 0
                },
                "west": {
                    "uv": [
                        2,
                        8,
                        3,
                        16
                    ],
                    "texture": "#tall_grass_bottom",
                    "tintindex": 0
                },
                "up": {
                    "uv": [
                        2,
                        8,
                        3,
                        9
                    ],
                    "texture": "#tall_grass_bottom",
                    "tintindex": 0
                },
                "down": {
                    "uv": [
                        2,
                        15,
                        3,
                        16
                    ],
                    "texture": "#tall_grass_bottom",
                    "tintindex": 0,
                    "cullface": "down"
                }
            },
            "shade": false
        },
        {
            "from": [
                13,
                0,
                2
            ],
            "to": [
                14,
                8,
                3
            ],
            "faces": {
                "north": {
                    "uv": [
                        3,
                        8,
                        2,
                        16
                    ],
                    "texture": "#tall_grass_bottom",
                    "tintindex": 0
                },
                "east": {
                    "uv": [
                        2,
                        8,
                        3,
                        16
                    ],
                    "texture": "#tall_grass_bottom",
                    "tintindex": 0
                },
                "south": {
                    "uv": [
                        2,
                        8,
                        3,
                        16
                    ],
                    "texture": "#tall_grass_bottom",
                    "tintindex": 0
                },
                "west": {
                    "uv": [
                        2,
                        8,
                        3,
                        16
                    ],
                    "texture": "#tall_grass_bottom",
                    "tintindex": 0
                },
                "up": {
                    "uv": [
                        2,
                        8,
                        3,
                        9
                    ],
                    "texture": "#tall_grass_bottom",
                    "tintindex": 0
                },
                "down": {
                    "uv": [
                        2,
                        15,
                        3,
                        16
                    ],
                    "texture": "#tall_grass_bottom",
                    "tintindex": 0,
                    "cullface": "down"
                }
            },
            "shade": false
        },
        {
            "from": [
                3,
                0,
                3
            ],
            "to": [
                4,
                12,
                4
            ],
            "faces": {
                "north": {
                    "uv": [
                        4,
                        4,
                        3,
                        16
                    ],
                    "texture": "#tall_grass_bottom",
                    "tintindex": 0
                },
                "east": {
                    "uv": [
                        3,
                        4,
                        4,
                        16
                    ],
                    "texture": "#tall_grass_bottom",
                    "tintindex": 0
                },
                "south": {
                    "uv": [
                        3,
                        4,
                        4,
                        16
                    ],
                    "texture": "#tall_grass_bottom",
                    "tintindex": 0
                },
                "west": {
                    "uv": [
                        3,
                        4,
                        4,
                        16
                    ],
                    "texture": "#tall_grass_bottom",
                    "tintindex": 0
                },
                "up": {
                    "uv": [
                        3,
                        4,
                        4,
                        5
                    ],
                    "texture": "#tall_grass_bottom",
                    "tintindex": 0
                },
                "down": {
                    "uv": [
                        3,
                        15,
                        4,
                        16
                    ],
                    "texture": "#tall_grass_bottom",
                    "tintindex": 0,
                    "cullface": "down"
                }
            },
            "shade": false
        },
        {
            "from": [
                12,
                0,
                3
            ],
            "to": [
                13,
                12,
                4
            ],
            "faces": {
                "north": {
                    "uv": [
                        4,
                        4,
                        3,
                        16
                    ],
                    "texture": "#tall_grass_bottom",
                    "tintindex": 0
                },
                "east": {
                    "uv": [
                        3,
                        4,
                        4,
                        16
                    ],
                    "texture": "#tall_grass_bottom",
                    "tintindex": 0
                },
                "south": {
                    "uv": [
                        3,
                        4,
                        4,
                        16
                    ],
                    "texture": "#tall_grass_bottom",
                    "tintindex": 0
                },
                "west": {
                    "uv": [
                        3,
                        4,
                        4,
                        16
                    ],
                    "texture": "#tall_grass_bottom",
                    "tintindex": 0
                },
                "up": {
                    "uv": [
                        3,
                        4,
                        4,
                        5
                    ],
                    "texture": "#tall_grass_bottom",
                    "tintindex": 0
                },
                "down": {
                    "uv": [
                        3,
                        15,
                        4,
                        16
                    ],
                    "texture": "#tall_grass_bottom",
                    "tintindex": 0,
                    "cullface": "down"
                }
            },
            "shade": false
        },
        {
            "from": [
                4,
                9,
                4
            ],
            "to": [
                5,
                16,
                5
            ],
            "faces": {
                "north": {
                    "uv": [
                        5,
                        0,
                        4,
                        7
                    ],
                    "texture": "#tall_grass_bottom",
                    "tintindex": 0
                },
                "east": {
                    "uv": [
                        4,
                        0,
                        5,
                        7
                    ],
                    "texture": "#tall_grass_bottom",
                    "tintindex": 0
                },
                "south": {
                    "uv": [
                        4,
                        0,
                        5,
                        7
                    ],
                    "texture": "#tall_grass_bottom",
                    "tintindex": 0
                },
                "west": {
                    "uv": [
                        4,
                        0,
                        5,
                        7
                    ],
                    "texture": "#tall_grass_bottom",
                    "tintindex": 0
                },
                "up": {
                    "uv": [
                        4,
                        0,
                        5,
                        1
                    ],
                    "texture": "#tall_grass_bottom",
                    "tintindex": 0,
                    "cullface": "up"
                },
                "down": {
                    "uv": [
                        4,
                        6,
                        5,
                        7
                    ],
                    "texture": "#tall_grass_bottom",
                    "tintindex": 0
                }
            },
            "shade": false
        },
        {
            "from": [
                11,
                9,
                4
            ],
            "to": [
                12,
                16,
                5
            ],
            "faces": {
                "north": {
                    "uv": [
                        5,
                        0,
                        4,
                        7
                    ],
                    "texture": "#tall_grass_bottom",
                    "tintindex": 0
                },
                "east": {
                    "uv": [
                        4,
                        0,
                        5,
                        7
                    ],
                    "texture": "#tall_grass_bottom",
                    "tintindex": 0
                },
                "south": {
                    "uv": [
                        4,
                        0,
                        5,
                        7
                    ],
                    "texture": "#tall_grass_bottom",
                    "tintindex": 0
                },
                "west": {
                    "uv": [
                        4,
                        0,
                        5,
                        7
                    ],
                    "texture": "#tall_grass_bottom",
                    "tintindex": 0
                },
                "up": {
                    "uv": [
                        4,
                        0,
                        5,
                        1
                    ],
                    "texture": "#tall_grass_bottom",
                    "tintindex": 0,
                    "cullface": "up"
                },
                "down": {
                    "uv": [
                        4,
                        6,
                        5,
                        7
                    ],
                    "texture": "#tall_grass_bottom",
                    "tintindex": 0
                }
            },
            "shade": false
        },
        {
            "from": [
                4,
                0,
                4
            ],
            "to": [
                5,
                5,
                5
            ],
            "faces": {
                "north": {
                    "uv": [
                        5,
                        11,
                        4,
                        16
                    ],
                    "texture": "#tall_grass_bottom",
                    "tintindex": 0
                },
                "east": {
                    "uv": [
                        4,
                        11,
                        5,
                        16
                    ],
                    "texture": "#tall_grass_bottom",
                    "tintindex": 0
                },
                "south": {
                    "uv": [
                        4,
                        11,
                        5,
                        16
                    ],
                    "texture": "#tall_grass_bottom",
                    "tintindex": 0
                },
                "west": {
                    "uv": [
                        4,
                        11,
                        5,
                        16
                    ],
                    "texture": "#tall_grass_bottom",
                    "tintindex": 0
                },
                "up": {
                    "uv": [
                        4,
                        11,
                        5,
                        12
                    ],
                    "texture": "#tall_grass_bottom",
                    "tintindex": 0
                },
                "down": {
                    "uv": [
                        4,
                        15,
                        5,
                        16
                    ],
                    "texture": "#tall_grass_bottom",
                    "tintindex": 0,
                    "cullface": "down"
                }
            },
            "shade": false
        },
        {
            "from": [
                11,
                0,
                4
            ],
            "to": [
                12,
                5,
                5
            ],
            "faces": {
                "north": {
                    "uv": [
                        5,
                        11,
                        4,
                        16
                    ],
                    "texture": "#tall_grass_bottom",
                    "tintindex": 0
                },
                "east": {
                    "uv": [
                        4,
                        11,
                        5,
                        16
                    ],
                    "texture": "#tall_grass_bottom",
                    "tintindex": 0
                },
                "south": {
                    "uv": [
                        4,
                        11,
                        5,
                        16
                    ],
                    "texture": "#tall_grass_bottom",
                    "tintindex": 0
                },
                "west": {
                    "uv": [
                        4,
                        11,
                        5,
                        16
                    ],
                    "texture": "#tall_grass_bottom",
                    "tintindex": 0
                },
                "up": {
                    "uv": [
                        4,
                        11,
                        5,
                        12
                    ],
                    "texture": "#tall_grass_bottom",
                    "tintindex": 0
                },
                "down": {
                    "uv": [
                        4,
                        15,
                        5,
                        16
                    ],
                    "texture": "#tall_grass_bottom",
                    "tintindex": 0,
                    "cullface": "down"
                }
            },
            "shade": false
        },
        {
            "from": [
                5,
                0,
                5
            ],
            "to": [
                6,
                8,
                6
            ],
            "faces": {
                "north": {
                    "uv": [
                        6,
                        8,
                        5,
                        16
                    ],
                    "texture": "#tall_grass_bottom",
                    "tintindex": 0
                },
                "east": {
                    "uv": [
                        5,
                        8,
                        6,
                        16
                    ],
                    "texture": "#tall_grass_bottom",
                    "tintindex": 0
                },
                "south": {
                    "uv": [
                        5,
                        8,
                        6,
                        16
                    ],
                    "texture": "#tall_grass_bottom",
                    "tintindex": 0
                },
                "west": {
                    "uv": [
                        5,
                        8,
                        6,
                        16
                    ],
                    "texture": "#tall_grass_bottom",
                    "tintindex": 0
                },
                "up": {
                    "uv": [
                        5,
                        8,
                        6,
                        9
                    ],
                    "texture": "#tall_grass_bottom",
                    "tintindex": 0
                },
                "down": {
                    "uv": [
                        5,
                        15,
                        6,
                        16
                    ],
                    "texture": "#tall_grass_bottom",
                    "tintindex": 0,
                    "cullface": "down"
                }
            },
            "shade": false
        },
        {
            "from": [
                10,
                0,
                5
            ],
            "to": [
                11,
                8,
                6
            ],
            "faces": {
                "north": {
                    "uv": [
                        6,
                        8,
                        5,
                        16
                    ],
                    "texture": "#tall_grass_bottom",
                    "tintindex": 0
                },
                "east": {
                    "uv": [
                        5,
                        8,
                        6,
                        16
                    ],
                    "texture": "#tall_grass_bottom",
                    "tintindex": 0
                },
                "south": {
                    "uv": [
                        5,
                        8,
                        6,
                        16
                    ],
                    "texture": "#tall_grass_bottom",
                    "tintindex": 0
                },
                "west": {
                    "uv": [
                        5,
                        8,
                        6,
                        16
                    ],
                    "texture": "#tall_grass_bottom",
                    "tintindex": 0
                },
                "up": {
                    "uv": [
                        5,
                        8,
                        6,
                        9
                    ],
                    "texture": "#tall_grass_bottom",
                    "tintindex": 0
                },
                "down": {
                    "uv": [
                        5,
                        15,
                        6,
                        16
                    ],
                    "texture": "#tall_grass_bottom",
                    "tintindex": 0,
                    "cullface": "down"
                }
            },
            "shade": false
        },
        {
            "from": [
                6,
                0,
                6
            ],
            "to": [
                7,
                16,
                7
            ],
            "faces": {
                "north": {
                    "uv": [
                        7,
                        0,
                        6,
                        16
                    ],
                    "texture": "#tall_grass_bottom",
                    "tintindex": 0
                },
                "east": {
                    "uv": [
                        6,
                        0,
                        7,
                        16
                    ],
                    "texture": "#tall_grass_bottom",
                    "tintindex": 0
                },
                "south": {
                    "uv": [
                        6,
                        0,
                        7,
                        16
                    ],
                    "texture": "#tall_grass_bottom",
                    "tintindex": 0
                },
                "west": {
                    "uv": [
                        6,
                        0,
                        7,
                        16
                    ],
                    "texture": "#tall_grass_bottom",
                    "tintindex": 0
                },
                "up": {
                    "uv": [
                        6,
                        0,
                        7,
                        1
                    ],
                    "texture": "#tall_grass_bottom",
                    "tintindex": 0,
                    "cullface": "up"
                },
                "down": {
                    "uv": [
                        6,
                        15,
                        7,
                        16
                    ],
                    "texture": "#tall_grass_bottom",
                    "tintindex": 0,
                    "cullface": "down"
                }
            },
            "shade": false
        },
        {
            "from": [
                9,
                0,
                6
            ],
            "to": [
                10,
                16,
                7
            ],
            "faces": {
                "north": {
                    "uv": [
                        7,
                        0,
                        6,
                        16
                    ],
                    "texture": "#tall_grass_bottom",
                    "tintindex": 0
                },
                "east": {
                    "uv": [
                        6,
                        0,
                        7,
                        16
                    ],
                    "texture": "#tall_grass_bottom",
                    "tintindex": 0
                },
                "south": {
                    "uv": [
                        6,
                        0,
                        7,
                        16
                    ],
                    "texture": "#tall_grass_bottom",
                    "tintindex": 0
                },
                "west": {
                    "uv": [
                        6,
                        0,
                        7,
                        16
                    ],
                    "texture": "#tall_grass_bottom",
                    "tintindex": 0
                },
                "up": {
                    "uv": [
                        6,
                        0,
                        7,
                        1
                    ],
                    "texture": "#tall_grass_bottom",
                    "tintindex": 0,
                    "cullface": "up"
                },
                "down": {
                    "uv": [
                        6,
                        15,
                        7,
                        16
                    ],
                    "texture": "#tall_grass_bottom",
                    "tintindex": 0,
                    "cullface": "down"
                }
            },
            "shade": false
        },
        {
            "from": [
                7,
                0,
                7
            ],
            "to": [
                8,
                11,
                8
            ],
            "faces": {
                "north": {
                    "uv": [
                        8,
                        5,
                        7,
                        16
                    ],
                    "texture": "#tall_grass_bottom",
                    "tintindex": 0
                },
                "west": {
                    "uv": [
                        7,
                        5,
                        8,
                        16
                    ],
                    "texture": "#tall_grass_bottom",
                    "tintindex": 0
                },
                "up": {
                    "uv": [
                        7,
                        5,
                        8,
                        6
                    ],
                    "texture": "#tall_grass_bottom",
                    "tintindex": 0
                },
                "down": {
                    "uv": [
                        7,
                        15,
                        8,
                        16
                    ],
                    "texture": "#tall_grass_bottom",
                    "tintindex": 0,
                    "cullface": "down"
                }
            },
            "shade": false
        },
        {
            "from": [
                8,
                0,
                8
            ],
            "to": [
                9,
                11,
                9
            ],
            "faces": {
                "east": {
                    "uv": [
                        7,
                        5,
                        8,
                        16
                    ],
                    "texture": "#tall_grass_bottom",
                    "tintindex": 0
                },
                "south": {
                    "uv": [
                        7,
                        5,
                        8,
                        16
                    ],
                    "texture": "#tall_grass_bottom",
                    "tintindex": 0
                },
                "up": {
                    "uv": [
                        7,
                        5,
                        8,
                        6
                    ],
                    "texture": "#tall_grass_bottom",
                    "tintindex": 0
                },
                "down": {
                    "uv": [
                        7,
                        15,
                        8,
                        16
                    ],
                    "texture": "#tall_grass_bottom",
                    "tintindex": 0,
                    "cullface": "down"
                }
            },
            "shade": false
        },
        {
            "from": [
                7,
                0,
                8
            ],
            "to": [
                8,
                16,
                9
            ],
            "faces": {
                "north": {
                    "uv": [
                        9,
                        0,
                        8,
                        16
                    ],
                    "texture": "#tall_grass_bottom",
                    "tintindex": 0
                },
                "east": {
                    "uv": [
                        8,
                        0,
                        9,
                        16
                    ],
                    "texture": "#tall_grass_bottom",
                    "tintindex": 0
                },
                "south": {
                    "uv": [
                        8,
                        0,
                        9,
                        16
                    ],
                    "texture": "#tall_grass_bottom",
                    "tintindex": 0
                },
                "west": {
                    "uv": [
                        8,
                        0,
                        9,
                        16
                    ],
                    "texture": "#tall_grass_bottom",
                    "tintindex": 0
                },
                "up": {
                    "uv": [
                        8,
                        0,
                        9,
                        1
                    ],
                    "texture": "#tall_grass_bottom",
                    "tintindex": 0,
                    "cullface": "up"
                },
                "down": {
                    "uv": [
                        8,
                        15,
                        9,
                        16
                    ],
                    "texture": "#tall_grass_bottom",
                    "tintindex": 0,
                    "cullface": "down"
                }
            },
            "shade": false
        },
        {
            "from": [
                8,
                0,
                7
            ],
            "to": [
                9,
                16,
                8
            ],
            "faces": {
                "north": {
                    "uv": [
                        9,
                        0,
                        8,
                        16
                    ],
                    "texture": "#tall_grass_bottom",
                    "tintindex": 0
                },
                "east": {
                    "uv": [
                        8,
                        0,
                        9,
                        16
                    ],
                    "texture": "#tall_grass_bottom",
                    "tintindex": 0
                },
                "south": {
                    "uv": [
                        8,
                        0,
                        9,
                        16
                    ],
                    "texture": "#tall_grass_bottom",
                    "tintindex": 0
                },
                "west": {
                    "uv": [
                        8,
                        0,
                        9,
                        16
                    ],
                    "texture": "#tall_grass_bottom",
                    "tintindex": 0
                },
                "up": {
                    "uv": [
                        8,
                        0,
                        9,
                        1
                    ],
                    "texture": "#tall_grass_bottom",
                    "tintindex": 0,
                    "cullface": "up"
                },
                "down": {
                    "uv": [
                        8,
                        15,
                        9,
                        16
                    ],
                    "texture": "#tall_grass_bottom",
                    "tintindex": 0,
                    "cullface": "down"
                }
            },
            "shade": false
        },
        {
            "from": [
                9,
                0,
                9
            ],
            "to": [
                10,
                9,
                10
            ],
            "faces": {
                "north": {
                    "uv": [
                        10,
                        7,
                        9,
                        16
                    ],
                    "texture": "#tall_grass_bottom",
                    "tintindex": 0
                },
                "east": {
                    "uv": [
                        9,
                        7,
                        10,
                        16
                    ],
                    "texture": "#tall_grass_bottom",
                    "tintindex": 0
                },
                "south": {
                    "uv": [
                        9,
                        7,
                        10,
                        16
                    ],
                    "texture": "#tall_grass_bottom",
                    "tintindex": 0
                },
                "west": {
                    "uv": [
                        9,
                        7,
                        10,
                        16
                    ],
                    "texture": "#tall_grass_bottom",
                    "tintindex": 0
                },
                "up": {
                    "uv": [
                        9,
                        7,
                        10,
                        8
                    ],
                    "texture": "#tall_grass_bottom",
                    "tintindex": 0
                },
                "down": {
                    "uv": [
                        9,
                        15,
                        10,
                        16
                    ],
                    "texture": "#tall_grass_bottom",
                    "tintindex": 0,
                    "cullface": "down"
                }
            },
            "shade": false
        },
        {
            "from": [
                6,
                0,
                9
            ],
            "to": [
                7,
                9,
                10
            ],
            "faces": {
                "north": {
                    "uv": [
                        10,
                        7,
                        9,
                        16
                    ],
                    "texture": "#tall_grass_bottom",
                    "tintindex": 0
                },
                "east": {
                    "uv": [
                        9,
                        7,
                        10,
                        16
                    ],
                    "texture": "#tall_grass_bottom",
                    "tintindex": 0
                },
                "south": {
                    "uv": [
                        9,
                        7,
                        10,
                        16
                    ],
                    "texture": "#tall_grass_bottom",
                    "tintindex": 0
                },
                "west": {
                    "uv": [
                        9,
                        7,
                        10,
                        16
                    ],
                    "texture": "#tall_grass_bottom",
                    "tintindex": 0
                },
                "up": {
                    "uv": [
                        9,
                        7,
                        10,
                        8
                    ],
                    "texture": "#tall_grass_bottom",
                    "tintindex": 0
                },
                "down": {
                    "uv": [
                        9,
                        15,
                        10,
                        16
                    ],
                    "texture": "#tall_grass_bottom",
                    "tintindex": 0,
                    "cullface": "down"
                }
            },
            "shade": false
        },
        {
            "from": [
                10,
                15,
                10
            ],
            "to": [
                11,
                16,
                11
            ],
            "faces": {
                "north": {
                    "uv": [
                        11,
                        0,
                        10,
                        1
                    ],
                    "texture": "#tall_grass_bottom",
                    "tintindex": 0
                },
                "east": {
                    "uv": [
                        10,
                        0,
                        11,
                        1
                    ],
                    "texture": "#tall_grass_bottom",
                    "tintindex": 0
                },
                "south": {
                    "uv": [
                        10,
                        0,
                        11,
                        1
                    ],
                    "texture": "#tall_grass_bottom",
                    "tintindex": 0
                },
                "west": {
                    "uv": [
                        10,
                        0,
                        11,
                        1
                    ],
                    "texture": "#tall_grass_bottom",
                    "tintindex": 0
                },
                "up": {
                    "uv": [
                        10,
                        0,
                        11,
                        1
                    ],
                    "texture": "#tall_grass_bottom",
                    "tintindex": 0,
                    "cullface": "up"
                },
                "down": {
                    "uv": [
                        10,
                        0,
                        11,
                        1
                    ],
                    "texture": "#tall_grass_bottom",
                    "tintindex": 0
                }
            },
            "shade": false
        },
        {
            "from": [
                5,
                15,
                10
            ],
            "to": [
                6,
                16,
                11
            ],
            "faces": {
                "north": {
                    "uv": [
                        11,
                        0,
                        10,
                        1
                    ],
                    "texture": "#tall_grass_bottom",
                    "tintindex": 0
                },
                "east": {
                    "uv": [
                        10,
                        0,
                        11,
                        1
                    ],
                    "texture": "#tall_grass_bottom",
                    "tintindex": 0
                },
                "south": {
                    "uv": [
                        10,
                        0,
                        11,
                        1
                    ],
                    "texture": "#tall_grass_bottom",
                    "tintindex": 0
                },
                "west": {
                    "uv": [
                        10,
                        0,
                        11,
                        1
                    ],
                    "texture": "#tall_grass_bottom",
                    "tintindex": 0
                },
                "up": {
                    "uv": [
                        10,
                        0,
                        11,
                        1
                    ],
                    "texture": "#tall_grass_bottom",
                    "tintindex": 0,
                    "cullface": "up"
                },
                "down": {
                    "uv": [
                        10,
                        0,
                        11,
                        1
                    ],
                    "texture": "#tall_grass_bottom",
                    "tintindex": 0
                }
            },
            "shade": false
        },
        {
            "from": [
                10,
                0,
                10
            ],
            "to": [
                11,
                13,
                11
            ],
            "faces": {
                "north": {
                    "uv": [
                        11,
                        3,
                        10,
                        16
                    ],
                    "texture": "#tall_grass_bottom",
                    "tintindex": 0
                },
                "east": {
                    "uv": [
                        10,
                        3,
                        11,
                        16
                    ],
                    "texture": "#tall_grass_bottom",
                    "tintindex": 0
                },
                "south": {
                    "uv": [
                        10,
                        3,
                        11,
                        16
                    ],
                    "texture": "#tall_grass_bottom",
                    "tintindex": 0
                },
                "west": {
                    "uv": [
                        10,
                        3,
                        11,
                        16
                    ],
                    "texture": "#tall_grass_bottom",
                    "tintindex": 0
                },
                "up": {
                    "uv": [
                        10,
                        3,
                        11,
                        4
                    ],
                    "texture": "#tall_grass_bottom",
                    "tintindex": 0
                },
                "down": {
                    "uv": [
                        10,
                        15,
                        11,
                        16
                    ],
                    "texture": "#tall_grass_bottom",
                    "tintindex": 0,
                    "cullface": "down"
                }
            },
            "shade": false
        },
        {
            "from": [
                5,
                0,
                10
            ],
            "to": [
                6,
                13,
                11
            ],
            "faces": {
                "north": {
                    "uv": [
                        11,
                        3,
                        10,
                        16
                    ],
                    "texture": "#tall_grass_bottom",
                    "tintindex": 0
                },
                "east": {
                    "uv": [
                        10,
                        3,
                        11,
                        16
                    ],
                    "texture": "#tall_grass_bottom",
                    "tintindex": 0
                },
                "south": {
                    "uv": [
                        10,
                        3,
                        11,
                        16
                    ],
                    "texture": "#tall_grass_bottom",
                    "tintindex": 0
                },
                "west": {
                    "uv": [
                        10,
                        3,
                        11,
                        16
                    ],
                    "texture": "#tall_grass_bottom",
                    "tintindex": 0
                },
                "up": {
                    "uv": [
                        10,
                        3,
                        11,
                        4
                    ],
                    "texture": "#tall_grass_bottom",
                    "tintindex": 0
                },
                "down": {
                    "uv": [
                        10,
                        15,
                        11,
                        16
                    ],
                    "texture": "#tall_grass_bottom",
                    "tintindex": 0,
                    "cullface": "down"
                }
            },
            "shade": false
        },
        {
            "from": [
                11,
                12,
                11
            ],
            "to": [
                12,
                16,
                12
            ],
            "faces": {
                "north": {
                    "uv": [
                        12,
                        0,
                        11,
                        4
                    ],
                    "texture": "#tall_grass_bottom",
                    "tintindex": 0
                },
                "east": {
                    "uv": [
                        11,
                        0,
                        12,
                        4
                    ],
                    "texture": "#tall_grass_bottom",
                    "tintindex": 0
                },
                "south": {
                    "uv": [
                        11,
                        0,
                        12,
                        4
                    ],
                    "texture": "#tall_grass_bottom",
                    "tintindex": 0
                },
                "west": {
                    "uv": [
                        11,
                        0,
                        12,
                        4
                    ],
                    "texture": "#tall_grass_bottom",
                    "tintindex": 0
                },
                "up": {
                    "uv": [
                        11,
                        0,
                        12,
                        1
                    ],
                    "texture": "#tall_grass_bottom",
                    "tintindex": 0,
                    "cullface": "up"
                },
                "down": {
                    "uv": [
                        11,
                        3,
                        12,
                        4
                    ],
                    "texture": "#tall_grass_bottom",
                    "tintindex": 0
                }
            },
            "shade": false
        },
        {
            "from": [
                4,
                12,
                11
            ],
            "to": [
                5,
                16,
                12
            ],
            "faces": {
                "north": {
                    "uv": [
                        12,
                        0,
                        11,
                        4
                    ],
                    "texture": "#tall_grass_bottom",
                    "tintindex": 0
                },
                "east": {
                    "uv": [
                        11,
                        0,
                        12,
                        4
                    ],
                    "texture": "#tall_grass_bottom",
                    "tintindex": 0
                },
                "south": {
                    "uv": [
                        11,
                        0,
                        12,
                        4
                    ],
                    "texture": "#tall_grass_bottom",
                    "tintindex": 0
                },
                "west": {
                    "uv": [
                        11,
                        0,
                        12,
                        4
                    ],
                    "texture": "#tall_grass_bottom",
                    "tintindex": 0
                },
                "up": {
                    "uv": [
                        11,
                        0,
                        12,
                        1
                    ],
                    "texture": "#tall_grass_bottom",
                    "tintindex": 0,
                    "cullface": "up"
                },
                "down": {
                    "uv": [
                        11,
                        3,
                        12,
                        4
                    ],
                    "texture": "#tall_grass_bottom",
                    "tintindex": 0
                }
            },
            "shade": false
        },
        {
            "from": [
                11,
                0,
                11
            ],
            "to": [
                12,
                9,
                12
            ],
            "faces": {
                "north": {
                    "uv": [
                        12,
                        7,
                        11,
                        16
                    ],
                    "texture": "#tall_grass_bottom",
                    "tintindex": 0
                },
                "east": {
                    "uv": [
                        11,
                        7,
                        12,
                        16
                    ],
                    "texture": "#tall_grass_bottom",
                    "tintindex": 0
                },
                "south": {
                    "uv": [
                        11,
                        7,
                        12,
                        16
                    ],
                    "texture": "#tall_grass_bottom",
                    "tintindex": 0
                },
                "west": {
                    "uv": [
                        11,
                        7,
                        12,
                        16
                    ],
                    "texture": "#tall_grass_bottom",
                    "tintindex": 0
                },
                "up": {
                    "uv": [
                        11,
                        7,
                        12,
                        8
                    ],
                    "texture": "#tall_grass_bottom",
                    "tintindex": 0
                },
                "down": {
                    "uv": [
                        11,
                        15,
                        12,
                        16
                    ],
                    "texture": "#tall_grass_bottom",
                    "tintindex": 0,
                    "cullface": "down"
                }
            },
            "shade": false
        },
        {
            "from": [
                4,
                0,
                11
            ],
            "to": [
                5,
                9,
                12
            ],
            "faces": {
                "north": {
                    "uv": [
                        12,
                        7,
                        11,
                        16
                    ],
                    "texture": "#tall_grass_bottom",
                    "tintindex": 0
                },
                "east": {
                    "uv": [
                        11,
                        7,
                        12,
                        16
                    ],
                    "texture": "#tall_grass_bottom",
                    "tintindex": 0
                },
                "south": {
                    "uv": [
                        11,
                        7,
                        12,
                        16
                    ],
                    "texture": "#tall_grass_bottom",
                    "tintindex": 0
                },
                "west": {
                    "uv": [
                        11,
                        7,
                        12,
                        16
                    ],
                    "texture": "#tall_grass_bottom",
                    "tintindex": 0
                },
                "up": {
                    "uv": [
                        11,
                        7,
                        12,
                        8
                    ],
                    "texture": "#tall_grass_bottom",
                    "tintindex": 0
                },
                "down": {
                    "uv": [
                        11,
                        15,
                        12,
                        16
                    ],
                    "texture": "#tall_grass_bottom",
                    "tintindex": 0,
                    "cullface": "down"
                }
            },
            "shade": false
        },
        {
            "from": [
                12,
                15,
                12
            ],
            "to": [
                13,
                16,
                13
            ],
            "faces": {
                "north": {
                    "uv": [
                        13,
                        0,
                        12,
                        1
                    ],
                    "texture": "#tall_grass_bottom",
                    "tintindex": 0
                },
                "east": {
                    "uv": [
                        12,
                        0,
                        13,
                        1
                    ],
                    "texture": "#tall_grass_bottom",
                    "tintindex": 0
                },
                "south": {
                    "uv": [
                        12,
                        0,
                        13,
                        1
                    ],
                    "texture": "#tall_grass_bottom",
                    "tintindex": 0
                },
                "west": {
                    "uv": [
                        12,
                        0,
                        13,
                        1
                    ],
                    "texture": "#tall_grass_bottom",
                    "tintindex": 0
                },
                "up": {
                    "uv": [
                        12,
                        0,
                        13,
                        1
                    ],
                    "texture": "#tall_grass_bottom",
                    "tintindex": 0,
                    "cullface": "up"
                },
                "down": {
                    "uv": [
                        12,
                        0,
                        13,
                        1
                    ],
                    "texture": "#tall_grass_bottom",
                    "tintindex": 0
                }
            },
            "shade": false
        },
        {
            "from": [
                3,
                15,
                12
            ],
            "to": [
                4,
                16,
                13
            ],
            "faces": {
                "north": {
                    "uv": [
                        13,
                        0,
                        12,
                        1
                    ],
                    "texture": "#tall_grass_bottom",
                    "tintindex": 0
                },
                "east": {
                    "uv": [
                        12,
                        0,
                        13,
                        1
                    ],
                    "texture": "#tall_grass_bottom",
                    "tintindex": 0
                },
                "south": {
                    "uv": [
                        12,
                        0,
                        13,
                        1
                    ],
                    "texture": "#tall_grass_bottom",
                    "tintindex": 0
                },
                "west": {
                    "uv": [
                        12,
                        0,
                        13,
                        1
                    ],
                    "texture": "#tall_grass_bottom",
                    "tintindex": 0
                },
                "up": {
                    "uv": [
                        12,
                        0,
                        13,
                        1
                    ],
                    "texture": "#tall_grass_bottom",
                    "tintindex": 0,
                    "cullface": "up"
                },
                "down": {
                    "uv": [
                        12,
                        0,
                        13,
                        1
                    ],
                    "texture": "#tall_grass_bottom",
                    "tintindex": 0
                }
            },
            "shade": false
        },
        {
            "from": [
                12,
                0,
                12
            ],
            "to": [
                13,
                6,
                13
            ],
            "faces": {
                "north": {
                    "uv": [
                        13,
                        10,
                        12,
                        16
                    ],
                    "texture": "#tall_grass_bottom",
                    "tintindex": 0
                },
                "east": {
                    "uv": [
                        12,
                        10,
                        13,
                        16
                    ],
                    "texture": "#tall_grass_bottom",
                    "tintindex": 0
                },
                "south": {
                    "uv": [
                        12,
                        10,
                        13,
                        16
                    ],
                    "texture": "#tall_grass_bottom",
                    "tintindex": 0
                },
                "west": {
                    "uv": [
                        12,
                        10,
                        13,
                        16
                    ],
                    "texture": "#tall_grass_bottom",
                    "tintindex": 0
                },
                "up": {
                    "uv": [
                        12,
                        10,
                        13,
                        11
                    ],
                    "texture": "#tall_grass_bottom",
                    "tintindex": 0
                },
                "down": {
                    "uv": [
                        12,
                        15,
                        13,
                        16
                    ],
                    "texture": "#tall_grass_bottom",
                    "tintindex": 0,
                    "cullface": "down"
                }
            },
            "shade": false
        },
        {
            "from": [
                3,
                0,
                12
            ],
            "to": [
                4,
                6,
                13
            ],
            "faces": {
                "north": {
                    "uv": [
                        13,
                        10,
                        12,
                        16
                    ],
                    "texture": "#tall_grass_bottom",
                    "tintindex": 0
                },
                "east": {
                    "uv": [
                        12,
                        10,
                        13,
                        16
                    ],
                    "texture": "#tall_grass_bottom",
                    "tintindex": 0
                },
                "south": {
                    "uv": [
                        12,
                        10,
                        13,
                        16
                    ],
                    "texture": "#tall_grass_bottom",
                    "tintindex": 0
                },
                "west": {
                    "uv": [
                        12,
                        10,
                        13,
                        16
                    ],
                    "texture": "#tall_grass_bottom",
                    "tintindex": 0
                },
                "up": {
                    "uv": [
                        12,
                        10,
                        13,
                        11
                    ],
                    "texture": "#tall_grass_bottom",
                    "tintindex": 0
                },
                "down": {
                    "uv": [
                        12,
                        15,
                        13,
                        16
                    ],
                    "texture": "#tall_grass_bottom",
                    "tintindex": 0,
                    "cullface": "down"
                }
            },
            "shade": false
        },
        {
            "from": [
                13,
                0,
                13
            ],
            "to": [
                14,
                16,
                14
            ],
            "faces": {
                "north": {
                    "uv": [
                        14,
                        0,
                        13,
                        16
                    ],
                    "texture": "#tall_grass_bottom",
                    "tintindex": 0
                },
                "east": {
                    "uv": [
                        13,
                        0,
                        14,
                        16
                    ],
                    "texture": "#tall_grass_bottom",
                    "tintindex": 0
                },
                "south": {
                    "uv": [
                        13,
                        0,
                        14,
                        16
                    ],
                    "texture": "#tall_grass_bottom",
                    "tintindex": 0
                },
                "west": {
                    "uv": [
                        13,
                        0,
                        14,
                        16
                    ],
                    "texture": "#tall_grass_bottom",
                    "tintindex": 0
                },
                "up": {
                    "uv": [
                        13,
                        0,
                        14,
                        1
                    ],
                    "texture": "#tall_grass_bottom",
                    "tintindex": 0,
                    "cullface": "up"
                },
                "down": {
                    "uv": [
                        13,
                        15,
                        14,
                        16
                    ],
                    "texture": "#tall_grass_bottom",
                    "tintindex": 0,
                    "cullface": "down"
                }
            },
            "shade": false
        },
        {
            "from": [
                2,
                0,
                13
            ],
            "to": [
                3,
                16,
                14
            ],
            "faces": {
                "north": {
                    "uv": [
                        14,
                        0,
                        13,
                        16
                    ],
                    "texture": "#tall_grass_bottom",
                    "tintindex": 0
                },
                "east": {
                    "uv": [
                        13,
                        0,
                        14,
                        16
                    ],
                    "texture": "#tall_grass_bottom",
                    "tintindex": 0
                },
                "south": {
                    "uv": [
                        13,
                        0,
                        14,
                        16
                    ],
                    "texture": "#tall_grass_bottom",
                    "tintindex": 0
                },
                "west": {
                    "uv": [
                        13,
                        0,
                        14,
                        16
                    ],
                    "texture": "#tall_grass_bottom",
                    "tintindex": 0
                },
                "up": {
                    "uv": [
                        13,
                        0,
                        14,
                        1
                    ],
                    "texture": "#tall_grass_bottom",
                    "tintindex": 0,
                    "cullface": "up"
                },
                "down": {
                    "uv": [
                        13,
                        15,
                        14,
                        16
                    ],
                    "texture": "#tall_grass_bottom",
                    "tintindex": 0,
                    "cullface": "down"
                }
            },
            "shade": false
        },
        {
            "from": [
                14,
                0,
                14
            ],
            "to": [
                15,
                13,
                15
            ],
            "faces": {
                "north": {
                    "uv": [
                        15,
                        3,
                        14,
                        16
                    ],
                    "texture": "#tall_grass_bottom",
                    "tintindex": 0
                },
                "east": {
                    "uv": [
                        14,
                        3,
                        15,
                        16
                    ],
                    "texture": "#tall_grass_bottom",
                    "tintindex": 0
                },
                "south": {
                    "uv": [
                        14,
                        3,
                        15,
                        16
                    ],
                    "texture": "#tall_grass_bottom",
                    "tintindex": 0
                },
                "west": {
                    "uv": [
                        14,
                        3,
                        15,
                        16
                    ],
                    "texture": "#tall_grass_bottom",
                    "tintindex": 0
                },
                "up": {
                    "uv": [
                        14,
                        3,
                        15,
                        4
                    ],
                    "texture": "#tall_grass_bottom",
                    "tintindex": 0
                },
                "down": {
                    "uv": [
                        14,
                        15,
                        15,
                        16
                    ],
                    "texture": "#tall_grass_bottom",
                    "tintindex": 0,
                    "cullface": "down"
                }
            },
            "shade": false
        },
        {
            "from": [
                1,
                0,
                14
            ],
            "to": [
                2,
                13,
                15
            ],
            "faces": {
                "north": {
                    "uv": [
                        15,
                        3,
                        14,
                        16
                    ],
                    "texture": "#tall_grass_bottom",
                    "tintindex": 0
                },
                "east": {
                    "uv": [
                        14,
                        3,
                        15,
                        16
                    ],
                    "texture": "#tall_grass_bottom",
                    "tintindex": 0
                },
                "south": {
                    "uv": [
                        14,
                        3,
                        15,
                        16
                    ],
                    "texture": "#tall_grass_bottom",
                    "tintindex": 0
                },
                "west": {
                    "uv": [
                        14,
                        3,
                        15,
                        16
                    ],
                    "texture": "#tall_grass_bottom",
                    "tintindex": 0
                },
                "up": {
                    "uv": [
                        14,
                        3,
                        15,
                        4
                    ],
                    "texture": "#tall_grass_bottom",
                    "tintindex": 0
                },
                "down": {
                    "uv": [
                        14,
                        15,
                        15,
                        16
                    ],
                    "texture": "#tall_grass_bottom",
                    "tintindex": 0,
                    "cullface": "down"
                }
            },
            "shade": false
        },
        {
            "from": [
                15,
                0,
                15
            ],
            "to": [
                16,
                7,
                16
            ],
            "faces": {
                "north": {
                    "uv": [
                        16,
                        9,
                        15,
                        16
                    ],
                    "texture": "#tall_grass_bottom",
                    "tintindex": 0
                },
                "east": {
                    "uv": [
                        15,
                        9,
                        16,
                        16
                    ],
                    "texture": "#tall_grass_bottom",
                    "tintindex": 0
                },
                "south": {
                    "uv": [
                        15,
                        9,
                        16,
                        16
                    ],
                    "texture": "#tall_grass_bottom",
                    "tintindex": 0
                },
                "west": {
                    "uv": [
                        15,
                        9,
                        16,
                        16
                    ],
                    "texture": "#tall_grass_bottom",
                    "tintindex": 0
                },
                "up": {
                    "uv": [
                        15,
                        9,
                        16,
                        10
                    ],
                    "texture": "#tall_grass_bottom",
                    "tintindex": 0
                },
                "down": {
                    "uv": [
                        15,
                        15,
                        16,
                        16
                    ],
                    "texture": "#tall_grass_bottom",
                    "tintindex": 0,
                    "cullface": "down"
                }
            },
            "shade": false
        },
        {
            "from": [
                0,
                0,
                15
            ],
            "to": [
                1,
                7,
                16
            ],
            "faces": {
                "north": {
                    "uv": [
                        16,
                        9,
                        15,
                        16
                    ],
                    "texture": "#tall_grass_bottom",
                    "tintindex": 0
                },
                "east": {
                    "uv": [
                        15,
                        9,
                        16,
                        16
                    ],
                    "texture": "#tall_grass_bottom",
                    "tintindex": 0
                },
                "south": {
                    "uv": [
                        15,
                        9,
                        16,
                        16
                    ],
                    "texture": "#tall_grass_bottom",
                    "tintindex": 0
                },
                "west": {
                    "uv": [
                        15,
                        9,
                        16,
                        16
                    ],
                    "texture": "#tall_grass_bottom",
                    "tintindex": 0
                },
                "up": {
                    "uv": [
                        15,
                        9,
                        16,
                        10
                    ],
                    "texture": "#tall_grass_bottom",
                    "tintindex": 0
                },
                "down": {
                    "uv": [
                        15,
                        15,
                        16,
                        16
                    ],
                    "texture": "#tall_grass_bottom",
                    "tintindex": 0,
                    "cullface": "down"
                }
            },
            "shade": false
        }
    ]
}