{
    "ambientocclusion": false,
    "textures": {
        "particle": "#bubble_coral_wall_fan"
    },
    "elements": [
        {
            "from": [
                0.0001,
                7.5,
                10.164784400584788
            ],
            "to": [
                3.0001,
                8.5,
                12.164784400584788
            ],
            "faces": {
                "north": {
                    "uv": [
                        3,
                        10,
                        0,
                        11
                    ],
                    "texture": "#bubble_coral_wall_fan"
                },
                "east": {
                    "uv": [
                        0,
                        10,
                        1,
                        12
                    ],
                    "texture": "#bubble_coral_wall_fan",
                    "rotation": 90
                },
                "south": {
                    "uv": [
                        0,
                        11,
                        3,
                        12
                    ],
                    "texture": "#bubble_coral_wall_fan"
                },
                "west": {
                    "uv": [
                        2,
                        10,
                        3,
                        12
                    ],
                    "texture": "#bubble_coral_wall_fan",
                    "rotation": 270
                },
                "up": {
                    "uv": [
                        0,
                        10,
                        3,
                        12
                    ],
                    "texture": "#bubble_coral_wall_fan"
                },
                "down": {
                    "uv": [
                        0,
                        12,
                        3,
                        10
                    ],
                    "texture": "#bubble_coral_wall_fan"
                }
            },
            "shade": false,
            "rotation": {
                "origin": [
                    0,
                    7.5,
                    14
                ],
                "axis": "x",
                "angle": 22.5,
                "rescale": false
            }
        },
        {
            "from": [
                0,
                7.5,
                10.578997962957883
            ],
            "to": [
                3,
                8.5,
                12.578997962957883
            ],
            "faces": {
                "north": {
                    "uv": [
                        3,
                        10,
                        0,
                        11
                    ],
                    "texture": "#bubble_coral_wall_fan"
                },
                "east": {
                    "uv": [
                        0,
                        10,
                        1,
                        12
                    ],
                    "texture": "#bubble_coral_wall_fan",
                    "rotation": 90
                },
                "south": {
                    "uv": [
                        0,
                        11,
                        3,
                        12
                    ],
                    "texture": "#bubble_coral_wall_fan"
                },
                "west": {
                    "uv": [
                        2,
                        10,
                        3,
                        12
                    ],
                    "texture": "#bubble_coral_wall_fan",
                    "rotation": 270
                },
                "up": {
                    "uv": [
                        0,
                        10,
                        3,
                        12
                    ],
                    "texture": "#bubble_coral_wall_fan"
                },
                "down": {
                    "uv": [
                        0,
                        12,
                        3,
                        10
                    ],
                    "texture": "#bubble_coral_wall_fan"
                }
            },
            "shade": false,
            "rotation": {
                "origin": [
                    0,
                    7.5,
                    14
                ],
                "axis": "x",
                "angle": -22.5,
                "rescale": false
            }
        },
        {
            "from": [
                0.0001,
                7.5,
                13.164784400584788
            ],
            "to": [
                1.0001,
                8.5,
                14.164784400584788
            ],
            "faces": {
                "north": {
                    "uv": [
                        1,
                        13,
                        0,
                        14
                    ],
                    "texture": "#bubble_coral_wall_fan"
                },
                "east": {
                    "uv": [
                        0,
                        13,
                        1,
                        14
                    ],
                    "texture": "#bubble_coral_wall_fan",
                    "rotation": 90
                },
                "south": {
                    "uv": [
                        0,
                        13,
                        1,
                        14
                    ],
                    "texture": "#bubble_coral_wall_fan"
                },
                "west": {
                    "uv": [
                        0,
                        13,
                        1,
                        14
                    ],
                    "texture": "#bubble_coral_wall_fan",
                    "rotation": 270
                },
                "up": {
                    "uv": [
                        0,
                        13,
                        1,
                        14
                    ],
                    "texture": "#bubble_coral_wall_fan"
                },
                "down": {
                    "uv": [
                        0,
                        14,
                        1,
                        13
                    ],
                    "texture": "#bubble_coral_wall_fan"
                }
            },
            "shade": false,
            "rotation": {
                "origin": [
                    0,
                    7.5,
                    14
                ],
                "axis": "x",
                "angle": 22.5,
                "rescale": false
            }
        },
        {
            "from": [
                0,
                7.5,
                13.578997962957883
            ],
            "to": [
                1,
                8.5,
                14.578997962957883
            ],
            "faces": {
                "north": {
                    "uv": [
                        1,
                        13,
                        0,
                        14
                    ],
                    "texture": "#bubble_coral_wall_fan"
                },
                "east": {
                    "uv": [
                        0,
                        13,
                        1,
                        14
                    ],
                    "texture": "#bubble_coral_wall_fan",
                    "rotation": 90
                },
                "south": {
                    "uv": [
                        0,
                        13,
                        1,
                        14
                    ],
                    "texture": "#bubble_coral_wall_fan"
                },
                "west": {
                    "uv": [
                        0,
                        13,
                        1,
                        14
                    ],
                    "texture": "#bubble_coral_wall_fan",
                    "rotation": 270
                },
                "up": {
                    "uv": [
                        0,
                        13,
                        1,
                        14
                    ],
                    "texture": "#bubble_coral_wall_fan"
                },
                "down": {
                    "uv": [
                        0,
                        14,
                        1,
                        13
                    ],
                    "texture": "#bubble_coral_wall_fan"
                }
            },
            "shade": false,
            "rotation": {
                "origin": [
                    0,
                    7.5,
                    14
                ],
                "axis": "x",
                "angle": -22.5,
                "rescale": false
            }
        },
        {
            "from": [
                0.0001,
                7.5,
                15.164784400584788
            ],
            "to": [
                1.0001,
                8.5,
                16.16478440058479
            ],
            "faces": {
                "north": {
                    "uv": [
                        1,
                        15,
                        0,
                        16
                    ],
                    "texture": "#bubble_coral_wall_fan"
                },
                "east": {
                    "uv": [
                        0,
                        15,
                        1,
                        16
                    ],
                    "texture": "#bubble_coral_wall_fan",
                    "rotation": 90
                },
                "south": {
                    "uv": [
                        0,
                        15,
                        1,
                        16
                    ],
                    "texture": "#bubble_coral_wall_fan"
                },
                "west": {
                    "uv": [
                        0,
                        15,
                        1,
                        16
                    ],
                    "texture": "#bubble_coral_wall_fan",
                    "rotation": 270
                },
                "up": {
                    "uv": [
                        0,
                        15,
                        1,
                        16
                    ],
                    "texture": "#bubble_coral_wall_fan"
                },
                "down": {
                    "uv": [
                        0,
                        16,
                        1,
                        15
                    ],
                    "texture": "#bubble_coral_wall_fan"
                }
            },
            "shade": false,
            "rotation": {
                "origin": [
                    0,
                    7.5,
                    14
                ],
                "axis": "x",
                "angle": 22.5,
                "rescale": false
            }
        },
        {
            "from": [
                0,
                7.5,
                15.578997962957883
            ],
            "to": [
                1,
                8.5,
                16.57899796295788
            ],
            "faces": {
                "north": {
                    "uv": [
                        1,
                        15,
                        0,
                        16
                    ],
                    "texture": "#bubble_coral_wall_fan"
                },
                "east": {
                    "uv": [
                        0,
                        15,
                        1,
                        16
                    ],
                    "texture": "#bubble_coral_wall_fan",
                    "rotation": 90
                },
                "south": {
                    "uv": [
                        0,
                        15,
                        1,
                        16
                    ],
                    "texture": "#bubble_coral_wall_fan"
                },
                "west": {
                    "uv": [
                        0,
                        15,
                        1,
                        16
                    ],
                    "texture": "#bubble_coral_wall_fan",
                    "rotation": 270
                },
                "up": {
                    "uv": [
                        0,
                        15,
                        1,
                        16
                    ],
                    "texture": "#bubble_coral_wall_fan"
                },
                "down": {
                    "uv": [
                        0,
                        16,
                        1,
                        15
                    ],
                    "texture": "#bubble_coral_wall_fan"
                }
            },
            "shade": false,
            "rotation": {
                "origin": [
                    0,
                    7.5,
                    14
                ],
                "axis": "x",
                "angle": -22.5,
                "rescale": false
            }
        },
        {
            "from": [
                1.0001,
                7.5,
                9.164784400584788
            ],
            "to": [
                2.0001,
                8.5,
                10.164784400584788
            ],
            "faces": {
                "north": {
                    "uv": [
                        2,
                        9,
                        1,
                        10
                    ],
                    "texture": "#bubble_coral_wall_fan"
                },
                "east": {
                    "uv": [
                        1,
                        9,
                        2,
                        10
                    ],
                    "texture": "#bubble_coral_wall_fan",
                    "rotation": 90
                },
                "south": {
                    "uv": [
                        1,
                        9,
                        2,
                        10
                    ],
                    "texture": "#bubble_coral_wall_fan"
                },
                "west": {
                    "uv": [
                        1,
                        9,
                        2,
                        10
                    ],
                    "texture": "#bubble_coral_wall_fan",
                    "rotation": 270
                },
                "up": {
                    "uv": [
                        1,
                        9,
                        2,
                        10
                    ],
                    "texture": "#bubble_coral_wall_fan"
                },
                "down": {
                    "uv": [
                        1,
                        10,
                        2,
                        9
                    ],
                    "texture": "#bubble_coral_wall_fan"
                }
            },
            "shade": false,
            "rotation": {
                "origin": [
                    0,
                    7.5,
                    14
                ],
                "axis": "x",
                "angle": 22.5,
                "rescale": false
            }
        },
        {
            "from": [
                1,
                7.5,
                9.578997962957883
            ],
            "to": [
                2,
                8.5,
                10.578997962957883
            ],
            "faces": {
                "north": {
                    "uv": [
                        2,
                        9,
                        1,
                        10
                    ],
                    "texture": "#bubble_coral_wall_fan"
                },
                "east": {
                    "uv": [
                        1,
                        9,
                        2,
                        10
                    ],
                    "texture": "#bubble_coral_wall_fan",
                    "rotation": 90
                },
                "south": {
                    "uv": [
                        1,
                        9,
                        2,
                        10
                    ],
                    "texture": "#bubble_coral_wall_fan"
                },
                "west": {
                    "uv": [
                        1,
                        9,
                        2,
                        10
                    ],
                    "texture": "#bubble_coral_wall_fan",
                    "rotation": 270
                },
                "up": {
                    "uv": [
                        1,
                        9,
                        2,
                        10
                    ],
                    "texture": "#bubble_coral_wall_fan"
                },
                "down": {
                    "uv": [
                        1,
                        10,
                        2,
                        9
                    ],
                    "texture": "#bubble_coral_wall_fan"
                }
            },
            "shade": false,
            "rotation": {
                "origin": [
                    0,
                    7.5,
                    14
                ],
                "axis": "x",
                "angle": -22.5,
                "rescale": false
            }
        },
        {
            "from": [
                1.0001,
                7.5,
                12.164784400584788
            ],
            "to": [
                9.0001,
                8.5,
                13.164784400584788
            ],
            "faces": {
                "north": {
                    "uv": [
                        9,
                        12,
                        1,
                        13
                    ],
                    "texture": "#bubble_coral_wall_fan"
                },
                "east": {
                    "uv": [
                        1,
                        12,
                        2,
                        13
                    ],
                    "texture": "#bubble_coral_wall_fan",
                    "rotation": 90
                },
                "south": {
                    "uv": [
                        1,
                        12,
                        9,
                        13
                    ],
                    "texture": "#bubble_coral_wall_fan"
                },
                "west": {
                    "uv": [
                        8,
                        12,
                        9,
                        13
                    ],
                    "texture": "#bubble_coral_wall_fan",
                    "rotation": 270
                },
                "up": {
                    "uv": [
                        1,
                        12,
                        9,
                        13
                    ],
                    "texture": "#bubble_coral_wall_fan"
                },
                "down": {
                    "uv": [
                        1,
                        13,
                        9,
                        12
                    ],
                    "texture": "#bubble_coral_wall_fan"
                }
            },
            "shade": false,
            "rotation": {
                "origin": [
                    0,
                    7.5,
                    14
                ],
                "axis": "x",
                "angle": 22.5,
                "rescale": false
            }
        },
        {
            "from": [
                1,
                7.5,
                12.578997962957883
            ],
            "to": [
                9,
                8.5,
                13.578997962957883
            ],
            "faces": {
                "north": {
                    "uv": [
                        9,
                        12,
                        1,
                        13
                    ],
                    "texture": "#bubble_coral_wall_fan"
                },
                "east": {
                    "uv": [
                        1,
                        12,
                        2,
                        13
                    ],
                    "texture": "#bubble_coral_wall_fan",
                    "rotation": 90
                },
                "south": {
                    "uv": [
                        1,
                        12,
                        9,
                        13
                    ],
                    "texture": "#bubble_coral_wall_fan"
                },
                "west": {
                    "uv": [
                        8,
                        12,
                        9,
                        13
                    ],
                    "texture": "#bubble_coral_wall_fan",
                    "rotation": 270
                },
                "up": {
                    "uv": [
                        1,
                        12,
                        9,
                        13
                    ],
                    "texture": "#bubble_coral_wall_fan"
                },
                "down": {
                    "uv": [
                        1,
                        13,
                        9,
                        12
                    ],
                    "texture": "#bubble_coral_wall_fan"
                }
            },
            "shade": false,
            "rotation": {
                "origin": [
                    0,
                    7.5,
                    14
                ],
                "axis": "x",
                "angle": -22.5,
                "rescale": false
            }
        },
        {
            "from": [
                1.0001,
                7.5,
                13.164784400584788
            ],
            "to": [
                15.0001,
                8.5,
                16.16478440058479
            ],
            "faces": {
                "north": {
                    "uv": [
                        15,
                        13,
                        1,
                        14
                    ],
                    "texture": "#bubble_coral_wall_fan"
                },
                "east": {
                    "uv": [
                        1,
                        13,
                        2,
                        16
                    ],
                    "texture": "#bubble_coral_wall_fan",
                    "rotation": 90
                },
                "south": {
                    "uv": [
                        1,
                        15,
                        15,
                        16
                    ],
                    "texture": "#bubble_coral_wall_fan"
                },
                "west": {
                    "uv": [
                        14,
                        13,
                        15,
                        16
                    ],
                    "texture": "#bubble_coral_wall_fan",
                    "rotation": 270
                },
                "up": {
                    "uv": [
                        1,
                        13,
                        15,
                        16
                    ],
                    "texture": "#bubble_coral_wall_fan"
                },
                "down": {
                    "uv": [
                        1,
                        16,
                        15,
                        13
                    ],
                    "texture": "#bubble_coral_wall_fan"
                }
            },
            "shade": false,
            "rotation": {
                "origin": [
                    0,
                    7.5,
                    14
                ],
                "axis": "x",
                "angle": 22.5,
                "rescale": false
            }
        },
        {
            "from": [
                1,
                7.5,
                13.578997962957883
            ],
            "to": [
                15,
                8.5,
                16.57899796295788
            ],
            "faces": {
                "north": {
                    "uv": [
                        15,
                        13,
                        1,
                        14
                    ],
                    "texture": "#bubble_coral_wall_fan"
                },
                "east": {
                    "uv": [
                        1,
                        13,
                        2,
                        16
                    ],
                    "texture": "#bubble_coral_wall_fan",
                    "rotation": 90
                },
                "south": {
                    "uv": [
                        1,
                        15,
                        15,
                        16
                    ],
                    "texture": "#bubble_coral_wall_fan"
                },
                "west": {
                    "uv": [
                        14,
                        13,
                        15,
                        16
                    ],
                    "texture": "#bubble_coral_wall_fan",
                    "rotation": 270
                },
                "up": {
                    "uv": [
                        1,
                        13,
                        15,
                        16
                    ],
                    "texture": "#bubble_coral_wall_fan"
                },
                "down": {
                    "uv": [
                        1,
                        16,
                        15,
                        13
                    ],
                    "texture": "#bubble_coral_wall_fan"
                }
            },
            "shade": false,
            "rotation": {
                "origin": [
                    0,
                    7.5,
                    14
                ],
                "axis": "x",
                "angle": -22.5,
                "rescale": false
            }
        },
        {
            "from": [
                3.0001,
                7.5,
                7.164784400584788
            ],
            "to": [
                5.0001,
                8.5,
                8.164784400584788
            ],
            "faces": {
                "north": {
                    "uv": [
                        5,
                        7,
                        3,
                        8
                    ],
                    "texture": "#bubble_coral_wall_fan"
                },
                "east": {
                    "uv": [
                        3,
                        7,
                        4,
                        8
                    ],
                    "texture": "#bubble_coral_wall_fan",
                    "rotation": 90
                },
                "south": {
                    "uv": [
                        3,
                        7,
                        5,
                        8
                    ],
                    "texture": "#bubble_coral_wall_fan"
                },
                "west": {
                    "uv": [
                        4,
                        7,
                        5,
                        8
                    ],
                    "texture": "#bubble_coral_wall_fan",
                    "rotation": 270
                },
                "up": {
                    "uv": [
                        3,
                        7,
                        5,
                        8
                    ],
                    "texture": "#bubble_coral_wall_fan"
                },
                "down": {
                    "uv": [
                        3,
                        8,
                        5,
                        7
                    ],
                    "texture": "#bubble_coral_wall_fan"
                }
            },
            "shade": false,
            "rotation": {
                "origin": [
                    0,
                    7.5,
                    14
                ],
                "axis": "x",
                "angle": 22.5,
                "rescale": false
            }
        },
        {
            "from": [
                3,
                7.5,
                7.578997962957883
            ],
            "to": [
                5,
                8.5,
                8.578997962957883
            ],
            "faces": {
                "north": {
                    "uv": [
                        5,
                        7,
                        3,
                        8
                    ],
                    "texture": "#bubble_coral_wall_fan"
                },
                "east": {
                    "uv": [
                        3,
                        7,
                        4,
                        8
                    ],
                    "texture": "#bubble_coral_wall_fan",
                    "rotation": 90
                },
                "south": {
                    "uv": [
                        3,
                        7,
                        5,
                        8
                    ],
                    "texture": "#bubble_coral_wall_fan"
                },
                "west": {
                    "uv": [
                        4,
                        7,
                        5,
                        8
                    ],
                    "texture": "#bubble_coral_wall_fan",
                    "rotation": 270
                },
                "up": {
                    "uv": [
                        3,
                        7,
                        5,
                        8
                    ],
                    "texture": "#bubble_coral_wall_fan"
                },
                "down": {
                    "uv": [
                        3,
                        8,
                        5,
                        7
                    ],
                    "texture": "#bubble_coral_wall_fan"
                }
            },
            "shade": false,
            "rotation": {
                "origin": [
                    0,
                    7.5,
                    14
                ],
                "axis": "x",
                "angle": -22.5,
                "rescale": false
            }
        },
        {
            "from": [
                3.0001,
                7.5,
                8.164784400584788
            ],
            "to": [
                6.0001,
                8.5,
                10.164784400584788
            ],
            "faces": {
                "north": {
                    "uv": [
                        6,
                        8,
                        3,
                        9
                    ],
                    "texture": "#bubble_coral_wall_fan"
                },
                "east": {
                    "uv": [
                        3,
                        8,
                        4,
                        10
                    ],
                    "texture": "#bubble_coral_wall_fan",
                    "rotation": 90
                },
                "south": {
                    "uv": [
                        3,
                        9,
                        6,
                        10
                    ],
                    "texture": "#bubble_coral_wall_fan"
                },
                "west": {
                    "uv": [
                        5,
                        8,
                        6,
                        10
                    ],
                    "texture": "#bubble_coral_wall_fan",
                    "rotation": 270
                },
                "up": {
                    "uv": [
                        3,
                        8,
                        6,
                        10
                    ],
                    "texture": "#bubble_coral_wall_fan"
                },
                "down": {
                    "uv": [
                        3,
                        10,
                        6,
                        8
                    ],
                    "texture": "#bubble_coral_wall_fan"
                }
            },
            "shade": false,
            "rotation": {
                "origin": [
                    0,
                    7.5,
                    14
                ],
                "axis": "x",
                "angle": 22.5,
                "rescale": false
            }
        },
        {
            "from": [
                3,
                7.5,
                8.578997962957883
            ],
            "to": [
                6,
                8.5,
                10.578997962957883
            ],
            "faces": {
                "north": {
                    "uv": [
                        6,
                        8,
                        3,
                        9
                    ],
                    "texture": "#bubble_coral_wall_fan"
                },
                "east": {
                    "uv": [
                        3,
                        8,
                        4,
                        10
                    ],
                    "texture": "#bubble_coral_wall_fan",
                    "rotation": 90
                },
                "south": {
                    "uv": [
                        3,
                        9,
                        6,
                        10
                    ],
                    "texture": "#bubble_coral_wall_fan"
                },
                "west": {
                    "uv": [
                        5,
                        8,
                        6,
                        10
                    ],
                    "texture": "#bubble_coral_wall_fan",
                    "rotation": 270
                },
                "up": {
                    "uv": [
                        3,
                        8,
                        6,
                        10
                    ],
                    "texture": "#bubble_coral_wall_fan"
                },
                "down": {
                    "uv": [
                        3,
                        10,
                        6,
                        8
                    ],
                    "texture": "#bubble_coral_wall_fan"
                }
            },
            "shade": false,
            "rotation": {
                "origin": [
                    0,
                    7.5,
                    14
                ],
                "axis": "x",
                "angle": -22.5,
                "rescale": false
            }
        },
        {
            "from": [
                3.0001,
                7.5,
                11.164784400584788
            ],
            "to": [
                4.0001,
                8.5,
                12.164784400584788
            ],
            "faces": {
                "north": {
                    "uv": [
                        4,
                        11,
                        3,
                        12
                    ],
                    "texture": "#bubble_coral_wall_fan"
                },
                "east": {
                    "uv": [
                        3,
                        11,
                        4,
                        12
                    ],
                    "texture": "#bubble_coral_wall_fan",
                    "rotation": 90
                },
                "south": {
                    "uv": [
                        3,
                        11,
                        4,
                        12
                    ],
                    "texture": "#bubble_coral_wall_fan"
                },
                "west": {
                    "uv": [
                        3,
                        11,
                        4,
                        12
                    ],
                    "texture": "#bubble_coral_wall_fan",
                    "rotation": 270
                },
                "up": {
                    "uv": [
                        3,
                        11,
                        4,
                        12
                    ],
                    "texture": "#bubble_coral_wall_fan"
                },
                "down": {
                    "uv": [
                        3,
                        12,
                        4,
                        11
                    ],
                    "texture": "#bubble_coral_wall_fan"
                }
            },
            "shade": false,
            "rotation": {
                "origin": [
                    0,
                    7.5,
                    14
                ],
                "axis": "x",
                "angle": 22.5,
                "rescale": false
            }
        },
        {
            "from": [
                3,
                7.5,
                11.578997962957883
            ],
            "to": [
                4,
                8.5,
                12.578997962957883
            ],
            "faces": {
                "north": {
                    "uv": [
                        4,
                        11,
                        3,
                        12
                    ],
                    "texture": "#bubble_coral_wall_fan"
                },
                "east": {
                    "uv": [
                        3,
                        11,
                        4,
                        12
                    ],
                    "texture": "#bubble_coral_wall_fan",
                    "rotation": 90
                },
                "south": {
                    "uv": [
                        3,
                        11,
                        4,
                        12
                    ],
                    "texture": "#bubble_coral_wall_fan"
                },
                "west": {
                    "uv": [
                        3,
                        11,
                        4,
                        12
                    ],
                    "texture": "#bubble_coral_wall_fan",
                    "rotation": 270
                },
                "up": {
                    "uv": [
                        3,
                        11,
                        4,
                        12
                    ],
                    "texture": "#bubble_coral_wall_fan"
                },
                "down": {
                    "uv": [
                        3,
                        12,
                        4,
                        11
                    ],
                    "texture": "#bubble_coral_wall_fan"
                }
            },
            "shade": false,
            "rotation": {
                "origin": [
                    0,
                    7.5,
                    14
                ],
                "axis": "x",
                "angle": -22.5,
                "rescale": false
            }
        },
        {
            "from": [
                4.0001,
                7.5,
                6.164784400584788
            ],
            "to": [
                5.0001,
                8.5,
                7.164784400584788
            ],
            "faces": {
                "north": {
                    "uv": [
                        5,
                        6,
                        4,
                        7
                    ],
                    "texture": "#bubble_coral_wall_fan"
                },
                "east": {
                    "uv": [
                        4,
                        6,
                        5,
                        7
                    ],
                    "texture": "#bubble_coral_wall_fan",
                    "rotation": 90
                },
                "south": {
                    "uv": [
                        4,
                        6,
                        5,
                        7
                    ],
                    "texture": "#bubble_coral_wall_fan"
                },
                "west": {
                    "uv": [
                        4,
                        6,
                        5,
                        7
                    ],
                    "texture": "#bubble_coral_wall_fan",
                    "rotation": 270
                },
                "up": {
                    "uv": [
                        4,
                        6,
                        5,
                        7
                    ],
                    "texture": "#bubble_coral_wall_fan"
                },
                "down": {
                    "uv": [
                        4,
                        7,
                        5,
                        6
                    ],
                    "texture": "#bubble_coral_wall_fan"
                }
            },
            "shade": false,
            "rotation": {
                "origin": [
                    0,
                    7.5,
                    14
                ],
                "axis": "x",
                "angle": 22.5,
                "rescale": false
            }
        },
        {
            "from": [
                4,
                7.5,
                6.578997962957883
            ],
            "to": [
                5,
                8.5,
                7.578997962957883
            ],
            "faces": {
                "north": {
                    "uv": [
                        5,
                        6,
                        4,
                        7
                    ],
                    "texture": "#bubble_coral_wall_fan"
                },
                "east": {
                    "uv": [
                        4,
                        6,
                        5,
                        7
                    ],
                    "texture": "#bubble_coral_wall_fan",
                    "rotation": 90
                },
                "south": {
                    "uv": [
                        4,
                        6,
                        5,
                        7
                    ],
                    "texture": "#bubble_coral_wall_fan"
                },
                "west": {
                    "uv": [
                        4,
                        6,
                        5,
                        7
                    ],
                    "texture": "#bubble_coral_wall_fan",
                    "rotation": 270
                },
                "up": {
                    "uv": [
                        4,
                        6,
                        5,
                        7
                    ],
                    "texture": "#bubble_coral_wall_fan"
                },
                "down": {
                    "uv": [
                        4,
                        7,
                        5,
                        6
                    ],
                    "texture": "#bubble_coral_wall_fan"
                }
            },
            "shade": false,
            "rotation": {
                "origin": [
                    0,
                    7.5,
                    14
                ],
                "axis": "x",
                "angle": -22.5,
                "rescale": false
            }
        },
        {
            "from": [
                4.0001,
                7.5,
                10.164784400584788
            ],
            "to": [
                5.0001,
                8.5,
                11.164784400584788
            ],
            "faces": {
                "north": {
                    "uv": [
                        5,
                        10,
                        4,
                        11
                    ],
                    "texture": "#bubble_coral_wall_fan"
                },
                "east": {
                    "uv": [
                        4,
                        10,
                        5,
                        11
                    ],
                    "texture": "#bubble_coral_wall_fan",
                    "rotation": 90
                },
                "south": {
                    "uv": [
                        4,
                        10,
                        5,
                        11
                    ],
                    "texture": "#bubble_coral_wall_fan"
                },
                "west": {
                    "uv": [
                        4,
                        10,
                        5,
                        11
                    ],
                    "texture": "#bubble_coral_wall_fan",
                    "rotation": 270
                },
                "up": {
                    "uv": [
                        4,
                        10,
                        5,
                        11
                    ],
                    "texture": "#bubble_coral_wall_fan"
                },
                "down": {
                    "uv": [
                        4,
                        11,
                        5,
                        10
                    ],
                    "texture": "#bubble_coral_wall_fan"
                }
            },
            "shade": false,
            "rotation": {
                "origin": [
                    0,
                    7.5,
                    14
                ],
                "axis": "x",
                "angle": 22.5,
                "rescale": false
            }
        },
        {
            "from": [
                4,
                7.5,
                10.578997962957883
            ],
            "to": [
                5,
                8.5,
                11.578997962957883
            ],
            "faces": {
                "north": {
                    "uv": [
                        5,
                        10,
                        4,
                        11
                    ],
                    "texture": "#bubble_coral_wall_fan"
                },
                "east": {
                    "uv": [
                        4,
                        10,
                        5,
                        11
                    ],
                    "texture": "#bubble_coral_wall_fan",
                    "rotation": 90
                },
                "south": {
                    "uv": [
                        4,
                        10,
                        5,
                        11
                    ],
                    "texture": "#bubble_coral_wall_fan"
                },
                "west": {
                    "uv": [
                        4,
                        10,
                        5,
                        11
                    ],
                    "texture": "#bubble_coral_wall_fan",
                    "rotation": 270
                },
                "up": {
                    "uv": [
                        4,
                        10,
                        5,
                        11
                    ],
                    "texture": "#bubble_coral_wall_fan"
                },
                "down": {
                    "uv": [
                        4,
                        11,
                        5,
                        10
                    ],
                    "texture": "#bubble_coral_wall_fan"
                }
            },
            "shade": false,
            "rotation": {
                "origin": [
                    0,
                    7.5,
                    14
                ],
                "axis": "x",
                "angle": -22.5,
                "rescale": false
            }
        },
        {
            "from": [
                5.0001,
                7.5,
                10.164784400584788
            ],
            "to": [
                10.0001,
                8.5,
                12.164784400584788
            ],
            "faces": {
                "north": {
                    "uv": [
                        10,
                        10,
                        5,
                        11
                    ],
                    "texture": "#bubble_coral_wall_fan"
                },
                "east": {
                    "uv": [
                        5,
                        10,
                        6,
                        12
                    ],
                    "texture": "#bubble_coral_wall_fan",
                    "rotation": 90
                },
                "south": {
                    "uv": [
                        5,
                        11,
                        10,
                        12
                    ],
                    "texture": "#bubble_coral_wall_fan"
                },
                "west": {
                    "uv": [
                        9,
                        10,
                        10,
                        12
                    ],
                    "texture": "#bubble_coral_wall_fan",
                    "rotation": 270
                },
                "up": {
                    "uv": [
                        5,
                        10,
                        10,
                        12
                    ],
                    "texture": "#bubble_coral_wall_fan"
                },
                "down": {
                    "uv": [
                        5,
                        12,
                        10,
                        10
                    ],
                    "texture": "#bubble_coral_wall_fan"
                }
            },
            "shade": false,
            "rotation": {
                "origin": [
                    0,
                    7.5,
                    14
                ],
                "axis": "x",
                "angle": 22.5,
                "rescale": false
            }
        },
        {
            "from": [
                5,
                7.5,
                10.578997962957883
            ],
            "to": [
                10,
                8.5,
                12.578997962957883
            ],
            "faces": {
                "north": {
                    "uv": [
                        10,
                        10,
                        5,
                        11
                    ],
                    "texture": "#bubble_coral_wall_fan"
                },
                "east": {
                    "uv": [
                        5,
                        10,
                        6,
                        12
                    ],
                    "texture": "#bubble_coral_wall_fan",
                    "rotation": 90
                },
                "south": {
                    "uv": [
                        5,
                        11,
                        10,
                        12
                    ],
                    "texture": "#bubble_coral_wall_fan"
                },
                "west": {
                    "uv": [
                        9,
                        10,
                        10,
                        12
                    ],
                    "texture": "#bubble_coral_wall_fan",
                    "rotation": 270
                },
                "up": {
                    "uv": [
                        5,
                        10,
                        10,
                        12
                    ],
                    "texture": "#bubble_coral_wall_fan"
                },
                "down": {
                    "uv": [
                        5,
                        12,
                        10,
                        10
                    ],
                    "texture": "#bubble_coral_wall_fan"
                }
            },
            "shade": false,
            "rotation": {
                "origin": [
                    0,
                    7.5,
                    14
                ],
                "axis": "x",
                "angle": -22.5,
                "rescale": false
            }
        },
        {
            "from": [
                6.0001,
                7.5,
                9.164784400584788
            ],
            "to": [
                7.0001,
                8.5,
                10.164784400584788
            ],
            "faces": {
                "north": {
                    "uv": [
                        7,
                        9,
                        6,
                        10
                    ],
                    "texture": "#bubble_coral_wall_fan"
                },
                "east": {
                    "uv": [
                        6,
                        9,
                        7,
                        10
                    ],
                    "texture": "#bubble_coral_wall_fan",
                    "rotation": 90
                },
                "south": {
                    "uv": [
                        6,
                        9,
                        7,
                        10
                    ],
                    "texture": "#bubble_coral_wall_fan"
                },
                "west": {
                    "uv": [
                        6,
                        9,
                        7,
                        10
                    ],
                    "texture": "#bubble_coral_wall_fan",
                    "rotation": 270
                },
                "up": {
                    "uv": [
                        6,
                        9,
                        7,
                        10
                    ],
                    "texture": "#bubble_coral_wall_fan"
                },
                "down": {
                    "uv": [
                        6,
                        10,
                        7,
                        9
                    ],
                    "texture": "#bubble_coral_wall_fan"
                }
            },
            "shade": false,
            "rotation": {
                "origin": [
                    0,
                    7.5,
                    14
                ],
                "axis": "x",
                "angle": 22.5,
                "rescale": false
            }
        },
        {
            "from": [
                6,
                7.5,
                9.578997962957883
            ],
            "to": [
                7,
                8.5,
                10.578997962957883
            ],
            "faces": {
                "north": {
                    "uv": [
                        7,
                        9,
                        6,
                        10
                    ],
                    "texture": "#bubble_coral_wall_fan"
                },
                "east": {
                    "uv": [
                        6,
                        9,
                        7,
                        10
                    ],
                    "texture": "#bubble_coral_wall_fan",
                    "rotation": 90
                },
                "south": {
                    "uv": [
                        6,
                        9,
                        7,
                        10
                    ],
                    "texture": "#bubble_coral_wall_fan"
                },
                "west": {
                    "uv": [
                        6,
                        9,
                        7,
                        10
                    ],
                    "texture": "#bubble_coral_wall_fan",
                    "rotation": 270
                },
                "up": {
                    "uv": [
                        6,
                        9,
                        7,
                        10
                    ],
                    "texture": "#bubble_coral_wall_fan"
                },
                "down": {
                    "uv": [
                        6,
                        10,
                        7,
                        9
                    ],
                    "texture": "#bubble_coral_wall_fan"
                }
            },
            "shade": false,
            "rotation": {
                "origin": [
                    0,
                    7.5,
                    14
                ],
                "axis": "x",
                "angle": -22.5,
                "rescale": false
            }
        },
        {
            "from": [
                7.0001,
                7.5,
                7.164784400584788
            ],
            "to": [
                8.0001,
                8.5,
                9.164784400584788
            ],
            "faces": {
                "north": {
                    "uv": [
                        8,
                        7,
                        7,
                        8
                    ],
                    "texture": "#bubble_coral_wall_fan"
                },
                "east": {
                    "uv": [
                        7,
                        7,
                        8,
                        9
                    ],
                    "texture": "#bubble_coral_wall_fan",
                    "rotation": 90
                },
                "south": {
                    "uv": [
                        7,
                        8,
                        8,
                        9
                    ],
                    "texture": "#bubble_coral_wall_fan"
                },
                "west": {
                    "uv": [
                        7,
                        7,
                        8,
                        9
                    ],
                    "texture": "#bubble_coral_wall_fan",
                    "rotation": 270
                },
                "up": {
                    "uv": [
                        7,
                        7,
                        8,
                        9
                    ],
                    "texture": "#bubble_coral_wall_fan"
                },
                "down": {
                    "uv": [
                        7,
                        9,
                        8,
                        7
                    ],
                    "texture": "#bubble_coral_wall_fan"
                }
            },
            "shade": false,
            "rotation": {
                "origin": [
                    0,
                    7.5,
                    14
                ],
                "axis": "x",
                "angle": 22.5,
                "rescale": false
            }
        },
        {
            "from": [
                7,
                7.5,
                7.578997962957883
            ],
            "to": [
                8,
                8.5,
                9.578997962957883
            ],
            "faces": {
                "north": {
                    "uv": [
                        8,
                        7,
                        7,
                        8
                    ],
                    "texture": "#bubble_coral_wall_fan"
                },
                "east": {
                    "uv": [
                        7,
                        7,
                        8,
                        9
                    ],
                    "texture": "#bubble_coral_wall_fan",
                    "rotation": 90
                },
                "south": {
                    "uv": [
                        7,
                        8,
                        8,
                        9
                    ],
                    "texture": "#bubble_coral_wall_fan"
                },
                "west": {
                    "uv": [
                        7,
                        7,
                        8,
                        9
                    ],
                    "texture": "#bubble_coral_wall_fan",
                    "rotation": 270
                },
                "up": {
                    "uv": [
                        7,
                        7,
                        8,
                        9
                    ],
                    "texture": "#bubble_coral_wall_fan"
                },
                "down": {
                    "uv": [
                        7,
                        9,
                        8,
                        7
                    ],
                    "texture": "#bubble_coral_wall_fan"
                }
            },
            "shade": false,
            "rotation": {
                "origin": [
                    0,
                    7.5,
                    14
                ],
                "axis": "x",
                "angle": -22.5,
                "rescale": false
            }
        },
        {
            "from": [
                8.0001,
                7.5,
                8.164784400584788
            ],
            "to": [
                11.0001,
                8.5,
                10.164784400584788
            ],
            "faces": {
                "north": {
                    "uv": [
                        11,
                        8,
                        8,
                        9
                    ],
                    "texture": "#bubble_coral_wall_fan"
                },
                "east": {
                    "uv": [
                        8,
                        8,
                        9,
                        10
                    ],
                    "texture": "#bubble_coral_wall_fan",
                    "rotation": 90
                },
                "south": {
                    "uv": [
                        8,
                        9,
                        11,
                        10
                    ],
                    "texture": "#bubble_coral_wall_fan"
                },
                "west": {
                    "uv": [
                        10,
                        8,
                        11,
                        10
                    ],
                    "texture": "#bubble_coral_wall_fan",
                    "rotation": 270
                },
                "up": {
                    "uv": [
                        8,
                        8,
                        11,
                        10
                    ],
                    "texture": "#bubble_coral_wall_fan"
                },
                "down": {
                    "uv": [
                        8,
                        10,
                        11,
                        8
                    ],
                    "texture": "#bubble_coral_wall_fan"
                }
            },
            "shade": false,
            "rotation": {
                "origin": [
                    0,
                    7.5,
                    14
                ],
                "axis": "x",
                "angle": 22.5,
                "rescale": false
            }
        },
        {
            "from": [
                8,
                7.5,
                8.578997962957883
            ],
            "to": [
                11,
                8.5,
                10.578997962957883
            ],
            "faces": {
                "north": {
                    "uv": [
                        11,
                        8,
                        8,
                        9
                    ],
                    "texture": "#bubble_coral_wall_fan"
                },
                "east": {
                    "uv": [
                        8,
                        8,
                        9,
                        10
                    ],
                    "texture": "#bubble_coral_wall_fan",
                    "rotation": 90
                },
                "south": {
                    "uv": [
                        8,
                        9,
                        11,
                        10
                    ],
                    "texture": "#bubble_coral_wall_fan"
                },
                "west": {
                    "uv": [
                        10,
                        8,
                        11,
                        10
                    ],
                    "texture": "#bubble_coral_wall_fan",
                    "rotation": 270
                },
                "up": {
                    "uv": [
                        8,
                        8,
                        11,
                        10
                    ],
                    "texture": "#bubble_coral_wall_fan"
                },
                "down": {
                    "uv": [
                        8,
                        10,
                        11,
                        8
                    ],
                    "texture": "#bubble_coral_wall_fan"
                }
            },
            "shade": false,
            "rotation": {
                "origin": [
                    0,
                    7.5,
                    14
                ],
                "axis": "x",
                "angle": -22.5,
                "rescale": false
            }
        },
        {
            "from": [
                9.0001,
                7.5,
                6.164784400584788
            ],
            "to": [
                11.0001,
                8.5,
                8.164784400584788
            ],
            "faces": {
                "north": {
                    "uv": [
                        11,
                        6,
                        9,
                        7
                    ],
                    "texture": "#bubble_coral_wall_fan"
                },
                "east": {
                    "uv": [
                        9,
                        6,
                        10,
                        8
                    ],
                    "texture": "#bubble_coral_wall_fan",
                    "rotation": 90
                },
                "south": {
                    "uv": [
                        9,
                        7,
                        11,
                        8
                    ],
                    "texture": "#bubble_coral_wall_fan"
                },
                "west": {
                    "uv": [
                        10,
                        6,
                        11,
                        8
                    ],
                    "texture": "#bubble_coral_wall_fan",
                    "rotation": 270
                },
                "up": {
                    "uv": [
                        9,
                        6,
                        11,
                        8
                    ],
                    "texture": "#bubble_coral_wall_fan"
                },
                "down": {
                    "uv": [
                        9,
                        8,
                        11,
                        6
                    ],
                    "texture": "#bubble_coral_wall_fan"
                }
            },
            "shade": false,
            "rotation": {
                "origin": [
                    0,
                    7.5,
                    14
                ],
                "axis": "x",
                "angle": 22.5,
                "rescale": false
            }
        },
        {
            "from": [
                9,
                7.5,
                6.578997962957883
            ],
            "to": [
                11,
                8.5,
                8.578997962957883
            ],
            "faces": {
                "north": {
                    "uv": [
                        11,
                        6,
                        9,
                        7
                    ],
                    "texture": "#bubble_coral_wall_fan"
                },
                "east": {
                    "uv": [
                        9,
                        6,
                        10,
                        8
                    ],
                    "texture": "#bubble_coral_wall_fan",
                    "rotation": 90
                },
                "south": {
                    "uv": [
                        9,
                        7,
                        11,
                        8
                    ],
                    "texture": "#bubble_coral_wall_fan"
                },
                "west": {
                    "uv": [
                        10,
                        6,
                        11,
                        8
                    ],
                    "texture": "#bubble_coral_wall_fan",
                    "rotation": 270
                },
                "up": {
                    "uv": [
                        9,
                        6,
                        11,
                        8
                    ],
                    "texture": "#bubble_coral_wall_fan"
                },
                "down": {
                    "uv": [
                        9,
                        8,
                        11,
                        6
                    ],
                    "texture": "#bubble_coral_wall_fan"
                }
            },
            "shade": false,
            "rotation": {
                "origin": [
                    0,
                    7.5,
                    14
                ],
                "axis": "x",
                "angle": -22.5,
                "rescale": false
            }
        },
        {
            "from": [
                10.0001,
                7.5,
                12.164784400584788
            ],
            "to": [
                15.0001,
                8.5,
                13.164784400584788
            ],
            "faces": {
                "north": {
                    "uv": [
                        15,
                        12,
                        10,
                        13
                    ],
                    "texture": "#bubble_coral_wall_fan"
                },
                "east": {
                    "uv": [
                        10,
                        12,
                        11,
                        13
                    ],
                    "texture": "#bubble_coral_wall_fan",
                    "rotation": 90
                },
                "south": {
                    "uv": [
                        10,
                        12,
                        15,
                        13
                    ],
                    "texture": "#bubble_coral_wall_fan"
                },
                "west": {
                    "uv": [
                        14,
                        12,
                        15,
                        13
                    ],
                    "texture": "#bubble_coral_wall_fan",
                    "rotation": 270
                },
                "up": {
                    "uv": [
                        10,
                        12,
                        15,
                        13
                    ],
                    "texture": "#bubble_coral_wall_fan"
                },
                "down": {
                    "uv": [
                        10,
                        13,
                        15,
                        12
                    ],
                    "texture": "#bubble_coral_wall_fan"
                }
            },
            "shade": false,
            "rotation": {
                "origin": [
                    0,
                    7.5,
                    14
                ],
                "axis": "x",
                "angle": 22.5,
                "rescale": false
            }
        },
        {
            "from": [
                10,
                7.5,
                12.578997962957883
            ],
            "to": [
                15,
                8.5,
                13.578997962957883
            ],
            "faces": {
                "north": {
                    "uv": [
                        15,
                        12,
                        10,
                        13
                    ],
                    "texture": "#bubble_coral_wall_fan"
                },
                "east": {
                    "uv": [
                        10,
                        12,
                        11,
                        13
                    ],
                    "texture": "#bubble_coral_wall_fan",
                    "rotation": 90
                },
                "south": {
                    "uv": [
                        10,
                        12,
                        15,
                        13
                    ],
                    "texture": "#bubble_coral_wall_fan"
                },
                "west": {
                    "uv": [
                        14,
                        12,
                        15,
                        13
                    ],
                    "texture": "#bubble_coral_wall_fan",
                    "rotation": 270
                },
                "up": {
                    "uv": [
                        10,
                        12,
                        15,
                        13
                    ],
                    "texture": "#bubble_coral_wall_fan"
                },
                "down": {
                    "uv": [
                        10,
                        13,
                        15,
                        12
                    ],
                    "texture": "#bubble_coral_wall_fan"
                }
            },
            "shade": false,
            "rotation": {
                "origin": [
                    0,
                    7.5,
                    14
                ],
                "axis": "x",
                "angle": -22.5,
                "rescale": false
            }
        },
        {
            "from": [
                11.0001,
                7.5,
                10.164784400584788
            ],
            "to": [
                13.0001,
                8.5,
                12.164784400584788
            ],
            "faces": {
                "north": {
                    "uv": [
                        13,
                        10,
                        11,
                        11
                    ],
                    "texture": "#bubble_coral_wall_fan"
                },
                "east": {
                    "uv": [
                        11,
                        10,
                        12,
                        12
                    ],
                    "texture": "#bubble_coral_wall_fan",
                    "rotation": 90
                },
                "south": {
                    "uv": [
                        11,
                        11,
                        13,
                        12
                    ],
                    "texture": "#bubble_coral_wall_fan"
                },
                "west": {
                    "uv": [
                        12,
                        10,
                        13,
                        12
                    ],
                    "texture": "#bubble_coral_wall_fan",
                    "rotation": 270
                },
                "up": {
                    "uv": [
                        11,
                        10,
                        13,
                        12
                    ],
                    "texture": "#bubble_coral_wall_fan"
                },
                "down": {
                    "uv": [
                        11,
                        12,
                        13,
                        10
                    ],
                    "texture": "#bubble_coral_wall_fan"
                }
            },
            "shade": false,
            "rotation": {
                "origin": [
                    0,
                    7.5,
                    14
                ],
                "axis": "x",
                "angle": 22.5,
                "rescale": false
            }
        },
        {
            "from": [
                11,
                7.5,
                10.578997962957883
            ],
            "to": [
                13,
                8.5,
                12.578997962957883
            ],
            "faces": {
                "north": {
                    "uv": [
                        13,
                        10,
                        11,
                        11
                    ],
                    "texture": "#bubble_coral_wall_fan"
                },
                "east": {
                    "uv": [
                        11,
                        10,
                        12,
                        12
                    ],
                    "texture": "#bubble_coral_wall_fan",
                    "rotation": 90
                },
                "south": {
                    "uv": [
                        11,
                        11,
                        13,
                        12
                    ],
                    "texture": "#bubble_coral_wall_fan"
                },
                "west": {
                    "uv": [
                        12,
                        10,
                        13,
                        12
                    ],
                    "texture": "#bubble_coral_wall_fan",
                    "rotation": 270
                },
                "up": {
                    "uv": [
                        11,
                        10,
                        13,
                        12
                    ],
                    "texture": "#bubble_coral_wall_fan"
                },
                "down": {
                    "uv": [
                        11,
                        12,
                        13,
                        10
                    ],
                    "texture": "#bubble_coral_wall_fan"
                }
            },
            "shade": false,
            "rotation": {
                "origin": [
                    0,
                    7.5,
                    14
                ],
                "axis": "x",
                "angle": -22.5,
                "rescale": false
            }
        },
        {
            "from": [
                12.0001,
                7.5,
                8.164784400584788
            ],
            "to": [
                13.0001,
                8.5,
                10.164784400584788
            ],
            "faces": {
                "north": {
                    "uv": [
                        13,
                        8,
                        12,
                        9
                    ],
                    "texture": "#bubble_coral_wall_fan"
                },
                "east": {
                    "uv": [
                        12,
                        8,
                        13,
                        10
                    ],
                    "texture": "#bubble_coral_wall_fan",
                    "rotation": 90
                },
                "south": {
                    "uv": [
                        12,
                        9,
                        13,
                        10
                    ],
                    "texture": "#bubble_coral_wall_fan"
                },
                "west": {
                    "uv": [
                        12,
                        8,
                        13,
                        10
                    ],
                    "texture": "#bubble_coral_wall_fan",
                    "rotation": 270
                },
                "up": {
                    "uv": [
                        12,
                        8,
                        13,
                        10
                    ],
                    "texture": "#bubble_coral_wall_fan"
                },
                "down": {
                    "uv": [
                        12,
                        10,
                        13,
                        8
                    ],
                    "texture": "#bubble_coral_wall_fan"
                }
            },
            "shade": false,
            "rotation": {
                "origin": [
                    0,
                    7.5,
                    14
                ],
                "axis": "x",
                "angle": 22.5,
                "rescale": false
            }
        },
        {
            "from": [
                12,
                7.5,
                8.578997962957883
            ],
            "to": [
                13,
                8.5,
                10.578997962957883
            ],
            "faces": {
                "north": {
                    "uv": [
                        13,
                        8,
                        12,
                        9
                    ],
                    "texture": "#bubble_coral_wall_fan"
                },
                "east": {
                    "uv": [
                        12,
                        8,
                        13,
                        10
                    ],
                    "texture": "#bubble_coral_wall_fan",
                    "rotation": 90
                },
                "south": {
                    "uv": [
                        12,
                        9,
                        13,
                        10
                    ],
                    "texture": "#bubble_coral_wall_fan"
                },
                "west": {
                    "uv": [
                        12,
                        8,
                        13,
                        10
                    ],
                    "texture": "#bubble_coral_wall_fan",
                    "rotation": 270
                },
                "up": {
                    "uv": [
                        12,
                        8,
                        13,
                        10
                    ],
                    "texture": "#bubble_coral_wall_fan"
                },
                "down": {
                    "uv": [
                        12,
                        10,
                        13,
                        8
                    ],
                    "texture": "#bubble_coral_wall_fan"
                }
            },
            "shade": false,
            "rotation": {
                "origin": [
                    0,
                    7.5,
                    14
                ],
                "axis": "x",
                "angle": -22.5,
                "rescale": false
            }
        },
        {
            "from": [
                13.0001,
                7.5,
                9.164784400584788
            ],
            "to": [
                14.0001,
                8.5,
                11.164784400584788
            ],
            "faces": {
                "north": {
                    "uv": [
                        14,
                        9,
                        13,
                        10
                    ],
                    "texture": "#bubble_coral_wall_fan"
                },
                "east": {
                    "uv": [
                        13,
                        9,
                        14,
                        11
                    ],
                    "texture": "#bubble_coral_wall_fan",
                    "rotation": 90
                },
                "south": {
                    "uv": [
                        13,
                        10,
                        14,
                        11
                    ],
                    "texture": "#bubble_coral_wall_fan"
                },
                "west": {
                    "uv": [
                        13,
                        9,
                        14,
                        11
                    ],
                    "texture": "#bubble_coral_wall_fan",
                    "rotation": 270
                },
                "up": {
                    "uv": [
                        13,
                        9,
                        14,
                        11
                    ],
                    "texture": "#bubble_coral_wall_fan"
                },
                "down": {
                    "uv": [
                        13,
                        11,
                        14,
                        9
                    ],
                    "texture": "#bubble_coral_wall_fan"
                }
            },
            "shade": false,
            "rotation": {
                "origin": [
                    0,
                    7.5,
                    14
                ],
                "axis": "x",
                "angle": 22.5,
                "rescale": false
            }
        },
        {
            "from": [
                13,
                7.5,
                9.578997962957883
            ],
            "to": [
                14,
                8.5,
                11.578997962957883
            ],
            "faces": {
                "north": {
                    "uv": [
                        14,
                        9,
                        13,
                        10
                    ],
                    "texture": "#bubble_coral_wall_fan"
                },
                "east": {
                    "uv": [
                        13,
                        9,
                        14,
                        11
                    ],
                    "texture": "#bubble_coral_wall_fan",
                    "rotation": 90
                },
                "south": {
                    "uv": [
                        13,
                        10,
                        14,
                        11
                    ],
                    "texture": "#bubble_coral_wall_fan"
                },
                "west": {
                    "uv": [
                        13,
                        9,
                        14,
                        11
                    ],
                    "texture": "#bubble_coral_wall_fan",
                    "rotation": 270
                },
                "up": {
                    "uv": [
                        13,
                        9,
                        14,
                        11
                    ],
                    "texture": "#bubble_coral_wall_fan"
                },
                "down": {
                    "uv": [
                        13,
                        11,
                        14,
                        9
                    ],
                    "texture": "#bubble_coral_wall_fan"
                }
            },
            "shade": false,
            "rotation": {
                "origin": [
                    0,
                    7.5,
                    14
                ],
                "axis": "x",
                "angle": -22.5,
                "rescale": false
            }
        },
        {
            "from": [
                14.0001,
                7.5,
                11.164784400584788
            ],
            "to": [
                15.0001,
                8.5,
                12.164784400584788
            ],
            "faces": {
                "north": {
                    "uv": [
                        15,
                        11,
                        14,
                        12
                    ],
                    "texture": "#bubble_coral_wall_fan"
                },
                "east": {
                    "uv": [
                        14,
                        11,
                        15,
                        12
                    ],
                    "texture": "#bubble_coral_wall_fan",
                    "rotation": 90
                },
                "south": {
                    "uv": [
                        14,
                        11,
                        15,
                        12
                    ],
                    "texture": "#bubble_coral_wall_fan"
                },
                "west": {
                    "uv": [
                        14,
                        11,
                        15,
                        12
                    ],
                    "texture": "#bubble_coral_wall_fan",
                    "rotation": 270
                },
                "up": {
                    "uv": [
                        14,
                        11,
                        15,
                        12
                    ],
                    "texture": "#bubble_coral_wall_fan"
                },
                "down": {
                    "uv": [
                        14,
                        12,
                        15,
                        11
                    ],
                    "texture": "#bubble_coral_wall_fan"
                }
            },
            "shade": false,
            "rotation": {
                "origin": [
                    0,
                    7.5,
                    14
                ],
                "axis": "x",
                "angle": 22.5,
                "rescale": false
            }
        },
        {
            "from": [
                14,
                7.5,
                11.578997962957883
            ],
            "to": [
                15,
                8.5,
                12.578997962957883
            ],
            "faces": {
                "north": {
                    "uv": [
                        15,
                        11,
                        14,
                        12
                    ],
                    "texture": "#bubble_coral_wall_fan"
                },
                "east": {
                    "uv": [
                        14,
                        11,
                        15,
                        12
                    ],
                    "texture": "#bubble_coral_wall_fan",
                    "rotation": 90
                },
                "south": {
                    "uv": [
                        14,
                        11,
                        15,
                        12
                    ],
                    "texture": "#bubble_coral_wall_fan"
                },
                "west": {
                    "uv": [
                        14,
                        11,
                        15,
                        12
                    ],
                    "texture": "#bubble_coral_wall_fan",
                    "rotation": 270
                },
                "up": {
                    "uv": [
                        14,
                        11,
                        15,
                        12
                    ],
                    "texture": "#bubble_coral_wall_fan"
                },
                "down": {
                    "uv": [
                        14,
                        12,
                        15,
                        11
                    ],
                    "texture": "#bubble_coral_wall_fan"
                }
            },
            "shade": false,
            "rotation": {
                "origin": [
                    0,
                    7.5,
                    14
                ],
                "axis": "x",
                "angle": -22.5,
                "rescale": false
            }
        },
        {
            "from": [
                15.0001,
                7.5,
                9.164784400584788
            ],
            "to": [
                16.0001,
                8.5,
                14.164784400584788
            ],
            "faces": {
                "north": {
                    "uv": [
                        16,
                        9,
                        15,
                        10
                    ],
                    "texture": "#bubble_coral_wall_fan"
                },
                "east": {
                    "uv": [
                        15,
                        9,
                        16,
                        14
                    ],
                    "texture": "#bubble_coral_wall_fan",
                    "rotation": 90
                },
                "south": {
                    "uv": [
                        15,
                        13,
                        16,
                        14
                    ],
                    "texture": "#bubble_coral_wall_fan"
                },
                "west": {
                    "uv": [
                        15,
                        9,
                        16,
                        14
                    ],
                    "texture": "#bubble_coral_wall_fan",
                    "rotation": 270
                },
                "up": {
                    "uv": [
                        15,
                        9,
                        16,
                        14
                    ],
                    "texture": "#bubble_coral_wall_fan"
                },
                "down": {
                    "uv": [
                        15,
                        14,
                        16,
                        9
                    ],
                    "texture": "#bubble_coral_wall_fan"
                }
            },
            "shade": false,
            "rotation": {
                "origin": [
                    0,
                    7.5,
                    14
                ],
                "axis": "x",
                "angle": 22.5,
                "rescale": false
            }
        },
        {
            "from": [
                15,
                7.5,
                9.578997962957883
            ],
            "to": [
                16,
                8.5,
                14.578997962957883
            ],
            "faces": {
                "north": {
                    "uv": [
                        16,
                        9,
                        15,
                        10
                    ],
                    "texture": "#bubble_coral_wall_fan"
                },
                "east": {
                    "uv": [
                        15,
                        9,
                        16,
                        14
                    ],
                    "texture": "#bubble_coral_wall_fan",
                    "rotation": 90
                },
                "south": {
                    "uv": [
                        15,
                        13,
                        16,
                        14
                    ],
                    "texture": "#bubble_coral_wall_fan"
                },
                "west": {
                    "uv": [
                        15,
                        9,
                        16,
                        14
                    ],
                    "texture": "#bubble_coral_wall_fan",
                    "rotation": 270
                },
                "up": {
                    "uv": [
                        15,
                        9,
                        16,
                        14
                    ],
                    "texture": "#bubble_coral_wall_fan"
                },
                "down": {
                    "uv": [
                        15,
                        14,
                        16,
                        9
                    ],
                    "texture": "#bubble_coral_wall_fan"
                }
            },
            "shade": false,
            "rotation": {
                "origin": [
                    0,
                    7.5,
                    14
                ],
                "axis": "x",
                "angle": -22.5,
                "rescale": false
            }
        }
    ]
}