{
    "parent": "block/block",
    "textures": {
        "particle": "#lantern"
    },
    "elements": [
        {
            "from": [
                5,
                0,
                5
            ],
            "to": [
                11,
                7,
                11
            ],
            "rotation": {
                "angle": 0,
                "axis": "y",
                "origin": [
                    0,
                    0,
                    0
                ]
            },
            "faces": {
                "north": {
                    "uv": [
                        0,
                        2,
                        6,
                        9
                    ],
                    "texture": "#lantern"
                },
                "east": {
                    "uv": [
                        0,
                        2,
                        6,
                        9
                    ],
                    "texture": "#lantern"
                },
                "south": {
                    "uv": [
                        0,
                        2,
                        6,
                        9
                    ],
                    "texture": "#lantern"
                },
                "west": {
                    "uv": [
                        0,
                        2,
                        6,
                        9
                    ],
                    "texture": "#lantern"
                },
                "up": {
                    "uv": [
                        0,
                        9,
                        6,
                        15
                    ],
                    "texture": "#lantern"
                },
                "down": {
                    "uv": [
                        0,
                        9,
                        6,
                        15
                    ],
                    "texture": "#lantern"
                }
            }
        },
        {
            "from": [
                6,
                7,
                6
            ],
            "to": [
                10,
                9,
                10
            ],
            "rotation": {
                "angle": 0,
                "axis": "y",
                "origin": [
                    0,
                    0,
                    0
                ]
            },
            "faces": {
                "north": {
                    "uv": [
                        1,
                        0,
                        5,
                        2
                    ],
                    "texture": "#lantern"
                },
                "east": {
                    "uv": [
                        1,
                        0,
                        5,
                        2
                    ],
                    "texture": "#lantern"
                },
                "south": {
                    "uv": [
                        1,
                        0,
                        5,
                        2
                    ],
                    "texture": "#lantern"
                },
                "west": {
                    "uv": [
                        1,
                        0,
                        5,
                        2
                    ],
                    "texture": "#lantern"
                },
                "up": {
                    "uv": [
                        1,
                        10,
                        5,
                        14
                    ],
                    "texture": "#lantern"
                },
                "down": {
                    "uv": [
                        1,
                        10,
                        5,
                        14
                    ],
                    "texture": "#lantern"
                }
            }
        },
        {
            "from": [
                8.5,
                9,
                7.5
            ],
            "to": [
                9.5,
                11,
                8.5
            ],
            "shade": false,
            "rotation": {
                "angle": -45,
                "axis": "y",
                "origin": [
                    8,
                    0,
                    8
                ]
            },
            "faces": {
                "north": {
                    "uv": [
                        11,
                        10,
                        12,
                        12
                    ],
                    "texture": "#lantern"
                },
                "east": {
                    "uv": [
                        11,
                        10,
                        12,
                        12
                    ],
                    "texture": "#lantern"
                },
                "south": {
                    "uv": [
                        11,
                        10,
                        12,
                        12
                    ],
                    "texture": "#lantern"
                },
                "up": {
                    "uv": [
                        11,
                        10,
                        12,
                        11
                    ],
                    "rotation": 180,
                    "texture": "#lantern"
                },
                "down": {
                    "uv": [
                        11,
                        11,
                        12,
                        12
                    ],
                    "rotation": 180,
                    "texture": "#lantern"
                }
            }
        },
        {
            "from": [
                7.5,
                10,
                7.5
            ],
            "to": [
                8.5,
                11,
                8.5
            ],
            "shade": false,
            "rotation": {
                "angle": -45,
                "axis": "y",
                "origin": [
                    8,
                    0,
                    8
                ]
            },
            "faces": {
                "up": {
                    "uv": [
                        12,
                        10,
                        13,
                        11
                    ],
                    "texture": "#lantern"
                }
            }
        },
        {
            "from": [
                6.5,
                9,
                7.5
            ],
            "to": [
                7.5,
                11,
                8.5
            ],
            "shade": false,
            "rotation": {
                "angle": -45,
                "axis": "y",
                "origin": [
                    8,
                    0,
                    8
                ]
            },
            "faces": {
                "north": {
                    "uv": [
                        13,
                        10,
                        14,
                        12
                    ],
                    "texture": "#lantern"
                },
                "south": {
                    "uv": [
                        13,
                        10,
                        14,
                        12
                    ],
                    "texture": "#lantern"
                },
                "west": {
                    "uv": [
                        13,
                        10,
                        14,
                        12
                    ],
                    "texture": "#lantern"
                },
                "up": {
                    "uv": [
                        13,
                        10,
                        14,
                        11
                    ],
                    "rotation": 180,
                    "texture": "#lantern"
                },
                "down": {
                    "uv": [
                        13,
                        11,
                        14,
                        12
                    ],
                    "rotation": 180,
                    "texture": "#lantern"
                }
            }
        },
        {
            "from": [
                6.5,
                9,
                7.5
            ],
            "to": [
                7.5,
                11,
                8.5
            ],
            "shade": false,
            "rotation": {
                "angle": 45,
                "axis": "y",
                "origin": [
                    8,
                    0,
                    8
                ]
            },
            "faces": {
                "north": {
                    "uv": [
                        11,
                        1,
                        12,
                        3
                    ],
                    "texture": "#lantern"
                },
                "south": {
                    "uv": [
                        11,
                        1,
                        12,
                        3
                    ],
                    "texture": "#lantern"
                },
                "west": {
                    "uv": [
                        11,
                        1,
                        12,
                        3
                    ],
                    "texture": "#lantern"
                },
                "up": {
                    "uv": [
                        11,
                        1,
                        12,
                        2
                    ],
                    "rotation": 180,
                    "texture": "#lantern"
                },
                "down": {
                    "uv": [
                        13,
                        11,
                        14,
                        12
                    ],
                    "rotation": 180,
                    "texture": "#lantern"
                }
            }
        },
        {
            "from": [
                8.5,
                9,
                7.5
            ],
            "to": [
                9.5,
                11,
                8.5
            ],
            "shade": false,
            "rotation": {
                "angle": 45,
                "axis": "y",
                "origin": [
                    8,
                    0,
                    8
                ]
            },
            "faces": {
                "north": {
                    "uv": [
                        13,
                        1,
                        14,
                        3
                    ],
                    "texture": "#lantern"
                },
                "east": {
                    "uv": [
                        13,
                        1,
                        14,
                        3
                    ],
                    "texture": "#lantern"
                },
                "south": {
                    "uv": [
                        13,
                        1,
                        14,
                        3
                    ],
                    "texture": "#lantern"
                },
                "up": {
                    "uv": [
                        13,
                        1,
                        14,
                        2
                    ],
                    "rotation": 180,
                    "texture": "#lantern"
                },
                "down": {
                    "uv": [
                        11,
                        11,
                        12,
                        12
                    ],
                    "rotation": 180,
                    "texture": "#lantern"
                }
            }
        }
    ]
}