{
	"parent": "block/block",
	"textures": {
		"particle": "block/sea_pickle",
		"all": "block/sea_pickle"
	},
	"elements": [
		{
			"from": [6, 0, 9],
			"to": [10, 6, 13],
			"faces": {
				"north": {"uv": [4, 5, 8, 11], "texture": "#all"},
				"east": {"uv": [12, 5, 16, 11], "texture": "#all"},
				"south": {"uv": [0, 5, 4, 11], "texture": "#all"},
				"west": {"uv": [8, 5, 12, 11], "texture": "#all"},
				"up": {"uv": [4, 1, 8, 5], "texture": "#all"},
				"down": {"uv": [8, 1, 12, 5], "texture": "#all", "cullface": "down"}
			}
		},
		{
			"from": [6, 5.95, 9],
			"to": [10, 5.95, 13],
			"faces": {
				"up": {"uv": [8, 1, 12, 5], "texture": "#all"}
			}
		},
		{
			"from": [2, 0, 2],
			"to": [6, 4, 6],
			"faces": {
				"north": {"uv": [4, 5, 8, 9], "texture": "#all"},
				"east": {"uv": [12, 5, 16, 9], "texture": "#all"},
				"south": {"uv": [0, 5, 4, 9], "texture": "#all"},
				"west": {"uv": [8, 5, 12, 9], "texture": "#all"},
				"up": {"uv": [4, 1, 8, 5], "texture": "#all"},
				"down": {"uv": [8, 1, 12, 5], "texture": "#all", "cullface": "down"}
			}
		},
		{
			"from": [2, 3.95, 2],
			"to": [6, 3.95, 6],
			"faces": {
				"up": {"uv": [8, 1, 12, 5], "texture": "#all"}
			}
		},
		{
			"from": [8, 0, 4],
			"to": [12, 6, 8],
			"faces": {
				"north": {"uv": [4, 5, 8, 11], "texture": "#all"},
				"east": {"uv": [12, 5, 16, 11], "texture": "#all"},
				"south": {"uv": [0, 5, 4, 11], "texture": "#all"},
				"west": {"uv": [8, 5, 12, 11], "texture": "#all"},
				"up": {"uv": [4, 1, 8, 5], "texture": "#all"},
				"down": {"uv": [8, 1, 12, 5], "texture": "#all", "cullface": "down"}
			}
		},
		{
			"from": [8, 5.95, 4],
			"to": [12, 5.95, 8],
			"faces": {
				"up": {"uv": [8, 1, 12, 5], "texture": "#all"}
			}
		},
		{
			"from": [4, 3.9, 3.5],
			"to": [4.5, 5.3, 4],
			"faces": {
				"north": {"uv": [1, 2, 2, 4], "texture": "#all"},
				"east": {"uv": [1, 2, 2, 4], "texture": "#all"},
				"west": {"uv": [1, 2, 2, 4], "texture": "#all"},
				"up": {"uv": [1, 2, 2, 3], "texture": "#all"}
			}
		},
		{
			"from": [3.5, 4.6, 3.5],
			"to": [4, 6, 4],
			"faces": {
				"north": {"uv": [13, 1, 14, 3], "texture": "#all"},
				"east": {"uv": [13, 1, 14, 3], "texture": "#all"},
				"west": {"uv": [13, 1, 14, 3], "texture": "#all"},
				"up": {"uv": [13, 1, 14, 2], "texture": "#all"},
				"down": {"uv": [13, 2, 14, 3], "texture": "#all"}
			}
		},
		{
			"from": [4, 3.9, 4],
			"to": [4.5, 5.3, 4.5],
			"faces": {
				"north": {"uv": [14, 2, 15, 4], "texture": "#all"},
				"east": {"uv": [14, 2, 15, 4], "texture": "#all"},
				"south": {"uv": [14, 2, 15, 4], "texture": "#all"},
				"up": {"uv": [14, 2, 15, 3], "texture": "#all"}
			}
		},
		{
			"from": [3.5, 3.9, 4],
			"to": [4, 6, 4.5],
			"faces": {
				"north": {"uv": [2, 1, 3, 4], "texture": "#all"},
				"east": {"uv": [2, 1, 3, 4], "texture": "#all"},
				"south": {"uv": [2, 1, 3, 4], "texture": "#all"},
				"west": {"uv": [2, 1, 3, 4], "texture": "#all"},
				"up": {"uv": [2, 1, 3, 2], "texture": "#all"}
			}
		},
		{
			"from": [4, 6, 3.5],
			"to": [4.5, 6.7, 4],
			"faces": {
				"north": {"uv": [1, 0, 2, 1], "texture": "#all"},
				"east": {"uv": [1, 0, 2, 1], "texture": "#all"},
				"south": {"uv": [1, 0, 2, 1], "texture": "#all"},
				"west": {"uv": [1, 0, 2, 1], "texture": "#all"},
				"up": {"uv": [1, 0, 2, 1], "texture": "#all"},
				"down": {"uv": [1, 0, 2, 1], "texture": "#all"}
			}
		},
		{
			"from": [9.5, 5.9, 6],
			"to": [10, 8, 6.5],
			"faces": {
				"north": {"uv": [2, 1, 3, 4], "texture": "#all"},
				"east": {"uv": [2, 1, 3, 4], "texture": "#all"},
				"south": {"uv": [2, 1, 3, 4], "texture": "#all"},
				"west": {"uv": [2, 1, 3, 4], "texture": "#all"},
				"up": {"uv": [2, 1, 3, 2], "texture": "#all"}
			}
		},
		{
			"from": [9.5, 6.6, 5.5],
			"to": [10, 8, 6],
			"faces": {
				"north": {"uv": [13, 1, 14, 3], "texture": "#all"},
				"east": {"uv": [13, 1, 14, 3], "texture": "#all"},
				"west": {"uv": [13, 1, 14, 3], "texture": "#all"},
				"up": {"uv": [13, 1, 14, 2], "texture": "#all"},
				"down": {"uv": [13, 2, 14, 3], "texture": "#all"}
			}
		},
		{
			"from": [10, 5.9, 5.5],
			"to": [10.5, 7.3, 6],
			"faces": {
				"north": {"uv": [1, 2, 2, 4], "texture": "#all"},
				"east": {"uv": [1, 2, 2, 4], "texture": "#all"},
				"west": {"uv": [1, 2, 2, 4], "texture": "#all"},
				"up": {"uv": [1, 2, 2, 3], "texture": "#all"}
			}
		},
		{
			"from": [10, 5.9, 6],
			"to": [10.5, 7.3, 6.5],
			"faces": {
				"north": {"uv": [14, 2, 15, 4], "texture": "#all"},
				"east": {"uv": [14, 2, 15, 4], "texture": "#all"},
				"south": {"uv": [14, 2, 15, 4], "texture": "#all"},
				"up": {"uv": [14, 2, 15, 3], "texture": "#all"}
			}
		},
		{
			"from": [10, 8, 5.5],
			"to": [10.5, 8.7, 6],
			"faces": {
				"north": {"uv": [1, 0, 2, 1], "texture": "#all"},
				"east": {"uv": [1, 0, 2, 1], "texture": "#all"},
				"south": {"uv": [1, 0, 2, 1], "texture": "#all"},
				"west": {"uv": [1, 0, 2, 1], "texture": "#all"},
				"up": {"uv": [1, 0, 2, 1], "texture": "#all"},
				"down": {"uv": [1, 0, 2, 1], "texture": "#all"}
			}
		},
		{
			"from": [7.5, 6.6, 10.5],
			"to": [8, 8, 11],
			"faces": {
				"north": {"uv": [13, 1, 14, 3], "texture": "#all"},
				"east": {"uv": [13, 1, 14, 3], "texture": "#all"},
				"west": {"uv": [13, 1, 14, 3], "texture": "#all"},
				"up": {"uv": [13, 1, 14, 2], "texture": "#all"},
				"down": {"uv": [13, 2, 14, 3], "texture": "#all"}
			}
		},
		{
			"from": [7.5, 5.9, 11],
			"to": [8, 8, 11.5],
			"faces": {
				"north": {"uv": [2, 1, 3, 4], "texture": "#all"},
				"east": {"uv": [2, 1, 3, 4], "texture": "#all"},
				"south": {"uv": [2, 1, 3, 4], "texture": "#all"},
				"west": {"uv": [2, 1, 3, 4], "texture": "#all"},
				"up": {"uv": [2, 1, 3, 2], "texture": "#all"}
			}
		},
		{
			"from": [8, 5.9, 10.5],
			"to": [8.5, 7.3, 11],
			"faces": {
				"north": {"uv": [1, 2, 2, 4], "texture": "#all"},
				"east": {"uv": [1, 2, 2, 4], "texture": "#all"},
				"west": {"uv": [1, 2, 2, 4], "texture": "#all"},
				"up": {"uv": [1, 2, 2, 3], "texture": "#all"}
			}
		},
		{
			"from": [8, 5.9, 11],
			"to": [8.5, 7.3, 11.5],
			"faces": {
				"north": {"uv": [14, 2, 15, 4], "texture": "#all"},
				"east": {"uv": [14, 2, 15, 4], "texture": "#all"},
				"south": {"uv": [14, 2, 15, 4], "texture": "#all"},
				"up": {"uv": [14, 2, 15, 3], "texture": "#all"}
			}
		},
		{
			"from": [8, 8, 10.5],
			"to": [8.5, 8.7, 11],
			"faces": {
				"north": {"uv": [1, 0, 2, 1], "texture": "#all"},
				"east": {"uv": [1, 0, 2, 1], "texture": "#all"},
				"south": {"uv": [1, 0, 2, 1], "texture": "#all"},
				"west": {"uv": [1, 0, 2, 1], "texture": "#all"},
				"up": {"uv": [1, 0, 2, 1], "texture": "#all"},
				"down": {"uv": [1, 0, 2, 1], "texture": "#all"}
			}
		}
	]
}