{
    "parent": "block/thin_block",
    "textures": {
        "particle": "#texture"
    },
    "elements": [
        {
            "from": [
                13,
                0,
                13
            ],
            "to": [
                16,
                16,
                16
            ],
            "faces": {
                "north": {
                    "uv": [
                        0,
                        0,
                        3,
                        16
                    ],
                    "texture": "#texture"
                },
                "east": {
                    "uv": [
                        0,
                        16,
                        16,
                        13
                    ],
                    "rotation": 90,
                    "texture": "#texture",
                    "cullface": "east"
                },
                "south": {
                    "uv": [
                        13,
                        0,
                        16,
                        16
                    ],
                    "texture": "#texture",
                    "cullface": "south"
                },
                "west": {
                    "uv": [
                        0,
                        16,
                        16,
                        13
                    ],
                    "rotation": 270,
                    "texture": "#texture"
                },
                "up": {
                    "uv": [
                        13,
                        16,
                        16,
                        13
                    ],
                    "texture": "#texture",
                    "cullface": "up"
                },
                "down": {
                    "uv": [
                        0,
                        16,
                        3,
                        13
                    ],
                    "rotation": 180,
                    "texture": "#texture",
                    "cullface": "down"
                }
            }
        },
        {
            "from": [
                0,
                0,
                13
            ],
            "to": [
                3,
                16,
                16
            ],
            "faces": {
                "north": {
                    "uv": [
                        13,
                        0,
                        16,
                        16
                    ],
                    "texture": "#texture"
                },
                "east": {
                    "uv": [
                        0,
                        16,
                        16,
                        13
                    ],
                    "rotation": 90,
                    "texture": "#texture"
                },
                "south": {
                    "uv": [
                        0,
                        0,
                        3,
                        16
                    ],
                    "texture": "#texture",
                    "cullface": "south"
                },
                "west": {
                    "uv": [
                        0,
                        16,
                        16,
                        13
                    ],
                    "rotation": 270,
                    "texture": "#texture",
                    "cullface": "west"
                },
                "up": {
                    "uv": [
                        0,
                        16,
                        3,
                        13
                    ],
                    "texture": "#texture",
                    "cullface": "up"
                },
                "down": {
                    "uv": [
                        13,
                        16,
                        16,
                        13
                    ],
                    "rotation": 180,
                    "texture": "#texture",
                    "cullface": "down"
                }
            }
        },
        {
            "from": [
                6,
                0,
                13
            ],
            "to": [
                10,
                16,
                16
            ],
            "faces": {
                "north": {
                    "uv": [
                        6,
                        0,
                        10,
                        16
                    ],
                    "texture": "#texture"
                },
                "east": {
                    "uv": [
                        0,
                        16,
                        16,
                        13
                    ],
                    "rotation": 90,
                    "texture": "#texture"
                },
                "south": {
                    "uv": [
                        6,
                        0,
                        10,
                        16
                    ],
                    "texture": "#texture",
                    "cullface": "south"
                },
                "west": {
                    "uv": [
                        0,
                        16,
                        16,
                        13
                    ],
                    "rotation": 270,
                    "texture": "#texture"
                },
                "up": {
                    "uv": [
                        6,
                        16,
                        10,
                        13
                    ],
                    "texture": "#texture",
                    "cullface": "up"
                },
                "down": {
                    "uv": [
                        6,
                        16,
                        10,
                        13
                    ],
                    "rotation": 180,
                    "texture": "#texture",
                    "cullface": "down"
                }
            }
        },
        {
            "from": [
                10,
                0,
                13
            ],
            "to": [
                13,
                3,
                16
            ],
            "faces": {
                "north": {
                    "uv": [
                        3,
                        13,
                        6,
                        16
                    ],
                    "texture": "#texture"
                },
                "south": {
                    "uv": [
                        10,
                        13,
                        13,
                        16
                    ],
                    "texture": "#texture",
                    "cullface": "south"
                },
                "up": {
                    "uv": [
                        3,
                        16,
                        6,
                        13
                    ],
                    "texture": "#texture"
                },
                "down": {
                    "uv": [
                        3,
                        16,
                        6,
                        13
                    ],
                    "rotation": 180,
                    "texture": "#texture",
                    "cullface": "down"
                }
            }
        },
        {
            "from": [
                10,
                13,
                13
            ],
            "to": [
                13,
                16,
                16
            ],
            "faces": {
                "north": {
                    "uv": [
                        3,
                        0,
                        6,
                        3
                    ],
                    "texture": "#texture"
                },
                "south": {
                    "uv": [
                        10,
                        0,
                        13,
                        3
                    ],
                    "texture": "#texture",
                    "cullface": "south"
                },
                "up": {
                    "uv": [
                        3,
                        16,
                        6,
                        13
                    ],
                    "texture": "#texture",
                    "cullface": "up"
                },
                "down": {
                    "uv": [
                        3,
                        16,
                        6,
                        13
                    ],
                    "rotation": 180,
                    "texture": "#texture"
                }
            }
        },
        {
            "from": [
                10,
                6,
                13
            ],
            "to": [
                13,
                10,
                16
            ],
            "faces": {
                "north": {
                    "uv": [
                        3,
                        6,
                        6,
                        10
                    ],
                    "texture": "#texture"
                },
                "south": {
                    "uv": [
                        10,
                        6,
                        13,
                        10
                    ],
                    "texture": "#texture",
                    "cullface": "south"
                },
                "up": {
                    "uv": [
                        10,
                        16,
                        13,
                        13
                    ],
                    "texture": "#texture"
                },
                "down": {
                    "uv": [
                        3,
                        16,
                        6,
                        13
                    ],
                    "rotation": 180,
                    "texture": "#texture"
                }
            }
        },
        {
            "from": [
                3,
                0,
                13
            ],
            "to": [
                6,
                3,
                16
            ],
            "faces": {
                "north": {
                    "uv": [
                        10,
                        13,
                        13,
                        16
                    ],
                    "texture": "#texture"
                },
                "south": {
                    "uv": [
                        3,
                        13,
                        6,
                        16
                    ],
                    "texture": "#texture",
                    "cullface": "south"
                },
                "up": {
                    "uv": [
                        10,
                        16,
                        13,
                        13
                    ],
                    "texture": "#texture"
                },
                "down": {
                    "uv": [
                        10,
                        16,
                        13,
                        13
                    ],
                    "rotation": 180,
                    "texture": "#texture",
                    "cullface": "down"
                }
            }
        },
        {
            "from": [
                3,
                6,
                13
            ],
            "to": [
                6,
                10,
                16
            ],
            "faces": {
                "north": {
                    "uv": [
                        10,
                        6,
                        13,
                        10
                    ],
                    "texture": "#texture"
                },
                "south": {
                    "uv": [
                        3,
                        6,
                        6,
                        10
                    ],
                    "texture": "#texture",
                    "cullface": "south"
                },
                "up": {
                    "uv": [
                        3,
                        16,
                        6,
                        13
                    ],
                    "texture": "#texture"
                },
                "down": {
                    "uv": [
                        10,
                        16,
                        13,
                        13
                    ],
                    "rotation": 180,
                    "texture": "#texture"
                }
            }
        },
        {
            "from": [
                3,
                13,
                13
            ],
            "to": [
                6,
                16,
                16
            ],
            "faces": {
                "north": {
                    "uv": [
                        10,
                        0,
                        13,
                        3
                    ],
                    "texture": "#texture"
                },
                "south": {
                    "uv": [
                        3,
                        0,
                        6,
                        3
                    ],
                    "texture": "#texture",
                    "cullface": "south"
                },
                "up": {
                    "uv": [
                        10,
                        16,
                        13,
                        13
                    ],
                    "texture": "#texture",
                    "cullface": "up"
                },
                "down": {
                    "uv": [
                        10,
                        16,
                        13,
                        13
                    ],
                    "rotation": 180,
                    "texture": "#texture"
                }
            }
        }
    ]
}