{
    "ambientocclusion": false,
    "textures": {
        "warped_fungus": "minecraft:block/warped_fungus",
        "particle": "minecraft:block/warped_fungus"
    },
    "elements": [
        {
            "from": [
                3,
                5,
                3
            ],
            "to": [
                13,
                9,
                4
            ],
            "shade": false,
            "faces": {
                "north": {
                    "uv": [
                        3,
                        7,
                        13,
                        11
                    ],
                    "texture": "#warped_fungus"
                },
                "east": {
                    "uv": [
                        3,
                        7,
                        4,
                        11
                    ],
                    "texture": "#warped_fungus"
                },
                "south": {
                    "uv": [
                        13,
                        7,
                        3,
                        11
                    ],
                    "texture": "#warped_fungus"
                },
                "west": {
                    "uv": [
                        12,
                        7,
                        13,
                        11
                    ],
                    "texture": "#warped_fungus"
                },
                "up": {
                    "uv": [
                        3,
                        7,
                        13,
                        8
                    ],
                    "rotation": 180,
                    "texture": "#warped_fungus"
                },
                "down": {
                    "uv": [
                        3,
                        10,
                        13,
                        11
                    ],
                    "rotation": 180,
                    "texture": "#warped_fungus"
                }
            }
        },
        {
            "from": [
                7,
                0,
                7
            ],
            "to": [
                9,
                5,
                8
            ],
            "shade": false,
            "faces": {
                "north": {
                    "uv": [
                        7,
                        11,
                        9,
                        16
                    ],
                    "texture": "#warped_fungus"
                },
                "east": {
                    "uv": [
                        7,
                        11,
                        8,
                        16
                    ],
                    "texture": "#warped_fungus"
                },
                "west": {
                    "uv": [
                        8,
                        11,
                        9,
                        16
                    ],
                    "texture": "#warped_fungus"
                },
                "down": {
                    "uv": [
                        7,
                        15,
                        9,
                        16
                    ],
                    "rotation": 180,
                    "texture": "#warped_fungus",
                    "cullface": "down"
                }
            }
        },
        {
            "from": [
                7,
                5,
                7
            ],
            "to": [
                9,
                8,
                8
            ],
            "shade": false,
            "faces": {
                "north": {
                    "uv": [
                        9,
                        14,
                        7,
                        11
                    ],
                    "texture": "#warped_fungus"
                },
                "east": {
                    "uv": [
                        8,
                        11,
                        9,
                        14
                    ],
                    "texture": "#warped_fungus"
                },
                "west": {
                    "uv": [
                        7,
                        11,
                        8,
                        14
                    ],
                    "texture": "#warped_fungus"
                }
            }
        },
        {
            "from": [
                3,
                5,
                4
            ],
            "to": [
                4,
                9,
                12
            ],
            "shade": false,
            "faces": {
                "east": {
                    "uv": [
                        4,
                        7,
                        12,
                        11
                    ],
                    "texture": "#warped_fungus"
                },
                "west": {
                    "uv": [
                        12,
                        7,
                        4,
                        11
                    ],
                    "texture": "#warped_fungus"
                },
                "up": {
                    "uv": [
                        12,
                        7,
                        4,
                        8
                    ],
                    "rotation": 90,
                    "texture": "#warped_fungus"
                },
                "down": {
                    "uv": [
                        12,
                        10,
                        4,
                        11
                    ],
                    "rotation": 270,
                    "texture": "#warped_fungus"
                }
            }
        },
        {
            "from": [
                4,
                8,
                5
            ],
            "to": [
                5,
                9,
                11
            ],
            "shade": false,
            "faces": {
                "up": {
                    "uv": [
                        11,
                        8,
                        5,
                        9
                    ],
                    "rotation": 90,
                    "texture": "#warped_fungus"
                },
                "down": {
                    "uv": [
                        11,
                        8,
                        5,
                        9
                    ],
                    "rotation": 270,
                    "texture": "#warped_fungus"
                }
            }
        },
        {
            "from": [
                5,
                8,
                6
            ],
            "to": [
                6,
                9,
                10
            ],
            "shade": false,
            "faces": {
                "up": {
                    "uv": [
                        6,
                        7,
                        10,
                        8
                    ],
                    "rotation": 90,
                    "texture": "#warped_fungus"
                },
                "down": {
                    "uv": [
                        6,
                        7,
                        10,
                        8
                    ],
                    "rotation": 270,
                    "texture": "#warped_fungus"
                }
            }
        },
        {
            "from": [
                6,
                8,
                7
            ],
            "to": [
                7,
                9,
                9
            ],
            "shade": false,
            "faces": {
                "up": {
                    "uv": [
                        7,
                        8,
                        9,
                        9
                    ],
                    "rotation": 90,
                    "texture": "#warped_fungus"
                },
                "down": {
                    "uv": [
                        7,
                        8,
                        9,
                        9
                    ],
                    "rotation": 270,
                    "texture": "#warped_fungus"
                }
            }
        },
        {
            "from": [
                7,
                8,
                7
            ],
            "to": [
                8,
                9,
                9
            ],
            "shade": false,
            "faces": {
                "up": {
                    "uv": [
                        9,
                        7,
                        7,
                        8
                    ],
                    "rotation": 90,
                    "texture": "#warped_fungus"
                }
            }
        },
        {
            "from": [
                4,
                8,
                4
            ],
            "to": [
                12,
                9,
                5
            ],
            "shade": false,
            "faces": {
                "up": {
                    "uv": [
                        12,
                        8,
                        4,
                        9
                    ],
                    "texture": "#warped_fungus"
                },
                "down": {
                    "uv": [
                        12,
                        8,
                        4,
                        9
                    ],
                    "texture": "#warped_fungus"
                }
            }
        },
        {
            "from": [
                5,
                8,
                5
            ],
            "to": [
                11,
                9,
                6
            ],
            "shade": false,
            "faces": {
                "up": {
                    "uv": [
                        5,
                        7,
                        11,
                        8
                    ],
                    "texture": "#warped_fungus"
                },
                "down": {
                    "uv": [
                        5,
                        7,
                        11,
                        8
                    ],
                    "texture": "#warped_fungus"
                }
            }
        },
        {
            "from": [
                6,
                8,
                6
            ],
            "to": [
                10,
                9,
                7
            ],
            "shade": false,
            "faces": {
                "up": {
                    "uv": [
                        6,
                        8,
                        10,
                        9
                    ],
                    "texture": "#warped_fungus"
                },
                "down": {
                    "uv": [
                        6,
                        8,
                        10,
                        9
                    ],
                    "texture": "#warped_fungus"
                }
            }
        },
        {
            "from": [
                7,
                5,
                8
            ],
            "to": [
                9,
                8,
                9
            ],
            "shade": false,
            "faces": {
                "east": {
                    "uv": [
                        7,
                        11,
                        8,
                        14
                    ],
                    "texture": "#warped_fungus"
                },
                "south": {
                    "uv": [
                        9,
                        14,
                        7,
                        11
                    ],
                    "texture": "#warped_fungus"
                },
                "west": {
                    "uv": [
                        8,
                        11,
                        9,
                        14
                    ],
                    "texture": "#warped_fungus"
                }
            }
        },
        {
            "from": [
                7,
                0,
                8
            ],
            "to": [
                9,
                5,
                9
            ],
            "shade": false,
            "faces": {
                "east": {
                    "uv": [
                        8,
                        11,
                        9,
                        16
                    ],
                    "texture": "#warped_fungus"
                },
                "south": {
                    "uv": [
                        7,
                        11,
                        9,
                        16
                    ],
                    "texture": "#warped_fungus"
                },
                "west": {
                    "uv": [
                        7,
                        11,
                        8,
                        16
                    ],
                    "texture": "#warped_fungus"
                },
                "down": {
                    "uv": [
                        7,
                        15,
                        9,
                        16
                    ],
                    "texture": "#warped_fungus",
                    "cullface": "down"
                }
            }
        },
        {
            "from": [
                11,
                8,
                5
            ],
            "to": [
                12,
                9,
                11
            ],
            "shade": false,
            "faces": {
                "up": {
                    "uv": [
                        11,
                        8,
                        5,
                        9
                    ],
                    "rotation": 270,
                    "texture": "#warped_fungus"
                },
                "down": {
                    "uv": [
                        11,
                        8,
                        5,
                        9
                    ],
                    "rotation": 90,
                    "texture": "#warped_fungus"
                }
            }
        },
        {
            "from": [
                10,
                8,
                6
            ],
            "to": [
                11,
                9,
                10
            ],
            "shade": false,
            "faces": {
                "up": {
                    "uv": [
                        6,
                        7,
                        10,
                        8
                    ],
                    "rotation": 270,
                    "texture": "#warped_fungus"
                },
                "down": {
                    "uv": [
                        6,
                        7,
                        10,
                        8
                    ],
                    "rotation": 90,
                    "texture": "#warped_fungus"
                }
            }
        },
        {
            "from": [
                8,
                8,
                7
            ],
            "to": [
                9,
                9,
                9
            ],
            "shade": false,
            "faces": {
                "up": {
                    "uv": [
                        9,
                        7,
                        7,
                        8
                    ],
                    "rotation": 270,
                    "texture": "#warped_fungus"
                }
            }
        },
        {
            "from": [
                9,
                8,
                7
            ],
            "to": [
                10,
                9,
                9
            ],
            "shade": false,
            "faces": {
                "up": {
                    "uv": [
                        7,
                        8,
                        9,
                        9
                    ],
                    "rotation": 270,
                    "texture": "#warped_fungus"
                },
                "down": {
                    "uv": [
                        7,
                        8,
                        9,
                        9
                    ],
                    "rotation": 90,
                    "texture": "#warped_fungus"
                }
            }
        },
        {
            "from": [
                6,
                8,
                9
            ],
            "to": [
                10,
                9,
                10
            ],
            "shade": false,
            "faces": {
                "up": {
                    "uv": [
                        6,
                        8,
                        10,
                        9
                    ],
                    "rotation": 180,
                    "texture": "#warped_fungus"
                },
                "down": {
                    "uv": [
                        6,
                        8,
                        10,
                        9
                    ],
                    "rotation": 180,
                    "texture": "#warped_fungus"
                }
            }
        },
        {
            "from": [
                5,
                8,
                10
            ],
            "to": [
                11,
                9,
                11
            ],
            "shade": false,
            "faces": {
                "up": {
                    "uv": [
                        5,
                        7,
                        11,
                        8
                    ],
                    "rotation": 180,
                    "texture": "#warped_fungus"
                },
                "down": {
                    "uv": [
                        5,
                        7,
                        11,
                        8
                    ],
                    "rotation": 180,
                    "texture": "#warped_fungus"
                }
            }
        },
        {
            "from": [
                4,
                8,
                11
            ],
            "to": [
                12,
                9,
                12
            ],
            "shade": false,
            "faces": {
                "up": {
                    "uv": [
                        12,
                        8,
                        4,
                        9
                    ],
                    "rotation": 180,
                    "texture": "#warped_fungus"
                },
                "down": {
                    "uv": [
                        12,
                        8,
                        4,
                        9
                    ],
                    "rotation": 180,
                    "texture": "#warped_fungus"
                }
            }
        },
        {
            "from": [
                12,
                5,
                4
            ],
            "to": [
                13,
                9,
                12
            ],
            "shade": false,
            "faces": {
                "east": {
                    "uv": [
                        12,
                        7,
                        4,
                        11
                    ],
                    "texture": "#warped_fungus"
                },
                "west": {
                    "uv": [
                        4,
                        7,
                        12,
                        11
                    ],
                    "texture": "#warped_fungus"
                },
                "up": {
                    "uv": [
                        12,
                        7,
                        4,
                        8
                    ],
                    "rotation": 270,
                    "texture": "#warped_fungus"
                },
                "down": {
                    "uv": [
                        12,
                        10,
                        4,
                        11
                    ],
                    "rotation": 90,
                    "texture": "#warped_fungus"
                }
            }
        },
        {
            "from": [
                3,
                5,
                12
            ],
            "to": [
                13,
                9,
                13
            ],
            "shade": false,
            "faces": {
                "north": {
                    "uv": [
                        13,
                        7,
                        3,
                        11
                    ],
                    "texture": "#warped_fungus"
                },
                "east": {
                    "uv": [
                        12,
                        7,
                        13,
                        11
                    ],
                    "texture": "#warped_fungus"
                },
                "south": {
                    "uv": [
                        3,
                        7,
                        13,
                        11
                    ],
                    "texture": "#warped_fungus"
                },
                "west": {
                    "uv": [
                        3,
                        7,
                        4,
                        11
                    ],
                    "texture": "#warped_fungus"
                },
                "up": {
                    "uv": [
                        3,
                        7,
                        13,
                        8
                    ],
                    "texture": "#warped_fungus"
                },
                "down": {
                    "uv": [
                        3,
                        10,
                        13,
                        11
                    ],
                    "texture": "#warped_fungus"
                }
            }
        }
    ]
}