{
    "ambientocclusion": false,
    "textures": {
        "wheat_stage0": "block/wheat_stage0",
        "particle": "block/wheat_stage0"
    },
    "elements": [
        {
            "from": [
                2,
                -1,
                3.5
            ],
            "to": [
                3,
                0,
                4.5
            ],
            "faces": {
                "north": {
                    "uv": [
                        3,
                        15,
                        2,
                        16
                    ],
                    "texture": "#wheat_stage0"
                },
                "east": {
                    "uv": [
                        2,
                        15,
                        3,
                        16
                    ],
                    "texture": "#wheat_stage0"
                },
                "south": {
                    "uv": [
                        2,
                        15,
                        3,
                        16
                    ],
                    "texture": "#wheat_stage0"
                },
                "west": {
                    "uv": [
                        2,
                        15,
                        3,
                        16
                    ],
                    "texture": "#wheat_stage0"
                },
                "up": {
                    "uv": [
                        2,
                        15,
                        3,
                        16
                    ],
                    "texture": "#wheat_stage0"
                },
                "down": {
                    "uv": [
                        2,
                        15,
                        3,
                        16
                    ],
                    "texture": "#wheat_stage0",
                    "cullface": "down"
                }
            },
            "shade": false
        },
        {
            "from": [
                11.5,
                -1.001,
                2
            ],
            "to": [
                12.5,
                -0.0009999999999998899,
                3
            ],
            "faces": {
                "north": {
                    "uv": [
                        2,
                        15,
                        3,
                        16
                    ],
                    "texture": "#wheat_stage0"
                },
                "east": {
                    "uv": [
                        3,
                        15,
                        2,
                        16
                    ],
                    "texture": "#wheat_stage0"
                },
                "south": {
                    "uv": [
                        2,
                        15,
                        3,
                        16
                    ],
                    "texture": "#wheat_stage0"
                },
                "west": {
                    "uv": [
                        2,
                        15,
                        3,
                        16
                    ],
                    "texture": "#wheat_stage0"
                },
                "up": {
                    "uv": [
                        2,
                        15,
                        3,
                        16
                    ],
                    "texture": "#wheat_stage0",
                    "rotation": 90
                },
                "down": {
                    "uv": [
                        3,
                        15,
                        2,
                        16
                    ],
                    "texture": "#wheat_stage0",
                    "rotation": 90,
                    "cullface": "down"
                }
            },
            "shade": false
        },
        {
            "from": [
                13,
                -1,
                11.5
            ],
            "to": [
                14,
                0,
                12.5
            ],
            "faces": {
                "north": {
                    "uv": [
                        2,
                        15,
                        3,
                        16
                    ],
                    "texture": "#wheat_stage0"
                },
                "east": {
                    "uv": [
                        2,
                        15,
                        3,
                        16
                    ],
                    "texture": "#wheat_stage0"
                },
                "south": {
                    "uv": [
                        3,
                        15,
                        2,
                        16
                    ],
                    "texture": "#wheat_stage0"
                },
                "west": {
                    "uv": [
                        2,
                        15,
                        3,
                        16
                    ],
                    "texture": "#wheat_stage0"
                },
                "up": {
                    "uv": [
                        3,
                        15,
                        2,
                        16
                    ],
                    "texture": "#wheat_stage0"
                },
                "down": {
                    "uv": [
                        3,
                        15,
                        2,
                        16
                    ],
                    "texture": "#wheat_stage0",
                    "cullface": "down"
                }
            },
            "shade": false
        },
        {
            "from": [
                3.5,
                -1.001,
                13
            ],
            "to": [
                4.5,
                -0.0009999999999998899,
                14
            ],
            "faces": {
                "north": {
                    "uv": [
                        2,
                        15,
                        3,
                        16
                    ],
                    "texture": "#wheat_stage0"
                },
                "east": {
                    "uv": [
                        2,
                        15,
                        3,
                        16
                    ],
                    "texture": "#wheat_stage0"
                },
                "south": {
                    "uv": [
                        2,
                        15,
                        3,
                        16
                    ],
                    "texture": "#wheat_stage0"
                },
                "west": {
                    "uv": [
                        3,
                        15,
                        2,
                        16
                    ],
                    "texture": "#wheat_stage0"
                },
                "up": {
                    "uv": [
                        3,
                        15,
                        2,
                        16
                    ],
                    "texture": "#wheat_stage0",
                    "rotation": 90
                },
                "down": {
                    "uv": [
                        2,
                        15,
                        3,
                        16
                    ],
                    "texture": "#wheat_stage0",
                    "rotation": 90,
                    "cullface": "down"
                }
            },
            "shade": false
        },
        {
            "from": [
                6,
                1,
                3.5
            ],
            "to": [
                7,
                2,
                4.5
            ],
            "faces": {
                "north": {
                    "uv": [
                        7,
                        13,
                        6,
                        14
                    ],
                    "texture": "#wheat_stage0"
                },
                "east": {
                    "uv": [
                        6,
                        13,
                        7,
                        14
                    ],
                    "texture": "#wheat_stage0"
                },
                "south": {
                    "uv": [
                        6,
                        13,
                        7,
                        14
                    ],
                    "texture": "#wheat_stage0"
                },
                "west": {
                    "uv": [
                        6,
                        13,
                        7,
                        14
                    ],
                    "texture": "#wheat_stage0"
                },
                "up": {
                    "uv": [
                        6,
                        13,
                        7,
                        14
                    ],
                    "texture": "#wheat_stage0"
                },
                "down": {
                    "uv": [
                        6,
                        13,
                        7,
                        14
                    ],
                    "texture": "#wheat_stage0"
                }
            },
            "shade": false
        },
        {
            "from": [
                11.5,
                0.9990000000000001,
                6
            ],
            "to": [
                12.5,
                1.999,
                7
            ],
            "faces": {
                "north": {
                    "uv": [
                        6,
                        13,
                        7,
                        14
                    ],
                    "texture": "#wheat_stage0"
                },
                "east": {
                    "uv": [
                        7,
                        13,
                        6,
                        14
                    ],
                    "texture": "#wheat_stage0"
                },
                "south": {
                    "uv": [
                        6,
                        13,
                        7,
                        14
                    ],
                    "texture": "#wheat_stage0"
                },
                "west": {
                    "uv": [
                        6,
                        13,
                        7,
                        14
                    ],
                    "texture": "#wheat_stage0"
                },
                "up": {
                    "uv": [
                        6,
                        13,
                        7,
                        14
                    ],
                    "texture": "#wheat_stage0",
                    "rotation": 90
                },
                "down": {
                    "uv": [
                        7,
                        13,
                        6,
                        14
                    ],
                    "texture": "#wheat_stage0",
                    "rotation": 90
                }
            },
            "shade": false
        },
        {
            "from": [
                9,
                1,
                11.5
            ],
            "to": [
                10,
                2,
                12.5
            ],
            "faces": {
                "north": {
                    "uv": [
                        6,
                        13,
                        7,
                        14
                    ],
                    "texture": "#wheat_stage0"
                },
                "east": {
                    "uv": [
                        6,
                        13,
                        7,
                        14
                    ],
                    "texture": "#wheat_stage0"
                },
                "south": {
                    "uv": [
                        7,
                        13,
                        6,
                        14
                    ],
                    "texture": "#wheat_stage0"
                },
                "west": {
                    "uv": [
                        6,
                        13,
                        7,
                        14
                    ],
                    "texture": "#wheat_stage0"
                },
                "up": {
                    "uv": [
                        7,
                        13,
                        6,
                        14
                    ],
                    "texture": "#wheat_stage0"
                },
                "down": {
                    "uv": [
                        7,
                        13,
                        6,
                        14
                    ],
                    "texture": "#wheat_stage0"
                }
            },
            "shade": false
        },
        {
            "from": [
                3.5,
                0.9990000000000001,
                9
            ],
            "to": [
                4.5,
                1.999,
                10
            ],
            "faces": {
                "north": {
                    "uv": [
                        6,
                        13,
                        7,
                        14
                    ],
                    "texture": "#wheat_stage0"
                },
                "east": {
                    "uv": [
                        6,
                        13,
                        7,
                        14
                    ],
                    "texture": "#wheat_stage0"
                },
                "south": {
                    "uv": [
                        6,
                        13,
                        7,
                        14
                    ],
                    "texture": "#wheat_stage0"
                },
                "west": {
                    "uv": [
                        7,
                        13,
                        6,
                        14
                    ],
                    "texture": "#wheat_stage0"
                },
                "up": {
                    "uv": [
                        7,
                        13,
                        6,
                        14
                    ],
                    "texture": "#wheat_stage0",
                    "rotation": 90
                },
                "down": {
                    "uv": [
                        6,
                        13,
                        7,
                        14
                    ],
                    "texture": "#wheat_stage0",
                    "rotation": 90
                }
            },
            "shade": false
        },
        {
            "from": [
                7,
                -1,
                3.5
            ],
            "to": [
                8,
                1,
                4.5
            ],
            "faces": {
                "north": {
                    "uv": [
                        8,
                        14,
                        7,
                        16
                    ],
                    "texture": "#wheat_stage0"
                },
                "east": {
                    "uv": [
                        7,
                        14,
                        8,
                        16
                    ],
                    "texture": "#wheat_stage0"
                },
                "south": {
                    "uv": [
                        7,
                        14,
                        8,
                        16
                    ],
                    "texture": "#wheat_stage0"
                },
                "west": {
                    "uv": [
                        7,
                        14,
                        8,
                        16
                    ],
                    "texture": "#wheat_stage0"
                },
                "up": {
                    "uv": [
                        7,
                        14,
                        8,
                        15
                    ],
                    "texture": "#wheat_stage0"
                },
                "down": {
                    "uv": [
                        7,
                        15,
                        8,
                        16
                    ],
                    "texture": "#wheat_stage0",
                    "cullface": "down"
                }
            },
            "shade": false
        },
        {
            "from": [
                11.5,
                -1.001,
                7
            ],
            "to": [
                12.5,
                0.9990000000000001,
                8
            ],
            "faces": {
                "north": {
                    "uv": [
                        7,
                        14,
                        8,
                        16
                    ],
                    "texture": "#wheat_stage0"
                },
                "east": {
                    "uv": [
                        8,
                        14,
                        7,
                        16
                    ],
                    "texture": "#wheat_stage0"
                },
                "south": {
                    "uv": [
                        7,
                        14,
                        8,
                        16
                    ],
                    "texture": "#wheat_stage0"
                },
                "west": {
                    "uv": [
                        7,
                        14,
                        8,
                        16
                    ],
                    "texture": "#wheat_stage0"
                },
                "up": {
                    "uv": [
                        7,
                        14,
                        8,
                        15
                    ],
                    "texture": "#wheat_stage0",
                    "rotation": 90
                },
                "down": {
                    "uv": [
                        8,
                        15,
                        7,
                        16
                    ],
                    "texture": "#wheat_stage0",
                    "rotation": 90,
                    "cullface": "down"
                }
            },
            "shade": false
        },
        {
            "from": [
                8,
                -1,
                11.5
            ],
            "to": [
                9,
                1,
                12.5
            ],
            "faces": {
                "north": {
                    "uv": [
                        7,
                        14,
                        8,
                        16
                    ],
                    "texture": "#wheat_stage0"
                },
                "east": {
                    "uv": [
                        7,
                        14,
                        8,
                        16
                    ],
                    "texture": "#wheat_stage0"
                },
                "south": {
                    "uv": [
                        8,
                        14,
                        7,
                        16
                    ],
                    "texture": "#wheat_stage0"
                },
                "west": {
                    "uv": [
                        7,
                        14,
                        8,
                        16
                    ],
                    "texture": "#wheat_stage0"
                },
                "up": {
                    "uv": [
                        8,
                        14,
                        7,
                        15
                    ],
                    "texture": "#wheat_stage0"
                },
                "down": {
                    "uv": [
                        8,
                        15,
                        7,
                        16
                    ],
                    "texture": "#wheat_stage0",
                    "cullface": "down"
                }
            },
            "shade": false
        },
        {
            "from": [
                3.5,
                -1.001,
                8
            ],
            "to": [
                4.5,
                0.9990000000000001,
                9
            ],
            "faces": {
                "north": {
                    "uv": [
                        7,
                        14,
                        8,
                        16
                    ],
                    "texture": "#wheat_stage0"
                },
                "east": {
                    "uv": [
                        7,
                        14,
                        8,
                        16
                    ],
                    "texture": "#wheat_stage0"
                },
                "south": {
                    "uv": [
                        7,
                        14,
                        8,
                        16
                    ],
                    "texture": "#wheat_stage0"
                },
                "west": {
                    "uv": [
                        8,
                        14,
                        7,
                        16
                    ],
                    "texture": "#wheat_stage0"
                },
                "up": {
                    "uv": [
                        8,
                        14,
                        7,
                        15
                    ],
                    "texture": "#wheat_stage0",
                    "rotation": 90
                },
                "down": {
                    "uv": [
                        7,
                        15,
                        8,
                        16
                    ],
                    "texture": "#wheat_stage0",
                    "rotation": 90,
                    "cullface": "down"
                }
            },
            "shade": false
        },
        {
            "from": [
                8,
                0,
                3.5
            ],
            "to": [
                9,
                1,
                4.5
            ],
            "faces": {
                "north": {
                    "uv": [
                        9,
                        14,
                        8,
                        15
                    ],
                    "texture": "#wheat_stage0"
                },
                "east": {
                    "uv": [
                        8,
                        14,
                        9,
                        15
                    ],
                    "texture": "#wheat_stage0"
                },
                "south": {
                    "uv": [
                        8,
                        14,
                        9,
                        15
                    ],
                    "texture": "#wheat_stage0"
                },
                "up": {
                    "uv": [
                        8,
                        14,
                        9,
                        15
                    ],
                    "texture": "#wheat_stage0"
                },
                "down": {
                    "uv": [
                        8,
                        14,
                        9,
                        15
                    ],
                    "texture": "#wheat_stage0"
                }
            },
            "shade": false
        },
        {
            "from": [
                11.5,
                -0.0009999999999998899,
                8
            ],
            "to": [
                12.5,
                0.9990000000000001,
                9
            ],
            "faces": {
                "east": {
                    "uv": [
                        9,
                        14,
                        8,
                        15
                    ],
                    "texture": "#wheat_stage0"
                },
                "south": {
                    "uv": [
                        8,
                        14,
                        9,
                        15
                    ],
                    "texture": "#wheat_stage0"
                },
                "west": {
                    "uv": [
                        8,
                        14,
                        9,
                        15
                    ],
                    "texture": "#wheat_stage0"
                },
                "up": {
                    "uv": [
                        8,
                        14,
                        9,
                        15
                    ],
                    "texture": "#wheat_stage0",
                    "rotation": 90
                },
                "down": {
                    "uv": [
                        9,
                        14,
                        8,
                        15
                    ],
                    "texture": "#wheat_stage0",
                    "rotation": 90
                }
            },
            "shade": false
        },
        {
            "from": [
                7,
                0,
                11.5
            ],
            "to": [
                8,
                1,
                12.5
            ],
            "faces": {
                "north": {
                    "uv": [
                        8,
                        14,
                        9,
                        15
                    ],
                    "texture": "#wheat_stage0"
                },
                "south": {
                    "uv": [
                        9,
                        14,
                        8,
                        15
                    ],
                    "texture": "#wheat_stage0"
                },
                "west": {
                    "uv": [
                        8,
                        14,
                        9,
                        15
                    ],
                    "texture": "#wheat_stage0"
                },
                "up": {
                    "uv": [
                        9,
                        14,
                        8,
                        15
                    ],
                    "texture": "#wheat_stage0"
                },
                "down": {
                    "uv": [
                        9,
                        14,
                        8,
                        15
                    ],
                    "texture": "#wheat_stage0"
                }
            },
            "shade": false
        },
        {
            "from": [
                3.5,
                -0.0009999999999998899,
                7
            ],
            "to": [
                4.5,
                0.9990000000000001,
                8
            ],
            "faces": {
                "north": {
                    "uv": [
                        8,
                        14,
                        9,
                        15
                    ],
                    "texture": "#wheat_stage0"
                },
                "east": {
                    "uv": [
                        8,
                        14,
                        9,
                        15
                    ],
                    "texture": "#wheat_stage0"
                },
                "west": {
                    "uv": [
                        9,
                        14,
                        8,
                        15
                    ],
                    "texture": "#wheat_stage0"
                },
                "up": {
                    "uv": [
                        9,
                        14,
                        8,
                        15
                    ],
                    "texture": "#wheat_stage0",
                    "rotation": 90
                },
                "down": {
                    "uv": [
                        8,
                        14,
                        9,
                        15
                    ],
                    "texture": "#wheat_stage0",
                    "rotation": 90
                }
            },
            "shade": false
        },
        {
            "from": [
                11,
                -1,
                3.5
            ],
            "to": [
                12,
                1,
                4.5
            ],
            "faces": {
                "north": {
                    "uv": [
                        12,
                        14,
                        11,
                        16
                    ],
                    "texture": "#wheat_stage0"
                },
                "east": {
                    "uv": [
                        11,
                        14,
                        12,
                        16
                    ],
                    "texture": "#wheat_stage0"
                },
                "south": {
                    "uv": [
                        11,
                        14,
                        12,
                        16
                    ],
                    "texture": "#wheat_stage0"
                },
                "west": {
                    "uv": [
                        11,
                        14,
                        12,
                        16
                    ],
                    "texture": "#wheat_stage0"
                },
                "up": {
                    "uv": [
                        11,
                        14,
                        12,
                        15
                    ],
                    "texture": "#wheat_stage0"
                },
                "down": {
                    "uv": [
                        11,
                        15,
                        12,
                        16
                    ],
                    "texture": "#wheat_stage0",
                    "cullface": "down"
                }
            },
            "shade": false
        },
        {
            "from": [
                11.5,
                -1.001,
                11
            ],
            "to": [
                12.5,
                0.9990000000000001,
                12
            ],
            "faces": {
                "north": {
                    "uv": [
                        11,
                        14,
                        12,
                        16
                    ],
                    "texture": "#wheat_stage0"
                },
                "east": {
                    "uv": [
                        12,
                        14,
                        11,
                        16
                    ],
                    "texture": "#wheat_stage0"
                },
                "south": {
                    "uv": [
                        11,
                        14,
                        12,
                        16
                    ],
                    "texture": "#wheat_stage0"
                },
                "west": {
                    "uv": [
                        11,
                        14,
                        12,
                        16
                    ],
                    "texture": "#wheat_stage0"
                },
                "up": {
                    "uv": [
                        11,
                        14,
                        12,
                        15
                    ],
                    "texture": "#wheat_stage0",
                    "rotation": 90
                },
                "down": {
                    "uv": [
                        12,
                        15,
                        11,
                        16
                    ],
                    "texture": "#wheat_stage0",
                    "rotation": 90,
                    "cullface": "down"
                }
            },
            "shade": false
        },
        {
            "from": [
                4,
                -1,
                11.5
            ],
            "to": [
                5,
                1,
                12.5
            ],
            "faces": {
                "north": {
                    "uv": [
                        11,
                        14,
                        12,
                        16
                    ],
                    "texture": "#wheat_stage0"
                },
                "east": {
                    "uv": [
                        11,
                        14,
                        12,
                        16
                    ],
                    "texture": "#wheat_stage0"
                },
                "south": {
                    "uv": [
                        12,
                        14,
                        11,
                        16
                    ],
                    "texture": "#wheat_stage0"
                },
                "west": {
                    "uv": [
                        11,
                        14,
                        12,
                        16
                    ],
                    "texture": "#wheat_stage0"
                },
                "up": {
                    "uv": [
                        12,
                        14,
                        11,
                        15
                    ],
                    "texture": "#wheat_stage0"
                },
                "down": {
                    "uv": [
                        12,
                        15,
                        11,
                        16
                    ],
                    "texture": "#wheat_stage0",
                    "cullface": "down"
                }
            },
            "shade": false
        },
        {
            "from": [
                3.5,
                -1.001,
                4
            ],
            "to": [
                4.5,
                0.9990000000000001,
                5
            ],
            "faces": {
                "north": {
                    "uv": [
                        11,
                        14,
                        12,
                        16
                    ],
                    "texture": "#wheat_stage0"
                },
                "east": {
                    "uv": [
                        11,
                        14,
                        12,
                        16
                    ],
                    "texture": "#wheat_stage0"
                },
                "south": {
                    "uv": [
                        11,
                        14,
                        12,
                        16
                    ],
                    "texture": "#wheat_stage0"
                },
                "west": {
                    "uv": [
                        12,
                        14,
                        11,
                        16
                    ],
                    "texture": "#wheat_stage0"
                },
                "up": {
                    "uv": [
                        12,
                        14,
                        11,
                        15
                    ],
                    "texture": "#wheat_stage0",
                    "rotation": 90
                },
                "down": {
                    "uv": [
                        11,
                        15,
                        12,
                        16
                    ],
                    "texture": "#wheat_stage0",
                    "rotation": 90,
                    "cullface": "down"
                }
            },
            "shade": false
        }
    ]
}