{
    "ambientocclusion": false,
    "textures": {
        "wither_rose": "block/wither_rose",
        "particle": "block/wither_rose"
    },
    "elements": [
        {
            "from": [
                5,
                2,
                5
            ],
            "to": [
                6,
                4,
                6
            ],
            "faces": {
                "north": {
                    "uv": [
                        6,
                        12,
                        5,
                        14
                    ],
                    "texture": "#wither_rose"
                },
                "east": {
                    "uv": [
                        5,
                        12,
                        6,
                        14
                    ],
                    "texture": "#wither_rose"
                },
                "south": {
                    "uv": [
                        5,
                        12,
                        6,
                        14
                    ],
                    "texture": "#wither_rose"
                },
                "west": {
                    "uv": [
                        5,
                        12,
                        6,
                        14
                    ],
                    "texture": "#wither_rose"
                },
                "up": {
                    "uv": [
                        5,
                        12,
                        6,
                        13
                    ],
                    "texture": "#wither_rose"
                },
                "down": {
                    "uv": [
                        5,
                        13,
                        6,
                        14
                    ],
                    "texture": "#wither_rose"
                }
            },
            "shade": false
        },
        {
            "from": [
                10,
                2,
                5
            ],
            "to": [
                11,
                4,
                6
            ],
            "faces": {
                "north": {
                    "uv": [
                        6,
                        12,
                        5,
                        14
                    ],
                    "texture": "#wither_rose"
                },
                "east": {
                    "uv": [
                        5,
                        12,
                        6,
                        14
                    ],
                    "texture": "#wither_rose"
                },
                "south": {
                    "uv": [
                        5,
                        12,
                        6,
                        14
                    ],
                    "texture": "#wither_rose"
                },
                "west": {
                    "uv": [
                        5,
                        12,
                        6,
                        14
                    ],
                    "texture": "#wither_rose"
                },
                "up": {
                    "uv": [
                        5,
                        12,
                        6,
                        13
                    ],
                    "texture": "#wither_rose"
                },
                "down": {
                    "uv": [
                        5,
                        13,
                        6,
                        14
                    ],
                    "texture": "#wither_rose"
                }
            },
            "shade": false
        },
        {
            "from": [
                6,
                8,
                6
            ],
            "to": [
                7,
                10,
                7
            ],
            "faces": {
                "north": {
                    "uv": [
                        7,
                        6,
                        6,
                        8
                    ],
                    "texture": "#wither_rose"
                },
                "east": {
                    "uv": [
                        6,
                        6,
                        7,
                        8
                    ],
                    "texture": "#wither_rose"
                },
                "south": {
                    "uv": [
                        6,
                        6,
                        7,
                        8
                    ],
                    "texture": "#wither_rose"
                },
                "west": {
                    "uv": [
                        6,
                        6,
                        7,
                        8
                    ],
                    "texture": "#wither_rose"
                },
                "up": {
                    "uv": [
                        6,
                        6,
                        7,
                        7
                    ],
                    "texture": "#wither_rose"
                },
                "down": {
                    "uv": [
                        6,
                        7,
                        7,
                        8
                    ],
                    "texture": "#wither_rose"
                }
            },
            "shade": false
        },
        {
            "from": [
                9,
                8,
                6
            ],
            "to": [
                10,
                10,
                7
            ],
            "faces": {
                "north": {
                    "uv": [
                        7,
                        6,
                        6,
                        8
                    ],
                    "texture": "#wither_rose"
                },
                "east": {
                    "uv": [
                        6,
                        6,
                        7,
                        8
                    ],
                    "texture": "#wither_rose"
                },
                "south": {
                    "uv": [
                        6,
                        6,
                        7,
                        8
                    ],
                    "texture": "#wither_rose"
                },
                "west": {
                    "uv": [
                        6,
                        6,
                        7,
                        8
                    ],
                    "texture": "#wither_rose"
                },
                "up": {
                    "uv": [
                        6,
                        6,
                        7,
                        7
                    ],
                    "texture": "#wither_rose"
                },
                "down": {
                    "uv": [
                        6,
                        7,
                        7,
                        8
                    ],
                    "texture": "#wither_rose"
                }
            },
            "shade": false
        },
        {
            "from": [
                6,
                3,
                6
            ],
            "to": [
                7,
                5,
                7
            ],
            "faces": {
                "north": {
                    "uv": [
                        7,
                        11,
                        6,
                        13
                    ],
                    "texture": "#wither_rose"
                },
                "east": {
                    "uv": [
                        6,
                        11,
                        7,
                        13
                    ],
                    "texture": "#wither_rose"
                },
                "south": {
                    "uv": [
                        6,
                        11,
                        7,
                        13
                    ],
                    "texture": "#wither_rose"
                },
                "west": {
                    "uv": [
                        6,
                        11,
                        7,
                        13
                    ],
                    "texture": "#wither_rose"
                },
                "up": {
                    "uv": [
                        6,
                        11,
                        7,
                        12
                    ],
                    "texture": "#wither_rose"
                },
                "down": {
                    "uv": [
                        6,
                        12,
                        7,
                        13
                    ],
                    "texture": "#wither_rose"
                }
            },
            "shade": false
        },
        {
            "from": [
                9,
                3,
                6
            ],
            "to": [
                10,
                5,
                7
            ],
            "faces": {
                "north": {
                    "uv": [
                        7,
                        11,
                        6,
                        13
                    ],
                    "texture": "#wither_rose"
                },
                "east": {
                    "uv": [
                        6,
                        11,
                        7,
                        13
                    ],
                    "texture": "#wither_rose"
                },
                "south": {
                    "uv": [
                        6,
                        11,
                        7,
                        13
                    ],
                    "texture": "#wither_rose"
                },
                "west": {
                    "uv": [
                        6,
                        11,
                        7,
                        13
                    ],
                    "texture": "#wither_rose"
                },
                "up": {
                    "uv": [
                        6,
                        11,
                        7,
                        12
                    ],
                    "texture": "#wither_rose"
                },
                "down": {
                    "uv": [
                        6,
                        12,
                        7,
                        13
                    ],
                    "texture": "#wither_rose"
                }
            },
            "shade": false
        },
        {
            "from": [
                7,
                7,
                7
            ],
            "to": [
                8,
                11,
                8
            ],
            "faces": {
                "north": {
                    "uv": [
                        8,
                        5,
                        7,
                        9
                    ],
                    "texture": "#wither_rose"
                },
                "west": {
                    "uv": [
                        7,
                        5,
                        8,
                        9
                    ],
                    "texture": "#wither_rose"
                },
                "up": {
                    "uv": [
                        7,
                        5,
                        8,
                        6
                    ],
                    "texture": "#wither_rose"
                },
                "down": {
                    "uv": [
                        7,
                        8,
                        8,
                        9
                    ],
                    "texture": "#wither_rose"
                }
            },
            "shade": false
        },
        {
            "from": [
                8,
                7,
                7
            ],
            "to": [
                9,
                11,
                8
            ],
            "faces": {
                "north": {
                    "uv": [
                        8,
                        5,
                        7,
                        9
                    ],
                    "texture": "#wither_rose"
                },
                "east": {
                    "uv": [
                        7,
                        5,
                        8,
                        9
                    ],
                    "texture": "#wither_rose"
                },
                "up": {
                    "uv": [
                        7,
                        5,
                        8,
                        6
                    ],
                    "texture": "#wither_rose"
                },
                "down": {
                    "uv": [
                        7,
                        8,
                        8,
                        9
                    ],
                    "texture": "#wither_rose"
                }
            },
            "shade": false
        },
        {
            "from": [
                7,
                3,
                7
            ],
            "to": [
                8,
                5,
                8
            ],
            "faces": {
                "north": {
                    "uv": [
                        8,
                        11,
                        7,
                        13
                    ],
                    "texture": "#wither_rose"
                },
                "west": {
                    "uv": [
                        7,
                        11,
                        8,
                        13
                    ],
                    "texture": "#wither_rose"
                },
                "up": {
                    "uv": [
                        7,
                        11,
                        8,
                        12
                    ],
                    "texture": "#wither_rose"
                },
                "down": {
                    "uv": [
                        7,
                        12,
                        8,
                        13
                    ],
                    "texture": "#wither_rose"
                }
            },
            "shade": false
        },
        {
            "from": [
                8,
                3,
                7
            ],
            "to": [
                9,
                5,
                8
            ],
            "faces": {
                "north": {
                    "uv": [
                        8,
                        11,
                        7,
                        13
                    ],
                    "texture": "#wither_rose"
                },
                "east": {
                    "uv": [
                        7,
                        11,
                        8,
                        13
                    ],
                    "texture": "#wither_rose"
                },
                "up": {
                    "uv": [
                        7,
                        11,
                        8,
                        12
                    ],
                    "texture": "#wither_rose"
                },
                "down": {
                    "uv": [
                        7,
                        12,
                        8,
                        13
                    ],
                    "texture": "#wither_rose"
                }
            },
            "shade": false
        },
        {
            "from": [
                7,
                0,
                7
            ],
            "to": [
                8,
                1,
                8
            ],
            "faces": {
                "north": {
                    "uv": [
                        8,
                        15,
                        7,
                        16
                    ],
                    "texture": "#wither_rose"
                },
                "west": {
                    "uv": [
                        7,
                        15,
                        8,
                        16
                    ],
                    "texture": "#wither_rose"
                },
                "up": {
                    "uv": [
                        7,
                        15,
                        8,
                        16
                    ],
                    "texture": "#wither_rose"
                },
                "down": {
                    "uv": [
                        7,
                        15,
                        8,
                        16
                    ],
                    "texture": "#wither_rose",
                    "cullface": "down"
                }
            },
            "shade": false
        },
        {
            "from": [
                8,
                0,
                7
            ],
            "to": [
                9,
                1,
                8
            ],
            "faces": {
                "north": {
                    "uv": [
                        8,
                        15,
                        7,
                        16
                    ],
                    "texture": "#wither_rose"
                },
                "east": {
                    "uv": [
                        7,
                        15,
                        8,
                        16
                    ],
                    "texture": "#wither_rose"
                },
                "up": {
                    "uv": [
                        7,
                        15,
                        8,
                        16
                    ],
                    "texture": "#wither_rose"
                },
                "down": {
                    "uv": [
                        7,
                        15,
                        8,
                        16
                    ],
                    "texture": "#wither_rose",
                    "cullface": "down"
                }
            },
            "shade": false
        },
        {
            "from": [
                8,
                0,
                8
            ],
            "to": [
                9,
                11,
                9
            ],
            "faces": {
                "north": {
                    "uv": [
                        9,
                        5,
                        8,
                        16
                    ],
                    "texture": "#wither_rose"
                },
                "east": {
                    "uv": [
                        8,
                        5,
                        9,
                        16
                    ],
                    "texture": "#wither_rose"
                },
                "south": {
                    "uv": [
                        8,
                        5,
                        9,
                        16
                    ],
                    "texture": "#wither_rose"
                },
                "up": {
                    "uv": [
                        8,
                        5,
                        9,
                        6
                    ],
                    "texture": "#wither_rose"
                },
                "down": {
                    "uv": [
                        8,
                        15,
                        9,
                        16
                    ],
                    "texture": "#wither_rose",
                    "cullface": "down"
                }
            },
            "shade": false
        },
        {
            "from": [
                7,
                0,
                8
            ],
            "to": [
                8,
                11,
                9
            ],
            "faces": {
                "north": {
                    "uv": [
                        9,
                        5,
                        8,
                        16
                    ],
                    "texture": "#wither_rose"
                },
                "south": {
                    "uv": [
                        8,
                        5,
                        9,
                        16
                    ],
                    "texture": "#wither_rose"
                },
                "west": {
                    "uv": [
                        8,
                        5,
                        9,
                        16
                    ],
                    "texture": "#wither_rose"
                },
                "up": {
                    "uv": [
                        8,
                        5,
                        9,
                        6
                    ],
                    "texture": "#wither_rose"
                },
                "down": {
                    "uv": [
                        8,
                        15,
                        9,
                        16
                    ],
                    "texture": "#wither_rose",
                    "cullface": "down"
                }
            },
            "shade": false
        },
        {
            "from": [
                9,
                7,
                9
            ],
            "to": [
                10,
                11,
                10
            ],
            "faces": {
                "north": {
                    "uv": [
                        10,
                        5,
                        9,
                        9
                    ],
                    "texture": "#wither_rose"
                },
                "east": {
                    "uv": [
                        9,
                        5,
                        10,
                        9
                    ],
                    "texture": "#wither_rose"
                },
                "south": {
                    "uv": [
                        9,
                        5,
                        10,
                        9
                    ],
                    "texture": "#wither_rose"
                },
                "west": {
                    "uv": [
                        9,
                        5,
                        10,
                        9
                    ],
                    "texture": "#wither_rose"
                },
                "up": {
                    "uv": [
                        9,
                        5,
                        10,
                        6
                    ],
                    "texture": "#wither_rose"
                },
                "down": {
                    "uv": [
                        9,
                        8,
                        10,
                        9
                    ],
                    "texture": "#wither_rose"
                }
            },
            "shade": false
        },
        {
            "from": [
                6,
                7,
                9
            ],
            "to": [
                7,
                11,
                10
            ],
            "faces": {
                "north": {
                    "uv": [
                        10,
                        5,
                        9,
                        9
                    ],
                    "texture": "#wither_rose"
                },
                "east": {
                    "uv": [
                        9,
                        5,
                        10,
                        9
                    ],
                    "texture": "#wither_rose"
                },
                "south": {
                    "uv": [
                        9,
                        5,
                        10,
                        9
                    ],
                    "texture": "#wither_rose"
                },
                "west": {
                    "uv": [
                        9,
                        5,
                        10,
                        9
                    ],
                    "texture": "#wither_rose"
                },
                "up": {
                    "uv": [
                        9,
                        5,
                        10,
                        6
                    ],
                    "texture": "#wither_rose"
                },
                "down": {
                    "uv": [
                        9,
                        8,
                        10,
                        9
                    ],
                    "texture": "#wither_rose"
                }
            },
            "shade": false
        },
        {
            "from": [
                9,
                4,
                9
            ],
            "to": [
                10,
                6,
                10
            ],
            "faces": {
                "north": {
                    "uv": [
                        10,
                        10,
                        9,
                        12
                    ],
                    "texture": "#wither_rose"
                },
                "east": {
                    "uv": [
                        9,
                        10,
                        10,
                        12
                    ],
                    "texture": "#wither_rose"
                },
                "south": {
                    "uv": [
                        9,
                        10,
                        10,
                        12
                    ],
                    "texture": "#wither_rose"
                },
                "west": {
                    "uv": [
                        9,
                        10,
                        10,
                        12
                    ],
                    "texture": "#wither_rose"
                },
                "up": {
                    "uv": [
                        9,
                        10,
                        10,
                        11
                    ],
                    "texture": "#wither_rose"
                },
                "down": {
                    "uv": [
                        9,
                        11,
                        10,
                        12
                    ],
                    "texture": "#wither_rose"
                }
            },
            "shade": false
        },
        {
            "from": [
                6,
                4,
                9
            ],
            "to": [
                7,
                6,
                10
            ],
            "faces": {
                "north": {
                    "uv": [
                        10,
                        10,
                        9,
                        12
                    ],
                    "texture": "#wither_rose"
                },
                "east": {
                    "uv": [
                        9,
                        10,
                        10,
                        12
                    ],
                    "texture": "#wither_rose"
                },
                "south": {
                    "uv": [
                        9,
                        10,
                        10,
                        12
                    ],
                    "texture": "#wither_rose"
                },
                "west": {
                    "uv": [
                        9,
                        10,
                        10,
                        12
                    ],
                    "texture": "#wither_rose"
                },
                "up": {
                    "uv": [
                        9,
                        10,
                        10,
                        11
                    ],
                    "texture": "#wither_rose"
                },
                "down": {
                    "uv": [
                        9,
                        11,
                        10,
                        12
                    ],
                    "texture": "#wither_rose"
                }
            },
            "shade": false
        },
        {
            "from": [
                9,
                0,
                9
            ],
            "to": [
                10,
                1,
                10
            ],
            "faces": {
                "north": {
                    "uv": [
                        10,
                        15,
                        9,
                        16
                    ],
                    "texture": "#wither_rose"
                },
                "east": {
                    "uv": [
                        9,
                        15,
                        10,
                        16
                    ],
                    "texture": "#wither_rose"
                },
                "south": {
                    "uv": [
                        9,
                        15,
                        10,
                        16
                    ],
                    "texture": "#wither_rose"
                },
                "west": {
                    "uv": [
                        9,
                        15,
                        10,
                        16
                    ],
                    "texture": "#wither_rose"
                },
                "up": {
                    "uv": [
                        9,
                        15,
                        10,
                        16
                    ],
                    "texture": "#wither_rose"
                },
                "down": {
                    "uv": [
                        9,
                        15,
                        10,
                        16
                    ],
                    "texture": "#wither_rose",
                    "cullface": "down"
                }
            },
            "shade": false
        },
        {
            "from": [
                6,
                0,
                9
            ],
            "to": [
                7,
                1,
                10
            ],
            "faces": {
                "north": {
                    "uv": [
                        10,
                        15,
                        9,
                        16
                    ],
                    "texture": "#wither_rose"
                },
                "east": {
                    "uv": [
                        9,
                        15,
                        10,
                        16
                    ],
                    "texture": "#wither_rose"
                },
                "south": {
                    "uv": [
                        9,
                        15,
                        10,
                        16
                    ],
                    "texture": "#wither_rose"
                },
                "west": {
                    "uv": [
                        9,
                        15,
                        10,
                        16
                    ],
                    "texture": "#wither_rose"
                },
                "up": {
                    "uv": [
                        9,
                        15,
                        10,
                        16
                    ],
                    "texture": "#wither_rose"
                },
                "down": {
                    "uv": [
                        9,
                        15,
                        10,
                        16
                    ],
                    "texture": "#wither_rose",
                    "cullface": "down"
                }
            },
            "shade": false
        },
        {
            "from": [
                10,
                8,
                10
            ],
            "to": [
                11,
                10,
                11
            ],
            "faces": {
                "north": {
                    "uv": [
                        11,
                        6,
                        10,
                        8
                    ],
                    "texture": "#wither_rose"
                },
                "east": {
                    "uv": [
                        10,
                        6,
                        11,
                        8
                    ],
                    "texture": "#wither_rose"
                },
                "south": {
                    "uv": [
                        10,
                        6,
                        11,
                        8
                    ],
                    "texture": "#wither_rose"
                },
                "west": {
                    "uv": [
                        10,
                        6,
                        11,
                        8
                    ],
                    "texture": "#wither_rose"
                },
                "up": {
                    "uv": [
                        10,
                        6,
                        11,
                        7
                    ],
                    "texture": "#wither_rose"
                },
                "down": {
                    "uv": [
                        10,
                        7,
                        11,
                        8
                    ],
                    "texture": "#wither_rose"
                }
            },
            "shade": false
        },
        {
            "from": [
                5,
                8,
                10
            ],
            "to": [
                6,
                10,
                11
            ],
            "faces": {
                "north": {
                    "uv": [
                        11,
                        6,
                        10,
                        8
                    ],
                    "texture": "#wither_rose"
                },
                "east": {
                    "uv": [
                        10,
                        6,
                        11,
                        8
                    ],
                    "texture": "#wither_rose"
                },
                "south": {
                    "uv": [
                        10,
                        6,
                        11,
                        8
                    ],
                    "texture": "#wither_rose"
                },
                "west": {
                    "uv": [
                        10,
                        6,
                        11,
                        8
                    ],
                    "texture": "#wither_rose"
                },
                "up": {
                    "uv": [
                        10,
                        6,
                        11,
                        7
                    ],
                    "texture": "#wither_rose"
                },
                "down": {
                    "uv": [
                        10,
                        7,
                        11,
                        8
                    ],
                    "texture": "#wither_rose"
                }
            },
            "shade": false
        },
        {
            "from": [
                10,
                4,
                10
            ],
            "to": [
                11,
                6,
                11
            ],
            "faces": {
                "north": {
                    "uv": [
                        11,
                        10,
                        10,
                        12
                    ],
                    "texture": "#wither_rose"
                },
                "east": {
                    "uv": [
                        10,
                        10,
                        11,
                        12
                    ],
                    "texture": "#wither_rose"
                },
                "south": {
                    "uv": [
                        10,
                        10,
                        11,
                        12
                    ],
                    "texture": "#wither_rose"
                },
                "west": {
                    "uv": [
                        10,
                        10,
                        11,
                        12
                    ],
                    "texture": "#wither_rose"
                },
                "up": {
                    "uv": [
                        10,
                        10,
                        11,
                        11
                    ],
                    "texture": "#wither_rose"
                },
                "down": {
                    "uv": [
                        10,
                        11,
                        11,
                        12
                    ],
                    "texture": "#wither_rose"
                }
            },
            "shade": false
        },
        {
            "from": [
                5,
                4,
                10
            ],
            "to": [
                6,
                6,
                11
            ],
            "faces": {
                "north": {
                    "uv": [
                        11,
                        10,
                        10,
                        12
                    ],
                    "texture": "#wither_rose"
                },
                "east": {
                    "uv": [
                        10,
                        10,
                        11,
                        12
                    ],
                    "texture": "#wither_rose"
                },
                "south": {
                    "uv": [
                        10,
                        10,
                        11,
                        12
                    ],
                    "texture": "#wither_rose"
                },
                "west": {
                    "uv": [
                        10,
                        10,
                        11,
                        12
                    ],
                    "texture": "#wither_rose"
                },
                "up": {
                    "uv": [
                        10,
                        10,
                        11,
                        11
                    ],
                    "texture": "#wither_rose"
                },
                "down": {
                    "uv": [
                        10,
                        11,
                        11,
                        12
                    ],
                    "texture": "#wither_rose"
                }
            },
            "shade": false
        },
        {
            "from": [
                11,
                3,
                11
            ],
            "to": [
                12,
                5,
                12
            ],
            "faces": {
                "north": {
                    "uv": [
                        12,
                        11,
                        11,
                        13
                    ],
                    "texture": "#wither_rose"
                },
                "east": {
                    "uv": [
                        11,
                        11,
                        12,
                        13
                    ],
                    "texture": "#wither_rose"
                },
                "south": {
                    "uv": [
                        11,
                        11,
                        12,
                        13
                    ],
                    "texture": "#wither_rose"
                },
                "west": {
                    "uv": [
                        11,
                        11,
                        12,
                        13
                    ],
                    "texture": "#wither_rose"
                },
                "up": {
                    "uv": [
                        11,
                        11,
                        12,
                        12
                    ],
                    "texture": "#wither_rose"
                },
                "down": {
                    "uv": [
                        11,
                        12,
                        12,
                        13
                    ],
                    "texture": "#wither_rose"
                }
            },
            "shade": false
        },
        {
            "from": [
                4,
                3,
                11
            ],
            "to": [
                5,
                5,
                12
            ],
            "faces": {
                "north": {
                    "uv": [
                        12,
                        11,
                        11,
                        13
                    ],
                    "texture": "#wither_rose"
                },
                "east": {
                    "uv": [
                        11,
                        11,
                        12,
                        13
                    ],
                    "texture": "#wither_rose"
                },
                "south": {
                    "uv": [
                        11,
                        11,
                        12,
                        13
                    ],
                    "texture": "#wither_rose"
                },
                "west": {
                    "uv": [
                        11,
                        11,
                        12,
                        13
                    ],
                    "texture": "#wither_rose"
                },
                "up": {
                    "uv": [
                        11,
                        11,
                        12,
                        12
                    ],
                    "texture": "#wither_rose"
                },
                "down": {
                    "uv": [
                        11,
                        12,
                        12,
                        13
                    ],
                    "texture": "#wither_rose"
                }
            },
            "shade": false
        }
    ]
}