{
	"credit": "Made with Blockbench",
	"parent": "minecraft:block/template_four_candles",
	"textures": {
		"0": "block/brown_candles_oak_log",
		"1": "block/brown_candles_oak_log_top",
		"particle": "block/brown_candles_oak_log"
	},
	"elements": [
		{
			"from": [5, 0, 0],
			"to": [11, 8, 16],
			"faces": {
				"north": {"uv": [5, 4, 11, 12], "texture": "#1"},
				"east": {"uv": [0, 0, 16, 8], "texture": "#0"},
				"south": {"uv": [5, 4, 11, 12], "texture": "#1"},
				"west": {"uv": [0, 0, 16, 8], "texture": "#0"},
				"up": {"uv": [0, 0, 6, 16], "texture": "#0"},
				"down": {"uv": [0, 0, 6, 16], "texture": "#0"}
			}
		},
		{
			"from": [4, 1, 0],
			"to": [5, 7, 16],
			"faces": {
				"north": {"uv": [11, 5, 12, 11], "texture": "#1"},
				"east": {"uv": [0, 0, 16, 6], "texture": "#missing"},
				"south": {"uv": [4, 5, 5, 11], "texture": "#1"},
				"west": {"uv": [0, 0, 6, 16], "rotation": 90, "texture": "#0"},
				"up": {"uv": [0, 0, 1, 16], "texture": "#0"},
				"down": {"uv": [0, 0, 1, 16], "texture": "#0"}
			}
		},
		{
			"from": [11, 1, 0],
			"to": [12, 7, 16],
			"faces": {
				"north": {"uv": [4, 5, 5, 11], "texture": "#1"},
				"east": {"uv": [0, 0, 6, 16], "rotation": 90, "texture": "#0"},
				"south": {"uv": [11, 5, 12, 11], "texture": "#1"},
				"west": {"uv": [0, 0, 16, 6], "texture": "#missing"},
				"up": {"uv": [0, 0, 1, 16], "texture": "#0"},
				"down": {"uv": [0, 0, 1, 16], "texture": "#0"}
			}
		}
	]
}