{
	"credit": "Made with Blockbench",
	"parent": "minecraft:block/template_three_candles",
	"textures": {
		"0": "block/brown_candles_oak_log_top",
		"1": "block/brown_candles_oak_log",
		"particle": "block/brown_candles_oak_log_top"
	},
	"elements": [
		{
			"from": [0, 0, 5],
			"to": [16, 8, 11],
			"faces": {
				"north": {"uv": [0, 0, 16, 8], "texture": "#1"},
				"east": {"uv": [5, 4, 11, 12], "texture": "#0"},
				"south": {"uv": [0, 0, 16, 8], "texture": "#1"},
				"west": {"uv": [5, 4, 11, 12], "texture": "#0"},
				"up": {"uv": [0, 0, 6, 16], "rotation": 270, "texture": "#1"},
				"down": {"uv": [0, 0, 6, 16], "rotation": 90, "texture": "#1"}
			}
		},
		{
			"from": [0, 1, 11],
			"to": [16, 7, 12],
			"faces": {
				"north": {"uv": [0, 0, 16, 6], "texture": "#1"},
				"east": {"uv": [4, 5, 5, 11], "texture": "#0"},
				"south": {"uv": [0, 0, 6, 16], "rotation": 90, "texture": "#1"},
				"west": {"uv": [11, 5, 12, 11], "texture": "#0"},
				"up": {"uv": [0, 0, 1, 16], "rotation": 270, "texture": "#1"},
				"down": {"uv": [0, 0, 1, 16], "rotation": 90, "texture": "#1"}
			}
		},
		{
			"from": [0, 1, 4],
			"to": [16, 7, 5],
			"faces": {
				"north": {"uv": [0, 0, 6, 16], "rotation": 90, "texture": "#1"},
				"east": {"uv": [11, 5, 12, 11], "texture": "#0"},
				"south": {"uv": [0, 0, 16, 6], "texture": "#1"},
				"west": {"uv": [4, 5, 5, 11], "texture": "#0"},
				"up": {"uv": [0, 0, 1, 16], "rotation": 270, "texture": "#1"},
				"down": {"uv": [0, 0, 1, 16], "rotation": 90, "texture": "#1"}
			}
		}
	]
}