{
	"credit": "Made with Blockbench",
	"parent": "block/block",
	"textures": {
		"2": "block/composter_top",
		"3": "block/composter_side_level_1",
		"4": "block/composter_bottom",
		"particle": "block/composter_side_level_1"
	},
	"elements": [
		{
			"from": [0, 0, 0],
			"to": [2, 16, 16],
			"faces": {
				"north": {"uv": [14, 0, 16, 16], "texture": "#3", "cullface": "north"},
				"east": {"uv": [0, 0, 16, 16], "texture": "#3", "cullface": "up"},
				"south": {"uv": [0, 0, 2, 16], "texture": "#3", "cullface": "south"},
				"west": {"uv": [0, 0, 16, 16], "texture": "#3", "cullface": "west"},
				"up": {"uv": [0, 0, 16, 2], "rotation": 270, "texture": "#2", "cullface": "up"}
			}
		},
		{
			"from": [0, 0, 0],
			"to": [16, 2, 16],
			"faces": {
				"up": {"uv": [0, 0, 16, 16], "texture": "#missing", "cullface": "up"},
				"down": {"uv": [0, 0, 16, 16], "texture": "#4", "cullface": "down"}
			}
		},
		{
			"from": [14, 0, 0],
			"to": [16, 16, 16],
			"faces": {
				"north": {"uv": [0, 0, 2, 16], "texture": "#3", "cullface": "north"},
				"east": {"uv": [0, 0, 16, 16], "texture": "#3", "cullface": "east"},
				"south": {"uv": [14, 0, 16, 16], "texture": "#3", "cullface": "south"},
				"west": {"uv": [0, 0, 16, 16], "texture": "#3", "cullface": "up"},
				"up": {"uv": [0, 0, 16, 2], "rotation": 90, "texture": "#2", "cullface": "up"}
			}
		},
		{
			"from": [2, 0, 0],
			"to": [14, 16, 2],
			"faces": {
				"north": {"uv": [2, 0, 14, 16], "texture": "#3", "cullface": "north"},
				"south": {"uv": [2, 0, 14, 16], "texture": "#3", "cullface": "up"},
				"up": {"uv": [2, 0, 14, 2], "texture": "#2", "cullface": "up"}
			}
		},
		{
			"from": [2, 0, 14],
			"to": [14, 16, 16],
			"faces": {
				"north": {"uv": [2, 0, 14, 16], "texture": "#3", "cullface": "up"},
				"south": {"uv": [2, 0, 14, 16], "texture": "#3", "cullface": "south"},
				"up": {"uv": [2, 14, 14, 16], "texture": "#2", "cullface": "up"}
			}
		},
		{
			"from": [2, 0, 2],
			"to": [14, 3, 14],
			"faces": {
				"up": {"uv": [2, 2, 14, 14], "texture": "#4", "cullface": "up"}
			}
		}
	]
}