{
	"credit": "Made with Blockbench",
	"parent": "minecraft:block/template_fence_gate",
	"textures": {
		"0": "block/oak_table",
		"particle": "block/oak_table"
	},
	"elements": [
		{
			"from": [2, 4, 7],
			"to": [16, 11, 9],
			"faces": {
				"north": {"uv": [4, 0, 11, 14], "rotation": 90, "texture": "#0"},
				"east": {"uv": [0, 2, 2, 9], "texture": "#0"},
				"south": {"uv": [4, 14, 11, 0], "rotation": 90, "texture": "#0"},
				"west": {"uv": [12, 2, 14, 9], "texture": "#0"},
				"up": {"uv": [4, 1, 6, 15], "rotation": 90, "texture": "#0"},
				"down": {"uv": [9, 1, 11, 15], "rotation": 270, "texture": "#0"}
			}
		},
		{
			"from": [0, 6, 7],
			"to": [2, 9, 9],
			"faces": {
				"north": {"uv": [7, 6, 9, 9], "texture": "#0"},
				"east": {"uv": [0, 0, 2, 3], "texture": "#missing"},
				"south": {"uv": [2, 1, 5, 3], "rotation": 90, "texture": "#0"},
				"west": {"uv": [12, 2, 14, 5], "texture": "#0"},
				"up": {"uv": [3, 1, 5, 3], "texture": "#0"},
				"down": {"uv": [8, 1, 10, 3], "texture": "#0"}
			}
		}
	]
}