{
	"credit": "Made with Blockbench",
	"parent": "minecraft:block/button_inventory",
	"textures": {
		"1": "block/brown_candles_oak_log_top",
		"2": "block/brown_candles_oak_log",
		"particle": "block/brown_candles_oak_log_top"
	},
	"elements": [
		{
			"from": [5, 0, 4],
			"to": [11, 8, 12],
			"faces": {
				"north": {"uv": [0, 8, 6, 16], "rotation": 180, "texture": "#2"},
				"east": {"uv": [0, 0, 8, 8], "rotation": 270, "texture": "#2"},
				"south": {"uv": [0, 8, 6, 16], "texture": "#2"},
				"west": {"uv": [0, 0, 8, 8], "rotation": 90, "texture": "#2"},
				"up": {"uv": [5, 4, 11, 12], "rotation": 180, "texture": "#1"},
				"down": {"uv": [5, 4, 11, 12], "texture": "#1"}
			}
		},
		{
			"from": [4, 0, 5],
			"to": [5, 8, 11],
			"faces": {
				"north": {"uv": [0, 8, 1, 16], "rotation": 180, "texture": "#2"},
				"east": {"uv": [0, 0, 16, 6], "rotation": 270, "texture": "#2"},
				"south": {"uv": [3, 8, 4, 16], "texture": "#2"},
				"west": {"uv": [0, 8, 6, 16], "rotation": 180, "texture": "#2"},
				"up": {"uv": [11, 5, 12, 11], "rotation": 180, "texture": "#1"},
				"down": {"uv": [4, 5, 5, 11], "texture": "#1"}
			}
		},
		{
			"from": [11, 0, 5],
			"to": [12, 8, 11],
			"faces": {
				"north": {"uv": [0, 8, 1, 16], "rotation": 180, "texture": "#2"},
				"east": {"uv": [0, 8, 6, 16], "texture": "#2"},
				"south": {"uv": [0, 8, 1, 16], "texture": "#2"},
				"west": {"uv": [0, 0, 16, 6], "rotation": 90, "texture": "#2"},
				"up": {"uv": [4, 5, 5, 11], "rotation": 180, "texture": "#1"},
				"down": {"uv": [11, 5, 12, 11], "texture": "#1"}
			}
		}
	]
}