{
	"credit": "Made with Blockbench",
	"parent": "minecraft:block/template_fence_gate_open",
	"textures": {
		"0": "block/oak_table_leg",
		"1": "block/oak_table",
		"particle": "block/oak_table_leg"
	},
	"elements": [
		{
			"from": [2, 9, 7],
			"to": [16, 16, 9],
			"faces": {
				"north": {"uv": [4, 0, 11, 14], "rotation": 90, "texture": "#1"},
				"east": {"uv": [0, 2, 2, 9], "texture": "#1"},
				"south": {"uv": [4, 14, 11, 0], "rotation": 90, "texture": "#1"},
				"west": {"uv": [12, 2, 14, 9], "texture": "#1"},
				"up": {"uv": [4, 1, 6, 15], "rotation": 90, "texture": "#1"},
				"down": {"uv": [9, 1, 11, 15], "rotation": 270, "texture": "#1"}
			}
		},
		{
			"from": [0, 11, 7],
			"to": [2, 14, 9],
			"faces": {
				"north": {"uv": [8, 6, 10, 9], "texture": "#1"},
				"east": {"uv": [0, 0, 2, 3], "texture": "#1"},
				"south": {"uv": [2, 1, 5, 3], "rotation": 90, "texture": "#1"},
				"west": {"uv": [12, 2, 14, 5], "texture": "#1"},
				"up": {"uv": [4, 1, 6, 3], "texture": "#1"},
				"down": {"uv": [8, 1, 10, 3], "texture": "#1"}
			}
		},
		{
			"from": [6, 0, 6],
			"to": [10, 10, 10],
			"faces": {
				"north": {"uv": [0, 3, 4, 13], "texture": "#0"},
				"east": {"uv": [0, 3, 4, 13], "texture": "#0"},
				"south": {"uv": [0, 3, 4, 13], "texture": "#0"},
				"west": {"uv": [0, 3, 4, 13], "texture": "#0"},
				"up": {"uv": [12, 12, 16, 16], "texture": "#1"},
				"down": {"uv": [12, 12, 16, 16], "texture": "#1"}
			}
		}
	]
}