{
	"credit": "Made with Blockbench",
	"parent": "minecraft:block/button_pressed",
	"textures": {
		"0": "block/spruce_log_heads",
		"1": "block/spruce_log",
		"particle": "block/spruce_log_heads"
	},
	"elements": [
		{
			"from": [5, 0, 4],
			"to": [11, 8, 12],
			"faces": {
				"north": {"uv": [9, 8, 15, 16], "rotation": 180, "texture": "#1"},
				"east": {"uv": [0, 0, 8, 8], "rotation": 180, "texture": "#1"},
				"south": {"uv": [7, 16, 13, 8], "texture": "#1"},
				"west": {"uv": [0, 0, 8, 8], "rotation": 180, "texture": "#1"},
				"up": {"uv": [5, 4, 11, 12], "texture": "#0"},
				"down": {"uv": [5, 4, 11, 12], "texture": "#0"}
			}
		},
		{
			"from": [4, 0, 5],
			"to": [5, 8, 11],
			"faces": {
				"north": {"uv": [0, 8, 1, 16], "rotation": 180, "texture": "#1"},
				"east": {"uv": [8, 0, 16, 6], "rotation": 270, "texture": "#1"},
				"south": {"uv": [3, 8, 4, 16], "texture": "#1"},
				"west": {"uv": [0, 8, 8, 14], "rotation": 90, "texture": "#1"},
				"up": {"uv": [4, 5, 5, 11], "texture": "#0"},
				"down": {"uv": [4, 5, 5, 11], "texture": "#0"}
			}
		},
		{
			"from": [11, 0, 5],
			"to": [12, 8, 11],
			"faces": {
				"north": {"uv": [0, 8, 1, 16], "rotation": 180, "texture": "#1"},
				"east": {"uv": [7, 3, 15, 9], "rotation": 90, "texture": "#1"},
				"south": {"uv": [0, 8, 1, 16], "texture": "#1"},
				"west": {"uv": [8, 0, 16, 6], "rotation": 90, "texture": "#1"},
				"up": {"uv": [11, 5, 12, 11], "texture": "#0"},
				"down": {"uv": [11, 5, 12, 11], "texture": "#0"}
			}
		}
	]
}