{
	"credit": "Made with Blockbench",
	"parent": "minecraft:block/coral_fan",
	"textures": {
		"fan": "block/dead_brain_coral_fan"
	},
	"elements": [
		{
			"from": [3.5, 0, 8.5],
			"to": [3.5, 4, 13.5],
			"faces": {
				"north": {"uv": [9, 12, 14, 16], "texture": "#fan"},
				"east": {"uv": [10, 12, 15, 16], "texture": "#fan"},
				"south": {"uv": [9, 12, 14, 16], "texture": "#fan"},
				"west": {"uv": [10, 12, 15, 16], "texture": "#fan"},
				"up": {"uv": [0, 0, 5, 0], "texture": "#missing"},
				"down": {"uv": [0, 0, 5, 0], "texture": "#missing"}
			}
		},
		{
			"from": [6.5, 0, 5],
			"to": [11.5, 4, 5],
			"faces": {
				"north": {"uv": [10, 12, 15, 16], "texture": "#fan"},
				"east": {"uv": [0, 0, 0, 4], "texture": "#missing"},
				"south": {"uv": [10, 12, 15, 16], "texture": "#fan"},
				"west": {"uv": [0, 0, 0, 4], "texture": "#missing"},
				"up": {"uv": [0, 0, 5, 0], "texture": "#missing"},
				"down": {"uv": [0, 0, 5, 0], "texture": "#missing"}
			}
		},
		{
			"from": [9, 0, 2.5],
			"to": [9, 4, 7.5],
			"faces": {
				"north": {"uv": [9, 12, 14, 16], "texture": "#fan"},
				"east": {"uv": [10, 12, 15, 16], "texture": "#fan"},
				"south": {"uv": [9, 12, 14, 16], "texture": "#fan"},
				"west": {"uv": [10, 12, 15, 16], "texture": "#fan"},
				"up": {"uv": [0, 0, 5, 0], "texture": "#missing"},
				"down": {"uv": [0, 0, 5, 0], "texture": "#missing"}
			}
		},
		{
			"from": [9.5, 0, 10],
			"to": [14.5, 4, 10],
			"faces": {
				"north": {"uv": [10, 12, 15, 16], "texture": "#fan"},
				"east": {"uv": [0, 0, 0, 4], "texture": "#missing"},
				"south": {"uv": [10, 12, 15, 16], "texture": "#fan"},
				"west": {"uv": [0, 0, 0, 4], "texture": "#missing"},
				"up": {"uv": [0, 0, 5, 0], "texture": "#missing"},
				"down": {"uv": [0, 0, 5, 0], "texture": "#missing"}
			}
		},
		{
			"from": [12, 0, 7.5],
			"to": [12, 4, 12.5],
			"faces": {
				"north": {"uv": [9, 12, 14, 16], "texture": "#fan"},
				"east": {"uv": [10, 12, 15, 16], "texture": "#fan"},
				"south": {"uv": [9, 12, 14, 16], "texture": "#fan"},
				"west": {"uv": [10, 12, 15, 16], "texture": "#fan"},
				"up": {"uv": [0, 0, 5, 0], "texture": "#missing"},
				"down": {"uv": [0, 0, 5, 0], "texture": "#missing"}
			}
		},
		{
			"from": [1, 0, 11],
			"to": [6, 4, 11],
			"faces": {
				"north": {"uv": [10, 12, 15, 16], "texture": "#fan"},
				"east": {"uv": [0, 0, 0, 4], "texture": "#missing"},
				"south": {"uv": [10, 12, 15, 16], "texture": "#fan"},
				"west": {"uv": [0, 0, 0, 4], "texture": "#missing"},
				"up": {"uv": [0, 0, 5, 0], "texture": "#missing"},
				"down": {"uv": [0, 0, 5, 0], "texture": "#missing"}
			}
		}
	]
}