{
	"credit": "Made with Blockbench",
	"parent": "minecraft:block/coral_wall_fan",
	"textures": {
		"fan": "block/dead_brain_coral_fan"
	},
	"elements": [
		{
			"from": [0, 8, 0],
			"to": [16, 8, 16],
			"shade": false,
			"rotation": {"angle": 22.5, "axis": "x", "origin": [8, 8, 14], "rescale": true},
			"faces": {
				"up": {"uv": [16, 0, 0, 16], "texture": "#fan"},
				"down": {"uv": [16, 16, 0, 0], "texture": "#fan"}
			}
		},
		{
			"from": [0, 7, -0.5],
			"to": [16, 7, 15.5],
			"shade": false,
			"rotation": {"angle": -22.5, "axis": "x", "origin": [8, 8, 14], "rescale": true},
			"faces": {
				"up": {"uv": [0, 0, 16, 16], "texture": "#fan"},
				"down": {"uv": [0, 16, 16, 0], "texture": "#fan"}
			}
		}
	]
}