{
	"credit": "Made with Blockbench",
	"parent": "minecraft:block/coral_fan",
	"textures": {
		"1": "block/wall_leaves",
		"particle": "block/wall_leaves"
	},
	"elements": [
		{
			"from": [0, 2, 1],
			"to": [3, 2, 4],
			"faces": {
				"north": {"uv": [0, 0, 3, 0], "texture": "#missing"},
				"east": {"uv": [0, 0, 3, 0], "texture": "#missing"},
				"south": {"uv": [0, 0, 3, 0], "texture": "#missing"},
				"west": {"uv": [0, 0, 3, 0], "texture": "#missing"},
				"up": {"uv": [1, 10, 4, 7], "texture": "#1"},
				"down": {"uv": [1, 7, 4, 10], "texture": "#1"}
			}
		},
		{
			"from": [1, 0, 1],
			"to": [2, 2, 1],
			"faces": {
				"north": {"uv": [2, 10, 3, 12], "texture": "#1"},
				"east": {"uv": [0, 0, 0, 2], "texture": "#missing"},
				"south": {"uv": [2, 10, 3, 12], "texture": "#1"},
				"west": {"uv": [0, 0, 0, 2], "texture": "#missing"},
				"up": {"uv": [0, 0, 1, 0], "texture": "#missing"},
				"down": {"uv": [0, 0, 1, 0], "texture": "#missing"}
			}
		},
		{
			"from": [4, 3, 0],
			"to": [7, 3, 3],
			"faces": {
				"north": {"uv": [5, 0, 8, 0], "texture": "#missing"},
				"east": {"uv": [0, 0, 3, 0], "texture": "#missing"},
				"south": {"uv": [5, 0, 8, 0], "texture": "#missing"},
				"west": {"uv": [0, 0, 3, 0], "texture": "#missing"},
				"up": {"uv": [6, 10, 9, 7], "texture": "#1"},
				"down": {"uv": [6, 7, 9, 10], "texture": "#1"}
			}
		},
		{
			"from": [5, 1, 0],
			"to": [6, 3, 0],
			"faces": {
				"north": {"uv": [7, 10, 8, 12], "texture": "#1"},
				"east": {"uv": [0, 0, 0, 2], "texture": "#missing"},
				"south": {"uv": [7, 10, 8, 12], "texture": "#1"},
				"west": {"uv": [0, 0, 0, 2], "texture": "#missing"},
				"up": {"uv": [5, 0, 6, 0], "texture": "#missing"},
				"down": {"uv": [5, 0, 6, 0], "texture": "#missing"}
			}
		},
		{
			"from": [8, 2, 1],
			"to": [11, 2, 4],
			"faces": {
				"north": {"uv": [10, 0, 13, 0], "texture": "#missing"},
				"east": {"uv": [0, 0, 3, 0], "texture": "#missing"},
				"south": {"uv": [10, 0, 13, 0], "texture": "#missing"},
				"west": {"uv": [0, 0, 3, 0], "texture": "#missing"},
				"up": {"uv": [11, 10, 14, 7], "texture": "#1"},
				"down": {"uv": [11, 7, 14, 10], "texture": "#1"}
			}
		},
		{
			"from": [9, 0, 1],
			"to": [10, 2, 1],
			"faces": {
				"north": {"uv": [12, 10, 13, 12], "texture": "#1"},
				"east": {"uv": [0, 0, 0, 2], "texture": "#missing"},
				"south": {"uv": [12, 10, 13, 12], "texture": "#1"},
				"west": {"uv": [0, 0, 0, 2], "texture": "#missing"},
				"up": {"uv": [10, 0, 11, 0], "texture": "#missing"},
				"down": {"uv": [10, 0, 11, 0], "texture": "#missing"}
			}
		},
		{
			"from": [3, 2, 4],
			"to": [6, 2, 7],
			"faces": {
				"north": {"uv": [0, 0, 3, 0], "texture": "#missing"},
				"east": {"uv": [0, 0, 3, 0], "texture": "#missing"},
				"south": {"uv": [0, 0, 3, 0], "texture": "#missing"},
				"west": {"uv": [0, 0, 3, 0], "texture": "#missing"},
				"up": {"uv": [1, 10, 4, 7], "texture": "#1"},
				"down": {"uv": [1, 7, 4, 10], "texture": "#1"}
			}
		},
		{
			"from": [4, 0, 4],
			"to": [5, 2, 4],
			"faces": {
				"north": {"uv": [2, 10, 3, 12], "texture": "#1"},
				"east": {"uv": [0, 0, 0, 2], "texture": "#missing"},
				"south": {"uv": [2, 10, 3, 12], "texture": "#1"},
				"west": {"uv": [0, 0, 0, 2], "texture": "#missing"},
				"up": {"uv": [0, 0, 1, 0], "texture": "#missing"},
				"down": {"uv": [0, 0, 1, 0], "texture": "#missing"}
			}
		},
		{
			"from": [12, 2, 0],
			"to": [15, 2, 3],
			"faces": {
				"north": {"uv": [5, 0, 8, 0], "texture": "#missing"},
				"east": {"uv": [0, 0, 3, 0], "texture": "#missing"},
				"south": {"uv": [5, 0, 8, 0], "texture": "#missing"},
				"west": {"uv": [0, 0, 3, 0], "texture": "#missing"},
				"up": {"uv": [6, 10, 9, 7], "texture": "#1"},
				"down": {"uv": [6, 7, 9, 10], "texture": "#1"}
			}
		},
		{
			"from": [13, 0, 0],
			"to": [14, 2, 0],
			"faces": {
				"north": {"uv": [7, 10, 8, 12], "texture": "#1"},
				"east": {"uv": [0, 0, 0, 2], "texture": "#missing"},
				"south": {"uv": [7, 10, 8, 12], "texture": "#1"},
				"west": {"uv": [0, 0, 0, 2], "texture": "#missing"},
				"up": {"uv": [5, 0, 6, 0], "texture": "#missing"},
				"down": {"uv": [5, 0, 6, 0], "texture": "#missing"}
			}
		},
		{
			"from": [7, 3, 5],
			"to": [10, 3, 8],
			"faces": {
				"north": {"uv": [5, 0, 8, 0], "texture": "#missing"},
				"east": {"uv": [0, 0, 3, 0], "texture": "#missing"},
				"south": {"uv": [5, 0, 8, 0], "texture": "#missing"},
				"west": {"uv": [0, 0, 3, 0], "texture": "#missing"},
				"up": {"uv": [6, 10, 9, 7], "texture": "#1"},
				"down": {"uv": [6, 7, 9, 10], "texture": "#1"}
			}
		},
		{
			"from": [8, 1, 5],
			"to": [9, 3, 5],
			"faces": {
				"north": {"uv": [7, 10, 8, 12], "texture": "#1"},
				"east": {"uv": [0, 0, 0, 2], "texture": "#missing"},
				"south": {"uv": [7, 10, 8, 12], "texture": "#1"},
				"west": {"uv": [0, 0, 0, 2], "texture": "#missing"},
				"up": {"uv": [5, 0, 6, 0], "texture": "#missing"},
				"down": {"uv": [5, 0, 6, 0], "texture": "#missing"}
			}
		},
		{
			"from": [8, 0, 5],
			"to": [9, 1, 5],
			"faces": {
				"north": {"uv": [12, 11, 13, 12], "texture": "#1"},
				"east": {"uv": [0, 0, 0, 2], "texture": "#missing"},
				"south": {"uv": [12, 11, 13, 12], "texture": "#1"},
				"west": {"uv": [0, 0, 0, 2], "texture": "#missing"},
				"up": {"uv": [5, 0, 6, 0], "texture": "#missing"},
				"down": {"uv": [5, 0, 6, 0], "texture": "#missing"}
			}
		},
		{
			"from": [1, 0, 13],
			"to": [2, 1, 13],
			"faces": {
				"north": {"uv": [12, 11, 13, 12], "texture": "#1"},
				"east": {"uv": [0, 0, 0, 2], "texture": "#missing"},
				"south": {"uv": [12, 11, 13, 12], "texture": "#1"},
				"west": {"uv": [0, 0, 0, 2], "texture": "#missing"},
				"up": {"uv": [5, 0, 6, 0], "texture": "#missing"},
				"down": {"uv": [5, 0, 6, 0], "texture": "#missing"}
			}
		},
		{
			"from": [5, 0, 0],
			"to": [6, 1, 0],
			"faces": {
				"north": {"uv": [12, 11, 13, 12], "texture": "#1"},
				"east": {"uv": [0, 0, 0, 2], "texture": "#missing"},
				"south": {"uv": [12, 11, 13, 12], "texture": "#1"},
				"west": {"uv": [0, 0, 0, 2], "texture": "#missing"},
				"up": {"uv": [5, 0, 6, 0], "texture": "#missing"},
				"down": {"uv": [5, 0, 6, 0], "texture": "#missing"}
			}
		},
		{
			"from": [13, 2, 5],
			"to": [16, 2, 8],
			"faces": {
				"north": {"uv": [10, 0, 13, 0], "texture": "#missing"},
				"east": {"uv": [0, 0, 3, 0], "texture": "#missing"},
				"south": {"uv": [10, 0, 13, 0], "texture": "#missing"},
				"west": {"uv": [0, 0, 3, 0], "texture": "#missing"},
				"up": {"uv": [11, 10, 14, 7], "texture": "#1"},
				"down": {"uv": [11, 7, 14, 10], "texture": "#1"}
			}
		},
		{
			"from": [14, 0, 5],
			"to": [15, 2, 5],
			"faces": {
				"north": {"uv": [12, 10, 13, 12], "texture": "#1"},
				"east": {"uv": [0, 0, 0, 2], "texture": "#missing"},
				"south": {"uv": [12, 10, 13, 12], "texture": "#1"},
				"west": {"uv": [0, 0, 0, 2], "texture": "#missing"},
				"up": {"uv": [10, 0, 11, 0], "texture": "#missing"},
				"down": {"uv": [10, 0, 11, 0], "texture": "#missing"}
			}
		},
		{
			"from": [1, 2, 8],
			"to": [4, 2, 11],
			"faces": {
				"north": {"uv": [5, 0, 8, 0], "texture": "#missing"},
				"east": {"uv": [0, 0, 3, 0], "texture": "#missing"},
				"south": {"uv": [5, 0, 8, 0], "texture": "#missing"},
				"west": {"uv": [0, 0, 3, 0], "texture": "#missing"},
				"up": {"uv": [6, 10, 9, 7], "texture": "#1"},
				"down": {"uv": [6, 7, 9, 10], "texture": "#1"}
			}
		},
		{
			"from": [2, 0, 8],
			"to": [3, 2, 8],
			"faces": {
				"north": {"uv": [7, 10, 8, 12], "texture": "#1"},
				"east": {"uv": [0, 0, 0, 2], "texture": "#missing"},
				"south": {"uv": [7, 10, 8, 12], "texture": "#1"},
				"west": {"uv": [0, 0, 0, 2], "texture": "#missing"},
				"up": {"uv": [5, 0, 6, 0], "texture": "#missing"},
				"down": {"uv": [5, 0, 6, 0], "texture": "#missing"}
			}
		},
		{
			"from": [5, 2, 9],
			"to": [8, 2, 12],
			"faces": {
				"north": {"uv": [0, 0, 3, 0], "texture": "#missing"},
				"east": {"uv": [0, 0, 3, 0], "texture": "#missing"},
				"south": {"uv": [0, 0, 3, 0], "texture": "#missing"},
				"west": {"uv": [0, 0, 3, 0], "texture": "#missing"},
				"up": {"uv": [1, 10, 4, 7], "texture": "#1"},
				"down": {"uv": [1, 7, 4, 10], "texture": "#1"}
			}
		},
		{
			"from": [6, 0, 9],
			"to": [7, 2, 9],
			"faces": {
				"north": {"uv": [2, 10, 3, 12], "texture": "#1"},
				"east": {"uv": [0, 0, 0, 2], "texture": "#missing"},
				"south": {"uv": [2, 10, 3, 12], "texture": "#1"},
				"west": {"uv": [0, 0, 0, 2], "texture": "#missing"},
				"up": {"uv": [0, 0, 1, 0], "texture": "#missing"},
				"down": {"uv": [0, 0, 1, 0], "texture": "#missing"}
			}
		},
		{
			"from": [10, 2, 9],
			"to": [13, 2, 12],
			"faces": {
				"north": {"uv": [5, 0, 8, 0], "texture": "#missing"},
				"east": {"uv": [0, 0, 3, 0], "texture": "#missing"},
				"south": {"uv": [5, 0, 8, 0], "texture": "#missing"},
				"west": {"uv": [0, 0, 3, 0], "texture": "#missing"},
				"up": {"uv": [6, 10, 9, 7], "texture": "#1"},
				"down": {"uv": [6, 7, 9, 10], "texture": "#1"}
			}
		},
		{
			"from": [11, 0, 9],
			"to": [12, 2, 9],
			"faces": {
				"north": {"uv": [7, 10, 8, 12], "texture": "#1"},
				"east": {"uv": [0, 0, 0, 2], "texture": "#missing"},
				"south": {"uv": [7, 10, 8, 12], "texture": "#1"},
				"west": {"uv": [0, 0, 0, 2], "texture": "#missing"},
				"up": {"uv": [5, 0, 6, 0], "texture": "#missing"},
				"down": {"uv": [5, 0, 6, 0], "texture": "#missing"}
			}
		},
		{
			"from": [8, 2, 13],
			"to": [11, 2, 16],
			"faces": {
				"north": {"uv": [0, 0, 3, 0], "texture": "#missing"},
				"east": {"uv": [0, 0, 3, 0], "texture": "#missing"},
				"south": {"uv": [0, 0, 3, 0], "texture": "#missing"},
				"west": {"uv": [0, 0, 3, 0], "texture": "#missing"},
				"up": {"uv": [1, 10, 4, 7], "texture": "#1"},
				"down": {"uv": [1, 7, 4, 10], "texture": "#1"}
			}
		},
		{
			"from": [9, 0, 13],
			"to": [10, 2, 13],
			"faces": {
				"north": {"uv": [2, 10, 3, 12], "texture": "#1"},
				"east": {"uv": [0, 0, 0, 2], "texture": "#missing"},
				"south": {"uv": [2, 10, 3, 12], "texture": "#1"},
				"west": {"uv": [0, 0, 0, 2], "texture": "#missing"},
				"up": {"uv": [0, 0, 1, 0], "texture": "#missing"},
				"down": {"uv": [0, 0, 1, 0], "texture": "#missing"}
			}
		},
		{
			"from": [0, 3, 13],
			"to": [3, 3, 16],
			"faces": {
				"north": {"uv": [5, 0, 8, 0], "texture": "#missing"},
				"east": {"uv": [0, 0, 3, 0], "texture": "#missing"},
				"south": {"uv": [5, 0, 8, 0], "texture": "#missing"},
				"west": {"uv": [0, 0, 3, 0], "texture": "#missing"},
				"up": {"uv": [1, 10, 4, 7], "texture": "#1"},
				"down": {"uv": [6, 7, 9, 10], "texture": "#1"}
			}
		},
		{
			"from": [1, 1, 13],
			"to": [2, 3, 13],
			"faces": {
				"north": {"uv": [7, 10, 8, 12], "texture": "#1"},
				"east": {"uv": [0, 0, 0, 2], "texture": "#missing"},
				"south": {"uv": [7, 10, 8, 12], "texture": "#1"},
				"west": {"uv": [0, 0, 0, 2], "texture": "#missing"},
				"up": {"uv": [5, 0, 6, 0], "texture": "#missing"},
				"down": {"uv": [5, 0, 6, 0], "texture": "#missing"}
			}
		},
		{
			"from": [13, 2, 12],
			"to": [16, 2, 15],
			"faces": {
				"north": {"uv": [0, 0, 3, 0], "texture": "#missing"},
				"east": {"uv": [0, 0, 3, 0], "texture": "#missing"},
				"south": {"uv": [0, 0, 3, 0], "texture": "#missing"},
				"west": {"uv": [0, 0, 3, 0], "texture": "#missing"},
				"up": {"uv": [1, 10, 4, 7], "texture": "#1"},
				"down": {"uv": [1, 7, 4, 10], "texture": "#1"}
			}
		},
		{
			"from": [14, 0, 12],
			"to": [15, 2, 12],
			"faces": {
				"north": {"uv": [2, 10, 3, 12], "texture": "#1"},
				"east": {"uv": [0, 0, 0, 2], "texture": "#missing"},
				"south": {"uv": [2, 10, 3, 12], "texture": "#1"},
				"west": {"uv": [0, 0, 0, 2], "texture": "#missing"},
				"up": {"uv": [0, 0, 1, 0], "texture": "#missing"},
				"down": {"uv": [0, 0, 1, 0], "texture": "#missing"}
			}
		}
	],
	"groups": [
		{
			"name": "leaf2",
			"origin": [0, 0, 0],
			"color": 0,
			"children": [0, 1]
		},
		{
			"name": "leaf1",
			"origin": [0, 0, 0],
			"color": 0,
			"children": [2, 3]
		},
		{
			"name": "leaf3",
			"origin": [0, 0, 0],
			"color": 0,
			"children": [4, 5]
		},
		{
			"name": "leaf2",
			"origin": [0, 0, 0],
			"color": 0,
			"children": [6, 7]
		},
		{
			"name": "leaf1",
			"origin": [0, 0, 0],
			"color": 0,
			"children": [8, 9]
		},
		{
			"name": "leaf1",
			"origin": [0, 0, 0],
			"color": 0,
			"children": [10, 11, 12, 13, 14]
		},
		{
			"name": "leaf3",
			"origin": [0, 0, 0],
			"color": 0,
			"children": [15, 16]
		},
		{
			"name": "leaf1",
			"origin": [0, 0, 0],
			"color": 0,
			"children": [17, 18]
		},
		{
			"name": "leaf2",
			"origin": [0, 0, 0],
			"color": 0,
			"children": [19, 20]
		},
		{
			"name": "leaf1",
			"origin": [0, 0, 0],
			"color": 0,
			"children": [21, 22]
		},
		{
			"name": "leaf2",
			"origin": [0, 0, 0],
			"color": 0,
			"children": [23, 24]
		},
		{
			"name": "leaf1",
			"origin": [0, 0, 0],
			"color": 0,
			"children": [25, 26]
		},
		{
			"name": "leaf2",
			"origin": [0, 0, 0],
			"color": 0,
			"children": [27, 28]
		}
	]
}