{
	"credit": "Made with Blockbench",
	"parent": "minecraft:block/coral_wall_fan",
	"textures": {
		"fan": "block/dead_fire_coral_fan"
	},
	"elements": [
		{
			"from": [0, 0, 6],
			"to": [16, 16, 6],
			"shade": false,
			"rotation": {"angle": 22.5, "axis": "x", "origin": [8, 2, 6], "rescale": true},
			"faces": {
				"north": {"uv": [16, 16, 0, 0], "rotation": 180, "texture": "#fan"},
				"south": {"uv": [0, 0, 16, 16], "texture": "#fan"}
			}
		},
		{
			"from": [0, 0, 6],
			"to": [16, 16, 6],
			"shade": false,
			"rotation": {"angle": -22.5, "axis": "x", "origin": [8, 2, 6], "rescale": true},
			"faces": {
				"north": {"uv": [16, 16, 0, 0], "rotation": 180, "texture": "#fan"},
				"south": {"uv": [0, 0, 16, 16], "texture": "#fan"}
			}
		}
	]
}