{
	"credit": "Made with Blockbench",
	"parent": "minecraft:block/coral_wall_fan",
	"textures": {
		"0": "block/wall_leaves",
		"particle": "block/wall_leaves"
	},
	"elements": [
		{
			"from": [13, 12, 14],
			"to": [16, 15, 14],
			"faces": {
				"north": {"uv": [1, 10, 4, 7], "texture": "#0"},
				"east": {"uv": [0, 0, 3, 0], "rotation": 90, "texture": "#0"},
				"south": {"uv": [1, 7, 4, 10], "rotation": 180, "texture": "#0"},
				"west": {"uv": [0, 0, 3, 0], "rotation": 270, "texture": "#0"},
				"up": {"uv": [0, 0, 3, 0], "texture": "#0"},
				"down": {"uv": [0, 0, 3, 0], "rotation": 180, "texture": "#0"}
			}
		},
		{
			"from": [14, 15, 14],
			"to": [15, 15, 16],
			"faces": {
				"north": {"uv": [0, 0, 1, 0], "texture": "#0"},
				"east": {"uv": [0, 0, 0, 2], "rotation": 90, "texture": "#0"},
				"south": {"uv": [0, 0, 1, 0], "rotation": 180, "texture": "#0"},
				"west": {"uv": [0, 0, 0, 2], "rotation": 270, "texture": "#0"},
				"up": {"uv": [2, 10, 3, 12], "texture": "#0"},
				"down": {"uv": [2, 10, 3, 12], "rotation": 180, "texture": "#0"}
			}
		},
		{
			"from": [10, 9, 14],
			"to": [13, 12, 14],
			"faces": {
				"north": {"uv": [1, 10, 4, 7], "texture": "#0"},
				"east": {"uv": [0, 0, 3, 0], "rotation": 90, "texture": "#0"},
				"south": {"uv": [1, 7, 4, 10], "rotation": 180, "texture": "#0"},
				"west": {"uv": [0, 0, 3, 0], "rotation": 270, "texture": "#0"},
				"up": {"uv": [0, 0, 3, 0], "texture": "#0"},
				"down": {"uv": [0, 0, 3, 0], "rotation": 180, "texture": "#0"}
			}
		},
		{
			"from": [11, 12, 14],
			"to": [12, 12, 16],
			"faces": {
				"north": {"uv": [0, 0, 1, 0], "texture": "#0"},
				"east": {"uv": [0, 0, 0, 2], "rotation": 90, "texture": "#0"},
				"south": {"uv": [0, 0, 1, 0], "rotation": 180, "texture": "#0"},
				"west": {"uv": [0, 0, 0, 2], "rotation": 270, "texture": "#0"},
				"up": {"uv": [2, 10, 3, 12], "texture": "#0"},
				"down": {"uv": [2, 10, 3, 12], "rotation": 180, "texture": "#0"}
			}
		},
		{
			"from": [8, 4, 14],
			"to": [11, 7, 14],
			"faces": {
				"north": {"uv": [1, 10, 4, 7], "texture": "#0"},
				"east": {"uv": [0, 0, 3, 0], "rotation": 90, "texture": "#0"},
				"south": {"uv": [1, 7, 4, 10], "rotation": 180, "texture": "#0"},
				"west": {"uv": [0, 0, 3, 0], "rotation": 270, "texture": "#0"},
				"up": {"uv": [0, 0, 3, 0], "texture": "#0"},
				"down": {"uv": [0, 0, 3, 0], "rotation": 180, "texture": "#0"}
			}
		},
		{
			"from": [9, 7, 14],
			"to": [10, 7, 16],
			"faces": {
				"north": {"uv": [0, 0, 1, 0], "texture": "#0"},
				"east": {"uv": [0, 0, 0, 2], "rotation": 90, "texture": "#0"},
				"south": {"uv": [0, 0, 1, 0], "rotation": 180, "texture": "#0"},
				"west": {"uv": [0, 0, 0, 2], "rotation": 270, "texture": "#0"},
				"up": {"uv": [2, 10, 3, 12], "texture": "#0"},
				"down": {"uv": [2, 10, 3, 12], "rotation": 180, "texture": "#0"}
			}
		},
		{
			"from": [5, 0, 14],
			"to": [8, 3, 14],
			"faces": {
				"north": {"uv": [1, 10, 4, 7], "texture": "#0"},
				"east": {"uv": [0, 0, 3, 0], "rotation": 90, "texture": "#0"},
				"south": {"uv": [1, 7, 4, 10], "rotation": 180, "texture": "#0"},
				"west": {"uv": [0, 0, 3, 0], "rotation": 270, "texture": "#0"},
				"up": {"uv": [0, 0, 3, 0], "texture": "#0"},
				"down": {"uv": [0, 0, 3, 0], "rotation": 180, "texture": "#0"}
			}
		},
		{
			"from": [6, 3, 14],
			"to": [7, 3, 16],
			"faces": {
				"north": {"uv": [0, 0, 1, 0], "texture": "#0"},
				"east": {"uv": [0, 0, 0, 2], "rotation": 90, "texture": "#0"},
				"south": {"uv": [0, 0, 1, 0], "rotation": 180, "texture": "#0"},
				"west": {"uv": [0, 0, 0, 2], "rotation": 270, "texture": "#0"},
				"up": {"uv": [2, 10, 3, 12], "texture": "#0"},
				"down": {"uv": [2, 10, 3, 12], "rotation": 180, "texture": "#0"}
			}
		},
		{
			"from": [0, 1, 14],
			"to": [3, 4, 14],
			"faces": {
				"north": {"uv": [1, 10, 4, 7], "texture": "#0"},
				"east": {"uv": [0, 0, 3, 0], "rotation": 90, "texture": "#0"},
				"south": {"uv": [1, 7, 4, 10], "rotation": 180, "texture": "#0"},
				"west": {"uv": [0, 0, 3, 0], "rotation": 270, "texture": "#0"},
				"up": {"uv": [0, 0, 3, 0], "texture": "#0"},
				"down": {"uv": [0, 0, 3, 0], "rotation": 180, "texture": "#0"}
			}
		},
		{
			"from": [1, 4, 14],
			"to": [2, 4, 16],
			"faces": {
				"north": {"uv": [0, 0, 1, 0], "texture": "#0"},
				"east": {"uv": [0, 0, 0, 2], "rotation": 90, "texture": "#0"},
				"south": {"uv": [0, 0, 1, 0], "rotation": 180, "texture": "#0"},
				"west": {"uv": [0, 0, 0, 2], "rotation": 270, "texture": "#0"},
				"up": {"uv": [2, 10, 3, 12], "texture": "#0"},
				"down": {"uv": [2, 10, 3, 12], "rotation": 180, "texture": "#0"}
			}
		},
		{
			"from": [0, 8, 14],
			"to": [3, 11, 14],
			"faces": {
				"north": {"uv": [11, 10, 14, 7], "texture": "#0"},
				"east": {"uv": [0, 0, 3, 0], "rotation": 90, "texture": "#0"},
				"south": {"uv": [11, 7, 14, 10], "rotation": 180, "texture": "#0"},
				"west": {"uv": [0, 0, 3, 0], "rotation": 270, "texture": "#0"},
				"up": {"uv": [10, 0, 13, 0], "texture": "#0"},
				"down": {"uv": [10, 0, 13, 0], "rotation": 180, "texture": "#0"}
			}
		},
		{
			"from": [1, 11, 14],
			"to": [2, 11, 16],
			"faces": {
				"north": {"uv": [10, 0, 11, 0], "texture": "#0"},
				"east": {"uv": [0, 0, 0, 2], "rotation": 90, "texture": "#0"},
				"south": {"uv": [10, 0, 11, 0], "rotation": 180, "texture": "#0"},
				"west": {"uv": [0, 0, 0, 2], "rotation": 270, "texture": "#0"},
				"up": {"uv": [12, 10, 13, 12], "texture": "#0"},
				"down": {"uv": [12, 10, 13, 12], "rotation": 180, "texture": "#0"}
			}
		},
		{
			"from": [5, 12, 14],
			"to": [8, 15, 14],
			"faces": {
				"north": {"uv": [11, 10, 14, 7], "texture": "#0"},
				"east": {"uv": [0, 0, 3, 0], "rotation": 90, "texture": "#0"},
				"south": {"uv": [11, 7, 14, 10], "rotation": 180, "texture": "#0"},
				"west": {"uv": [0, 0, 3, 0], "rotation": 270, "texture": "#0"},
				"up": {"uv": [10, 0, 13, 0], "texture": "#0"},
				"down": {"uv": [10, 0, 13, 0], "rotation": 180, "texture": "#0"}
			}
		},
		{
			"from": [6, 15, 14],
			"to": [7, 15, 16],
			"faces": {
				"north": {"uv": [10, 0, 11, 0], "texture": "#0"},
				"east": {"uv": [0, 0, 0, 2], "rotation": 90, "texture": "#0"},
				"south": {"uv": [10, 0, 11, 0], "rotation": 180, "texture": "#0"},
				"west": {"uv": [0, 0, 0, 2], "rotation": 270, "texture": "#0"},
				"up": {"uv": [12, 10, 13, 12], "texture": "#0"},
				"down": {"uv": [12, 10, 13, 12], "rotation": 180, "texture": "#0"}
			}
		},
		{
			"from": [9, 13, 14],
			"to": [12, 16, 14],
			"faces": {
				"north": {"uv": [6, 10, 9, 7], "texture": "#0"},
				"east": {"uv": [0, 0, 3, 0], "rotation": 90, "texture": "#0"},
				"south": {"uv": [6, 7, 9, 10], "rotation": 180, "texture": "#0"},
				"west": {"uv": [0, 0, 3, 0], "rotation": 270, "texture": "#0"},
				"up": {"uv": [5, 0, 8, 0], "texture": "#0"},
				"down": {"uv": [5, 0, 8, 0], "rotation": 180, "texture": "#0"}
			}
		},
		{
			"from": [10, 16, 14],
			"to": [11, 16, 16],
			"faces": {
				"north": {"uv": [5, 0, 6, 0], "texture": "#0"},
				"east": {"uv": [0, 0, 0, 2], "rotation": 90, "texture": "#0"},
				"south": {"uv": [5, 0, 6, 0], "rotation": 180, "texture": "#0"},
				"west": {"uv": [0, 0, 0, 2], "rotation": 270, "texture": "#0"},
				"up": {"uv": [7, 10, 8, 12], "texture": "#0"},
				"down": {"uv": [7, 10, 8, 12], "rotation": 180, "texture": "#0"}
			}
		},
		{
			"from": [1, 13, 14],
			"to": [4, 16, 14],
			"faces": {
				"north": {"uv": [6, 10, 9, 7], "texture": "#0"},
				"east": {"uv": [0, 0, 3, 0], "rotation": 90, "texture": "#0"},
				"south": {"uv": [6, 7, 9, 10], "rotation": 180, "texture": "#0"},
				"west": {"uv": [0, 0, 3, 0], "rotation": 270, "texture": "#0"},
				"up": {"uv": [5, 0, 8, 0], "texture": "#0"},
				"down": {"uv": [5, 0, 8, 0], "rotation": 180, "texture": "#0"}
			}
		},
		{
			"from": [2, 16, 14],
			"to": [3, 16, 16],
			"faces": {
				"north": {"uv": [5, 0, 6, 0], "texture": "#0"},
				"east": {"uv": [0, 0, 0, 2], "rotation": 90, "texture": "#0"},
				"south": {"uv": [5, 0, 6, 0], "rotation": 180, "texture": "#0"},
				"west": {"uv": [0, 0, 0, 2], "rotation": 270, "texture": "#0"},
				"up": {"uv": [7, 10, 8, 12], "texture": "#0"},
				"down": {"uv": [7, 10, 8, 12], "rotation": 180, "texture": "#0"}
			}
		},
		{
			"from": [6, 8, 14],
			"to": [9, 11, 14],
			"faces": {
				"north": {"uv": [6, 10, 9, 7], "texture": "#0"},
				"east": {"uv": [0, 0, 3, 0], "rotation": 90, "texture": "#0"},
				"south": {"uv": [6, 7, 9, 10], "rotation": 180, "texture": "#0"},
				"west": {"uv": [0, 0, 3, 0], "rotation": 270, "texture": "#0"},
				"up": {"uv": [5, 0, 8, 0], "texture": "#0"},
				"down": {"uv": [5, 0, 8, 0], "rotation": 180, "texture": "#0"}
			}
		},
		{
			"from": [7, 11, 14],
			"to": [8, 11, 16],
			"faces": {
				"north": {"uv": [5, 0, 6, 0], "texture": "#0"},
				"east": {"uv": [0, 0, 0, 2], "rotation": 90, "texture": "#0"},
				"south": {"uv": [5, 0, 6, 0], "rotation": 180, "texture": "#0"},
				"west": {"uv": [0, 0, 0, 2], "rotation": 270, "texture": "#0"},
				"up": {"uv": [7, 10, 8, 12], "texture": "#0"},
				"down": {"uv": [7, 10, 8, 12], "rotation": 180, "texture": "#0"}
			}
		},
		{
			"from": [12, 5, 14],
			"to": [15, 8, 14],
			"faces": {
				"north": {"uv": [6, 10, 9, 7], "texture": "#0"},
				"east": {"uv": [0, 0, 3, 0], "rotation": 90, "texture": "#0"},
				"south": {"uv": [6, 7, 9, 10], "rotation": 180, "texture": "#0"},
				"west": {"uv": [0, 0, 3, 0], "rotation": 270, "texture": "#0"},
				"up": {"uv": [5, 0, 8, 0], "texture": "#0"},
				"down": {"uv": [5, 0, 8, 0], "rotation": 180, "texture": "#0"}
			}
		},
		{
			"from": [13, 8, 14],
			"to": [14, 8, 16],
			"faces": {
				"north": {"uv": [5, 0, 6, 0], "texture": "#0"},
				"east": {"uv": [0, 0, 0, 2], "rotation": 90, "texture": "#0"},
				"south": {"uv": [5, 0, 6, 0], "rotation": 180, "texture": "#0"},
				"west": {"uv": [0, 0, 0, 2], "rotation": 270, "texture": "#0"},
				"up": {"uv": [7, 10, 8, 12], "texture": "#0"},
				"down": {"uv": [7, 10, 8, 12], "rotation": 180, "texture": "#0"}
			}
		},
		{
			"from": [3, 4, 14],
			"to": [6, 7, 14],
			"faces": {
				"north": {"uv": [6, 10, 9, 7], "texture": "#0"},
				"east": {"uv": [0, 0, 3, 0], "rotation": 90, "texture": "#0"},
				"south": {"uv": [6, 7, 9, 10], "rotation": 180, "texture": "#0"},
				"west": {"uv": [0, 0, 3, 0], "rotation": 270, "texture": "#0"},
				"up": {"uv": [5, 0, 8, 0], "texture": "#0"},
				"down": {"uv": [5, 0, 8, 0], "rotation": 180, "texture": "#0"}
			}
		},
		{
			"from": [4, 7, 14],
			"to": [5, 7, 16],
			"faces": {
				"north": {"uv": [5, 0, 6, 0], "texture": "#0"},
				"east": {"uv": [0, 0, 0, 2], "rotation": 90, "texture": "#0"},
				"south": {"uv": [5, 0, 6, 0], "rotation": 180, "texture": "#0"},
				"west": {"uv": [0, 0, 0, 2], "rotation": 270, "texture": "#0"},
				"up": {"uv": [7, 10, 8, 12], "texture": "#0"},
				"down": {"uv": [7, 10, 8, 12], "rotation": 180, "texture": "#0"}
			}
		},
		{
			"from": [13, 0, 14],
			"to": [16, 3, 14],
			"faces": {
				"north": {"uv": [1, 10, 4, 7], "texture": "#0"},
				"east": {"uv": [0, 0, 3, 0], "rotation": 90, "texture": "#0"},
				"south": {"uv": [6, 7, 9, 10], "rotation": 180, "texture": "#0"},
				"west": {"uv": [0, 0, 3, 0], "rotation": 270, "texture": "#0"},
				"up": {"uv": [5, 0, 8, 0], "texture": "#0"},
				"down": {"uv": [5, 0, 8, 0], "rotation": 180, "texture": "#0"}
			}
		},
		{
			"from": [14, 3, 14],
			"to": [15, 3, 16],
			"faces": {
				"north": {"uv": [5, 0, 6, 0], "texture": "#0"},
				"east": {"uv": [0, 0, 0, 2], "rotation": 90, "texture": "#0"},
				"south": {"uv": [5, 0, 6, 0], "rotation": 180, "texture": "#0"},
				"west": {"uv": [0, 0, 0, 2], "rotation": 270, "texture": "#0"},
				"up": {"uv": [7, 10, 8, 12], "texture": "#0"},
				"down": {"uv": [7, 10, 8, 12], "rotation": 180, "texture": "#0"}
			}
		}
	],
	"groups": [
		{
			"name": "leaf2",
			"origin": [0, 0, 0],
			"color": 0,
			"children": [
				0,
				1,
				{
					"name": "leaf2",
					"origin": [0, 0, 0],
					"color": 0,
					"children": [2, 3]
				},
				{
					"name": "leaf2",
					"origin": [0, 0, 0],
					"color": 0,
					"children": [4, 5]
				},
				{
					"name": "leaf2",
					"origin": [0, 0, 0],
					"color": 0,
					"children": [6, 7]
				},
				{
					"name": "leaf2",
					"origin": [0, 0, 0],
					"color": 0,
					"children": [8, 9]
				}
			]
		},
		{
			"name": "leaf3",
			"origin": [0, 0, 0],
			"color": 0,
			"children": [
				10,
				11,
				{
					"name": "leaf3",
					"origin": [0, 0, 0],
					"color": 0,
					"children": [12, 13]
				}
			]
		},
		{
			"name": "leaf1",
			"origin": [0, 0, 0],
			"color": 0,
			"children": [
				14,
				15,
				{
					"name": "leaf1",
					"origin": [0, 0, 0],
					"color": 0,
					"children": [16, 17]
				},
				{
					"name": "leaf1",
					"origin": [0, 0, 0],
					"color": 0,
					"children": [18, 19]
				},
				{
					"name": "leaf1",
					"origin": [0, 0, 0],
					"color": 0,
					"children": [20, 21]
				},
				{
					"name": "leaf1",
					"origin": [0, 0, 0],
					"color": 0,
					"children": [22, 23]
				},
				{
					"name": "leaf1",
					"origin": [0, 0, 0],
					"color": 0,
					"children": [24, 25]
				}
			]
		}
	]
}