{
	"credit": "Made with Blockbench",
	"parent": "block/block",
	"ambientocclusion": false,
	"texture_size": [32, 32],
	"textures": {
		"1": "block/flowering_azalea_bush",
		"particle": "block/azalea_bush"
	},
	"elements": [
		{
			"from": [11.25, 0, -15.75],
			"to": [11.25, 23, 16.25],
			"rotation": {"angle": -45, "axis": "y", "origin": [0, 0, 0]},
			"faces": {
				"north": {"uv": [0, 0, 0, 11.5], "texture": "#missing"},
				"east": {"uv": [0, 4.5, 16, 16], "texture": "#1"},
				"south": {"uv": [0, 0, 0, 11.5], "texture": "#missing"},
				"west": {"uv": [0, 4.5, 16, 16], "texture": "#1"},
				"up": {"uv": [0, 0, 0, 16], "texture": "#missing"},
				"down": {"uv": [0, 0, 0, 16], "texture": "#missing"}
			}
		},
		{
			"from": [-4.75, 0, 0.25],
			"to": [27.25, 23, 0.25],
			"rotation": {"angle": -45, "axis": "y", "origin": [0, 0, 0]},
			"faces": {
				"north": {"uv": [0, 4.5, 16, 16], "texture": "#1"},
				"east": {"uv": [0, 0, 0, 11.5], "texture": "#missing"},
				"south": {"uv": [0, 4.5, 16, 16], "texture": "#1"},
				"west": {"uv": [0, 0, 0, 11.5], "texture": "#missing"},
				"up": {"uv": [0, 0, 0, 16], "rotation": 270, "texture": "#missing"},
				"down": {"uv": [0, 0, 0, 16], "rotation": 90, "texture": "#missing"}
			}
		}
	]
}