{
	"credit": "Made with Blockbench",
	"parent": "minecraft:block/template_trapdoor_open",
	"textures": {
		"0": "block/iron_bars",
		"particle": "block/iron_bars"
	},
	"elements": [
		{
			"from": [0, 0, 16],
			"to": [16, 16, 16],
			"faces": {
				"north": {"uv": [0, 0, 16, 16], "texture": "#0"},
				"east": {"uv": [0, 0, 0, 16], "texture": "#missing"},
				"south": {"uv": [0, 0, 16, 16], "texture": "#0"},
				"west": {"uv": [0, 0, 0, 16], "texture": "#missing"},
				"up": {"uv": [0, 0, 16, 0], "texture": "#missing"},
				"down": {"uv": [0, 0, 16, 0], "texture": "#missing"}
			}
		}
	]
}