{
	"credit": "Made with Blockbench",
	"ambientocclusion": false,
	"textures": {
		"particle": "block/ladder",
		"texture": "block/ladder"
	},
	"elements": [
		{
			"from": [2, 0, 15],
			"to": [4, 16, 16],
			"faces": {
				"north": {"uv": [12, 0, 14, 16], "texture": "#texture"},
				"east": {"uv": [2, 0, 3, 16], "texture": "#texture"},
				"south": {"uv": [2, 0, 4, 16], "texture": "#texture"},
				"west": {"uv": [2, 0, 3, 16], "texture": "#texture"},
				"up": {"uv": [12, 15, 14, 16], "texture": "#texture"},
				"down": {"uv": [2, 0, 4, 1], "texture": "#texture"}
			}
		},
		{
			"from": [12, 0, 15],
			"to": [14, 16, 16],
			"faces": {
				"north": {"uv": [2, 0, 4, 16], "texture": "#texture"},
				"east": {"uv": [2, 0, 3, 16], "texture": "#texture"},
				"south": {"uv": [12, 0, 14, 16], "texture": "#texture"},
				"west": {"uv": [2, 0, 3, 16], "texture": "#texture"},
				"up": {"uv": [12, 15, 14, 16], "texture": "#texture"},
				"down": {"uv": [2, 15, 4, 16], "texture": "#texture"}
			}
		},
		{
			"from": [4, 13, 15],
			"to": [12, 15, 16],
			"faces": {
				"north": {"uv": [4, 1, 12, 3], "texture": "#texture"},
				"south": {"uv": [4, 1, 12, 3], "texture": "#texture", "cullface": "south"},
				"up": {"uv": [4, 9, 12, 10], "texture": "#texture"},
				"down": {"uv": [4, 10, 12, 11], "texture": "#texture"}
			}
		},
		{
			"from": [4, 9, 15],
			"to": [12, 11, 16],
			"faces": {
				"north": {"uv": [4, 5, 12, 7], "texture": "#texture"},
				"south": {"uv": [4, 5, 12, 7], "texture": "#texture", "cullface": "south"},
				"up": {"uv": [4, 9, 12, 10], "texture": "#texture"},
				"down": {"uv": [4, 10, 12, 11], "texture": "#texture"}
			}
		},
		{
			"from": [4, 5, 15],
			"to": [12, 7, 16],
			"faces": {
				"north": {"uv": [4, 9, 12, 11], "texture": "#texture"},
				"south": {"uv": [4, 9, 12, 11], "texture": "#texture", "cullface": "south"},
				"up": {"uv": [4, 9, 12, 10], "texture": "#texture"},
				"down": {"uv": [4, 10, 12, 11], "texture": "#texture"}
			}
		},
		{
			"from": [4, 1, 15],
			"to": [12, 3, 16],
			"faces": {
				"north": {"uv": [4, 13, 12, 15], "texture": "#texture"},
				"south": {"uv": [4, 13, 12, 15], "texture": "#texture", "cullface": "south"},
				"up": {"uv": [4, 9, 12, 10], "texture": "#texture"},
				"down": {"uv": [4, 10, 12, 11], "texture": "#texture"}
			}
		},
		{
			"from": [14, 13, 15],
			"to": [15, 15, 16],
			"faces": {
				"north": {"uv": [1, 1, 2, 3], "texture": "#texture"},
				"east": {"uv": [1, 5, 2, 7], "texture": "#texture"},
				"south": {"uv": [1, 9, 2, 11], "texture": "#texture", "cullface": "south"},
				"west": {"uv": [0, 0, 1, 1], "texture": "#missing"},
				"up": {"uv": [2, 0, 3, 1], "texture": "#texture"},
				"down": {"uv": [1, 2, 2, 3], "texture": "#texture"}
			}
		},
		{
			"from": [14, 9, 15],
			"to": [15, 11, 16],
			"faces": {
				"north": {"uv": [1, 1, 2, 3], "texture": "#texture"},
				"east": {"uv": [1, 5, 2, 7], "texture": "#texture"},
				"south": {"uv": [1, 9, 2, 11], "texture": "#texture", "cullface": "south"},
				"west": {"uv": [0, 0, 1, 1], "texture": "#missing"},
				"up": {"uv": [2, 0, 3, 1], "texture": "#texture"},
				"down": {"uv": [1, 2, 2, 3], "texture": "#texture"}
			}
		},
		{
			"from": [14, 5, 15],
			"to": [15, 7, 16],
			"faces": {
				"north": {"uv": [1, 1, 2, 3], "texture": "#texture"},
				"east": {"uv": [1, 5, 2, 7], "texture": "#texture"},
				"south": {"uv": [1, 9, 2, 11], "texture": "#texture", "cullface": "south"},
				"west": {"uv": [0, 0, 1, 1], "texture": "#missing"},
				"up": {"uv": [2, 0, 3, 1], "texture": "#texture"},
				"down": {"uv": [1, 2, 2, 3], "texture": "#texture"}
			}
		},
		{
			"from": [14, 1, 15],
			"to": [15, 3, 16],
			"faces": {
				"north": {"uv": [1, 1, 2, 3], "texture": "#texture"},
				"east": {"uv": [1, 5, 2, 7], "texture": "#texture"},
				"south": {"uv": [1, 9, 2, 11], "texture": "#texture", "cullface": "south"},
				"west": {"uv": [0, 0, 1, 1], "texture": "#missing"},
				"up": {"uv": [2, 0, 3, 1], "texture": "#texture"},
				"down": {"uv": [1, 2, 2, 3], "texture": "#texture"}
			}
		},
		{
			"from": [1, 13, 15],
			"to": [2, 15, 16],
			"faces": {
				"north": {"uv": [14, 1, 15, 3], "texture": "#texture"},
				"east": {"uv": [1, 1, 2, 3], "texture": "#texture", "cullface": "south"},
				"south": {"uv": [1, 5, 2, 7], "texture": "#texture"},
				"west": {"uv": [14, 5, 15, 7], "texture": "#texture"},
				"up": {"uv": [2, 0, 3, 1], "texture": "#texture"},
				"down": {"uv": [1, 2, 2, 3], "texture": "#texture"}
			}
		},
		{
			"from": [1, 9, 15],
			"to": [2, 11, 16],
			"faces": {
				"north": {"uv": [14, 1, 15, 3], "texture": "#texture"},
				"east": {"uv": [1, 1, 2, 3], "texture": "#texture", "cullface": "south"},
				"south": {"uv": [1, 5, 2, 7], "texture": "#texture"},
				"west": {"uv": [14, 5, 15, 7], "texture": "#texture"},
				"up": {"uv": [2, 0, 3, 1], "texture": "#texture"},
				"down": {"uv": [1, 2, 2, 3], "texture": "#texture"}
			}
		},
		{
			"from": [1, 5, 15],
			"to": [2, 7, 16],
			"faces": {
				"north": {"uv": [14, 1, 15, 3], "texture": "#texture"},
				"east": {"uv": [1, 1, 2, 3], "texture": "#texture", "cullface": "south"},
				"south": {"uv": [1, 5, 2, 7], "texture": "#texture"},
				"west": {"uv": [14, 5, 15, 7], "texture": "#texture"},
				"up": {"uv": [2, 0, 3, 1], "texture": "#texture"},
				"down": {"uv": [1, 2, 2, 3], "texture": "#texture"}
			}
		},
		{
			"from": [1, 1, 15],
			"to": [2, 3, 16],
			"faces": {
				"north": {"uv": [14, 1, 15, 3], "texture": "#texture"},
				"east": {"uv": [1, 1, 2, 3], "texture": "#texture", "cullface": "south"},
				"south": {"uv": [1, 5, 2, 7], "texture": "#texture"},
				"west": {"uv": [14, 5, 15, 7], "texture": "#texture"},
				"up": {"uv": [2, 0, 3, 1], "texture": "#texture"},
				"down": {"uv": [1, 2, 2, 3], "texture": "#texture"}
			}
		}
	],
	"groups": [
		0,
		1,
		{
			"name": "group",
			"origin": [0, 0, 0],
			"color": 0,
			"children": [2, 3, 4, 5]
		},
		{
			"name": "group",
			"origin": [0, 0, 0],
			"color": 0,
			"children": [6, 7, 8, 9]
		},
		{
			"name": "group",
			"origin": [0, 0, 0],
			"color": 0,
			"children": [10, 11, 12, 13]
		}
	]
}