{
	"credit": "Made with Blockbench",
	"parent": "minecraft:block/cross",
	"textures": {
		"0": "block/stone_rock",
		"particle": "block/stone_rock"
	},
	"elements": [
		{
			"from": [4, 0, 5],
			"to": [12, 5, 11],
			"faces": {
				"north": {"uv": [0, 11, 8, 16], "texture": "#0"},
				"east": {"uv": [0, 5, 6, 10], "texture": "#0"},
				"south": {"uv": [8, 9, 16, 14], "texture": "#0"},
				"west": {"uv": [0, 0, 6, 5], "texture": "#0"},
				"up": {"uv": [8, 3, 16, 9], "texture": "#0"},
				"down": {"uv": [8, 11, 16, 16], "texture": "#0"}
			}
		}
	]
}