{
	"credit": "Made with Blockbench",
	"parent": "block/block",
	"ambientocclusion": false,
	"textures": {
		"particle": "block/white_wood_planks",
		"texture": "block/white_wood_planks"
	},
	"elements": [
		{
			"from": [6, 0, 6],
			"to": [10, 16, 10],
			"shade": false,
			"faces": {
				"north": {"uv": [0, 0, 4, 16], "texture": "#texture"},
				"east": {"uv": [0, 0, 4, 16], "texture": "#texture"},
				"south": {"uv": [0, 0, 4, 16], "texture": "#texture"},
				"west": {"uv": [0, 0, 4, 16], "texture": "#texture"},
				"up": {"uv": [4, 4, 0, 0], "texture": "#texture"},
				"down": {"uv": [0, 0, 4, 4], "texture": "#texture"}
			}
		}
	]
}