{
	"credit": "Made with Blockbench",
	"parent": "minecraft:block/template_two_candles",
	"textures": {
		"0": "block/stone_rock2",
		"particle": "block/stone_rock2"
	},
	"elements": [
		{
			"from": [3, 0, 3],
			"to": [7, 1, 6],
			"faces": {
				"north": {"uv": [12, 12, 16, 13], "texture": "#0"},
				"east": {"uv": [13, 9, 16, 10], "texture": "#0"},
				"south": {"uv": [12, 11, 16, 12], "texture": "#0"},
				"west": {"uv": [13, 10, 16, 11], "texture": "#0"},
				"up": {"uv": [12, 13, 16, 16], "texture": "#0"},
				"down": {"uv": [0, 0, 4, 3], "texture": "#0"}
			}
		},
		{
			"from": [8, 0, 9],
			"to": [13, 2, 13],
			"faces": {
				"north": {"uv": [0, 8, 5, 10], "texture": "#0"},
				"east": {"uv": [0, 6, 4, 8], "texture": "#0"},
				"south": {"uv": [0, 10, 5, 12], "texture": "#0"},
				"west": {"uv": [0, 4, 4, 6], "texture": "#0"},
				"up": {"uv": [0, 12, 5, 16], "texture": "#0"},
				"down": {"uv": [1, 0, 6, 4], "texture": "#0"}
			}
		}
	]
}