{
	"credit": "Made with Blockbench",
	"parent": "minecraft:block/cross",
	"textures": {
		"cross": "block/nether_sprouts"
	},
	"elements": [
		{
			"from": [-0.5, 0, 2],
			"to": [0.5, 3, 2],
			"rotation": {"angle": 45, "axis": "y", "origin": [0, 0, 0]},
			"faces": {
				"north": {"uv": [1, 13, 2, 16], "texture": "#cross"},
				"east": {"uv": [4, 0, 4, 3], "texture": "#missing"},
				"south": {"uv": [9, 13, 10, 16], "texture": "#cross"},
				"west": {"uv": [0, 0, 0, 3], "texture": "#missing"},
				"up": {"uv": [0, 0, 1, 0], "texture": "#missing"},
				"down": {"uv": [0, 0, 1, 0], "texture": "#missing"}
			}
		},
		{
			"from": [0, 0, 1.5],
			"to": [0, 3, 2.5],
			"rotation": {"angle": 45, "axis": "y", "origin": [0, 0, 0]},
			"faces": {
				"north": {"uv": [0, 0, 0, 3], "texture": "#missing"},
				"east": {"uv": [9, 13, 10, 16], "texture": "#cross"},
				"south": {"uv": [4, 0, 4, 3], "texture": "#missing"},
				"west": {"uv": [1, 13, 2, 16], "texture": "#cross"},
				"up": {"uv": [0, 0, 1, 0], "rotation": 270, "texture": "#missing"},
				"down": {"uv": [0, 0, 1, 0], "rotation": 90, "texture": "#missing"}
			}
		},
		{
			"from": [0, 3, 0],
			"to": [3, 3, 3],
			"faces": {
				"north": {"uv": [0, 0, 3, 0], "texture": "#missing"},
				"east": {"uv": [0, 0, 3, 0], "texture": "#missing"},
				"south": {"uv": [0, 0, 3, 0], "texture": "#missing"},
				"west": {"uv": [0, 0, 3, 0], "texture": "#missing"},
				"up": {"uv": [0, 9, 3, 12], "texture": "#cross"},
				"down": {"uv": [0, 9, 3, 12], "texture": "#cross"}
			}
		},
		{
			"from": [4, 3, 3],
			"to": [7, 3, 6],
			"rotation": {"angle": 0, "axis": "y", "origin": [4, 0, 3]},
			"faces": {
				"north": {"uv": [0, 0, 3, 0], "texture": "#missing"},
				"east": {"uv": [0, 0, 3, 0], "texture": "#missing"},
				"south": {"uv": [0, 0, 3, 0], "texture": "#missing"},
				"west": {"uv": [0, 0, 3, 0], "texture": "#missing"},
				"up": {"uv": [12, 10, 15, 13], "texture": "#cross"},
				"down": {"uv": [4, 10, 7, 13], "texture": "#cross"}
			}
		},
		{
			"from": [3.5, 0, 5],
			"to": [4.5, 3, 5],
			"rotation": {"angle": 45, "axis": "y", "origin": [4, 0, 3]},
			"faces": {
				"north": {"uv": [13, 13, 14, 16], "texture": "#cross"},
				"east": {"uv": [0, 0, 0, 3], "texture": "#missing"},
				"south": {"uv": [5, 13, 6, 16], "texture": "#cross"},
				"west": {"uv": [0, 0, 0, 3], "texture": "#missing"},
				"up": {"uv": [0, 0, 1, 0], "texture": "#missing"},
				"down": {"uv": [4, 0, 5, 0], "texture": "#missing"}
			}
		},
		{
			"from": [4, 0, 4.5],
			"to": [4, 3, 5.5],
			"rotation": {"angle": 45, "axis": "y", "origin": [4, 0, 3]},
			"faces": {
				"north": {"uv": [0, 0, 0, 3], "texture": "#missing"},
				"east": {"uv": [13, 13, 14, 16], "texture": "#cross"},
				"south": {"uv": [0, 0, 0, 3], "texture": "#missing"},
				"west": {"uv": [1, 13, 2, 16], "texture": "#cross"},
				"up": {"uv": [0, 0, 1, 0], "rotation": 270, "texture": "#missing"},
				"down": {"uv": [4, 0, 5, 0], "rotation": 90, "texture": "#missing"}
			}
		},
		{
			"from": [8, 3, 1],
			"to": [11, 3, 4],
			"rotation": {"angle": 0, "axis": "y", "origin": [8, 0, 1]},
			"faces": {
				"north": {"uv": [0, 0, 3, 0], "texture": "#missing"},
				"east": {"uv": [0, 0, 3, 0], "texture": "#missing"},
				"south": {"uv": [0, 0, 3, 0], "texture": "#missing"},
				"west": {"uv": [0, 0, 3, 0], "texture": "#missing"},
				"up": {"uv": [8, 10, 11, 13], "texture": "#cross"},
				"down": {"uv": [4, 10, 7, 13], "texture": "#cross"}
			}
		},
		{
			"from": [7.5, 0, 3],
			"to": [8.5, 3, 3],
			"rotation": {"angle": 45, "axis": "y", "origin": [8, 0, 1]},
			"faces": {
				"north": {"uv": [13, 13, 14, 16], "texture": "#cross"},
				"east": {"uv": [0, 0, 0, 3], "texture": "#missing"},
				"south": {"uv": [5, 13, 6, 16], "texture": "#cross"},
				"west": {"uv": [0, 0, 0, 3], "texture": "#missing"},
				"up": {"uv": [0, 0, 1, 0], "texture": "#missing"},
				"down": {"uv": [4, 0, 5, 0], "texture": "#missing"}
			}
		},
		{
			"from": [8, 0, 2.5],
			"to": [8, 3, 3.5],
			"rotation": {"angle": 45, "axis": "y", "origin": [8, 0, 1]},
			"faces": {
				"north": {"uv": [0, 0, 0, 3], "texture": "#missing"},
				"east": {"uv": [13, 13, 14, 16], "texture": "#cross"},
				"south": {"uv": [0, 0, 0, 3], "texture": "#missing"},
				"west": {"uv": [1, 13, 2, 16], "texture": "#cross"},
				"up": {"uv": [0, 0, 1, 0], "rotation": 270, "texture": "#missing"},
				"down": {"uv": [4, 0, 5, 0], "rotation": 90, "texture": "#missing"}
			}
		},
		{
			"from": [1, 3, 7],
			"to": [4, 3, 10],
			"rotation": {"angle": 0, "axis": "y", "origin": [1, 0, 7]},
			"faces": {
				"north": {"uv": [0, 0, 3, 0], "texture": "#missing"},
				"east": {"uv": [0, 0, 3, 0], "texture": "#missing"},
				"south": {"uv": [0, 0, 3, 0], "texture": "#missing"},
				"west": {"uv": [0, 0, 3, 0], "texture": "#missing"},
				"up": {"uv": [0, 9, 3, 12], "texture": "#cross"},
				"down": {"uv": [4, 10, 7, 13], "texture": "#cross"}
			}
		},
		{
			"from": [0.5, 0, 9],
			"to": [1.5, 3, 9],
			"rotation": {"angle": 45, "axis": "y", "origin": [1, 0, 7]},
			"faces": {
				"north": {"uv": [13, 13, 14, 16], "texture": "#cross"},
				"east": {"uv": [0, 0, 0, 3], "texture": "#missing"},
				"south": {"uv": [5, 13, 6, 16], "texture": "#cross"},
				"west": {"uv": [0, 0, 0, 3], "texture": "#missing"},
				"up": {"uv": [0, 0, 1, 0], "texture": "#missing"},
				"down": {"uv": [4, 0, 5, 0], "texture": "#missing"}
			}
		},
		{
			"from": [1, 0, 8.5],
			"to": [1, 3, 9.5],
			"rotation": {"angle": 45, "axis": "y", "origin": [1, 0, 7]},
			"faces": {
				"north": {"uv": [0, 0, 0, 3], "texture": "#missing"},
				"east": {"uv": [13, 13, 14, 16], "texture": "#cross"},
				"south": {"uv": [0, 0, 0, 3], "texture": "#missing"},
				"west": {"uv": [1, 13, 2, 16], "texture": "#cross"},
				"up": {"uv": [0, 0, 1, 0], "rotation": 270, "texture": "#missing"},
				"down": {"uv": [4, 0, 5, 0], "rotation": 90, "texture": "#missing"}
			}
		},
		{
			"from": [10, 3, 7],
			"to": [13, 3, 10],
			"rotation": {"angle": 0, "axis": "y", "origin": [10, 0, 7]},
			"faces": {
				"north": {"uv": [0, 0, 3, 0], "texture": "#missing"},
				"east": {"uv": [0, 0, 3, 0], "texture": "#missing"},
				"south": {"uv": [4, 0, 7, 0], "texture": "#missing"},
				"west": {"uv": [0, 0, 3, 0], "texture": "#missing"},
				"up": {"uv": [12, 10, 15, 13], "texture": "#cross"},
				"down": {"uv": [4, 10, 7, 13], "texture": "#cross"}
			}
		},
		{
			"from": [9.5, 0, 9],
			"to": [10.5, 3, 9],
			"rotation": {"angle": 45, "axis": "y", "origin": [10, 0, 7]},
			"faces": {
				"north": {"uv": [13, 13, 14, 16], "texture": "#cross"},
				"east": {"uv": [0, 0, 0, 3], "texture": "#missing"},
				"south": {"uv": [9, 13, 10, 16], "texture": "#cross"},
				"west": {"uv": [0, 0, 0, 3], "texture": "#missing"},
				"up": {"uv": [0, 0, 1, 0], "texture": "#missing"},
				"down": {"uv": [4, 0, 5, 0], "texture": "#missing"}
			}
		},
		{
			"from": [10, 0, 8.5],
			"to": [10, 3, 9.5],
			"rotation": {"angle": 45, "axis": "y", "origin": [10, 0, 7]},
			"faces": {
				"north": {"uv": [0, 0, 0, 3], "texture": "#missing"},
				"east": {"uv": [13, 13, 14, 16], "texture": "#cross"},
				"south": {"uv": [4, 0, 4, 3], "texture": "#missing"},
				"west": {"uv": [1, 13, 2, 16], "texture": "#cross"},
				"up": {"uv": [0, 0, 1, 0], "rotation": 270, "texture": "#missing"},
				"down": {"uv": [4, 0, 5, 0], "rotation": 90, "texture": "#missing"}
			}
		},
		{
			"from": [5, 4, 10],
			"to": [8, 4, 13],
			"rotation": {"angle": 0, "axis": "y", "origin": [5, 0, 10]},
			"faces": {
				"north": {"uv": [0, 0, 3, 0], "texture": "#missing"},
				"east": {"uv": [0, 0, 3, 0], "texture": "#missing"},
				"south": {"uv": [0, 0, 3, 0], "texture": "#missing"},
				"west": {"uv": [0, 0, 3, 0], "texture": "#missing"},
				"up": {"uv": [0, 9, 3, 12], "texture": "#cross"},
				"down": {"uv": [4, 10, 7, 13], "texture": "#cross"}
			}
		},
		{
			"from": [4.5, 0, 12],
			"to": [5.5, 4, 12],
			"rotation": {"angle": 45, "axis": "y", "origin": [5, 0, 10]},
			"faces": {
				"north": {"uv": [13, 13, 14, 16], "texture": "#cross"},
				"east": {"uv": [0, 0, 0, 3], "texture": "#missing"},
				"south": {"uv": [1, 12, 2, 16], "texture": "#cross"},
				"west": {"uv": [0, 0, 0, 3], "texture": "#missing"},
				"up": {"uv": [0, 0, 1, 0], "texture": "#missing"},
				"down": {"uv": [4, 0, 5, 0], "texture": "#missing"}
			}
		},
		{
			"from": [5, 0, 11.5],
			"to": [5, 4, 12.5],
			"rotation": {"angle": 45, "axis": "y", "origin": [5, 0, 10]},
			"faces": {
				"north": {"uv": [0, 0, 0, 3], "texture": "#missing"},
				"east": {"uv": [1, 12, 2, 16], "texture": "#cross"},
				"south": {"uv": [0, 0, 0, 3], "texture": "#missing"},
				"west": {"uv": [1, 13, 2, 16], "texture": "#cross"},
				"up": {"uv": [0, 0, 1, 0], "rotation": 270, "texture": "#missing"},
				"down": {"uv": [4, 0, 5, 0], "rotation": 90, "texture": "#missing"}
			}
		},
		{
			"from": [12, 3, 10],
			"to": [15, 3, 13],
			"rotation": {"angle": 0, "axis": "y", "origin": [12, 0, 10]},
			"faces": {
				"north": {"uv": [0, 0, 3, 0], "texture": "#missing"},
				"east": {"uv": [0, 0, 3, 0], "texture": "#missing"},
				"south": {"uv": [0, 0, 3, 0], "texture": "#missing"},
				"west": {"uv": [0, 0, 3, 0], "texture": "#missing"},
				"up": {"uv": [8, 10, 11, 13], "texture": "#cross"},
				"down": {"uv": [4, 10, 7, 13], "texture": "#cross"}
			}
		},
		{
			"from": [6, 3, 6],
			"to": [9, 3, 9],
			"rotation": {"angle": 0, "axis": "y", "origin": [6, 0, 6]},
			"faces": {
				"north": {"uv": [0, 0, 3, 0], "texture": "#missing"},
				"east": {"uv": [0, 0, 3, 0], "texture": "#missing"},
				"south": {"uv": [0, 0, 3, 0], "texture": "#missing"},
				"west": {"uv": [0, 0, 3, 0], "texture": "#missing"},
				"up": {"uv": [8, 10, 11, 13], "texture": "#cross"},
				"down": {"uv": [4, 10, 7, 13], "texture": "#cross"}
			}
		},
		{
			"from": [5.5, 0, 8],
			"to": [6.5, 3, 8],
			"rotation": {"angle": 45, "axis": "y", "origin": [6, 0, 6]},
			"faces": {
				"north": {"uv": [13, 13, 14, 16], "texture": "#cross"},
				"east": {"uv": [0, 0, 0, 3], "texture": "#missing"},
				"south": {"uv": [5, 12, 6, 15], "texture": "#cross"},
				"west": {"uv": [0, 0, 0, 3], "texture": "#missing"},
				"up": {"uv": [0, 0, 1, 0], "texture": "#missing"},
				"down": {"uv": [4, 0, 5, 0], "texture": "#missing"}
			}
		},
		{
			"from": [6, 0, 7.5],
			"to": [6, 3, 8.5],
			"rotation": {"angle": 45, "axis": "y", "origin": [6, 0, 6]},
			"faces": {
				"north": {"uv": [0, 0, 0, 3], "texture": "#missing"},
				"east": {"uv": [13, 13, 14, 16], "texture": "#cross"},
				"south": {"uv": [0, 0, 0, 3], "texture": "#missing"},
				"west": {"uv": [9, 12, 10, 15], "texture": "#cross"},
				"up": {"uv": [0, 0, 1, 0], "rotation": 270, "texture": "#missing"},
				"down": {"uv": [4, 0, 5, 0], "rotation": 90, "texture": "#missing"}
			}
		},
		{
			"from": [11.5, 0, 12],
			"to": [12.5, 3, 12],
			"rotation": {"angle": 45, "axis": "y", "origin": [12, 0, 10]},
			"faces": {
				"north": {"uv": [13, 13, 14, 16], "texture": "#cross"},
				"east": {"uv": [0, 0, 0, 3], "texture": "#missing"},
				"south": {"uv": [5, 13, 6, 16], "texture": "#cross"},
				"west": {"uv": [0, 0, 0, 3], "texture": "#missing"},
				"up": {"uv": [0, 0, 1, 0], "texture": "#missing"},
				"down": {"uv": [4, 0, 5, 0], "texture": "#missing"}
			}
		},
		{
			"from": [12, 0, 11.5],
			"to": [12, 3, 12.5],
			"rotation": {"angle": 45, "axis": "y", "origin": [12, 0, 10]},
			"faces": {
				"north": {"uv": [0, 0, 0, 3], "texture": "#missing"},
				"east": {"uv": [13, 13, 14, 16], "texture": "#cross"},
				"south": {"uv": [0, 0, 0, 3], "texture": "#missing"},
				"west": {"uv": [1, 13, 2, 16], "texture": "#cross"},
				"up": {"uv": [0, 0, 1, 0], "rotation": 270, "texture": "#missing"},
				"down": {"uv": [4, 0, 5, 0], "rotation": 90, "texture": "#missing"}
			}
		},
		{
			"from": [1, 3, 12],
			"to": [4, 3, 15],
			"rotation": {"angle": 0, "axis": "y", "origin": [1, 0, 12]},
			"faces": {
				"north": {"uv": [0, 0, 3, 0], "texture": "#missing"},
				"east": {"uv": [0, 0, 3, 0], "texture": "#missing"},
				"south": {"uv": [0, 0, 3, 0], "texture": "#missing"},
				"west": {"uv": [0, 0, 3, 0], "texture": "#missing"},
				"up": {"uv": [12, 10, 15, 13], "texture": "#cross"},
				"down": {"uv": [4, 10, 7, 13], "texture": "#cross"}
			}
		},
		{
			"from": [0.5, 0, 14],
			"to": [1.5, 3, 14],
			"rotation": {"angle": 45, "axis": "y", "origin": [1, 0, 12]},
			"faces": {
				"north": {"uv": [13, 13, 14, 16], "texture": "#cross"},
				"east": {"uv": [0, 0, 0, 3], "texture": "#missing"},
				"south": {"uv": [5, 13, 6, 16], "texture": "#cross"},
				"west": {"uv": [0, 0, 0, 3], "texture": "#missing"},
				"up": {"uv": [0, 0, 1, 0], "texture": "#missing"},
				"down": {"uv": [4, 0, 5, 0], "texture": "#missing"}
			}
		},
		{
			"from": [1, 0, 13.5],
			"to": [1, 3, 14.5],
			"rotation": {"angle": 45, "axis": "y", "origin": [1, 0, 12]},
			"faces": {
				"north": {"uv": [0, 0, 0, 3], "texture": "#missing"},
				"east": {"uv": [13, 13, 14, 16], "texture": "#cross"},
				"south": {"uv": [0, 0, 0, 3], "texture": "#missing"},
				"west": {"uv": [1, 13, 2, 16], "texture": "#cross"},
				"up": {"uv": [0, 0, 1, 0], "rotation": 270, "texture": "#missing"},
				"down": {"uv": [4, 0, 5, 0], "rotation": 90, "texture": "#missing"}
			}
		},
		{
			"from": [8, 3, 13],
			"to": [11, 3, 16],
			"rotation": {"angle": 0, "axis": "y", "origin": [8, 0, 13]},
			"faces": {
				"north": {"uv": [0, 0, 3, 0], "texture": "#missing"},
				"east": {"uv": [0, 0, 3, 0], "texture": "#missing"},
				"south": {"uv": [0, 0, 3, 0], "texture": "#missing"},
				"west": {"uv": [0, 0, 3, 0], "texture": "#missing"},
				"up": {"uv": [0, 9, 3, 12], "texture": "#cross"},
				"down": {"uv": [4, 10, 7, 13], "texture": "#cross"}
			}
		},
		{
			"from": [7.5, 0, 15],
			"to": [8.5, 3, 15],
			"rotation": {"angle": 45, "axis": "y", "origin": [8, 0, 13]},
			"faces": {
				"north": {"uv": [13, 13, 14, 16], "texture": "#cross"},
				"east": {"uv": [0, 0, 0, 3], "texture": "#missing"},
				"south": {"uv": [5, 13, 6, 16], "texture": "#cross"},
				"west": {"uv": [0, 0, 0, 3], "texture": "#missing"},
				"up": {"uv": [0, 0, 1, 0], "texture": "#missing"},
				"down": {"uv": [4, 0, 5, 0], "texture": "#missing"}
			}
		},
		{
			"from": [8, 0, 14.5],
			"to": [8, 3, 15.5],
			"rotation": {"angle": 45, "axis": "y", "origin": [8, 0, 13]},
			"faces": {
				"north": {"uv": [0, 0, 0, 3], "texture": "#missing"},
				"east": {"uv": [13, 13, 14, 16], "texture": "#cross"},
				"south": {"uv": [0, 0, 0, 3], "texture": "#missing"},
				"west": {"uv": [1, 13, 2, 16], "texture": "#cross"},
				"up": {"uv": [0, 0, 1, 0], "rotation": 270, "texture": "#missing"},
				"down": {"uv": [4, 0, 5, 0], "rotation": 90, "texture": "#missing"}
			}
		},
		{
			"from": [5, 4, 10],
			"to": [8, 4, 13],
			"rotation": {"angle": 0, "axis": "y", "origin": [5, 0, 10]},
			"faces": {
				"north": {"uv": [0, 0, 3, 0], "texture": "#missing"},
				"east": {"uv": [0, 0, 3, 0], "texture": "#missing"},
				"south": {"uv": [0, 0, 3, 0], "texture": "#missing"},
				"west": {"uv": [0, 0, 3, 0], "texture": "#missing"},
				"up": {"uv": [0, 9, 3, 12], "texture": "#cross"},
				"down": {"uv": [4, 10, 7, 13], "texture": "#cross"}
			}
		},
		{
			"from": [4.5, 0, 12],
			"to": [5.5, 4, 12],
			"rotation": {"angle": 45, "axis": "y", "origin": [5, 0, 10]},
			"faces": {
				"north": {"uv": [13, 13, 14, 16], "texture": "#cross"},
				"east": {"uv": [0, 0, 0, 3], "texture": "#missing"},
				"south": {"uv": [1, 12, 2, 16], "texture": "#cross"},
				"west": {"uv": [0, 0, 0, 3], "texture": "#missing"},
				"up": {"uv": [0, 0, 1, 0], "texture": "#missing"},
				"down": {"uv": [4, 0, 5, 0], "texture": "#missing"}
			}
		},
		{
			"from": [5, 0, 11.5],
			"to": [5, 4, 12.5],
			"rotation": {"angle": 45, "axis": "y", "origin": [5, 0, 10]},
			"faces": {
				"north": {"uv": [0, 0, 0, 3], "texture": "#missing"},
				"east": {"uv": [1, 12, 2, 16], "texture": "#cross"},
				"south": {"uv": [0, 0, 0, 3], "texture": "#missing"},
				"west": {"uv": [1, 13, 2, 16], "texture": "#cross"},
				"up": {"uv": [0, 0, 1, 0], "rotation": 270, "texture": "#missing"},
				"down": {"uv": [4, 0, 5, 0], "rotation": 90, "texture": "#missing"}
			}
		},
		{
			"from": [13, 3, 0],
			"to": [16, 3, 3],
			"rotation": {"angle": 0, "axis": "y", "origin": [13, 0, 0]},
			"faces": {
				"north": {"uv": [0, 0, 3, 0], "texture": "#missing"},
				"east": {"uv": [0, 0, 3, 0], "texture": "#missing"},
				"south": {"uv": [0, 0, 3, 0], "texture": "#missing"},
				"west": {"uv": [0, 0, 3, 0], "texture": "#missing"},
				"up": {"uv": [0, 9, 3, 12], "texture": "#cross"},
				"down": {"uv": [4, 10, 7, 13], "texture": "#cross"}
			}
		},
		{
			"from": [12.5, 0, 2],
			"to": [13.5, 3, 2],
			"rotation": {"angle": 45, "axis": "y", "origin": [13, 0, 0]},
			"faces": {
				"north": {"uv": [13, 13, 14, 16], "texture": "#cross"},
				"east": {"uv": [0, 0, 0, 3], "texture": "#missing"},
				"south": {"uv": [5, 13, 6, 16], "texture": "#cross"},
				"west": {"uv": [0, 0, 0, 3], "texture": "#missing"},
				"up": {"uv": [0, 0, 1, 0], "texture": "#missing"},
				"down": {"uv": [4, 0, 5, 0], "texture": "#missing"}
			}
		},
		{
			"from": [13, 0, 1.5],
			"to": [13, 3, 2.5],
			"rotation": {"angle": 45, "axis": "y", "origin": [13, 0, 0]},
			"faces": {
				"north": {"uv": [0, 0, 0, 3], "texture": "#missing"},
				"east": {"uv": [13, 13, 14, 16], "texture": "#cross"},
				"south": {"uv": [0, 0, 0, 3], "texture": "#missing"},
				"west": {"uv": [1, 13, 2, 16], "texture": "#cross"},
				"up": {"uv": [0, 0, 1, 0], "rotation": 270, "texture": "#missing"},
				"down": {"uv": [4, 0, 5, 0], "rotation": 90, "texture": "#missing"}
			}
		},
		{
			"from": [13, 3, 6],
			"to": [16, 3, 9],
			"rotation": {"angle": 0, "axis": "y", "origin": [13, 0, 6]},
			"faces": {
				"north": {"uv": [0, 0, 3, 0], "texture": "#missing"},
				"east": {"uv": [0, 0, 3, 0], "texture": "#missing"},
				"south": {"uv": [0, 0, 3, 0], "texture": "#missing"},
				"west": {"uv": [0, 0, 3, 0], "texture": "#missing"},
				"up": {"uv": [0, 9, 3, 12], "texture": "#cross"},
				"down": {"uv": [4, 10, 7, 13], "texture": "#cross"}
			}
		},
		{
			"from": [12.5, 0, 8],
			"to": [13.5, 3, 8],
			"rotation": {"angle": 45, "axis": "y", "origin": [13, 0, 6]},
			"faces": {
				"north": {"uv": [13, 13, 14, 16], "texture": "#cross"},
				"east": {"uv": [0, 0, 0, 3], "texture": "#missing"},
				"south": {"uv": [5, 13, 6, 16], "texture": "#cross"},
				"west": {"uv": [0, 0, 0, 3], "texture": "#missing"},
				"up": {"uv": [0, 0, 1, 0], "texture": "#missing"},
				"down": {"uv": [4, 0, 5, 0], "texture": "#missing"}
			}
		},
		{
			"from": [13, 0, 7.5],
			"to": [13, 3, 8.5],
			"rotation": {"angle": 45, "axis": "y", "origin": [13, 0, 6]},
			"faces": {
				"north": {"uv": [0, 0, 0, 3], "texture": "#missing"},
				"east": {"uv": [13, 13, 14, 16], "texture": "#cross"},
				"south": {"uv": [0, 0, 0, 3], "texture": "#missing"},
				"west": {"uv": [1, 13, 2, 16], "texture": "#cross"},
				"up": {"uv": [0, 0, 1, 0], "rotation": 270, "texture": "#missing"},
				"down": {"uv": [4, 0, 5, 0], "rotation": 90, "texture": "#missing"}
			}
		},
		{
			"from": [4, 3, -1],
			"to": [7, 3, 2],
			"rotation": {"angle": 0, "axis": "y", "origin": [4, 0, -1]},
			"faces": {
				"north": {"uv": [0, 0, 3, 0], "texture": "#missing"},
				"east": {"uv": [0, 0, 3, 0], "texture": "#missing"},
				"south": {"uv": [0, 0, 3, 0], "texture": "#missing"},
				"west": {"uv": [0, 0, 3, 0], "texture": "#missing"},
				"up": {"uv": [0, 9, 3, 12], "texture": "#cross"},
				"down": {"uv": [4, 10, 7, 13], "texture": "#cross"}
			}
		},
		{
			"from": [3.5, 0, 1],
			"to": [4.5, 3, 1],
			"rotation": {"angle": 45, "axis": "y", "origin": [4, 0, -1]},
			"faces": {
				"north": {"uv": [13, 13, 14, 16], "texture": "#cross"},
				"east": {"uv": [0, 0, 0, 3], "texture": "#missing"},
				"south": {"uv": [5, 13, 6, 16], "texture": "#cross"},
				"west": {"uv": [0, 0, 0, 3], "texture": "#missing"},
				"up": {"uv": [0, 0, 1, 0], "texture": "#missing"},
				"down": {"uv": [4, 0, 5, 0], "texture": "#missing"}
			}
		},
		{
			"from": [4, 0, 0.5],
			"to": [4, 3, 1.5],
			"rotation": {"angle": 45, "axis": "y", "origin": [4, 0, -1]},
			"faces": {
				"north": {"uv": [0, 0, 0, 3], "texture": "#missing"},
				"east": {"uv": [13, 13, 14, 16], "texture": "#cross"},
				"south": {"uv": [0, 0, 0, 3], "texture": "#missing"},
				"west": {"uv": [1, 13, 2, 16], "texture": "#cross"},
				"up": {"uv": [0, 0, 1, 0], "rotation": 270, "texture": "#missing"},
				"down": {"uv": [4, 0, 5, 0], "rotation": 90, "texture": "#missing"}
			}
		},
		{
			"from": [11, 4, 3],
			"to": [14, 4, 6],
			"rotation": {"angle": 0, "axis": "y", "origin": [11, 0, 3]},
			"faces": {
				"north": {"uv": [0, 0, 3, 0], "texture": "#missing"},
				"east": {"uv": [0, 0, 3, 0], "texture": "#missing"},
				"south": {"uv": [0, 0, 3, 0], "texture": "#missing"},
				"west": {"uv": [0, 0, 3, 0], "texture": "#missing"},
				"up": {"uv": [0, 9, 3, 12], "texture": "#cross"},
				"down": {"uv": [4, 10, 7, 13], "texture": "#cross"}
			}
		},
		{
			"from": [10.5, 0, 5],
			"to": [11.5, 4, 5],
			"rotation": {"angle": 45, "axis": "y", "origin": [11, 0, 3]},
			"faces": {
				"north": {"uv": [13, 13, 14, 16], "texture": "#cross"},
				"east": {"uv": [0, 0, 0, 3], "texture": "#missing"},
				"south": {"uv": [1, 12, 2, 16], "texture": "#cross"},
				"west": {"uv": [0, 0, 0, 3], "texture": "#missing"},
				"up": {"uv": [0, 0, 1, 0], "texture": "#missing"},
				"down": {"uv": [4, 0, 5, 0], "texture": "#missing"}
			}
		},
		{
			"from": [11, 0, 4.5],
			"to": [11, 4, 5.5],
			"rotation": {"angle": 45, "axis": "y", "origin": [11, 0, 3]},
			"faces": {
				"north": {"uv": [0, 0, 0, 3], "texture": "#missing"},
				"east": {"uv": [1, 12, 2, 16], "texture": "#cross"},
				"south": {"uv": [0, 0, 0, 3], "texture": "#missing"},
				"west": {"uv": [1, 13, 2, 16], "texture": "#cross"},
				"up": {"uv": [0, 0, 1, 0], "rotation": 270, "texture": "#missing"},
				"down": {"uv": [4, 0, 5, 0], "rotation": 90, "texture": "#missing"}
			}
		}
	],
	"groups": [
		0,
		1,
		2,
		{
			"name": "group",
			"origin": [4, 0, 3],
			"color": 0,
			"children": [3, 4, 5]
		},
		{
			"name": "group",
			"origin": [4, 0, 3],
			"color": 0,
			"children": [6, 7, 8]
		},
		{
			"name": "group",
			"origin": [4, 0, 3],
			"color": 0,
			"children": [9, 10, 11]
		},
		{
			"name": "group",
			"origin": [4, 0, 3],
			"color": 0,
			"children": [12, 13, 14]
		},
		{
			"name": "group",
			"origin": [4, 0, 3],
			"color": 0,
			"children": [15, 16, 17]
		},
		{
			"name": "group",
			"origin": [4, 0, 3],
			"color": 0,
			"children": []
		},
		{
			"name": "group",
			"origin": [4, 0, 3],
			"color": 0,
			"children": [
				18,
				{
					"name": "group",
					"origin": [4, 0, 3],
					"color": 0,
					"children": [19, 20, 21]
				},
				22,
				23
			]
		},
		{
			"name": "group",
			"origin": [4, 0, 3],
			"color": 0,
			"children": [24, 25, 26]
		},
		{
			"name": "group",
			"origin": [4, 0, 3],
			"color": 0,
			"children": [27, 28, 29]
		},
		{
			"name": "group",
			"origin": [4, 0, 3],
			"color": 0,
			"children": [30, 31, 32]
		},
		{
			"name": "group",
			"origin": [4, 0, 3],
			"color": 0,
			"children": [33, 34, 35]
		},
		{
			"name": "group",
			"origin": [4, 0, 3],
			"color": 0,
			"children": [36, 37, 38]
		},
		{
			"name": "group",
			"origin": [4, 0, 3],
			"color": 0,
			"children": [39, 40, 41]
		},
		{
			"name": "group",
			"origin": [4, 0, 3],
			"color": 0,
			"children": [42, 43, 44]
		}
	]
}