{
	"credit": "Made with Blockbench",
	"textures": {
		"0": "block/oak_table_leg",
		"1": "block/oak_table",
		"particle": "block/oak_table_leg"
	},
	"elements": [
		{
			"from": [0, 8, 0],
			"to": [16, 16, 16],
			"faces": {
				"north": {"uv": [0, 8, 16, 16], "texture": "#1", "cullface": "north"},
				"east": {"uv": [0, 8, 16, 16], "texture": "#1", "cullface": "east"},
				"south": {"uv": [0, 8, 16, 16], "texture": "#1", "cullface": "south"},
				"west": {"uv": [0, 8, 16, 16], "texture": "#1", "cullface": "west"},
				"up": {"uv": [0, 0, 16, 16], "rotation": 180, "texture": "#1"},
				"down": {"uv": [0, 0, 16, 16], "texture": "#1"}
			}
		},
		{
			"from": [1, 0, 1],
			"to": [4, 12, 4],
			"faces": {
				"north": {"uv": [0, 2, 3, 13], "texture": "#0"},
				"east": {"uv": [13, 1, 16, 13], "texture": "#0"},
				"south": {"uv": [0, 1, 3, 13], "texture": "#0"},
				"west": {"uv": [13, 1, 16, 13], "texture": "#0"},
				"up": {"uv": [0, 0, 3, 3], "texture": "#missing"},
				"down": {"uv": [0, 13, 3, 16], "texture": "#0"}
			}
		},
		{
			"from": [12, 0, 1],
			"to": [15, 12, 4],
			"faces": {
				"north": {"uv": [0, 2, 3, 13], "texture": "#0"},
				"east": {"uv": [13, 1, 16, 13], "texture": "#0"},
				"south": {"uv": [0, 1, 3, 13], "texture": "#0"},
				"west": {"uv": [13, 1, 16, 13], "texture": "#0"},
				"up": {"uv": [0, 0, 3, 3], "texture": "#missing"},
				"down": {"uv": [0, 13, 3, 16], "texture": "#0"}
			}
		},
		{
			"from": [1, 0, 12],
			"to": [4, 12, 15],
			"faces": {
				"north": {"uv": [0, 2, 3, 13], "texture": "#0"},
				"east": {"uv": [13, 1, 16, 13], "texture": "#0"},
				"south": {"uv": [0, 1, 3, 13], "texture": "#0"},
				"west": {"uv": [13, 1, 16, 13], "texture": "#0"},
				"up": {"uv": [0, 0, 3, 3], "texture": "#missing"},
				"down": {"uv": [0, 13, 3, 16], "texture": "#0"}
			}
		},
		{
			"from": [12, 0, 12],
			"to": [15, 12, 15],
			"faces": {
				"north": {"uv": [0, 2, 3, 13], "texture": "#0"},
				"east": {"uv": [13, 1, 16, 13], "texture": "#0"},
				"south": {"uv": [0, 1, 3, 13], "texture": "#0"},
				"west": {"uv": [13, 1, 16, 13], "texture": "#0"},
				"up": {"uv": [0, 0, 3, 3], "texture": "#missing"},
				"down": {"uv": [0, 13, 3, 16], "texture": "#0"}
			}
		}
	],
	"display": {
		"firstperson_righthand": {
			"rotation": [0, 135, 0],
			"scale": [0.4, 0.4, 0.4]
		}
	}
}