{
	"credit": "Made with Blockbench",
	"parent": "minecraft:block/template_three_candles",
	"textures": {
		"0": "block/apple",
		"particle": "block/apple"
	},
	"elements": [
		{
			"from": [5, 0, 6],
			"to": [10, 5, 11],
			"faces": {
				"north": {"uv": [5, 11, 10, 16], "texture": "#0"},
				"east": {"uv": [5, 11, 10, 16], "texture": "#0"},
				"south": {"uv": [5, 11, 10, 16], "texture": "#0"},
				"west": {"uv": [5, 11, 10, 16], "texture": "#0"},
				"up": {"uv": [11, 1, 16, 6], "texture": "#0"},
				"down": {"uv": [11, 11, 16, 16], "texture": "#0"}
			}
		},
		{
			"from": [8, 5, 8],
			"to": [8, 7, 9],
			"faces": {
				"north": {"uv": [0, 0, 0, 2], "texture": "#0"},
				"east": {"uv": [8, 8, 9, 10], "texture": "#0"},
				"south": {"uv": [0, 0, 0, 2], "texture": "#0"},
				"west": {"uv": [8, 8, 9, 10], "texture": "#0"},
				"up": {"uv": [0, 0, 0, 1], "texture": "#0"},
				"down": {"uv": [0, 0, 0, 1], "texture": "#0"}
			}
		},
		{
			"from": [8.25, 6, 6],
			"to": [8.25, 8, 9],
			"faces": {
				"north": {"uv": [0, 0, 0, 2], "texture": "#0"},
				"east": {"uv": [13, 7, 15, 10], "rotation": 90, "texture": "#0"},
				"south": {"uv": [0, 0, 0, 2], "texture": "#0"},
				"west": {"uv": [13, 10, 15, 7], "rotation": 90, "texture": "#0"},
				"up": {"uv": [0, 0, 0, 3], "texture": "#0"},
				"down": {"uv": [0, 0, 0, 3], "texture": "#0"}
			}
		}
	]
}