{
	"credit": "Made with Blockbench",
	"parent": "minecraft:block/cross",
	"textures": {
		"0": "block/red_tulip",
		"particle": "block/red_tulip"
	},
	"elements": [
		{
			"from": [6, 0, -4],
			"to": [11, 16, -4],
			"rotation": {"angle": -45, "axis": "y", "origin": [-2, 0, 3]},
			"faces": {
				"north": {"uv": [0, 0, 5, 16], "texture": "#0"},
				"east": {"uv": [0, 0, 0, 16], "texture": "#0"},
				"south": {"uv": [0, 0, 5, 16], "texture": "#0"},
				"west": {"uv": [0, 0, 0, 16], "texture": "#0"},
				"up": {"uv": [0, 0, 7, 0], "texture": "#missing"},
				"down": {"uv": [0, 0, 7, 0], "texture": "#missing"}
			}
		},
		{
			"from": [2.5, 0, 13.5],
			"to": [7.5, 16, 13.5],
			"rotation": {"angle": 45, "axis": "y", "origin": [-2, 0, 3]},
			"faces": {
				"north": {"uv": [0, 0, 5, 16], "texture": "#0"},
				"east": {"uv": [0, 0, 0, 16], "texture": "#0"},
				"south": {"uv": [0, 0, 5, 16], "texture": "#0"},
				"west": {"uv": [0, 0, 0, 16], "texture": "#0"},
				"up": {"uv": [0, 0, 7, 0], "texture": "#missing"},
				"down": {"uv": [0, 0, 7, 0], "texture": "#missing"}
			}
		},
		{
			"from": [12.5, 0, 0.5],
			"to": [12.5, 16, 5.5],
			"rotation": {"angle": -45, "axis": "y", "origin": [-1, 0, 1]},
			"faces": {
				"north": {"uv": [0, 0, 0, 16], "texture": "#0"},
				"east": {"uv": [11, 0, 16, 16], "texture": "#0"},
				"south": {"uv": [0, 0, 0, 16], "texture": "#0"},
				"west": {"uv": [11, 0, 16, 16], "texture": "#0"},
				"up": {"uv": [0, 0, 5, 0], "rotation": 90, "texture": "#missing"},
				"down": {"uv": [0, 0, 5, 0], "rotation": 270, "texture": "#missing"}
			}
		},
		{
			"from": [10, 0, 3],
			"to": [15, 16, 3],
			"rotation": {"angle": -45, "axis": "y", "origin": [-1, 0, 1]},
			"faces": {
				"north": {"uv": [11, 0, 16, 16], "texture": "#0"},
				"east": {"uv": [0, 0, 0, 16], "texture": "#0"},
				"south": {"uv": [11, 0, 16, 16], "texture": "#0"},
				"west": {"uv": [0, 0, 0, 16], "texture": "#0"},
				"up": {"uv": [0, 0, 5, 0], "texture": "#missing"},
				"down": {"uv": [0, 0, 5, 0], "texture": "#missing"}
			}
		},
		{
			"from": [4.5, 0, -2],
			"to": [4.5, 16, 3],
			"rotation": {"angle": -45, "axis": "y", "origin": [-1, 0, 1]},
			"faces": {
				"north": {"uv": [0, 0, 0, 16], "texture": "#0"},
				"east": {"uv": [5, 0, 10, 16], "texture": "#0"},
				"south": {"uv": [0, 0, 0, 16], "texture": "#0"},
				"west": {"uv": [5, 0, 10, 16], "texture": "#0"},
				"up": {"uv": [0, 0, 5, 0], "rotation": 90, "texture": "#missing"},
				"down": {"uv": [0, 0, 5, 0], "rotation": 270, "texture": "#missing"}
			}
		},
		{
			"from": [2, 0, 0.5],
			"to": [7, 16, 0.5],
			"rotation": {"angle": -45, "axis": "y", "origin": [-1, 0, 1]},
			"faces": {
				"north": {"uv": [5, 0, 10, 16], "texture": "#0"},
				"east": {"uv": [0, 0, 0, 16], "texture": "#0"},
				"south": {"uv": [5, 0, 10, 16], "texture": "#0"},
				"west": {"uv": [0, 0, 0, 16], "texture": "#0"},
				"up": {"uv": [0, 0, 5, 0], "texture": "#missing"},
				"down": {"uv": [0, 0, 5, 0], "texture": "#missing"}
			}
		}
	]
}