{
	"credit": "Made with Blockbench",
	"ambientocclusion": false,
	"textures": {
		"2": "block/sunflower_back",
		"3": "block/sunflower_top",
		"particle": "block/sunflower_front",
		"front": "block/sunflower_front"
	},
	"elements": [
		{
			"from": [0.8, 0, 8],
			"to": [15.2, 8, 8],
			"shade": false,
			"rotation": {"angle": 45, "axis": "y", "origin": [8, 8, 8], "rescale": true},
			"faces": {
				"north": {"uv": [0, 8, 16, 16], "texture": "#3"},
				"south": {"uv": [0, 8, 16, 16], "texture": "#3"}
			}
		},
		{
			"from": [8, 0, 0.8],
			"to": [8, 8, 15.2],
			"shade": false,
			"rotation": {"angle": 45, "axis": "y", "origin": [8, 8, 8], "rescale": true},
			"faces": {
				"east": {"uv": [0, 8, 16, 16], "texture": "#3"},
				"west": {"uv": [0, 8, 16, 16], "texture": "#3"}
			}
		},
		{
			"from": [9.6, -0.65, 0],
			"to": [9.6, 15.35, 16],
			"shade": false,
			"rotation": {"angle": 22.5, "axis": "z", "origin": [8, 8, 8], "rescale": true},
			"faces": {
				"east": {"uv": [0, 0, 16, 16], "texture": "#front"},
				"west": {"uv": [0, 0, 16, 16], "texture": "#2"}
			}
		},
		{
			"from": [10.9, 1.725, 6],
			"to": [11.9, 5.725, 10],
			"rotation": {"angle": 22.5, "axis": "z", "origin": [0, 0, 0]},
			"faces": {
				"north": {"uv": [5, 6, 6, 10], "texture": "#2"},
				"east": {"uv": [6, 6, 10, 10], "texture": "#front"},
				"south": {"uv": [10, 6, 11, 10], "texture": "#2"},
				"west": {"uv": [6, 6, 10, 10], "texture": "#2"},
				"up": {"uv": [5, 6, 6, 10], "texture": "#2"},
				"down": {"uv": [10, 6, 11, 10], "texture": "#2"}
			}
		}
	]
}