{
	"credit": "Made with Blockbench",
	"parent": "minecraft:block/template_four_candles",
	"textures": {
		"2": "block/birch_log",
		"3": "block/birch_candles_log_top",
		"particle": "block/birch_candles_log_top"
	},
	"elements": [
		{
			"from": [5, 0, 0],
			"to": [11, 8, 16],
			"faces": {
				"north": {"uv": [5, 4, 11, 12], "texture": "#3"},
				"east": {"uv": [0, 8, 16, 16], "texture": "#2"},
				"south": {"uv": [5, 4, 11, 12], "texture": "#3"},
				"west": {"uv": [8, 0, 16, 16], "rotation": 90, "texture": "#2"},
				"up": {"uv": [1, 0, 7, 16], "texture": "#2"},
				"down": {"uv": [0, 0, 6, 16], "texture": "#2"}
			}
		},
		{
			"from": [4, 1, 0],
			"to": [5, 7, 16],
			"faces": {
				"north": {"uv": [11, 5, 12, 11], "texture": "#3"},
				"east": {"uv": [0, 0, 16, 6], "texture": "#2"},
				"south": {"uv": [4, 5, 5, 11], "texture": "#3"},
				"west": {"uv": [9, 0, 15, 16], "rotation": 90, "texture": "#2"},
				"up": {"uv": [0, 0, 1, 16], "texture": "#2"},
				"down": {"uv": [3, 0, 4, 16], "texture": "#2"}
			}
		},
		{
			"from": [11, 1, 0],
			"to": [12, 7, 16],
			"faces": {
				"north": {"uv": [4, 5, 5, 11], "texture": "#3"},
				"east": {"uv": [5, 0, 11, 16], "rotation": 90, "texture": "#2"},
				"south": {"uv": [11, 5, 12, 11], "texture": "#3"},
				"west": {"uv": [0, 0, 16, 6], "texture": "#2"},
				"up": {"uv": [4, 0, 5, 16], "texture": "#2"},
				"down": {"uv": [0, 0, 1, 16], "texture": "#2"}
			}
		}
	]
}