{
	"credit": "Made with Blockbench",
	"parent": "block/block",
	"textures": {
		"0": "block/oak_planks",
		"1": "block/iron_block",
		"particle": "block/oak_planks"
	},
	"elements": [
		{
			"name": "Plank1",
			"from": [0.5, -0.5, 2],
			"to": [15.5, 0.5, 4],
			"faces": {
				"north": {"uv": [0, 13, 15, 14], "texture": "#0"},
				"east": {"uv": [2, 14, 4, 15], "texture": "#0"},
				"south": {"uv": [0, 0, 15, 1], "texture": "#0"},
				"west": {"uv": [0, 14, 2, 15], "texture": "#0"},
				"up": {"uv": [0, 14, 15, 16], "texture": "#0"},
				"down": {"uv": [0, 3, 15, 5], "texture": "#0"}
			}
		},
		{
			"name": "Plank2",
			"from": [0.5, -0.5, 7],
			"to": [15.5, 0.5, 9],
			"faces": {
				"north": {"uv": [0, 13, 15, 14], "texture": "#0"},
				"east": {"uv": [2, 14, 4, 15], "texture": "#0"},
				"south": {"uv": [0, 0, 15, 1], "texture": "#0"},
				"west": {"uv": [0, 14, 2, 15], "texture": "#0"},
				"up": {"uv": [0, 10, 15, 12], "texture": "#0"},
				"down": {"uv": [0, 3, 15, 5], "texture": "#0"}
			}
		},
		{
			"name": "Plank3",
			"from": [0.5, -0.5, 12],
			"to": [15.5, 0.5, 14],
			"faces": {
				"north": {"uv": [0, 13, 15, 14], "texture": "#0"},
				"east": {"uv": [2, 14, 4, 15], "texture": "#0"},
				"south": {"uv": [0, 0, 15, 1], "texture": "#0"},
				"west": {"uv": [0, 14, 2, 15], "texture": "#0"},
				"up": {"uv": [0, 2, 15, 4], "texture": "#0"},
				"down": {"uv": [0, 3, 15, 5], "texture": "#0"}
			}
		},
		{
			"name": "RailLeft1",
			"from": [2, 0.5, 0],
			"to": [2.5, 1, 16],
			"faces": {
				"north": {"uv": [0, 0, 0.5, 0.5], "texture": "#1"},
				"south": {"uv": [0, 0, 0.5, 0.5], "texture": "#1"},
				"west": {"uv": [2, 0, 3, 16], "rotation": 90, "texture": "#1"},
				"up": {"uv": [2, 0, 2.5, 16], "texture": "#1"},
				"down": {"uv": [2, 0, 2.5, 16], "texture": "#1"}
			}
		},
		{
			"name": "RailLeft2",
			"from": [2.5, 0.5, 0],
			"to": [3.3, 1.5, 16],
			"faces": {
				"north": {"uv": [0, 0, 0.8, 1], "texture": "#1"},
				"east": {"uv": [0, 0, 16, 1], "texture": "#1"},
				"south": {"uv": [0, 0, 0.8, 1], "texture": "#1"},
				"west": {"uv": [0, 1, 16, 2], "texture": "#1"},
				"up": {"uv": [2, 0, 2.8, 16], "texture": "#1"},
				"down": {"uv": [2, 0, 2.8, 16], "texture": "#1"}
			}
		},
		{
			"name": "RailRight2",
			"from": [12.7, 0.5, 0],
			"to": [13.5, 1.5, 16],
			"faces": {
				"north": {"uv": [0, 0, 0.8, 1], "texture": "#1"},
				"east": {"uv": [0, 3, 16, 4], "texture": "#1"},
				"south": {"uv": [0, 0, 0.8, 1], "texture": "#1"},
				"west": {"uv": [0, 1, 16, 2], "texture": "#1"},
				"up": {"uv": [3, 0, 3.8, 16], "texture": "#1"},
				"down": {"uv": [3, 0, 3.8, 16], "texture": "#1"}
			}
		},
		{
			"name": "RailRight1",
			"from": [13.5, 0.5, 0],
			"to": [14, 1, 16],
			"faces": {
				"north": {"uv": [0, 0, 0.5, 0.5], "texture": "#1"},
				"east": {"uv": [0, 3, 16, 3.5], "texture": "#1"},
				"south": {"uv": [0, 0, 0.5, 0.5], "texture": "#1"},
				"up": {"uv": [0, 3, 16, 4], "rotation": 90, "texture": "#1"},
				"down": {"uv": [0, 3, 16, 4], "rotation": 90, "texture": "#1"}
			}
		}
	],
	"display": {
		"thirdperson_righthand": {
			"translation": [0, 5.25, 0],
			"scale": [0.6, 0.6, 0.6]
		},
		"thirdperson_lefthand": {
			"translation": [0, 5.25, 0],
			"scale": [0.6, 0.6, 0.6]
		},
		"firstperson_righthand": {
			"rotation": [45, -30, 0],
			"translation": [4, 6, 0]
		},
		"firstperson_lefthand": {
			"rotation": [45, -35, 0],
			"translation": [4, 6, -1.5]
		},
		"ground": {
			"rotation": [20, 0, 20],
			"translation": [-2, 8, 2]
		},
		"gui": {
			"rotation": [25, 45, 0],
			"translation": [0, 1, 0],
			"scale": [0.8, 0.8, 0.8]
		},
		"head": {
			"translation": [0, 15.75, 0]
		},
		"fixed": {
			"rotation": [-90, 0, 0],
			"translation": [0, 0, -8.5]
		}
	}
}