{
	"credit": "Made with Blockbench",
	"textures": {
		"0": "block/oak_planks",
		"1": "block/iron_block",
		"particle": "block/oak_planks"
	},
	"elements": [
		{
			"name": "Plank1",
			"from": [15, -0.51, 0.5],
			"to": [17, 0.49, 15.5],
			"rotation": {"angle": 22.5, "axis": "y", "origin": [16, 0, 16]},
			"faces": {
				"north": {"uv": [3, 1, 5, 2], "texture": "#0"},
				"east": {"uv": [1, 9, 16, 10], "texture": "#0"},
				"south": {"uv": [8, 6, 9, 4], "rotation": 90, "texture": "#0"},
				"west": {"uv": [1, 11, 16, 12], "texture": "#0"},
				"up": {"uv": [0, 2, 15, 4], "rotation": 90, "texture": "#0"},
				"down": {"uv": [1, 10, 16, 12], "rotation": 90, "texture": "#0"}
			}
		},
		{
			"name": "Plank2",
			"from": [15, -0.5, 0.5],
			"to": [17, 0.5, 15.5],
			"rotation": {"angle": 45, "axis": "y", "origin": [16, 0, 16]},
			"faces": {
				"north": {"uv": [3, 1, 5, 2], "texture": "#0"},
				"east": {"uv": [1, 9, 16, 10], "texture": "#0"},
				"south": {"uv": [8, 6, 9, 4], "rotation": 90, "texture": "#0"},
				"west": {"uv": [1, 11, 16, 12], "texture": "#0"},
				"up": {"uv": [0, 10, 15, 12], "rotation": 90, "texture": "#0"},
				"down": {"uv": [1, 14, 16, 16], "rotation": 90, "texture": "#0"}
			}
		},
		{
			"name": "Plank3",
			"from": [0.5, -0.49, 15],
			"to": [15.5, 0.51, 17],
			"rotation": {"angle": -22.5, "axis": "y", "origin": [16, 0, 16]},
			"faces": {
				"north": {"uv": [1, 9, 16, 10], "texture": "#0"},
				"east": {"uv": [8, 6, 9, 4], "rotation": 90, "texture": "#0"},
				"south": {"uv": [1, 11, 16, 12], "texture": "#0"},
				"west": {"uv": [3, 1, 5, 2], "texture": "#0"},
				"up": {"uv": [0, 14, 15, 16], "texture": "#0"},
				"down": {"uv": [1, 2, 16, 4], "rotation": 180, "texture": "#0"}
			}
		},
		{
			"name": "RailOuter",
			"from": [3.1, 0.491, 10.6],
			"to": [3.6, 0.991, 21.4],
			"rotation": {"angle": -22.5, "axis": "y", "origin": [16, 0, 16]},
			"faces": {
				"north": {"uv": [0, 0, 0.5, 0.5], "texture": "#1"},
				"east": {"uv": [0, 0, 10.8, 0.5], "texture": "#1"},
				"south": {"uv": [0, 0, 0.5, 0.5], "texture": "#1"},
				"west": {"uv": [0, 0, 10.8, 0.5], "texture": "#1"},
				"up": {"uv": [0, 0, 0.5, 10.8], "texture": "#1"},
				"down": {"uv": [0, 0, 0.5, 10.8], "texture": "#1"}
			}
		},
		{
			"name": "RailOuter",
			"from": [3.6, 0.491, 10.7],
			"to": [4.4, 1.491, 21.2],
			"rotation": {"angle": -22.5, "axis": "y", "origin": [16, 0, 16]},
			"faces": {
				"north": {"uv": [0, 0, 0.8, 1], "texture": "#1"},
				"east": {"uv": [0, 0, 10.5, 1], "texture": "#1"},
				"south": {"uv": [0, 0, 0.8, 1], "texture": "#1"},
				"west": {"uv": [0, 1, 10.5, 2], "texture": "#1"},
				"up": {"uv": [2, 0, 2.8, 10.5], "texture": "#1"},
				"down": {"uv": [2, 0, 2.8, 10.5], "texture": "#1"}
			}
		},
		{
			"name": "RailInner",
			"from": [13, 0.51, 14.7],
			"to": [13.8, 1.51, 17.4],
			"rotation": {"angle": -22.5, "axis": "y", "origin": [16, 0, 16]},
			"faces": {
				"north": {"uv": [0, 0, 0.8, 1], "texture": "#1"},
				"east": {"uv": [0, 3, 3, 4], "texture": "#1"},
				"south": {"uv": [0, 0, 0.8, 1], "texture": "#1"},
				"west": {"uv": [0, 0, 3, 1], "texture": "#1"},
				"up": {"uv": [0, 0, 1, 3], "texture": "#1"},
				"down": {"uv": [3, 0, 3.8, 4.7], "texture": "#1"}
			}
		},
		{
			"name": "RailInner",
			"from": [13.8, 0.51, 15],
			"to": [14.3, 1.01, 17],
			"rotation": {"angle": -22.5, "axis": "y", "origin": [16, 0, 16]},
			"faces": {
				"north": {"uv": [0, 0, 0.5, 0.5], "texture": "#1"},
				"east": {"uv": [0, 0, 3, 0.5], "texture": "#1"},
				"south": {"uv": [0, 0, 0.5, 0.5], "texture": "#1"},
				"west": {"uv": [0, 0, 3, 0.5], "texture": "#1"},
				"up": {"uv": [0, 0, 0.5, 3], "texture": "#1"},
				"down": {"uv": [0, 0, 0.5, 3], "texture": "#1"}
			}
		},
		{
			"name": "RailOuter2",
			"from": [10.7, 0.48, 3],
			"to": [21.3, 0.98, 3.5],
			"rotation": {"angle": 22.5, "axis": "y", "origin": [16, 0, 16]},
			"faces": {
				"north": {"uv": [0, 0, 10.6, 0.5], "texture": "#1"},
				"east": {"uv": [0, 0, 0.5, 0.5], "texture": "#1"},
				"south": {"uv": [0, 0, 10.6, 0.5], "texture": "#1"},
				"west": {"uv": [0, 0, 0.5, 0.5], "texture": "#1"},
				"up": {"uv": [0, 0, 9.6, 0.5], "texture": "#1"},
				"down": {"uv": [0, 0, 10.6, 0.5], "texture": "#1"}
			}
		},
		{
			"name": "RailOuter2",
			"from": [11, 0.48, 3.5],
			"to": [21.2, 1.48, 4.3],
			"rotation": {"angle": 22.5, "axis": "y", "origin": [16, 0, 16]},
			"faces": {
				"north": {"uv": [0, 0, 11.2, 1], "texture": "#1"},
				"east": {"uv": [0, 0, 0.8, 1], "texture": "#1"},
				"south": {"uv": [0, 0, 10.2, 1], "texture": "#1"},
				"west": {"uv": [0, 1, 0.8, 2], "texture": "#1"},
				"up": {"uv": [2, 0, 12.2, 0.8], "texture": "#1"},
				"down": {"uv": [2, 0, 12.2, 0.8], "texture": "#1"}
			}
		},
		{
			"name": "RailInner2",
			"from": [14.8, 0.49, 13],
			"to": [17.3, 1.49, 13.8],
			"rotation": {"angle": 22.5, "axis": "y", "origin": [16, 0, 16]},
			"faces": {
				"north": {"uv": [0, 0, 0.8, 3], "rotation": 90, "texture": "#1"},
				"east": {"uv": [0, 3, 0.7, 4], "rotation": 90, "texture": "#1"},
				"south": {"uv": [0, 0, 0.8, 3], "rotation": 90, "texture": "#1"},
				"west": {"uv": [0, 1, 0.7, 2], "rotation": 90, "texture": "#1"},
				"up": {"uv": [3, 0, 3.8, 3], "rotation": 90, "texture": "#1"},
				"down": {"uv": [3, 0, 3.8, 4.7], "rotation": 90, "texture": "#1"}
			}
		},
		{
			"name": "RailInner2",
			"from": [15, 0.49, 13.8],
			"to": [17, 0.99, 14.3],
			"rotation": {"angle": 22.5, "axis": "y", "origin": [16, 0, 16]},
			"faces": {
				"north": {"uv": [0, 0, 3, 0.5], "texture": "#1"},
				"east": {"uv": [0, 0, 1, 0.5], "texture": "#1"},
				"south": {"uv": [0, 0, 3, 0.5], "texture": "#1"},
				"west": {"uv": [0, 0, 1, 0.5], "texture": "#1"},
				"up": {"uv": [0, 0, 3, 1], "texture": "#1"},
				"down": {"uv": [0, 0, 3, 0.5], "texture": "#1"}
			}
		}
	]
}