{
	"credit": "Made with Blockbench",
	"textures": {
		"0": "block/oak_log",
		"1": "block/oak_log_top",
		"particle": "block/oak_log"
	},
	"elements": [
		{
			"from": [0, 0, 0],
			"to": [16, 16, 16],
			"rotation": {"angle": 0, "axis": "y", "origin": [8, 8, 8]},
			"faces": {
				"north": {"uv": [0, 0, 16, 16], "texture": "#0", "cullface": "north"},
				"east": {"uv": [0, 0, 16, 16], "texture": "#0", "cullface": "east"},
				"south": {"uv": [0, 0, 16, 16], "texture": "#0", "cullface": "south"},
				"west": {"uv": [0, 0, 16, 16], "texture": "#0", "cullface": "west"},
				"up": {"uv": [0, 0, 16, 16], "texture": "#1", "cullface": "up"},
				"down": {"uv": [0, 0, 16, 16], "texture": "#1", "cullface": "down"}
			}
		},
		{
			"from": [6.2, 9, -5.83762],
			"to": [8.2, 11, -3.83762],
			"rotation": {"angle": 22.5, "axis": "y", "origin": [16, 4, 8]},
			"faces": {
				"north": {"uv": [0, 14, 2, 16], "texture": "#1", "cullface": "north"},
				"east": {"uv": [2, 0, 4, 2], "rotation": 90, "texture": "#0", "cullface": "north"},
				"down": {"uv": [4, 0, 6, 2], "rotation": 180, "texture": "#0", "cullface": "north"}
			}
		},
		{
			"from": [4.2, 9, -5.83762],
			"to": [6.2, 11, -3.83762],
			"rotation": {"angle": 22.5, "axis": "y", "origin": [16, 4, 8]},
			"faces": {
				"north": {"uv": [14, 14, 16, 16], "texture": "#1", "cullface": "north"},
				"west": {"uv": [8, 0, 10, 2], "rotation": 270, "texture": "#0", "cullface": "north"},
				"down": {"uv": [6, 0, 8, 2], "rotation": 180, "texture": "#0", "cullface": "north"}
			}
		},
		{
			"from": [4.2, 11, -5.83762],
			"to": [6.2, 13, -3.83762],
			"rotation": {"angle": 22.5, "axis": "y", "origin": [16, 4, 8]},
			"faces": {
				"north": {"uv": [14, 0, 16, 2], "texture": "#1", "cullface": "north"},
				"west": {"uv": [10, 0, 12, 2], "rotation": 270, "texture": "#0", "cullface": "north"},
				"up": {"uv": [12, 0, 14, 2], "texture": "#0", "cullface": "north"}
			}
		},
		{
			"from": [6.2, 11, -5.83762],
			"to": [8.2, 13, -3.83762],
			"rotation": {"angle": 22.5, "axis": "y", "origin": [16, 4, 8]},
			"faces": {
				"north": {"uv": [0, 0, 2, 2], "texture": "#1", "cullface": "north"},
				"east": {"uv": [2, 0, 4, 2], "rotation": 90, "texture": "#0", "cullface": "north"},
				"up": {"uv": [14, 0, 16, 2], "texture": "#0", "cullface": "north"}
			}
		}
	],
	"groups": [0,
		{
			"name": "group",
			"origin": [13, 10, 13],
			"children": [1, 2, 3, 4]
		}
	]
}