{
	"credit": "Made with Blockbench",
	"textures": {
		"0": "block/oak_log",
		"1": "block/oak_log_top",
		"particle": "block/oak_log"
	},
	"elements": [
		{
			"from": [0, 0, 0],
			"to": [16, 16, 16],
			"faces": {
				"north": {"uv": [0, 0, 16, 16], "texture": "#0", "cullface": "north"},
				"east": {"uv": [0, 0, 16, 16], "texture": "#0", "cullface": "east"},
				"south": {"uv": [0, 0, 16, 16], "texture": "#0", "cullface": "south"},
				"west": {"uv": [0, 0, 16, 16], "texture": "#0", "cullface": "west"},
				"up": {"uv": [0, 0, 16, 16], "texture": "#1", "cullface": "up"},
				"down": {"uv": [0, 0, 16, 16], "texture": "#1", "cullface": "down"}
			}
		},
		{
			"from": [13.5, 6, 5],
			"to": [19.5, 8, 7],
			"rotation": {"angle": 45, "axis": "z", "origin": [11.5, 10, 13]},
			"faces": {
				"east": {"uv": [0, 14, 2, 16], "texture": "#1", "cullface": "east"},
				"south": {"uv": [2, 0, 4, 6], "rotation": 90, "texture": "#0", "cullface": "east"},
				"down": {"uv": [4, 0, 6, 6], "rotation": 90, "texture": "#0", "cullface": "east"}
			}
		},
		{
			"from": [13.5, 6, 3],
			"to": [19.5, 8, 5],
			"rotation": {"angle": 45, "axis": "z", "origin": [11.5, 10, 13]},
			"faces": {
				"north": {"uv": [8, 0, 10, 6], "rotation": 270, "texture": "#0", "cullface": "east"},
				"east": {"uv": [14, 14, 16, 16], "texture": "#1", "cullface": "east"},
				"down": {"uv": [6, 0, 8, 6], "rotation": 90, "texture": "#0", "cullface": "east"}
			}
		},
		{
			"from": [13.5, 8, 3],
			"to": [19.5, 10, 5],
			"rotation": {"angle": 45, "axis": "z", "origin": [11.5, 10, 13]},
			"faces": {
				"north": {"uv": [10, 0, 12, 6], "rotation": 270, "texture": "#0", "cullface": "east"},
				"east": {"uv": [14, 0, 16, 2], "texture": "#1", "cullface": "east"},
				"up": {"uv": [12, 0, 14, 6], "rotation": 90, "texture": "#0", "cullface": "east"}
			}
		},
		{
			"from": [13.5, 8, 5],
			"to": [19.5, 10, 7],
			"rotation": {"angle": 45, "axis": "z", "origin": [11.5, 10, 15]},
			"faces": {
				"east": {"uv": [0, 0, 2, 2], "texture": "#1", "cullface": "east"},
				"south": {"uv": [2, 0, 4, 6], "rotation": 90, "texture": "#0", "cullface": "east"},
				"up": {"uv": [14, 0, 16, 6], "rotation": 90, "texture": "#0", "cullface": "east"}
			}
		}
	],
	"groups": [0,
		{
			"name": "group",
			"origin": [13, 10, 13],
			"children": [1, 2, 3, 4]
		}
	]
}