{
	"credit": "Made with Blockbench",
	"textures": {
		"0": "block/oak_log",
		"1": "block/oak_log_top",
		"particle": "block/oak_log"
	},
	"elements": [
		{
			"from": [0, 0, 0],
			"to": [16, 16, 16],
			"rotation": {"angle": 0, "axis": "y", "origin": [8, 8, 8]},
			"faces": {
				"north": {"uv": [0, 0, 16, 16], "texture": "#0", "cullface": "north"},
				"east": {"uv": [0, 0, 16, 16], "texture": "#0", "cullface": "east"},
				"south": {"uv": [0, 0, 16, 16], "texture": "#0", "cullface": "south"},
				"west": {"uv": [0, 0, 16, 16], "texture": "#0", "cullface": "west"},
				"up": {"uv": [0, 0, 16, 16], "texture": "#1", "cullface": "up"},
				"down": {"uv": [0, 0, 16, 16], "texture": "#1", "cullface": "down"}
			}
		},
		{
			"from": [13, -2.31508, -4.93762],
			"to": [15, -0.31508, 3.06238],
			"rotation": {"angle": 45, "axis": "x", "origin": [16, 4, 8]},
			"faces": {
				"north": {"uv": [0, 14, 2, 16], "texture": "#1", "cullface": "north"},
				"east": {"uv": [2, 0, 4, 8], "rotation": 90, "texture": "#0", "cullface": "north"},
				"down": {"uv": [4, 0, 6, 8], "rotation": 180, "texture": "#0", "cullface": "north"}
			}
		},
		{
			"from": [11, -2.31508, -4.93762],
			"to": [13, -0.31508, 3.06238],
			"rotation": {"angle": 45, "axis": "x", "origin": [16, 4, 8]},
			"faces": {
				"north": {"uv": [14, 14, 16, 16], "texture": "#1", "cullface": "north"},
				"west": {"uv": [8, 0, 10, 8], "rotation": 270, "texture": "#0", "cullface": "north"},
				"down": {"uv": [6, 0, 8, 8], "rotation": 180, "texture": "#0", "cullface": "north"}
			}
		},
		{
			"from": [11, -0.31508, -4.93762],
			"to": [13, 1.68492, 3.06238],
			"rotation": {"angle": 45, "axis": "x", "origin": [16, 4, 8]},
			"faces": {
				"north": {"uv": [14, 0, 16, 2], "texture": "#1", "cullface": "north"},
				"west": {"uv": [10, 0, 12, 8], "rotation": 270, "texture": "#0", "cullface": "north"},
				"up": {"uv": [12, 0, 14, 8], "texture": "#0", "cullface": "north"}
			}
		},
		{
			"from": [13, -0.31508, -4.93762],
			"to": [15, 1.68492, 3.06238],
			"rotation": {"angle": 45, "axis": "x", "origin": [16, 4, 8]},
			"faces": {
				"north": {"uv": [0, 0, 2, 2], "texture": "#1", "cullface": "north"},
				"east": {"uv": [2, 0, 4, 8], "rotation": 90, "texture": "#0", "cullface": "north"},
				"up": {"uv": [14, 0, 16, 8], "texture": "#0", "cullface": "north"}
			}
		}
	],
	"groups": [0,
		{
			"name": "group",
			"origin": [13, 10, 13],
			"children": [1, 2, 3, 4]
		}
	]
}