{
	"credit": "Made with Blockbench",
	"textures": {
		"0": "block/oak_log",
		"1": "block/oak_log_top",
		"particle": "block/oak_log"
	},
	"elements": [
		{
			"from": [0, 0, 0],
			"to": [16, 16, 16],
			"faces": {
				"north": {"uv": [0, 0, 16, 16], "texture": "#0", "cullface": "north"},
				"east": {"uv": [0, 0, 16, 16], "texture": "#0", "cullface": "east"},
				"south": {"uv": [0, 0, 16, 16], "texture": "#0", "cullface": "south"},
				"west": {"uv": [0, 0, 16, 16], "texture": "#0", "cullface": "west"},
				"up": {"uv": [0, 0, 16, 16], "texture": "#1", "cullface": "up"},
				"down": {"uv": [0, 0, 16, 16], "texture": "#1", "cullface": "down"}
			}
		},
		{
			"from": [14.25, 1, 13],
			"to": [24.25, 3, 15],
			"rotation": {"angle": 22.5, "axis": "z", "origin": [16.25, 5, 21]},
			"faces": {
				"east": {"uv": [0, 14, 2, 16], "texture": "#1", "cullface": "east"},
				"south": {"uv": [2, 0, 4, 10], "rotation": 90, "texture": "#0", "cullface": "east"},
				"down": {"uv": [4, 0, 6, 10], "rotation": 90, "texture": "#0", "cullface": "east"}
			}
		},
		{
			"from": [14.25, 1, 11],
			"to": [24.25, 3, 13],
			"rotation": {"angle": 22.5, "axis": "z", "origin": [16.25, 5, 21]},
			"faces": {
				"north": {"uv": [8, 0, 10, 10], "rotation": 270, "texture": "#0", "cullface": "east"},
				"east": {"uv": [14, 14, 16, 16], "texture": "#1", "cullface": "east"},
				"down": {"uv": [6, 0, 8, 10], "rotation": 90, "texture": "#0", "cullface": "east"}
			}
		},
		{
			"from": [14.25, 3, 11],
			"to": [24.25, 5, 13],
			"rotation": {"angle": 22.5, "axis": "z", "origin": [16.25, 5, 21]},
			"faces": {
				"north": {"uv": [10, 0, 12, 10], "rotation": 270, "texture": "#0", "cullface": "east"},
				"east": {"uv": [14, 0, 16, 2], "texture": "#1", "cullface": "east"},
				"up": {"uv": [12, 0, 14, 10], "rotation": 90, "texture": "#0", "cullface": "east"}
			}
		},
		{
			"from": [14.25, 3, 13],
			"to": [24.25, 5, 15],
			"rotation": {"angle": 22.5, "axis": "z", "origin": [16.25, 5, 23]},
			"faces": {
				"east": {"uv": [0, 0, 2, 2], "texture": "#1", "cullface": "east"},
				"south": {"uv": [2, 0, 4, 10], "rotation": 90, "texture": "#0", "cullface": "east"},
				"up": {"uv": [14, 0, 16, 10], "rotation": 90, "texture": "#0", "cullface": "east"}
			}
		}
	],
	"groups": [0,
		{
			"name": "group",
			"origin": [13, 10, 13],
			"children": [1, 2, 3, 4]
		}
	]
}