{
	"credit": "Made with Blockbench",
	"gui_light": "front",
	"textures": {
		"0": "skins/wooden_sword",
		"1": "skins/iron_sword",
		"2": "skins/string",
		"particle": "skins/wooden_sword"
	},
	"elements": [
		{
			"from": [7, 5, 7],
			"to": [9, 6, 9],
			"rotation": {"angle": 0, "axis": "y", "origin": [15, 10, 1]},
			"faces": {
				"north": {"uv": [5.5, 1.5, 7.5, 2.5], "texture": "#1"},
				"east": {"uv": [5.5, 1.5, 7.5, 2.5], "texture": "#1"},
				"south": {"uv": [5.5, 1.5, 7.5, 2.5], "texture": "#1"},
				"west": {"uv": [5.5, 1.5, 7.5, 2.5], "texture": "#1"},
				"up": {"uv": [5.5, 1.5, 7.5, 2.5], "texture": "#1"},
				"down": {"uv": [5.5, 1.5, 7.5, 2.5], "texture": "#1"}
			}
		},
		{
			"from": [7, 10, 7],
			"to": [9, 11, 9],
			"rotation": {"angle": 0, "axis": "y", "origin": [15, 17, 1]},
			"faces": {
				"north": {"uv": [5.5, 1.5, 7.5, 2.5], "texture": "#1"},
				"east": {"uv": [5.5, 1.5, 7.5, 2.5], "texture": "#1"},
				"south": {"uv": [5.5, 1.5, 7.5, 2.5], "texture": "#1"},
				"west": {"uv": [5.5, 1.5, 7.5, 2.5], "texture": "#1"},
				"up": {"uv": [5.5, 1.5, 7.5, 2.5], "texture": "#1"},
				"down": {"uv": [5.5, 1.5, 7.5, 2.5], "texture": "#1"}
			}
		},
		{
			"from": [7.1, 9.1, 7.1],
			"to": [8.9, 9.9, 8.9],
			"rotation": {"angle": 0, "axis": "y", "origin": [15, 16.5, 1]},
			"faces": {
				"north": {"uv": [9.5, 3.5, 11.5, 4], "texture": "#0"},
				"east": {"uv": [9.5, 3.5, 11.5, 4], "texture": "#0"},
				"south": {"uv": [9.5, 3.5, 11.5, 4], "texture": "#0"},
				"west": {"uv": [9.5, 3.5, 11.5, 4], "texture": "#0"},
				"up": {"uv": [9.5, 3.5, 11.5, 4], "texture": "#0"},
				"down": {"uv": [9.5, 3.5, 11.5, 4], "texture": "#0"}
			}
		},
		{
			"from": [7.1, 6.1, 7.1],
			"to": [8.9, 6.9, 8.9],
			"rotation": {"angle": 0, "axis": "y", "origin": [15, -0.5, 1]},
			"faces": {
				"north": {"uv": [9.5, 4, 11.5, 3.5], "texture": "#0"},
				"east": {"uv": [9.5, 4, 11.5, 3.5], "texture": "#0"},
				"south": {"uv": [9.5, 4, 11.5, 3.5], "texture": "#0"},
				"west": {"uv": [9.5, 4, 11.5, 3.5], "texture": "#0"},
				"up": {"uv": [9.5, 4, 11.5, 3.5], "texture": "#0"},
				"down": {"uv": [9.5, 4, 11.5, 3.5], "texture": "#0"}
			}
		},
		{
			"from": [7.1, 8.1, 7.1],
			"to": [8.9, 8.9, 8.9],
			"rotation": {"angle": 0, "axis": "y", "origin": [15, 16.5, 1]},
			"faces": {
				"north": {"uv": [11, 4, 11.5, 5.5], "rotation": 90, "texture": "#0"},
				"east": {"uv": [11, 4, 11.5, 5.5], "rotation": 90, "texture": "#0"},
				"south": {"uv": [11, 4, 11.5, 5.5], "rotation": 90, "texture": "#0"},
				"west": {"uv": [11, 4, 11.5, 5.5], "rotation": 90, "texture": "#0"},
				"up": {"uv": [11, 4, 11.5, 5.5], "rotation": 90, "texture": "#0"},
				"down": {"uv": [11, 4, 11.5, 5.5], "rotation": 90, "texture": "#0"}
			}
		},
		{
			"from": [7.1, 7.1, 7.1],
			"to": [8.9, 7.9, 8.9],
			"rotation": {"angle": 0, "axis": "y", "origin": [15, 16.5, 1]},
			"faces": {
				"north": {"uv": [11, 4, 11.5, 5.5], "rotation": 90, "texture": "#0"},
				"east": {"uv": [11, 4, 11.5, 5.5], "rotation": 90, "texture": "#0"},
				"south": {"uv": [11, 4, 11.5, 5.5], "rotation": 90, "texture": "#0"},
				"west": {"uv": [11, 4, 11.5, 5.5], "rotation": 90, "texture": "#0"},
				"up": {"uv": [11, 4, 11.5, 5.5], "rotation": 90, "texture": "#0"},
				"down": {"uv": [11, 4, 11.5, 5.5], "rotation": 90, "texture": "#0"}
			}
		},
		{
			"from": [7.19, 5.69, 7.19],
			"to": [8.81, 10.31, 8.81],
			"rotation": {"angle": 0, "axis": "y", "origin": [15, 14, 1]},
			"faces": {
				"north": {"uv": [1.5, 14, 6.5, 16], "rotation": 90, "texture": "#0"},
				"east": {"uv": [1.5, 14, 6.5, 16], "rotation": 90, "texture": "#0"},
				"south": {"uv": [1.5, 14, 6.5, 16], "rotation": 90, "texture": "#0"},
				"west": {"uv": [1.5, 14, 6.5, 16], "rotation": 90, "texture": "#0"},
				"up": {"uv": [1.5, 14, 6.5, 16], "rotation": 90, "texture": "#0"},
				"down": {"uv": [1.5, 14, 6.5, 16], "rotation": 90, "texture": "#0"}
			}
		},
		{
			"from": [7.3, 4.16164, 18.83222],
			"to": [7.9, 17.26164, 19.43222],
			"rotation": {"angle": -45, "axis": "x", "origin": [7.6, 11.16164, 16.63222]},
			"faces": {
				"north": {"uv": [0, 0.5, 8, 1], "rotation": 90, "texture": "#2"},
				"east": {"uv": [0, 0.5, 8, 1], "rotation": 90, "texture": "#2"},
				"south": {"uv": [0, 0.5, 8, 1], "rotation": 90, "texture": "#2"},
				"west": {"uv": [0, 0.5, 8, 1], "rotation": 90, "texture": "#2"},
				"up": {"uv": [0, 0.5, 8, 1], "rotation": 90, "texture": "#2"},
				"down": {"uv": [0, 0.5, 8, 1], "rotation": 90, "texture": "#2"}
			}
		},
		{
			"from": [7.3, -1.26164, 18.83222],
			"to": [7.9, 12.13836, 19.43222],
			"rotation": {"angle": 45, "axis": "x", "origin": [7.6, 4.83836, 16.63222]},
			"faces": {
				"north": {"uv": [8, 0.5, 0, 1], "rotation": 90, "texture": "#2"},
				"east": {"uv": [8, 0.5, 0, 1], "rotation": 90, "texture": "#2"},
				"south": {"uv": [8, 0.5, 0, 1], "rotation": 90, "texture": "#2"},
				"west": {"uv": [8, 0.5, 0, 1], "rotation": 90, "texture": "#2"},
				"up": {"uv": [8, 0.5, 0, 1], "rotation": 90, "texture": "#2"},
				"down": {"uv": [8, 0.5, 0, 1], "rotation": 90, "texture": "#2"}
			}
		},
		{
			"from": [6.75, 7.65, 6.05],
			"to": [7.75, 8.65, 7.05],
			"rotation": {"angle": 45, "axis": "x", "origin": [7.25, 8.15, 6.55]},
			"faces": {
				"north": {"uv": [15.5, 10, 16, 10.5], "rotation": 180, "texture": "#1"},
				"east": {"uv": [15.5, 10, 16, 10.5], "rotation": 180, "texture": "#1"},
				"south": {"uv": [15.5, 10, 16, 10.5], "rotation": 180, "texture": "#1"},
				"west": {"uv": [15.5, 10, 16, 10.5], "rotation": 180, "texture": "#1"},
				"up": {"uv": [15.5, 10, 16, 10.5], "rotation": 180, "texture": "#1"},
				"down": {"uv": [15.5, 10, 16, 10.5], "rotation": 180, "texture": "#1"}
			}
		},
		{
			"from": [6.9, 7.8, 5.6],
			"to": [7.6, 8.5, 6.3],
			"rotation": {"angle": 45, "axis": "x", "origin": [7.25, 8.15, 5.95]},
			"faces": {
				"north": {"uv": [15, 10, 15.5, 10.5], "rotation": 180, "texture": "#1"},
				"east": {"uv": [15, 10, 15.5, 10.5], "rotation": 180, "texture": "#1"},
				"south": {"uv": [15, 10, 15.5, 10.5], "rotation": 180, "texture": "#1"},
				"west": {"uv": [15, 10, 15.5, 10.5], "rotation": 180, "texture": "#1"},
				"up": {"uv": [15, 10, 15.5, 10.5], "rotation": 180, "texture": "#1"},
				"down": {"uv": [15, 10, 15.5, 10.5], "rotation": 180, "texture": "#1"}
			}
		},
		{
			"from": [6.95, 7.85, 6.7],
			"to": [7.55, 8.45, 22.6],
			"rotation": {"angle": 0, "axis": "x", "origin": [8, 8.15, 22.8]},
			"faces": {
				"north": {"uv": [0, 12, 0.5, 12.5], "rotation": 180, "texture": "#2"},
				"east": {"uv": [0, 12.5, 16, 13], "texture": "#2"},
				"south": {"uv": [15.5, 12, 16, 12.5], "rotation": 180, "texture": "#2"},
				"west": {"uv": [0, 12.5, 16, 13], "rotation": 180, "texture": "#2"},
				"up": {"uv": [0, 12.5, 16, 13], "rotation": 270, "texture": "#2"},
				"down": {"uv": [0, 12.5, 16, 13], "rotation": 90, "texture": "#2"}
			}
		},
		{
			"from": [7.25, 7.15, 20.55],
			"to": [7.3, 9.15, 22.8],
			"rotation": {"angle": 0, "axis": "x", "origin": [7.75, 8.15, 21.675]},
			"faces": {
				"east": {"uv": [2, 6, 6, 9.5], "rotation": 180, "texture": "#2"},
				"south": {"uv": [5.5, 6, 6, 9.5], "rotation": 180, "texture": "#2"},
				"west": {"uv": [2, 6, 6, 9.5], "texture": "#2"},
				"up": {"uv": [2, 6, 6, 6.5], "rotation": 90, "texture": "#2"},
				"down": {"uv": [2, 6, 6, 6.5], "rotation": 270, "texture": "#2"}
			}
		},
		{
			"from": [6.275, 8.125, 20.55],
			"to": [8.275, 8.175, 22.8],
			"rotation": {"angle": 0, "axis": "z", "origin": [7.275, 8.15, 21.675]},
			"faces": {
				"east": {"uv": [2, 6, 6, 6.5], "rotation": 180, "texture": "#2"},
				"south": {"uv": [5.5, 6, 6, 9.5], "rotation": 90, "texture": "#2"},
				"west": {"uv": [2, 6, 6, 6.5], "texture": "#2"},
				"up": {"uv": [2, 6, 6, 9.5], "rotation": 90, "texture": "#2"},
				"down": {"uv": [2, 6, 6, 9.5], "rotation": 270, "texture": "#2"}
			}
		},
		{
			"from": [7.2, 10.75799, 4.02223],
			"to": [8.8, 14.35799, 5.62223],
			"rotation": {"angle": -45, "axis": "x", "origin": [8, 14.87075, 7.06766]},
			"faces": {
				"north": {"uv": [12.5, 10, 16, 10.5], "rotation": 90, "texture": "#0"},
				"east": {"uv": [12.5, 10.5, 16, 9], "rotation": 90, "texture": "#0"},
				"south": {"uv": [12.5, 9, 16, 9.5], "rotation": 90, "texture": "#0"},
				"west": {"uv": [12.5, 9, 16, 10.5], "rotation": 90, "texture": "#0"},
				"up": {"uv": [12.5, 9, 13, 10.5], "rotation": 180, "texture": "#0"},
				"down": {"uv": [0, 2, 2, 4], "texture": "#0"}
			}
		},
		{
			"from": [7.2, 1.64201, 4.02223],
			"to": [8.8, 5.24201, 5.62223],
			"rotation": {"angle": 45, "axis": "x", "origin": [8, 1.12925, 7.06766]},
			"faces": {
				"north": {"uv": [16, 10, 12.5, 10.5], "rotation": 90, "texture": "#0"},
				"east": {"uv": [16, 10.5, 12.5, 9], "rotation": 90, "texture": "#0"},
				"south": {"uv": [16, 9, 12.5, 9.5], "rotation": 90, "texture": "#0"},
				"west": {"uv": [16, 9, 12.5, 10.5], "rotation": 90, "texture": "#0"},
				"up": {"uv": [0, 4, 2, 2], "texture": "#0"},
				"down": {"uv": [12.5, 10.5, 13, 9], "rotation": 180, "texture": "#0"}
			}
		},
		{
			"from": [7.3, 11.88107, 6.30313],
			"to": [8.7, 15.48107, 8.40313],
			"rotation": {"angle": 0, "axis": "x", "origin": [8, 13.98107, 6.90313]},
			"faces": {
				"north": {"uv": [0, 11, 4, 12.5], "rotation": 90, "texture": "#0"},
				"east": {"uv": [0, 11, 4, 13.5], "rotation": 90, "texture": "#0"},
				"south": {"uv": [0, 12, 4, 13.5], "rotation": 90, "texture": "#0"},
				"west": {"uv": [0, 11, 4, 13.5], "rotation": 90, "texture": "#0"},
				"up": {"uv": [0, 11, 4, 13.5], "rotation": 90, "texture": "#0"},
				"down": {"uv": [0, 11, 4, 13.5], "rotation": 90, "texture": "#0"}
			}
		},
		{
			"from": [7.3, 0.51893, 6.30313],
			"to": [8.7, 4.11893, 8.40313],
			"rotation": {"angle": 0, "axis": "x", "origin": [8, 2.01893, 6.90313]},
			"faces": {
				"north": {"uv": [4, 11, 0, 12.5], "rotation": 90, "texture": "#0"},
				"east": {"uv": [4, 11, 0, 13.5], "rotation": 90, "texture": "#0"},
				"south": {"uv": [4, 12, 0, 13.5], "rotation": 90, "texture": "#0"},
				"west": {"uv": [4, 11, 0, 13.5], "rotation": 90, "texture": "#0"},
				"up": {"uv": [4, 11, 0, 13.5], "rotation": 90, "texture": "#0"},
				"down": {"uv": [4, 11, 0, 13.5], "rotation": 90, "texture": "#0"}
			}
		},
		{
			"from": [7.11, 13.19107, 6.66313],
			"to": [8.89, 15.27107, 7.84313],
			"rotation": {"angle": 0, "axis": "x", "origin": [8, 13.98107, 6.90313]},
			"faces": {
				"north": {"uv": [0, 14, 2.5, 15.5], "rotation": 90, "texture": "#0"},
				"east": {"uv": [0, 14, 2.5, 15.5], "rotation": 90, "texture": "#0"},
				"south": {"uv": [0, 14, 2.5, 15.5], "rotation": 90, "texture": "#0"},
				"west": {"uv": [8, 14, 10.5, 15.5], "rotation": 90, "texture": "#0"},
				"up": {"uv": [0, 14, 2.5, 15.5], "rotation": 90, "texture": "#0"},
				"down": {"uv": [0, 14, 1.5, 15.5], "rotation": 90, "texture": "#0"}
			}
		},
		{
			"from": [7.11, 0.72893, 6.66313],
			"to": [8.89, 2.80893, 7.84313],
			"rotation": {"angle": 0, "axis": "x", "origin": [8, 2.01893, 6.90313]},
			"faces": {
				"north": {"uv": [2.5, 14, 0, 15.5], "rotation": 90, "texture": "#0"},
				"east": {"uv": [2.5, 14, 0, 15.5], "rotation": 90, "texture": "#0"},
				"south": {"uv": [2.5, 14, 0, 15.5], "rotation": 90, "texture": "#0"},
				"west": {"uv": [10.5, 14, 8, 15.5], "rotation": 90, "texture": "#0"},
				"up": {"uv": [1.5, 14, 0, 15.5], "rotation": 90, "texture": "#0"},
				"down": {"uv": [2.5, 14, 0, 15.5], "rotation": 90, "texture": "#0"}
			}
		},
		{
			"from": [7.35, 11.60583, 12.09839],
			"to": [8.65, 16.10583, 13.94839],
			"rotation": {"angle": 45, "axis": "x", "origin": [8, 20.50095, 13.88266]},
			"faces": {
				"north": {"uv": [0, 11, 5, 12.5], "rotation": 90, "texture": "#0"},
				"east": {"uv": [0, 11, 5, 13.5], "rotation": 90, "texture": "#0"},
				"south": {"uv": [0, 11, 5, 12.5], "rotation": 270, "texture": "#0"},
				"west": {"uv": [0, 11, 5, 13.5], "rotation": 90, "texture": "#0"},
				"up": {"uv": [0, 11, 5, 13.5], "rotation": 90, "texture": "#0"},
				"down": {"uv": [0, 11, 5, 13.5], "rotation": 90, "texture": "#0"}
			}
		},
		{
			"from": [7.35, -0.10583, 12.09839],
			"to": [8.65, 4.39417, 13.94839],
			"rotation": {"angle": -45, "axis": "x", "origin": [8, -4.50095, 13.88266]},
			"faces": {
				"north": {"uv": [5, 11, 0, 12.5], "rotation": 90, "texture": "#0"},
				"east": {"uv": [5, 11, 0, 13.5], "rotation": 90, "texture": "#0"},
				"south": {"uv": [5, 11, 0, 12.5], "rotation": 270, "texture": "#0"},
				"west": {"uv": [5, 11, 0, 13.5], "rotation": 90, "texture": "#0"},
				"up": {"uv": [5, 11, 0, 13.5], "rotation": 90, "texture": "#0"},
				"down": {"uv": [5, 11, 0, 13.5], "rotation": 90, "texture": "#0"}
			}
		},
		{
			"from": [7.1, 11.60583, 12.44839],
			"to": [8.9, 16.10583, 13.59839],
			"rotation": {"angle": 45, "axis": "x", "origin": [8, 20.50095, 13.88266]},
			"faces": {
				"north": {"uv": [0, 14, 5, 15.5], "rotation": 90, "texture": "#0"},
				"east": {"uv": [6.5, 14, 11.5, 15.5], "rotation": 90, "texture": "#0"},
				"south": {"uv": [0, 14, 5, 15.5], "rotation": 90, "texture": "#0"},
				"west": {"uv": [5, 14, 10, 15.5], "rotation": 90, "texture": "#0"},
				"up": {"uv": [0, 14, 5, 15.5], "rotation": 90, "texture": "#0"},
				"down": {"uv": [0, 14, 5, 15.5], "rotation": 90, "texture": "#0"}
			}
		},
		{
			"from": [7.1, -0.10583, 12.44839],
			"to": [8.9, 4.39417, 13.59839],
			"rotation": {"angle": -45, "axis": "x", "origin": [8, -4.50095, 13.88266]},
			"faces": {
				"north": {"uv": [5, 14, 0, 15.5], "rotation": 90, "texture": "#0"},
				"east": {"uv": [11.5, 14, 6.5, 15.5], "rotation": 90, "texture": "#0"},
				"south": {"uv": [5, 14, 0, 15.5], "rotation": 90, "texture": "#0"},
				"west": {"uv": [10, 14, 5, 15.5], "rotation": 90, "texture": "#0"},
				"up": {"uv": [5, 14, 0, 15.5], "rotation": 90, "texture": "#0"},
				"down": {"uv": [5, 14, 0, 15.5], "rotation": 90, "texture": "#0"}
			}
		},
		{
			"from": [7.39, 16.96575, 9.51288],
			"to": [8.61, 18.58575, 14.93288],
			"rotation": {"angle": 0, "axis": "x", "origin": [7.96364, 18.29566, 15.70281]},
			"faces": {
				"north": {"uv": [0, 11, 6, 13.5], "rotation": 270, "texture": "#0"},
				"east": {"uv": [0, 11, 6, 13.5], "texture": "#0"},
				"south": {"uv": [0, 11, 6, 13.5], "rotation": 90, "texture": "#0"},
				"west": {"uv": [0, 11, 6, 13.5], "rotation": 180, "texture": "#0"},
				"up": {"uv": [0, 11, 6, 12.5], "rotation": 270, "texture": "#0"},
				"down": {"uv": [0, 12, 6, 13.5], "rotation": 90, "texture": "#0"}
			}
		},
		{
			"from": [7.39, -2.58575, 9.51288],
			"to": [8.61, -0.96575, 14.93288],
			"rotation": {"angle": 0, "axis": "x", "origin": [7.96364, -2.29566, 15.70281]},
			"faces": {
				"north": {"uv": [6, 11, 0, 13.5], "rotation": 270, "texture": "#0"},
				"east": {"uv": [0, 13.5, 6, 11], "texture": "#0"},
				"south": {"uv": [6, 11, 0, 13.5], "rotation": 90, "texture": "#0"},
				"west": {"uv": [0, 13.5, 6, 11], "rotation": 180, "texture": "#0"},
				"up": {"uv": [6, 12, 0, 13.5], "rotation": 90, "texture": "#0"},
				"down": {"uv": [6, 11, 0, 12.5], "rotation": 270, "texture": "#0"}
			}
		},
		{
			"from": [7.14, 17.21575, 9.71288],
			"to": [8.86, 18.28575, 14.93288],
			"rotation": {"angle": 0, "axis": "x", "origin": [7.96364, 18.29566, 15.70281]},
			"faces": {
				"north": {"uv": [0, 14, 6, 15.5], "rotation": 270, "texture": "#0"},
				"east": {"uv": [0, 14, 6, 15.5], "texture": "#0"},
				"south": {"uv": [0, 14, 6, 15.5], "rotation": 90, "texture": "#0"},
				"west": {"uv": [0, 14, 6, 15.5], "rotation": 180, "texture": "#0"},
				"up": {"uv": [0, 14, 6, 15.5], "rotation": 270, "texture": "#0"},
				"down": {"uv": [0, 14, 6, 15.5], "rotation": 90, "texture": "#0"}
			}
		},
		{
			"from": [7.14, -2.28575, 9.71288],
			"to": [8.86, -1.21575, 14.93288],
			"rotation": {"angle": 0, "axis": "x", "origin": [7.96364, -2.29566, 15.70281]},
			"faces": {
				"north": {"uv": [6, 14, 0, 15.5], "rotation": 270, "texture": "#0"},
				"east": {"uv": [0, 15.5, 6, 14], "texture": "#0"},
				"south": {"uv": [6, 14, 0, 15.5], "rotation": 90, "texture": "#0"},
				"west": {"uv": [0, 15.5, 6, 14], "rotation": 180, "texture": "#0"},
				"up": {"uv": [6, 14, 0, 15.5], "rotation": 90, "texture": "#0"},
				"down": {"uv": [6, 14, 0, 15.5], "rotation": 270, "texture": "#0"}
			}
		},
		{
			"from": [7.4, 17.4087, 14.4226],
			"to": [8.6, 18.8087, 16.6226],
			"rotation": {"angle": -22.5, "axis": "x", "origin": [7.96364, 18.29566, 15.70281]},
			"faces": {
				"north": {"uv": [0, 11, 2, 12.5], "rotation": 270, "texture": "#0"},
				"east": {"uv": [0, 11, 2, 12.5], "texture": "#0"},
				"south": {"uv": [0, 11, 1.2, 12], "rotation": 90, "texture": "#0"},
				"west": {"uv": [0, 11, 2, 12.5], "rotation": 180, "texture": "#0"},
				"up": {"uv": [0, 11, 2, 12.5], "rotation": 270, "texture": "#0"},
				"down": {"uv": [0, 11, 2, 12.5], "rotation": 90, "texture": "#0"}
			}
		},
		{
			"from": [7.4, -2.8087, 14.4226],
			"to": [8.6, -1.4087, 16.6226],
			"rotation": {"angle": 22.5, "axis": "x", "origin": [7.96364, -2.29566, 15.70281]},
			"faces": {
				"north": {"uv": [2, 11, 0, 12.5], "rotation": 270, "texture": "#0"},
				"east": {"uv": [0, 12.5, 2, 11], "texture": "#0"},
				"south": {"uv": [1.2, 11, 0, 12], "rotation": 90, "texture": "#0"},
				"west": {"uv": [0, 12.5, 2, 11], "rotation": 180, "texture": "#0"},
				"up": {"uv": [2, 11, 0, 12.5], "rotation": 90, "texture": "#0"},
				"down": {"uv": [2, 11, 0, 12.5], "rotation": 270, "texture": "#0"}
			}
		},
		{
			"from": [7.25, 17.6087, 14.5226],
			"to": [8.75, 18.6087, 16.7226],
			"rotation": {"angle": -22.5, "axis": "x", "origin": [7.96364, 18.29566, 15.70281]},
			"faces": {
				"north": {"uv": [0, 14, 2, 15.5], "rotation": 270, "texture": "#0"},
				"east": {"uv": [0, 14, 2, 15.5], "texture": "#0"},
				"south": {"uv": [0, 14, 2, 15.5], "rotation": 180, "texture": "#0"},
				"west": {"uv": [0, 14, 2, 15.5], "rotation": 180, "texture": "#0"},
				"up": {"uv": [0, 14, 2, 15.5], "rotation": 270, "texture": "#0"},
				"down": {"uv": [0, 14, 2, 15.5], "rotation": 90, "texture": "#0"}
			}
		},
		{
			"from": [7.25, -2.6087, 14.5226],
			"to": [8.75, -1.6087, 16.7226],
			"rotation": {"angle": 22.5, "axis": "x", "origin": [7.96364, -2.29566, 15.70281]},
			"faces": {
				"north": {"uv": [2, 14, 0, 15.5], "rotation": 270, "texture": "#0"},
				"east": {"uv": [0, 15.5, 2, 14], "texture": "#0"},
				"south": {"uv": [0, 15.5, 2, 14], "rotation": 180, "texture": "#0"},
				"west": {"uv": [0, 15.5, 2, 14], "rotation": 180, "texture": "#0"},
				"up": {"uv": [2, 14, 0, 15.5], "rotation": 90, "texture": "#0"},
				"down": {"uv": [2, 14, 0, 15.5], "rotation": 270, "texture": "#0"}
			}
		},
		{
			"from": [7.5, 18.79428, 15.63186],
			"to": [8.5, 19.99428, 16.83186],
			"rotation": {"angle": 45, "axis": "x", "origin": [7.96364, 18.29566, 15.70281]},
			"faces": {
				"north": {"uv": [0, 11, 1.5, 12.5], "rotation": 90, "texture": "#0"},
				"east": {"uv": [0, 11, 1.5, 12.5], "rotation": 90, "texture": "#0"},
				"south": {"uv": [0, 11, 1.5, 12.5], "rotation": 90, "texture": "#0"},
				"west": {"uv": [0, 11, 1.5, 12.5], "rotation": 90, "texture": "#0"},
				"up": {"uv": [0, 11, 1.5, 12.5], "rotation": 90, "texture": "#0"},
				"down": {"uv": [0, 11, 1.5, 12.5], "rotation": 90, "texture": "#0"}
			}
		},
		{
			"from": [7.5, -3.99428, 15.63186],
			"to": [8.5, -2.79428, 16.83186],
			"rotation": {"angle": -45, "axis": "x", "origin": [7.96364, -2.29566, 15.70281]},
			"faces": {
				"north": {"uv": [1.5, 11, 0, 12.5], "rotation": 90, "texture": "#0"},
				"east": {"uv": [1.5, 11, 0, 12.5], "rotation": 90, "texture": "#0"},
				"south": {"uv": [1.5, 11, 0, 12.5], "rotation": 90, "texture": "#0"},
				"west": {"uv": [1.5, 11, 0, 12.5], "rotation": 90, "texture": "#0"},
				"up": {"uv": [1.5, 11, 0, 12.5], "rotation": 90, "texture": "#0"},
				"down": {"uv": [1.5, 11, 0, 12.5], "rotation": 90, "texture": "#0"}
			}
		},
		{
			"from": [7.1, 16.79841, 13.85374],
			"to": [8.9, 18.69841, 14.65374],
			"rotation": {"angle": 0, "axis": "x", "origin": [7.96364, 18.29566, 15.70281]},
			"faces": {
				"north": {"uv": [9, 14.1, 10.8, 16], "rotation": 180, "texture": "#2"},
				"east": {"uv": [9, 14.5, 10.9, 15.3], "rotation": 270, "texture": "#2"},
				"south": {"uv": [9, 14.1, 10.8, 16], "texture": "#2"},
				"west": {"uv": [9, 14.5, 10.9, 15.3], "rotation": 90, "texture": "#2"},
				"up": {"uv": [9, 14.5, 10.8, 15.3], "rotation": 180, "texture": "#2"},
				"down": {"uv": [9, 14.5, 10.8, 15.3], "texture": "#2"}
			}
		},
		{
			"from": [7.1, -2.69841, 13.85374],
			"to": [8.9, -0.79841, 14.65374],
			"rotation": {"angle": 0, "axis": "x", "origin": [7.96364, -2.29566, 15.70281]},
			"faces": {
				"north": {"uv": [9, 16, 10.8, 14.1], "rotation": 180, "texture": "#2"},
				"east": {"uv": [10.9, 14.5, 9, 15.3], "rotation": 270, "texture": "#2"},
				"south": {"uv": [9, 16, 10.8, 14.1], "texture": "#2"},
				"west": {"uv": [10.9, 14.5, 9, 15.3], "rotation": 90, "texture": "#2"},
				"up": {"uv": [9, 15.3, 10.8, 14.5], "texture": "#2"},
				"down": {"uv": [9, 15.3, 10.8, 14.5], "rotation": 180, "texture": "#2"}
			}
		},
		{
			"from": [7.55, 19.38291, 16.24595],
			"to": [8.45, 20.48291, 17.34595],
			"rotation": {"angle": 22.5, "axis": "x", "origin": [7.96364, 18.29566, 15.70281]},
			"faces": {
				"north": {"uv": [2, 11, 3.5, 12.5], "rotation": 90, "texture": "#0"},
				"east": {"uv": [2, 11, 3.5, 12.5], "rotation": 90, "texture": "#0"},
				"south": {"uv": [2, 11, 3.5, 12.5], "rotation": 90, "texture": "#0"},
				"west": {"uv": [2, 11, 3.5, 12.5], "rotation": 90, "texture": "#0"},
				"up": {"uv": [2, 11, 3.5, 12.5], "rotation": 90, "texture": "#0"},
				"down": {"uv": [2, 11, 3.5, 12.5], "rotation": 90, "texture": "#0"}
			}
		},
		{
			"from": [7.55, -4.48291, 16.24595],
			"to": [8.45, -3.38291, 17.34595],
			"rotation": {"angle": -22.5, "axis": "x", "origin": [7.96364, -2.29566, 15.70281]},
			"faces": {
				"north": {"uv": [3.5, 11, 2, 12.5], "rotation": 90, "texture": "#0"},
				"east": {"uv": [3.5, 11, 2, 12.5], "rotation": 90, "texture": "#0"},
				"south": {"uv": [3.5, 11, 2, 12.5], "rotation": 90, "texture": "#0"},
				"west": {"uv": [3.5, 11, 2, 12.5], "rotation": 90, "texture": "#0"},
				"up": {"uv": [3.5, 11, 2, 12.5], "rotation": 90, "texture": "#0"},
				"down": {"uv": [3.5, 11, 2, 12.5], "rotation": 90, "texture": "#0"}
			}
		},
		{
			"from": [7.6, 19.63761, 17.0079],
			"to": [8.4, 20.63761, 18.0079],
			"rotation": {"angle": 0, "axis": "x", "origin": [7.96364, 18.29566, 15.70281]},
			"faces": {
				"north": {"uv": [0, 11, 1.5, 12.5], "rotation": 90, "texture": "#0"},
				"east": {"uv": [0, 11, 1.5, 12.5], "rotation": 90, "texture": "#0"},
				"south": {"uv": [0, 11, 1.5, 12.5], "rotation": 90, "texture": "#0"},
				"west": {"uv": [0, 11, 1.5, 12.5], "rotation": 90, "texture": "#0"},
				"up": {"uv": [0, 11, 1.5, 12.5], "rotation": 90, "texture": "#0"},
				"down": {"uv": [0, 11, 1.5, 12.5], "rotation": 90, "texture": "#0"}
			}
		},
		{
			"from": [7.6, -4.63761, 17.0079],
			"to": [8.4, -3.63761, 18.0079],
			"rotation": {"angle": 0, "axis": "x", "origin": [7.96364, -2.29566, 15.70281]},
			"faces": {
				"north": {"uv": [1.5, 11, 0, 12.5], "rotation": 90, "texture": "#0"},
				"east": {"uv": [1.5, 11, 0, 12.5], "rotation": 90, "texture": "#0"},
				"south": {"uv": [1.5, 11, 0, 12.5], "rotation": 90, "texture": "#0"},
				"west": {"uv": [1.5, 11, 0, 12.5], "rotation": 90, "texture": "#0"},
				"up": {"uv": [1.5, 11, 0, 12.5], "rotation": 90, "texture": "#0"},
				"down": {"uv": [1.5, 11, 0, 12.5], "rotation": 90, "texture": "#0"}
			}
		},
		{
			"from": [7.62, 19.59723, 17.74866],
			"to": [8.38, 20.55723, 18.70866],
			"rotation": {"angle": -22.5, "axis": "x", "origin": [7.96364, 18.29566, 15.70281]},
			"faces": {
				"north": {"uv": [4.5, 11, 6, 12.5], "rotation": 270, "texture": "#0"},
				"east": {"uv": [4.5, 11, 6, 12.5], "rotation": 270, "texture": "#0"},
				"south": {"uv": [4.5, 11, 6, 12.5], "rotation": 90, "texture": "#0"},
				"west": {"uv": [4.5, 11, 6, 12.5], "rotation": 90, "texture": "#0"},
				"up": {"uv": [4.5, 11, 6, 12.5], "rotation": 180, "texture": "#0"},
				"down": {"uv": [4.5, 11, 6, 12.5], "texture": "#0"}
			}
		},
		{
			"from": [7.62, -4.55723, 17.74866],
			"to": [8.38, -3.59723, 18.70866],
			"rotation": {"angle": 22.5, "axis": "x", "origin": [7.96364, -2.29566, 15.70281]},
			"faces": {
				"north": {"uv": [6, 11, 4.5, 12.5], "rotation": 270, "texture": "#0"},
				"east": {"uv": [6, 11, 4.5, 12.5], "rotation": 270, "texture": "#0"},
				"south": {"uv": [6, 11, 4.5, 12.5], "rotation": 90, "texture": "#0"},
				"west": {"uv": [6, 11, 4.5, 12.5], "rotation": 90, "texture": "#0"},
				"up": {"uv": [4.5, 12.5, 6, 11], "texture": "#0"},
				"down": {"uv": [4.5, 12.5, 6, 11], "rotation": 180, "texture": "#0"}
			}
		},
		{
			"from": [7.64, 20.99816, 13.82369],
			"to": [8.36, 21.91816, 14.74369],
			"rotation": {"angle": 45, "axis": "x", "origin": [7.96364, 18.29566, 15.70281]},
			"faces": {
				"north": {"uv": [0, 11, 1, 12], "texture": "#0"},
				"east": {"uv": [0, 11, 1, 12], "texture": "#0"},
				"south": {"uv": [0, 11, 1, 12], "texture": "#0"},
				"west": {"uv": [0, 11, 1, 12], "texture": "#0"},
				"up": {"uv": [0, 11, 1, 12], "texture": "#0"},
				"down": {"uv": [0, 11, 1, 12], "texture": "#0"}
			}
		},
		{
			"from": [7.64, -5.91816, 13.82369],
			"to": [8.36, -4.99816, 14.74369],
			"rotation": {"angle": -45, "axis": "x", "origin": [7.96364, -2.29566, 15.70281]},
			"faces": {
				"north": {"uv": [0, 12, 1, 11], "texture": "#0"},
				"east": {"uv": [0, 12, 1, 11], "texture": "#0"},
				"south": {"uv": [0, 12, 1, 11], "texture": "#0"},
				"west": {"uv": [0, 12, 1, 11], "texture": "#0"},
				"up": {"uv": [0, 12, 1, 11], "texture": "#0"},
				"down": {"uv": [0, 12, 1, 11], "texture": "#0"}
			}
		},
		{
			"from": [7.25, 11.30589, 8.10083],
			"to": [8.75, 12.80589, 10.60083],
			"rotation": {"angle": 22.5, "axis": "x", "origin": [8, 14.87075, 7.06766]},
			"faces": {
				"north": {"uv": [13.5, 9, 16, 10.5], "texture": "#0"},
				"east": {"uv": [13.5, 9, 16, 10.5], "rotation": 180, "texture": "#0"},
				"south": {"uv": [14.5, 9, 16, 10.5], "rotation": 270, "texture": "#0"},
				"west": {"uv": [13.5, 9, 16, 10.5], "texture": "#0"},
				"up": {"uv": [13.5, 9, 16, 10.5], "rotation": 90, "texture": "#0"},
				"down": {"uv": [13.5, 9, 16, 10.5], "texture": "#0"}
			}
		},
		{
			"from": [7.25, 3.19411, 8.10083],
			"to": [8.75, 4.69411, 10.60083],
			"rotation": {"angle": -22.5, "axis": "x", "origin": [8, 1.12925, 7.06766]},
			"faces": {
				"north": {"uv": [13.5, 10.5, 16, 9], "texture": "#0"},
				"east": {"uv": [13.5, 10.5, 16, 9], "rotation": 180, "texture": "#0"},
				"south": {"uv": [16, 9, 14.5, 10.5], "rotation": 270, "texture": "#0"},
				"west": {"uv": [13.5, 10.5, 16, 9], "texture": "#0"},
				"up": {"uv": [13.5, 10.5, 16, 9], "texture": "#0"},
				"down": {"uv": [16, 9, 13.5, 10.5], "rotation": 90, "texture": "#0"}
			}
		}
	],
	"display": {
		"thirdperson_righthand": {
			"rotation": [0, -8, 0],
			"translation": [-0.75, -2, 0.25],
			"scale": [0.81, 0.75, 0.81]
		},
		"thirdperson_lefthand": {
			"rotation": [0, -8, 0],
			"translation": [-0.75, -2, 0.25],
			"scale": [0.81, 0.75, 0.81]
		},
		"firstperson_righthand": {
			"rotation": [20, 0, 0],
			"translation": [-1.75, 3.75, 3],
			"scale": [0.34, 0.3, 0.34]
		},
		"firstperson_lefthand": {
			"rotation": [20, 0, 0],
			"translation": [-1.75, 3.75, 3],
			"scale": [0.34, 0.3, 0.34]
		},
		"gui": {
			"rotation": [90, 45, -90],
			"translation": [-1.75, 2.25, -1.5],
			"scale": [0.59, 0.59, 0.59]
		},
		"fixed": {
			"rotation": [90, -45, -90],
			"translation": [1.5, 1.75, -1.5],
			"scale": [0.68, 0.68, 0.68]
		}
	}
}