{
	"credit": "Made with Blockbench",
	"gui_light": "front",
	"textures": {
		"0": "skins/wooden_sword",
		"1": "skins/iron_sword",
		"2": "skins/string",
		"particle": "skins/wooden_sword"
	},
	"elements": [
		{
			"from": [7, 5, 7],
			"to": [9, 6, 9],
			"rotation": {"angle": 0, "axis": "y", "origin": [15, 10, 1]},
			"faces": {
				"north": {"uv": [5.5, 1.5, 7.5, 2.5], "texture": "#1"},
				"east": {"uv": [5.5, 1.5, 7.5, 2.5], "texture": "#1"},
				"south": {"uv": [5.5, 1.5, 7.5, 2.5], "texture": "#1"},
				"west": {"uv": [5.5, 1.5, 7.5, 2.5], "texture": "#1"},
				"up": {"uv": [5.5, 1.5, 7.5, 2.5], "texture": "#1"},
				"down": {"uv": [5.5, 1.5, 7.5, 2.5], "texture": "#1"}
			}
		},
		{
			"from": [7, 10, 7],
			"to": [9, 11, 9],
			"rotation": {"angle": 0, "axis": "y", "origin": [15, 17, 1]},
			"faces": {
				"north": {"uv": [5.5, 1.5, 7.5, 2.5], "texture": "#1"},
				"east": {"uv": [5.5, 1.5, 7.5, 2.5], "texture": "#1"},
				"south": {"uv": [5.5, 1.5, 7.5, 2.5], "texture": "#1"},
				"west": {"uv": [5.5, 1.5, 7.5, 2.5], "texture": "#1"},
				"up": {"uv": [5.5, 1.5, 7.5, 2.5], "texture": "#1"},
				"down": {"uv": [5.5, 1.5, 7.5, 2.5], "texture": "#1"}
			}
		},
		{
			"from": [7.1, 9.1, 7.1],
			"to": [8.9, 9.9, 8.9],
			"rotation": {"angle": 0, "axis": "y", "origin": [15, 16.5, 1]},
			"faces": {
				"north": {"uv": [9.5, 3.5, 11.5, 4], "texture": "#0"},
				"east": {"uv": [9.5, 3.5, 11.5, 4], "texture": "#0"},
				"south": {"uv": [9.5, 3.5, 11.5, 4], "texture": "#0"},
				"west": {"uv": [9.5, 3.5, 11.5, 4], "texture": "#0"},
				"up": {"uv": [9.5, 3.5, 11.5, 4], "texture": "#0"},
				"down": {"uv": [9.5, 3.5, 11.5, 4], "texture": "#0"}
			}
		},
		{
			"from": [7.1, 6.1, 7.1],
			"to": [8.9, 6.9, 8.9],
			"rotation": {"angle": 0, "axis": "y", "origin": [15, -0.5, 1]},
			"faces": {
				"north": {"uv": [9.5, 4, 11.5, 3.5], "texture": "#0"},
				"east": {"uv": [9.5, 4, 11.5, 3.5], "texture": "#0"},
				"south": {"uv": [9.5, 4, 11.5, 3.5], "texture": "#0"},
				"west": {"uv": [9.5, 4, 11.5, 3.5], "texture": "#0"},
				"up": {"uv": [9.5, 4, 11.5, 3.5], "texture": "#0"},
				"down": {"uv": [9.5, 4, 11.5, 3.5], "texture": "#0"}
			}
		},
		{
			"from": [7.1, 8.1, 7.1],
			"to": [8.9, 8.9, 8.9],
			"rotation": {"angle": 0, "axis": "y", "origin": [15, 16.5, 1]},
			"faces": {
				"north": {"uv": [11, 4, 11.5, 5.5], "rotation": 90, "texture": "#0"},
				"east": {"uv": [11, 4, 11.5, 5.5], "rotation": 90, "texture": "#0"},
				"south": {"uv": [11, 4, 11.5, 5.5], "rotation": 90, "texture": "#0"},
				"west": {"uv": [11, 4, 11.5, 5.5], "rotation": 90, "texture": "#0"},
				"up": {"uv": [11, 4, 11.5, 5.5], "rotation": 90, "texture": "#0"},
				"down": {"uv": [11, 4, 11.5, 5.5], "rotation": 90, "texture": "#0"}
			}
		},
		{
			"from": [7.1, 7.1, 7.1],
			"to": [8.9, 7.9, 8.9],
			"rotation": {"angle": 0, "axis": "y", "origin": [15, 16.5, 1]},
			"faces": {
				"north": {"uv": [11, 4, 11.5, 5.5], "rotation": 90, "texture": "#0"},
				"east": {"uv": [11, 4, 11.5, 5.5], "rotation": 90, "texture": "#0"},
				"south": {"uv": [11, 4, 11.5, 5.5], "rotation": 90, "texture": "#0"},
				"west": {"uv": [11, 4, 11.5, 5.5], "rotation": 90, "texture": "#0"},
				"up": {"uv": [11, 4, 11.5, 5.5], "rotation": 90, "texture": "#0"},
				"down": {"uv": [11, 4, 11.5, 5.5], "rotation": 90, "texture": "#0"}
			}
		},
		{
			"from": [7.19, 5.69, 7.19],
			"to": [8.81, 10.31, 8.81],
			"rotation": {"angle": 0, "axis": "y", "origin": [15, 14, 1]},
			"faces": {
				"north": {"uv": [1.5, 14, 6.5, 16], "rotation": 90, "texture": "#0"},
				"east": {"uv": [1.5, 14, 6.5, 16], "rotation": 90, "texture": "#0"},
				"south": {"uv": [1.5, 14, 6.5, 16], "rotation": 90, "texture": "#0"},
				"west": {"uv": [1.5, 14, 6.5, 16], "rotation": 90, "texture": "#0"},
				"up": {"uv": [1.5, 14, 6.5, 16], "rotation": 90, "texture": "#0"},
				"down": {"uv": [1.5, 14, 6.5, 16], "rotation": 90, "texture": "#0"}
			}
		},
		{
			"from": [7.3, 7.55, 17.1],
			"to": [7.9, 20.15, 17.7],
			"rotation": {"angle": -22.5, "axis": "x", "origin": [7.6, 11.65, 17.4]},
			"faces": {
				"north": {"uv": [0, 0.5, 8, 1], "rotation": 90, "texture": "#2"},
				"east": {"uv": [0, 0.5, 8, 1], "rotation": 90, "texture": "#2"},
				"south": {"uv": [0, 0.5, 8, 1], "rotation": 90, "texture": "#2"},
				"west": {"uv": [0, 0.5, 8, 1], "rotation": 90, "texture": "#2"},
				"up": {"uv": [0, 0.5, 8, 1], "rotation": 90, "texture": "#2"},
				"down": {"uv": [0, 0.5, 8, 1], "rotation": 90, "texture": "#2"}
			}
		},
		{
			"from": [7.3, -4.15, 17.1],
			"to": [7.9, 8.45, 17.7],
			"rotation": {"angle": 22.5, "axis": "x", "origin": [7.6, 4.35, 17.4]},
			"faces": {
				"north": {"uv": [8, 0.5, 0, 1], "rotation": 90, "texture": "#2"},
				"east": {"uv": [8, 0.5, 0, 1], "rotation": 90, "texture": "#2"},
				"south": {"uv": [8, 0.5, 0, 1], "rotation": 90, "texture": "#2"},
				"west": {"uv": [8, 0.5, 0, 1], "rotation": 90, "texture": "#2"},
				"up": {"uv": [8, 0.5, 0, 1], "rotation": 90, "texture": "#2"},
				"down": {"uv": [8, 0.5, 0, 1], "rotation": 90, "texture": "#2"}
			}
		},
		{
			"from": [6.75, 7.75, 3.05],
			"to": [7.75, 8.75, 4.05],
			"rotation": {"angle": 45, "axis": "x", "origin": [7.25, 8.25, 3.55]},
			"faces": {
				"north": {"uv": [15.5, 10, 16, 10.5], "rotation": 180, "texture": "#1"},
				"east": {"uv": [15.5, 10, 16, 10.5], "rotation": 180, "texture": "#1"},
				"south": {"uv": [15.5, 10, 16, 10.5], "rotation": 180, "texture": "#1"},
				"west": {"uv": [15.5, 10, 16, 10.5], "rotation": 180, "texture": "#1"},
				"up": {"uv": [15.5, 10, 16, 10.5], "rotation": 180, "texture": "#1"},
				"down": {"uv": [15.5, 10, 16, 10.5], "rotation": 180, "texture": "#1"}
			}
		},
		{
			"from": [6.9, 7.9, 2.6],
			"to": [7.6, 8.6, 3.3],
			"rotation": {"angle": 45, "axis": "x", "origin": [7.25, 8.25, 2.95]},
			"faces": {
				"north": {"uv": [15, 10, 15.5, 10.5], "rotation": 180, "texture": "#1"},
				"east": {"uv": [15, 10, 15.5, 10.5], "rotation": 180, "texture": "#1"},
				"south": {"uv": [15, 10, 15.5, 10.5], "rotation": 180, "texture": "#1"},
				"west": {"uv": [15, 10, 15.5, 10.5], "rotation": 180, "texture": "#1"},
				"up": {"uv": [15, 10, 15.5, 10.5], "rotation": 180, "texture": "#1"},
				"down": {"uv": [15, 10, 15.5, 10.5], "rotation": 180, "texture": "#1"}
			}
		},
		{
			"from": [6.95, 7.95, 3],
			"to": [7.55, 8.55, 18.6],
			"rotation": {"angle": 0, "axis": "x", "origin": [8, 8.25, 18.8]},
			"faces": {
				"north": {"uv": [0, 12, 0.5, 12.5], "rotation": 180, "texture": "#2"},
				"east": {"uv": [0, 12.5, 16, 13], "texture": "#2"},
				"south": {"uv": [15.5, 12, 16, 12.5], "rotation": 180, "texture": "#2"},
				"west": {"uv": [0, 12.5, 16, 13], "rotation": 180, "texture": "#2"},
				"up": {"uv": [0, 12.5, 16, 13], "rotation": 270, "texture": "#2"},
				"down": {"uv": [0, 12.5, 16, 13], "rotation": 90, "texture": "#2"}
			}
		},
		{
			"from": [7.25, 7.25, 16.55],
			"to": [7.3, 9.25, 18.8],
			"rotation": {"angle": 0, "axis": "x", "origin": [7.75, 8.25, 17.675]},
			"faces": {
				"east": {"uv": [2, 6, 6, 9.5], "rotation": 180, "texture": "#2"},
				"south": {"uv": [5.5, 6, 6, 9.5], "rotation": 180, "texture": "#2"},
				"west": {"uv": [2, 6, 6, 9.5], "texture": "#2"},
				"up": {"uv": [2, 6, 6, 6.5], "rotation": 90, "texture": "#2"},
				"down": {"uv": [2, 6, 6, 6.5], "rotation": 270, "texture": "#2"}
			}
		},
		{
			"from": [6.275, 8.225, 16.55],
			"to": [8.275, 8.275, 18.8],
			"rotation": {"angle": 0, "axis": "z", "origin": [7.275, 8.25, 17.675]},
			"faces": {
				"east": {"uv": [2, 6, 6, 6.5], "rotation": 180, "texture": "#2"},
				"south": {"uv": [5.5, 6, 6, 9.5], "rotation": 90, "texture": "#2"},
				"west": {"uv": [2, 6, 6, 6.5], "texture": "#2"},
				"up": {"uv": [2, 6, 6, 9.5], "rotation": 90, "texture": "#2"},
				"down": {"uv": [2, 6, 6, 9.5], "rotation": 270, "texture": "#2"}
			}
		},
		{
			"from": [7.2, 10.75799, 4.02223],
			"to": [8.8, 14.35799, 5.62223],
			"rotation": {"angle": -45, "axis": "x", "origin": [8, 14.87075, 7.06766]},
			"faces": {
				"north": {"uv": [12.5, 10, 16, 10.5], "rotation": 90, "texture": "#0"},
				"east": {"uv": [12.5, 10.5, 16, 9], "rotation": 90, "texture": "#0"},
				"south": {"uv": [12.5, 9, 16, 9.5], "rotation": 90, "texture": "#0"},
				"west": {"uv": [12.5, 9, 16, 10.5], "rotation": 90, "texture": "#0"},
				"up": {"uv": [12.5, 9, 13, 10.5], "rotation": 180, "texture": "#0"},
				"down": {"uv": [0, 2, 2, 4], "texture": "#0"}
			}
		},
		{
			"from": [7.2, 1.64201, 4.02223],
			"to": [8.8, 5.24201, 5.62223],
			"rotation": {"angle": 45, "axis": "x", "origin": [8, 1.12925, 7.06766]},
			"faces": {
				"north": {"uv": [16, 10, 12.5, 10.5], "rotation": 90, "texture": "#0"},
				"east": {"uv": [16, 10.5, 12.5, 9], "rotation": 90, "texture": "#0"},
				"south": {"uv": [16, 9, 12.5, 9.5], "rotation": 90, "texture": "#0"},
				"west": {"uv": [16, 9, 12.5, 10.5], "rotation": 90, "texture": "#0"},
				"up": {"uv": [0, 4, 2, 2], "texture": "#0"},
				"down": {"uv": [12.5, 10.5, 13, 9], "rotation": 180, "texture": "#0"}
			}
		},
		{
			"from": [7.3, 11.88107, 6.30313],
			"to": [8.7, 15.48107, 8.40313],
			"rotation": {"angle": 0, "axis": "x", "origin": [8, 13.98107, 6.90313]},
			"faces": {
				"north": {"uv": [0, 11, 4, 12.5], "rotation": 90, "texture": "#0"},
				"east": {"uv": [0, 11, 4, 13.5], "rotation": 90, "texture": "#0"},
				"south": {"uv": [0, 12, 4, 13.5], "rotation": 90, "texture": "#0"},
				"west": {"uv": [0, 11, 4, 13.5], "rotation": 90, "texture": "#0"},
				"up": {"uv": [0, 11, 4, 13.5], "rotation": 90, "texture": "#0"},
				"down": {"uv": [0, 11, 4, 13.5], "rotation": 90, "texture": "#0"}
			}
		},
		{
			"from": [7.3, 0.51893, 6.30313],
			"to": [8.7, 4.11893, 8.40313],
			"rotation": {"angle": 0, "axis": "x", "origin": [8, 2.01893, 6.90313]},
			"faces": {
				"north": {"uv": [4, 11, 0, 12.5], "rotation": 90, "texture": "#0"},
				"east": {"uv": [4, 11, 0, 13.5], "rotation": 90, "texture": "#0"},
				"south": {"uv": [4, 12, 0, 13.5], "rotation": 90, "texture": "#0"},
				"west": {"uv": [4, 11, 0, 13.5], "rotation": 90, "texture": "#0"},
				"up": {"uv": [4, 11, 0, 13.5], "rotation": 90, "texture": "#0"},
				"down": {"uv": [4, 11, 0, 13.5], "rotation": 90, "texture": "#0"}
			}
		},
		{
			"from": [7.11, 13.19107, 6.66313],
			"to": [8.89, 15.27107, 7.84313],
			"rotation": {"angle": 0, "axis": "x", "origin": [8, 13.98107, 6.90313]},
			"faces": {
				"north": {"uv": [0, 14, 2.5, 15.5], "rotation": 90, "texture": "#0"},
				"east": {"uv": [0, 14, 2.5, 15.5], "rotation": 90, "texture": "#0"},
				"south": {"uv": [0, 14, 2.5, 15.5], "rotation": 90, "texture": "#0"},
				"west": {"uv": [8, 14, 10.5, 15.5], "rotation": 90, "texture": "#0"},
				"up": {"uv": [0, 14, 2.5, 15.5], "rotation": 90, "texture": "#0"},
				"down": {"uv": [0, 14, 1.5, 15.5], "rotation": 90, "texture": "#0"}
			}
		},
		{
			"from": [7.11, 0.72893, 6.66313],
			"to": [8.89, 2.80893, 7.84313],
			"rotation": {"angle": 0, "axis": "x", "origin": [8, 2.01893, 6.90313]},
			"faces": {
				"north": {"uv": [2.5, 14, 0, 15.5], "rotation": 90, "texture": "#0"},
				"east": {"uv": [2.5, 14, 0, 15.5], "rotation": 90, "texture": "#0"},
				"south": {"uv": [2.5, 14, 0, 15.5], "rotation": 90, "texture": "#0"},
				"west": {"uv": [10.5, 14, 8, 15.5], "rotation": 90, "texture": "#0"},
				"up": {"uv": [1.5, 14, 0, 15.5], "rotation": 90, "texture": "#0"},
				"down": {"uv": [2.5, 14, 0, 15.5], "rotation": 90, "texture": "#0"}
			}
		},
		{
			"from": [7.35, 11.60583, 12.09839],
			"to": [8.65, 16.10583, 13.94839],
			"rotation": {"angle": 45, "axis": "x", "origin": [8, 20.50095, 13.88266]},
			"faces": {
				"north": {"uv": [0, 11, 5, 12.5], "rotation": 90, "texture": "#0"},
				"east": {"uv": [0, 11, 5, 13.5], "rotation": 90, "texture": "#0"},
				"south": {"uv": [0, 11, 5, 12.5], "rotation": 270, "texture": "#0"},
				"west": {"uv": [0, 11, 5, 13.5], "rotation": 90, "texture": "#0"},
				"up": {"uv": [0, 11, 5, 13.5], "rotation": 90, "texture": "#0"},
				"down": {"uv": [0, 11, 5, 13.5], "rotation": 90, "texture": "#0"}
			}
		},
		{
			"from": [7.35, -0.10583, 12.09839],
			"to": [8.65, 4.39417, 13.94839],
			"rotation": {"angle": -45, "axis": "x", "origin": [8, -4.50095, 13.88266]},
			"faces": {
				"north": {"uv": [5, 11, 0, 12.5], "rotation": 90, "texture": "#0"},
				"east": {"uv": [5, 11, 0, 13.5], "rotation": 90, "texture": "#0"},
				"south": {"uv": [5, 11, 0, 12.5], "rotation": 270, "texture": "#0"},
				"west": {"uv": [5, 11, 0, 13.5], "rotation": 90, "texture": "#0"},
				"up": {"uv": [5, 11, 0, 13.5], "rotation": 90, "texture": "#0"},
				"down": {"uv": [5, 11, 0, 13.5], "rotation": 90, "texture": "#0"}
			}
		},
		{
			"from": [7.1, 11.60583, 12.44839],
			"to": [8.9, 16.10583, 13.59839],
			"rotation": {"angle": 45, "axis": "x", "origin": [8, 20.50095, 13.88266]},
			"faces": {
				"north": {"uv": [0, 14, 5, 15.5], "rotation": 90, "texture": "#0"},
				"east": {"uv": [6.5, 14, 11.5, 15.5], "rotation": 90, "texture": "#0"},
				"south": {"uv": [0, 14, 5, 15.5], "rotation": 90, "texture": "#0"},
				"west": {"uv": [5, 14, 10, 15.5], "rotation": 90, "texture": "#0"},
				"up": {"uv": [0, 14, 5, 15.5], "rotation": 90, "texture": "#0"},
				"down": {"uv": [0, 14, 5, 15.5], "rotation": 90, "texture": "#0"}
			}
		},
		{
			"from": [7.1, -0.10583, 12.44839],
			"to": [8.9, 4.39417, 13.59839],
			"rotation": {"angle": -45, "axis": "x", "origin": [8, -4.50095, 13.88266]},
			"faces": {
				"north": {"uv": [5, 14, 0, 15.5], "rotation": 90, "texture": "#0"},
				"east": {"uv": [11.5, 14, 6.5, 15.5], "rotation": 90, "texture": "#0"},
				"south": {"uv": [5, 14, 0, 15.5], "rotation": 90, "texture": "#0"},
				"west": {"uv": [10, 14, 5, 15.5], "rotation": 90, "texture": "#0"},
				"up": {"uv": [5, 14, 0, 15.5], "rotation": 90, "texture": "#0"},
				"down": {"uv": [5, 14, 0, 15.5], "rotation": 90, "texture": "#0"}
			}
		},
		{
			"from": [7.39, 18.80746, 9.07929],
			"to": [8.61, 20.42746, 14.49929],
			"rotation": {"angle": -22.5, "axis": "x", "origin": [8, 20.50095, 13.88266]},
			"faces": {
				"north": {"uv": [0, 11, 6, 13.5], "rotation": 270, "texture": "#0"},
				"east": {"uv": [0, 11, 6, 13.5], "texture": "#0"},
				"south": {"uv": [0, 11, 6, 13.5], "rotation": 90, "texture": "#0"},
				"west": {"uv": [0, 11, 6, 13.5], "rotation": 180, "texture": "#0"},
				"up": {"uv": [0, 11, 6, 12.5], "rotation": 270, "texture": "#0"},
				"down": {"uv": [0, 12, 6, 13.5], "rotation": 90, "texture": "#0"}
			}
		},
		{
			"from": [7.39, -4.42746, 9.07929],
			"to": [8.61, -2.80746, 14.49929],
			"rotation": {"angle": 22.5, "axis": "x", "origin": [8, -4.50095, 13.88266]},
			"faces": {
				"north": {"uv": [6, 11, 0, 13.5], "rotation": 270, "texture": "#0"},
				"east": {"uv": [0, 13.5, 6, 11], "texture": "#0"},
				"south": {"uv": [6, 11, 0, 13.5], "rotation": 90, "texture": "#0"},
				"west": {"uv": [0, 13.5, 6, 11], "rotation": 180, "texture": "#0"},
				"up": {"uv": [6, 12, 0, 13.5], "rotation": 90, "texture": "#0"},
				"down": {"uv": [6, 11, 0, 12.5], "rotation": 270, "texture": "#0"}
			}
		},
		{
			"from": [7.14, 19.05746, 9.27929],
			"to": [8.86, 20.12746, 14.49929],
			"rotation": {"angle": -22.5, "axis": "x", "origin": [8, 20.50095, 13.88266]},
			"faces": {
				"north": {"uv": [0, 14, 6, 15.5], "rotation": 270, "texture": "#0"},
				"east": {"uv": [0, 14, 6, 15.5], "texture": "#0"},
				"south": {"uv": [0, 14, 6, 15.5], "rotation": 90, "texture": "#0"},
				"west": {"uv": [0, 14, 6, 15.5], "rotation": 180, "texture": "#0"},
				"up": {"uv": [0, 14, 6, 15.5], "rotation": 270, "texture": "#0"},
				"down": {"uv": [0, 14, 6, 15.5], "rotation": 90, "texture": "#0"}
			}
		},
		{
			"from": [7.14, -4.12746, 9.27929],
			"to": [8.86, -3.05746, 14.49929],
			"rotation": {"angle": 22.5, "axis": "x", "origin": [8, -4.50095, 13.88266]},
			"faces": {
				"north": {"uv": [6, 14, 0, 15.5], "rotation": 270, "texture": "#0"},
				"east": {"uv": [0, 15.5, 6, 14], "texture": "#0"},
				"south": {"uv": [6, 14, 0, 15.5], "rotation": 90, "texture": "#0"},
				"west": {"uv": [0, 15.5, 6, 14], "rotation": 180, "texture": "#0"},
				"up": {"uv": [6, 14, 0, 15.5], "rotation": 90, "texture": "#0"},
				"down": {"uv": [6, 14, 0, 15.5], "rotation": 270, "texture": "#0"}
			}
		},
		{
			"from": [7.4, 20.36262, 14.23614],
			"to": [8.6, 22.56262, 15.63614],
			"rotation": {"angle": 45, "axis": "x", "origin": [8, 20.50095, 13.88266]},
			"faces": {
				"north": {"uv": [0, 11, 2, 12.5], "rotation": 90, "texture": "#0"},
				"east": {"uv": [0, 11, 2, 12.5], "rotation": 90, "texture": "#0"},
				"south": {"uv": [0, 11, 2, 12.5], "rotation": 90, "texture": "#0"},
				"west": {"uv": [0, 11, 2, 12.5], "rotation": 90, "texture": "#0"},
				"up": {"uv": [0, 11, 1.2, 12], "rotation": 90, "texture": "#0"},
				"down": {"uv": [0, 11, 2, 12.5], "rotation": 90, "texture": "#0"}
			}
		},
		{
			"from": [7.4, -6.56262, 14.23614],
			"to": [8.6, -4.36262, 15.63614],
			"rotation": {"angle": -45, "axis": "x", "origin": [8, -4.50095, 13.88266]},
			"faces": {
				"north": {"uv": [2, 11, 0, 12.5], "rotation": 90, "texture": "#0"},
				"east": {"uv": [2, 11, 0, 12.5], "rotation": 90, "texture": "#0"},
				"south": {"uv": [2, 11, 0, 12.5], "rotation": 90, "texture": "#0"},
				"west": {"uv": [2, 11, 0, 12.5], "rotation": 90, "texture": "#0"},
				"up": {"uv": [2, 11, 0, 12.5], "rotation": 90, "texture": "#0"},
				"down": {"uv": [1.2, 11, 0, 12], "rotation": 90, "texture": "#0"}
			}
		},
		{
			"from": [7.25, 20.46262, 14.43614],
			"to": [8.75, 22.66262, 15.43614],
			"rotation": {"angle": 45, "axis": "x", "origin": [8, 20.50095, 13.88266]},
			"faces": {
				"north": {"uv": [0, 14, 2, 15.5], "rotation": 90, "texture": "#0"},
				"east": {"uv": [0, 14, 2, 15.5], "rotation": 90, "texture": "#0"},
				"south": {"uv": [0, 14, 2, 15.5], "rotation": 90, "texture": "#0"},
				"west": {"uv": [0, 14, 2, 15.5], "rotation": 90, "texture": "#0"},
				"up": {"uv": [0, 14, 2, 15.5], "rotation": 180, "texture": "#0"},
				"down": {"uv": [0, 14, 2, 15.5], "rotation": 90, "texture": "#0"}
			}
		},
		{
			"from": [7.25, -6.66262, 14.43614],
			"to": [8.75, -4.46262, 15.43614],
			"rotation": {"angle": -45, "axis": "x", "origin": [8, -4.50095, 13.88266]},
			"faces": {
				"north": {"uv": [2, 14, 0, 15.5], "rotation": 90, "texture": "#0"},
				"east": {"uv": [2, 14, 0, 15.5], "rotation": 90, "texture": "#0"},
				"south": {"uv": [2, 14, 0, 15.5], "rotation": 90, "texture": "#0"},
				"west": {"uv": [2, 14, 0, 15.5], "rotation": 90, "texture": "#0"},
				"up": {"uv": [2, 14, 0, 15.5], "rotation": 90, "texture": "#0"},
				"down": {"uv": [0, 15.5, 2, 14], "rotation": 180, "texture": "#0"}
			}
		},
		{
			"from": [7.5, 21.72292, 15.04925],
			"to": [8.5, 22.92292, 16.24925],
			"rotation": {"angle": 22.5, "axis": "x", "origin": [8, 20.50095, 13.88266]},
			"faces": {
				"north": {"uv": [0, 11, 1.5, 12.5], "rotation": 90, "texture": "#0"},
				"east": {"uv": [0, 11, 1.5, 12.5], "rotation": 90, "texture": "#0"},
				"south": {"uv": [0, 11, 1.5, 12.5], "rotation": 90, "texture": "#0"},
				"west": {"uv": [0, 11, 1.5, 12.5], "rotation": 90, "texture": "#0"},
				"up": {"uv": [0, 11, 1.5, 12.5], "rotation": 90, "texture": "#0"},
				"down": {"uv": [0, 11, 1.5, 12.5], "rotation": 90, "texture": "#0"}
			}
		},
		{
			"from": [7.5, -6.92292, 15.04925],
			"to": [8.5, -5.72292, 16.24925],
			"rotation": {"angle": -22.5, "axis": "x", "origin": [8, -4.50095, 13.88266]},
			"faces": {
				"north": {"uv": [1.5, 11, 0, 12.5], "rotation": 90, "texture": "#0"},
				"east": {"uv": [1.5, 11, 0, 12.5], "rotation": 90, "texture": "#0"},
				"south": {"uv": [1.5, 11, 0, 12.5], "rotation": 90, "texture": "#0"},
				"west": {"uv": [1.5, 11, 0, 12.5], "rotation": 90, "texture": "#0"},
				"up": {"uv": [1.5, 11, 0, 12.5], "rotation": 90, "texture": "#0"},
				"down": {"uv": [1.5, 11, 0, 12.5], "rotation": 90, "texture": "#0"}
			}
		},
		{
			"from": [7.1, 18.64012, 13.42015],
			"to": [8.9, 20.54012, 14.22015],
			"rotation": {"angle": -22.5, "axis": "x", "origin": [8, 20.50095, 13.88266]},
			"faces": {
				"north": {"uv": [9, 14.1, 10.8, 16], "rotation": 180, "texture": "#2"},
				"east": {"uv": [9, 14.5, 10.9, 15.3], "rotation": 270, "texture": "#2"},
				"south": {"uv": [9, 14.1, 10.8, 16], "texture": "#2"},
				"west": {"uv": [9, 14.5, 10.9, 15.3], "rotation": 90, "texture": "#2"},
				"up": {"uv": [9, 14.5, 10.8, 15.3], "rotation": 180, "texture": "#2"},
				"down": {"uv": [9, 14.5, 10.8, 15.3], "texture": "#2"}
			}
		},
		{
			"from": [7.1, -4.54012, 13.42015],
			"to": [8.9, -2.64012, 14.22015],
			"rotation": {"angle": 22.5, "axis": "x", "origin": [8, -4.50095, 13.88266]},
			"faces": {
				"north": {"uv": [9, 16, 10.8, 14.1], "rotation": 180, "texture": "#2"},
				"east": {"uv": [10.9, 14.5, 9, 15.3], "rotation": 270, "texture": "#2"},
				"south": {"uv": [9, 16, 10.8, 14.1], "texture": "#2"},
				"west": {"uv": [10.9, 14.5, 9, 15.3], "rotation": 90, "texture": "#2"},
				"up": {"uv": [9, 15.3, 10.8, 14.5], "texture": "#2"},
				"down": {"uv": [9, 15.3, 10.8, 14.5], "rotation": 180, "texture": "#2"}
			}
		},
		{
			"from": [7.55, 21.78291, 15.84595],
			"to": [8.45, 22.88291, 16.94595],
			"rotation": {"angle": 0, "axis": "x", "origin": [8, 20.50095, 13.88266]},
			"faces": {
				"north": {"uv": [2, 11, 3.5, 12.5], "rotation": 90, "texture": "#0"},
				"east": {"uv": [2, 11, 3.5, 12.5], "rotation": 90, "texture": "#0"},
				"south": {"uv": [2, 11, 3.5, 12.5], "rotation": 90, "texture": "#0"},
				"west": {"uv": [2, 11, 3.5, 12.5], "rotation": 90, "texture": "#0"},
				"up": {"uv": [2, 11, 3.5, 12.5], "rotation": 90, "texture": "#0"},
				"down": {"uv": [2, 11, 3.5, 12.5], "rotation": 90, "texture": "#0"}
			}
		},
		{
			"from": [7.55, -6.88291, 15.84595],
			"to": [8.45, -5.78291, 16.94595],
			"rotation": {"angle": 0, "axis": "x", "origin": [8, -4.50095, 13.88266]},
			"faces": {
				"north": {"uv": [3.5, 11, 2, 12.5], "rotation": 90, "texture": "#0"},
				"east": {"uv": [3.5, 11, 2, 12.5], "rotation": 90, "texture": "#0"},
				"south": {"uv": [3.5, 11, 2, 12.5], "rotation": 90, "texture": "#0"},
				"west": {"uv": [3.5, 11, 2, 12.5], "rotation": 90, "texture": "#0"},
				"up": {"uv": [3.5, 11, 2, 12.5], "rotation": 90, "texture": "#0"},
				"down": {"uv": [3.5, 11, 2, 12.5], "rotation": 90, "texture": "#0"}
			}
		},
		{
			"from": [7.6, 21.47932, 16.57431],
			"to": [8.4, 22.47932, 17.57431],
			"rotation": {"angle": -22.5, "axis": "x", "origin": [8, 20.50095, 13.88266]},
			"faces": {
				"north": {"uv": [0, 11, 1.5, 12.5], "rotation": 90, "texture": "#0"},
				"east": {"uv": [0, 11, 1.5, 12.5], "rotation": 90, "texture": "#0"},
				"south": {"uv": [0, 11, 1.5, 12.5], "rotation": 90, "texture": "#0"},
				"west": {"uv": [0, 11, 1.5, 12.5], "rotation": 90, "texture": "#0"},
				"up": {"uv": [0, 11, 1.5, 12.5], "rotation": 90, "texture": "#0"},
				"down": {"uv": [0, 11, 1.5, 12.5], "rotation": 90, "texture": "#0"}
			}
		},
		{
			"from": [7.6, -6.47932, 16.57431],
			"to": [8.4, -5.47932, 17.57431],
			"rotation": {"angle": 22.5, "axis": "x", "origin": [8, -4.50095, 13.88266]},
			"faces": {
				"north": {"uv": [1.5, 11, 0, 12.5], "rotation": 90, "texture": "#0"},
				"east": {"uv": [1.5, 11, 0, 12.5], "rotation": 90, "texture": "#0"},
				"south": {"uv": [1.5, 11, 0, 12.5], "rotation": 90, "texture": "#0"},
				"west": {"uv": [1.5, 11, 0, 12.5], "rotation": 90, "texture": "#0"},
				"up": {"uv": [1.5, 11, 0, 12.5], "rotation": 90, "texture": "#0"},
				"down": {"uv": [1.5, 11, 0, 12.5], "rotation": 90, "texture": "#0"}
			}
		},
		{
			"from": [7.62, 23.68868, 12.48761],
			"to": [8.38, 24.64868, 13.44761],
			"rotation": {"angle": 45, "axis": "x", "origin": [8, 20.50095, 13.88266]},
			"faces": {
				"north": {"uv": [4.5, 11, 6, 12.5], "texture": "#0"},
				"east": {"uv": [4.5, 11, 6, 12.5], "texture": "#0"},
				"south": {"uv": [4.5, 11, 6, 12.5], "texture": "#0"},
				"west": {"uv": [4.5, 11, 6, 12.5], "texture": "#0"},
				"up": {"uv": [4.5, 11, 6, 12.5], "rotation": 90, "texture": "#0"},
				"down": {"uv": [4.5, 11, 6, 12.5], "rotation": 90, "texture": "#0"}
			}
		},
		{
			"from": [7.62, -8.64868, 12.48761],
			"to": [8.38, -7.68868, 13.44761],
			"rotation": {"angle": -45, "axis": "x", "origin": [8, -4.50095, 13.88266]},
			"faces": {
				"north": {"uv": [4.5, 12.5, 6, 11], "texture": "#0"},
				"east": {"uv": [4.5, 12.5, 6, 11], "texture": "#0"},
				"south": {"uv": [4.5, 12.5, 6, 11], "texture": "#0"},
				"west": {"uv": [4.5, 12.5, 6, 11], "texture": "#0"},
				"up": {"uv": [6, 11, 4.5, 12.5], "rotation": 90, "texture": "#0"},
				"down": {"uv": [6, 11, 4.5, 12.5], "rotation": 90, "texture": "#0"}
			}
		},
		{
			"from": [7.64, 23.92681, 13.24107],
			"to": [8.36, 24.84681, 14.16107],
			"rotation": {"angle": 22.5, "axis": "x", "origin": [8, 20.50095, 13.88266]},
			"faces": {
				"north": {"uv": [0, 11, 1, 12], "texture": "#0"},
				"east": {"uv": [0, 11, 1, 12], "texture": "#0"},
				"south": {"uv": [0, 11, 1, 12], "texture": "#0"},
				"west": {"uv": [0, 11, 1, 12], "texture": "#0"},
				"up": {"uv": [0, 11, 1, 12], "texture": "#0"},
				"down": {"uv": [0, 11, 1, 12], "texture": "#0"}
			}
		},
		{
			"from": [7.64, -8.84681, 13.24107],
			"to": [8.36, -7.92681, 14.16107],
			"rotation": {"angle": -22.5, "axis": "x", "origin": [8, -4.50095, 13.88266]},
			"faces": {
				"north": {"uv": [0, 12, 1, 11], "texture": "#0"},
				"east": {"uv": [0, 12, 1, 11], "texture": "#0"},
				"south": {"uv": [0, 12, 1, 11], "texture": "#0"},
				"west": {"uv": [0, 12, 1, 11], "texture": "#0"},
				"up": {"uv": [0, 12, 1, 11], "texture": "#0"},
				"down": {"uv": [0, 12, 1, 11], "texture": "#0"}
			}
		},
		{
			"from": [7.25, 11.30589, 8.10083],
			"to": [8.75, 12.80589, 10.60083],
			"rotation": {"angle": 22.5, "axis": "x", "origin": [8, 14.87075, 7.06766]},
			"faces": {
				"north": {"uv": [13.5, 9, 16, 10.5], "texture": "#0"},
				"east": {"uv": [13.5, 9, 16, 10.5], "rotation": 180, "texture": "#0"},
				"south": {"uv": [14.5, 9, 16, 10.5], "rotation": 270, "texture": "#0"},
				"west": {"uv": [13.5, 9, 16, 10.5], "texture": "#0"},
				"up": {"uv": [13.5, 9, 16, 10.5], "rotation": 90, "texture": "#0"},
				"down": {"uv": [13.5, 9, 16, 10.5], "texture": "#0"}
			}
		},
		{
			"from": [7.25, 3.19411, 8.10083],
			"to": [8.75, 4.69411, 10.60083],
			"rotation": {"angle": -22.5, "axis": "x", "origin": [8, 1.12925, 7.06766]},
			"faces": {
				"north": {"uv": [13.5, 10.5, 16, 9], "texture": "#0"},
				"east": {"uv": [13.5, 10.5, 16, 9], "rotation": 180, "texture": "#0"},
				"south": {"uv": [16, 9, 14.5, 10.5], "rotation": 270, "texture": "#0"},
				"west": {"uv": [13.5, 10.5, 16, 9], "texture": "#0"},
				"up": {"uv": [13.5, 10.5, 16, 9], "texture": "#0"},
				"down": {"uv": [16, 9, 13.5, 10.5], "rotation": 90, "texture": "#0"}
			}
		}
	],
	"display": {
		"thirdperson_righthand": {
			"rotation": [0, -8, 0],
			"translation": [-0.75, -2, 0.25],
			"scale": [0.81, 0.75, 0.81]
		},
		"thirdperson_lefthand": {
			"rotation": [0, -8, 0],
			"translation": [-0.75, -2, 0.25],
			"scale": [0.81, 0.75, 0.81]
		},
		"firstperson_righthand": {
			"rotation": [20, 0, 0],
			"translation": [-1.75, 3.75, 3],
			"scale": [0.34, 0.3, 0.34]
		},
		"firstperson_lefthand": {
			"rotation": [20, 0, 0],
			"translation": [-1.75, 3.75, 3],
			"scale": [0.34, 0.3, 0.34]
		},
		"gui": {
			"rotation": [90, 45, -90],
			"translation": [-1.75, 2.25, -1.5],
			"scale": [0.59, 0.59, 0.59]
		},
		"fixed": {
			"rotation": [90, -45, -90],
			"translation": [1.5, 1.75, -1.5],
			"scale": [0.68, 0.68, 0.68]
		}
	}
}