{
	"credit": "Made with Blockbench",
	"gui_light": "front",
	"textures": {
		"0": "skins/bucket",
		"1": "skins/wooden_sword",
		"particle": "skins/bucket"
	},
	"elements": [
		{
			"from": [6, 0, 5],
			"to": [10, 2, 6],
			"faces": {
				"north": {"uv": [4, 7, 8, 9], "texture": "#0"},
				"east": {"uv": [4, 7, 5, 9], "texture": "#0"},
				"south": {"uv": [4, 7, 8, 9], "texture": "#0"},
				"west": {"uv": [4, 7, 5, 9], "texture": "#0"},
				"up": {"uv": [4, 7, 8, 8], "texture": "#0"},
				"down": {"uv": [4, 7, 8, 8], "texture": "#0"}
			}
		},
		{
			"from": [9.45, 1, 4.75],
			"to": [10.45, 4.5, 6.25],
			"rotation": {"angle": 45, "axis": "y", "origin": [10.5, 3.7, 5.5]},
			"faces": {
				"north": {"uv": [0, 3.5, 1, 7], "texture": "#0"},
				"east": {"uv": [0, 3.5, 1.5, 7], "texture": "#0"},
				"south": {"uv": [0, 3.5, 1, 7], "texture": "#0"},
				"west": {"uv": [0, 3.5, 1.5, 7], "texture": "#0"},
				"up": {"uv": [0, 3.5, 1, 5], "texture": "#0"},
				"down": {"uv": [0, 3.5, 1, 5], "texture": "#0"}
			}
		},
		{
			"from": [9.45, 1, 9.75],
			"to": [10.45, 4.5, 11.25],
			"rotation": {"angle": -45, "axis": "y", "origin": [10.5, 3.7, 10.5]},
			"faces": {
				"north": {"uv": [6.5, 4, 7.5, 7.5], "texture": "#0"},
				"east": {"uv": [6.5, 4, 8, 7.5], "texture": "#0"},
				"south": {"uv": [6.5, 4, 7.5, 7.5], "texture": "#0"},
				"west": {"uv": [6.5, 4, 8, 7.5], "texture": "#0"},
				"up": {"uv": [5, 4.5, 6, 6], "texture": "#0"},
				"down": {"uv": [6.5, 4, 7.5, 5.5], "texture": "#0"}
			}
		},
		{
			"from": [5.38891, 1, 5.13891],
			"to": [6.38891, 4.5, 6.63891],
			"rotation": {"angle": -45, "axis": "y", "origin": [5.88891, 2.75, 5.88891]},
			"faces": {
				"north": {"uv": [5, 4, 6, 7.5], "texture": "#0"},
				"east": {"uv": [5, 4, 6.5, 7.5], "texture": "#0"},
				"south": {"uv": [5, 4, 6, 7.5], "texture": "#0"},
				"west": {"uv": [5, 4, 6.5, 7.5], "texture": "#0"},
				"up": {"uv": [5, 4, 6, 5.5], "texture": "#0"},
				"down": {"uv": [5, 4, 6, 5.5], "texture": "#0"}
			}
		},
		{
			"from": [5.38891, 1, 9.36109],
			"to": [6.38891, 4.5, 10.86109],
			"rotation": {"angle": 45, "axis": "y", "origin": [5.88891, 2.75, 10.11109]},
			"faces": {
				"north": {"uv": [4.5, 3.5, 5.5, 7], "texture": "#0"},
				"east": {"uv": [4.5, 3.5, 6, 7], "texture": "#0"},
				"south": {"uv": [4.5, 3.5, 5.5, 7], "texture": "#0"},
				"west": {"uv": [4.5, 3.5, 6, 7], "texture": "#0"},
				"up": {"uv": [4.5, 3.5, 5.5, 5], "texture": "#0"},
				"down": {"uv": [4.5, 3.5, 5.5, 5], "texture": "#0"}
			}
		},
		{
			"from": [5.3029, 4.38996, 9.01773],
			"to": [6.2009, 7.88796, 11.94573],
			"rotation": {"angle": 45, "axis": "y", "origin": [5.8019, 5.63896, 11.16673]},
			"faces": {
				"north": {"uv": [0, 1.5, 0.9, 5], "texture": "#0"},
				"east": {"uv": [0, 1.5, 2.93, 5], "texture": "#0"},
				"south": {"uv": [0, 1.5, 0.9, 5], "texture": "#0"},
				"west": {"uv": [0, 1.5, 2.93, 5], "texture": "#0"},
				"up": {"uv": [0, 0, 2.93, 0.9], "rotation": 90, "texture": "#0"},
				"down": {"uv": [0, 1.5, 0.9, 4.43], "texture": "#0"}
			}
		},
		{
			"from": [5.3029, 4.38996, 4.05427],
			"to": [6.2009, 7.88796, 6.98227],
			"rotation": {"angle": -45, "axis": "y", "origin": [5.8019, 5.63896, 4.83327]},
			"faces": {
				"north": {"uv": [1, 0, 1.9, 3.5], "texture": "#0"},
				"east": {"uv": [2.93, 0, 5.86, 3.5], "texture": "#0"},
				"south": {"uv": [1, 0, 1.9, 3.5], "texture": "#0"},
				"west": {"uv": [3, 0.5, 5.93, 4], "texture": "#0"},
				"up": {"uv": [4.43, 1, 7.36, 1.9], "rotation": 270, "texture": "#0"},
				"down": {"uv": [4.43, 1, 7.36, 1.9], "rotation": 90, "texture": "#0"}
			}
		},
		{
			"from": [10.28347, 4.38996, 9.21836],
			"to": [11.18147, 7.88796, 12.14636],
			"rotation": {"angle": -45, "axis": "y", "origin": [10.68247, 5.88896, 10.68236]},
			"faces": {
				"north": {"uv": [1, 0, 1.9, 3.5], "texture": "#0"},
				"east": {"uv": [4, 0.5, 6.93, 4], "texture": "#0"},
				"south": {"uv": [1, 0, 1.9, 3.5], "texture": "#0"},
				"west": {"uv": [2.93, 0, 5.86, 3.5], "texture": "#0"},
				"up": {"uv": [1.5, 2, 4.43, 2.9], "rotation": 270, "texture": "#0"},
				"down": {"uv": [1.5, 2, 4.43, 2.9], "rotation": 90, "texture": "#0"}
			}
		},
		{
			"from": [9.93347, 6.63996, 9.11836],
			"to": [11.43147, 7.63796, 12.24636],
			"rotation": {"angle": -45, "axis": "y", "origin": [10.68247, 8.13896, 10.68236]},
			"faces": {
				"north": {"uv": [9, 0, 10.5, 1], "texture": "#0"},
				"east": {"uv": [9, 0, 12.13, 1], "texture": "#0"},
				"south": {"uv": [9, 0, 10.5, 1], "texture": "#0"},
				"west": {"uv": [9, 0, 12.13, 1], "texture": "#0"},
				"up": {"uv": [9, 0, 12.13, 1.5], "rotation": 90, "texture": "#0"},
				"down": {"uv": [9, 0, 10.5, 3.13], "texture": "#0"}
			}
		},
		{
			"from": [4.56853, 6.63996, 9.11836],
			"to": [6.06653, 7.63796, 12.24636],
			"rotation": {"angle": 45, "axis": "y", "origin": [5.31753, 8.13896, 10.68236]},
			"faces": {
				"north": {"uv": [8.5, 0, 10, 1], "texture": "#0"},
				"east": {"uv": [8.5, 0, 11.63, 1], "texture": "#0"},
				"south": {"uv": [8.5, 0, 10, 1], "texture": "#0"},
				"west": {"uv": [8.5, 0, 11.63, 1], "texture": "#0"},
				"up": {"uv": [8.5, 0, 11.63, 1.5], "rotation": 90, "texture": "#0"},
				"down": {"uv": [8.5, 0, 10, 3.13], "texture": "#0"}
			}
		},
		{
			"from": [9.93347, 6.63996, 3.75364],
			"to": [11.43147, 7.63796, 6.88164],
			"rotation": {"angle": 45, "axis": "y", "origin": [10.68247, 8.13896, 5.31764]},
			"faces": {
				"north": {"uv": [9, 0, 10.5, 1], "texture": "#0"},
				"east": {"uv": [9, 0, 12.13, 1], "texture": "#0"},
				"south": {"uv": [9, 0, 10.5, 1], "texture": "#0"},
				"west": {"uv": [9, 0, 12.13, 1], "texture": "#0"},
				"up": {"uv": [9, 0, 12.13, 1.5], "rotation": 90, "texture": "#0"},
				"down": {"uv": [9, 0, 10.5, 3.13], "texture": "#0"}
			}
		},
		{
			"from": [4.56853, 6.63996, 3.75364],
			"to": [6.06653, 7.63796, 6.88164],
			"rotation": {"angle": -45, "axis": "y", "origin": [5.31753, 8.13896, 5.31764]},
			"faces": {
				"north": {"uv": [8.5, 0, 10, 1], "texture": "#0"},
				"east": {"uv": [8.5, 0, 11.63, 1], "texture": "#0"},
				"south": {"uv": [8.5, 0, 10, 1], "texture": "#0"},
				"west": {"uv": [8.5, 0, 11.63, 1], "texture": "#0"},
				"up": {"uv": [8.5, 0, 10, 3.13], "texture": "#0"},
				"down": {"uv": [8.5, 0, 10, 3.13], "texture": "#0"}
			}
		},
		{
			"from": [10.28347, 4.38996, 3.85364],
			"to": [11.18147, 7.88796, 6.78164],
			"rotation": {"angle": 45, "axis": "y", "origin": [10.68247, 5.88896, 5.31764]},
			"faces": {
				"north": {"uv": [0, 0, 0.9, 3.5], "texture": "#0"},
				"east": {"uv": [0, 0, 2.93, 3.5], "texture": "#0"},
				"south": {"uv": [0, 0, 0.9, 3.5], "texture": "#0"},
				"west": {"uv": [0, 0, 2.93, 3.5], "texture": "#0"},
				"up": {"uv": [4.43, 2, 7.36, 2.9], "rotation": 270, "texture": "#0"},
				"down": {"uv": [4.43, 2, 7.36, 2.9], "rotation": 90, "texture": "#0"}
			}
		},
		{
			"from": [6, 0, 10],
			"to": [10, 2, 11],
			"rotation": {"angle": 0, "axis": "y", "origin": [8, 8, 13]},
			"faces": {
				"north": {"uv": [0, 7, 4, 9], "texture": "#0"},
				"east": {"uv": [0, 7, 1, 9], "texture": "#0"},
				"south": {"uv": [0, 7, 4, 9], "texture": "#0"},
				"west": {"uv": [0, 7, 1, 9], "texture": "#0"},
				"up": {"uv": [0, 7, 4, 8], "texture": "#0"},
				"down": {"uv": [0, 8, 4, 9], "texture": "#0"}
			}
		},
		{
			"from": [6, 1.88478, 5.42074],
			"to": [10, 4.88478, 6.42074],
			"rotation": {"angle": -22.5, "axis": "x", "origin": [8, 0.88478, 5.92074]},
			"faces": {
				"north": {"uv": [4, 4.5, 8, 7.5], "texture": "#0"},
				"east": {"uv": [4, 3, 5, 6], "texture": "#0"},
				"south": {"uv": [4, 3, 8, 6], "texture": "#0"},
				"west": {"uv": [4, 3, 5, 6], "texture": "#0"},
				"up": {"uv": [4, 2.5, 8, 3.5], "texture": "#0"},
				"down": {"uv": [4, 3, 8, 4], "texture": "#0"}
			}
		},
		{
			"from": [4.1648, 2.96178, 6],
			"to": [5.1648, 5.96178, 10],
			"rotation": {"angle": 22.5, "axis": "z", "origin": [8, 4.5803, 8]},
			"faces": {
				"north": {"uv": [1, 4.5, 2, 7.5], "texture": "#0"},
				"east": {"uv": [1, 4.5, 5, 7.5], "texture": "#0"},
				"south": {"uv": [1, 4.5, 2, 7.5], "texture": "#0"},
				"west": {"uv": [1, 4.5, 5, 7.5], "texture": "#0"},
				"up": {"uv": [1, 4.5, 2, 8.5], "texture": "#0"},
				"down": {"uv": [1, 4.5, 2, 8.5], "texture": "#0"}
			}
		},
		{
			"from": [6, 1.88478, 9.57926],
			"to": [10, 4.88478, 10.57926],
			"rotation": {"angle": 22.5, "axis": "x", "origin": [8, 0.88478, 10.07926]},
			"faces": {
				"north": {"uv": [0, 4, 4, 7], "texture": "#0"},
				"east": {"uv": [0, 4, 1, 7], "texture": "#0"},
				"south": {"uv": [0, 4, 4, 7], "texture": "#0"},
				"west": {"uv": [0, 4, 1, 7], "texture": "#0"},
				"up": {"uv": [0, 3.5, 4, 4.5], "texture": "#0"},
				"down": {"uv": [0, 4, 4, 5], "texture": "#0"}
			}
		},
		{
			"from": [6, 4.38896, 11.17193],
			"to": [10, 7.88896, 12.07193],
			"rotation": {"angle": 0, "axis": "x", "origin": [8, 5.88896, 11.57193]},
			"faces": {
				"north": {"uv": [0, 0.5, 4, 4], "texture": "#0"},
				"east": {"uv": [0, 0.5, 0.9, 4], "texture": "#0"},
				"south": {"uv": [0, 0.5, 4, 4], "texture": "#0"},
				"west": {"uv": [0, 0.5, 0.9, 4], "texture": "#0"},
				"up": {"uv": [0, 0, 4, 0.9], "texture": "#0"},
				"down": {"uv": [0, 0.5, 4, 1.4], "texture": "#0"}
			}
		},
		{
			"from": [5.9, 6.63896, 10.82193],
			"to": [10.1, 7.63896, 12.32193],
			"rotation": {"angle": 0, "axis": "x", "origin": [8, 8.13896, 11.57193]},
			"faces": {
				"north": {"uv": [8.5, 0, 12.7, 1], "rotation": 180, "texture": "#0"},
				"east": {"uv": [8.5, 0, 10, 1], "rotation": 180, "texture": "#0"},
				"south": {"uv": [8.5, 0, 12.7, 1], "rotation": 180, "texture": "#0"},
				"west": {"uv": [8.5, 0, 10, 1], "rotation": 180, "texture": "#0"},
				"up": {"uv": [8.5, 0, 12.7, 1.5], "rotation": 180, "texture": "#0"},
				"down": {"uv": [8.5, 0, 12.7, 1.5], "rotation": 180, "texture": "#0"}
			}
		},
		{
			"from": [5.9, 6.63896, 3.67807],
			"to": [10.1, 7.63896, 5.17807],
			"rotation": {"angle": 0, "axis": "x", "origin": [8, 8.13896, 4.42807]},
			"faces": {
				"north": {"uv": [8.1, 0, 12.3, 1], "rotation": 180, "texture": "#0"},
				"east": {"uv": [8.1, 0, 9.6, 1], "rotation": 180, "texture": "#0"},
				"south": {"uv": [8.1, 0, 12.3, 1], "rotation": 180, "texture": "#0"},
				"west": {"uv": [8.1, 0, 9.6, 1], "rotation": 180, "texture": "#0"},
				"up": {"uv": [8.1, 0, 12.3, 1.5], "rotation": 180, "texture": "#0"},
				"down": {"uv": [8.1, 0, 12.3, 1.5], "rotation": 180, "texture": "#0"}
			}
		},
		{
			"from": [11.17193, 4.38896, 6],
			"to": [12.07193, 7.88896, 10],
			"rotation": {"angle": 0, "axis": "y", "origin": [8, 5.88896, 8]},
			"faces": {
				"north": {"uv": [0, 1, 3.5, 1.9], "rotation": 270, "texture": "#0"},
				"east": {"uv": [1, 1, 5, 4.5], "texture": "#0"},
				"south": {"uv": [0, 1, 3.5, 1.9], "rotation": 90, "texture": "#0"},
				"west": {"uv": [4, 0, 8, 3.5], "texture": "#0"},
				"up": {"uv": [0, 1, 4, 1.9], "rotation": 90, "texture": "#0"},
				"down": {"uv": [0, 1, 4, 1.9], "rotation": 90, "texture": "#0"}
			}
		},
		{
			"from": [11.42193, 4.13896, 7.5],
			"to": [12.32193, 6.63896, 8.5],
			"rotation": {"angle": 0, "axis": "y", "origin": [8, 5.88896, 8]},
			"faces": {
				"north": {"uv": [8, 2.5, 8.9, 5], "texture": "#0"},
				"east": {"uv": [8, 2.5, 9, 5], "texture": "#0"},
				"south": {"uv": [8, 2.5, 8.9, 5], "texture": "#0"},
				"west": {"uv": [8, 2.5, 9, 5], "texture": "#0"},
				"up": {"uv": [8, 2.5, 8.9, 3.5], "texture": "#0"},
				"down": {"uv": [8, 2.5, 8.9, 3.5], "texture": "#0"}
			}
		},
		{
			"from": [3.67807, 4.13896, 7.5],
			"to": [4.57807, 6.63896, 8.5],
			"rotation": {"angle": 0, "axis": "y", "origin": [8, 5.88896, 8]},
			"faces": {
				"north": {"uv": [9, 2.5, 9.9, 5], "texture": "#0"},
				"east": {"uv": [9, 2.5, 10, 5], "texture": "#0"},
				"south": {"uv": [9, 2.5, 9.9, 5], "texture": "#0"},
				"west": {"uv": [9, 2.5, 10, 5], "texture": "#0"},
				"up": {"uv": [9, 2.5, 9.9, 3.5], "texture": "#0"},
				"down": {"uv": [9, 2.5, 9.9, 3.5], "texture": "#0"}
			}
		},
		{
			"from": [10.82193, 6.63896, 5.9],
			"to": [12.32193, 7.63896, 10.1],
			"rotation": {"angle": 0, "axis": "y", "origin": [8, 8.13896, 8]},
			"faces": {
				"north": {"uv": [8.5, 0, 10, 1], "rotation": 180, "texture": "#0"},
				"east": {"uv": [8.5, 0, 12.6, 1], "rotation": 180, "texture": "#0"},
				"south": {"uv": [8.5, 0, 10, 1], "rotation": 180, "texture": "#0"},
				"west": {"uv": [8.5, 0, 12.6, 1], "rotation": 180, "texture": "#0"},
				"up": {"uv": [8.5, 0, 12.6, 1.5], "rotation": 270, "texture": "#0"},
				"down": {"uv": [8.5, 0, 10, 4.1], "rotation": 180, "texture": "#0"}
			}
		},
		{
			"from": [3.67807, 6.63896, 5.9],
			"to": [5.17807, 7.63896, 10.1],
			"rotation": {"angle": 0, "axis": "y", "origin": [8, 8.13896, 8]},
			"faces": {
				"north": {"uv": [0, 2.5, 1, 4], "rotation": 270, "texture": "#0"},
				"east": {"uv": [8.1, 0, 12.3, 1], "texture": "#0"},
				"south": {"uv": [0, 2.5, 1, 4], "rotation": 90, "texture": "#0"},
				"west": {"uv": [8.1, 0, 12.3, 1], "rotation": 180, "texture": "#0"},
				"up": {"uv": [8.5, 0, 12.7, 1.5], "rotation": 90, "texture": "#0"},
				"down": {"uv": [0, 2.5, 4.2, 4], "rotation": 90, "texture": "#0"}
			}
		},
		{
			"from": [3.82807, 6.63896, 7],
			"to": [4.92807, 8.63896, 9],
			"rotation": {"angle": 45, "axis": "x", "origin": [4.42807, 7.63896, 8]},
			"faces": {
				"north": {"uv": [9, 3, 10, 5], "rotation": 180, "texture": "#0"},
				"east": {"uv": [9, 3, 11, 5], "rotation": 180, "texture": "#0"},
				"south": {"uv": [9, 3, 10.1, 5], "rotation": 180, "texture": "#0"},
				"west": {"uv": [9, 3, 11, 5], "rotation": 180, "texture": "#0"},
				"up": {"uv": [8.5, 3, 9.5, 5], "rotation": 180, "texture": "#0"},
				"down": {"uv": [9, 3, 10.1, 5], "rotation": 180, "texture": "#0"}
			}
		},
		{
			"from": [11.07193, 6.63896, 7],
			"to": [12.17193, 8.63896, 9],
			"rotation": {"angle": 45, "axis": "x", "origin": [11.57193, 7.63896, 8]},
			"faces": {
				"north": {"uv": [10, 3, 9, 5], "rotation": 180, "texture": "#0"},
				"east": {"uv": [11, 3, 9, 5], "rotation": 180, "texture": "#0"},
				"south": {"uv": [10.1, 3, 9, 5], "rotation": 180, "texture": "#0"},
				"west": {"uv": [11, 3, 9, 5], "rotation": 180, "texture": "#0"},
				"up": {"uv": [9.5, 3, 8.5, 5], "rotation": 180, "texture": "#0"},
				"down": {"uv": [10.1, 3, 9, 5], "rotation": 180, "texture": "#0"}
			}
		},
		{
			"from": [3.57807, 7.13896, 7.5],
			"to": [4.67807, 8.13896, 8.5],
			"rotation": {"angle": 45, "axis": "x", "origin": [4.42807, 7.63896, 8]},
			"faces": {
				"north": {"uv": [10, 6.5, 11, 7.5], "rotation": 180, "texture": "#0"},
				"east": {"uv": [10, 6.5, 11, 7.5], "rotation": 180, "texture": "#0"},
				"south": {"uv": [10, 6.5, 11, 7.5], "rotation": 180, "texture": "#0"},
				"west": {"uv": [10, 6.5, 11, 7.5], "rotation": 180, "texture": "#0"},
				"up": {"uv": [10, 6.5, 11, 7.5], "rotation": 180, "texture": "#0"},
				"down": {"uv": [10, 6.5, 11, 7.5], "rotation": 180, "texture": "#0"}
			}
		},
		{
			"from": [11.32193, 7.13896, 7.5],
			"to": [12.42193, 8.13896, 8.5],
			"rotation": {"angle": 45, "axis": "x", "origin": [11.57193, 7.63896, 8]},
			"faces": {
				"north": {"uv": [10, 6.5, 11, 7.5], "rotation": 180, "texture": "#0"},
				"east": {"uv": [10, 6.5, 11, 7.5], "rotation": 180, "texture": "#0"},
				"south": {"uv": [10, 6.5, 11, 7.5], "rotation": 180, "texture": "#0"},
				"west": {"uv": [10, 6.5, 11, 7.5], "rotation": 180, "texture": "#0"},
				"up": {"uv": [10, 6.5, 11, 7.5], "rotation": 180, "texture": "#0"},
				"down": {"uv": [10, 6.5, 11, 7.5], "rotation": 180, "texture": "#0"}
			}
		},
		{
			"from": [3.77807, 8.10672, 7.71777],
			"to": [4.37807, 8.70672, 12.31777],
			"rotation": {"angle": -22.5, "axis": "x", "origin": [4.07807, 9.40672, 9.76777]},
			"faces": {
				"north": {"uv": [2.5, 1, 3, 6], "rotation": 180, "texture": "#0"},
				"east": {"uv": [2.5, 1, 3, 6], "rotation": 270, "texture": "#0"},
				"south": {"uv": [2.5, 1, 3, 6], "rotation": 180, "texture": "#0"},
				"west": {"uv": [2.5, 1, 3, 6], "rotation": 90, "texture": "#0"},
				"up": {"uv": [2.5, 1, 3, 6], "rotation": 180, "texture": "#0"},
				"down": {"uv": [2.5, 1, 3, 6], "texture": "#0"}
			}
		},
		{
			"from": [11.62193, 8.10672, 7.71777],
			"to": [12.22193, 8.70672, 12.31777],
			"rotation": {"angle": -22.5, "axis": "x", "origin": [11.92193, 9.40672, 9.76777]},
			"faces": {
				"north": {"uv": [3, 1, 2.5, 6], "rotation": 180, "texture": "#0"},
				"east": {"uv": [2.5, 6, 3, 1], "rotation": 90, "texture": "#0"},
				"south": {"uv": [3, 1, 2.5, 6], "rotation": 180, "texture": "#0"},
				"west": {"uv": [2.5, 6, 3, 1], "rotation": 270, "texture": "#0"},
				"up": {"uv": [3, 1, 2.5, 6], "rotation": 180, "texture": "#0"},
				"down": {"uv": [3, 1, 2.5, 6], "texture": "#0"}
			}
		},
		{
			"from": [3.57807, 8.07851, 11.88142],
			"to": [5.57807, 9.07851, 12.88142],
			"rotation": {"angle": -22.5, "axis": "x", "origin": [4.07807, 8.57851, 10.38142]},
			"faces": {
				"north": {"uv": [1.5, 6.5, 2.5, 8.5], "rotation": 270, "texture": "#0"},
				"east": {"uv": [1.5, 6.5, 2.5, 7.5], "rotation": 270, "texture": "#0"},
				"south": {"uv": [1.5, 6.5, 2.5, 8.5], "rotation": 270, "texture": "#0"},
				"west": {"uv": [1.5, 6.5, 2.5, 7.5], "rotation": 270, "texture": "#0"},
				"up": {"uv": [1.5, 6.5, 2.5, 8.5], "rotation": 270, "texture": "#0"},
				"down": {"uv": [1.5, 6.5, 2.5, 8.5], "rotation": 270, "texture": "#0"}
			}
		},
		{
			"from": [5.57807, 7.82851, 12.13142],
			"to": [10.42807, 9.32851, 13.63142],
			"rotation": {"angle": -22.5, "axis": "x", "origin": [4.07807, 8.57851, 10.38142]},
			"faces": {
				"north": {"uv": [3.5, 8, 5, 12.85], "rotation": 90, "texture": "#1"},
				"east": {"uv": [3.5, 8, 5, 9.5], "rotation": 270, "texture": "#1"},
				"south": {"uv": [3.5, 8, 5, 12.85], "rotation": 270, "texture": "#1"},
				"west": {"uv": [1.5, 9, 3, 10.5], "rotation": 270, "texture": "#1"},
				"up": {"uv": [3.5, 8, 5, 12.85], "rotation": 270, "texture": "#1"},
				"down": {"uv": [3.5, 8, 5, 12.85], "rotation": 270, "texture": "#1"}
			}
		},
		{
			"from": [10.42807, 8.07851, 11.88142],
			"to": [12.42807, 9.07851, 12.88142],
			"rotation": {"angle": -22.5, "axis": "x", "origin": [4.07807, 8.57851, 10.38142]},
			"faces": {
				"north": {"uv": [1.5, 6.5, 2.5, 8.5], "rotation": 270, "texture": "#0"},
				"east": {"uv": [1.5, 6.5, 2.5, 7.5], "rotation": 270, "texture": "#0"},
				"south": {"uv": [1.5, 6.5, 2.5, 8.5], "rotation": 270, "texture": "#0"},
				"west": {"uv": [1.5, 6.5, 2.5, 7.5], "rotation": 270, "texture": "#0"},
				"up": {"uv": [1.5, 6.5, 2.5, 8.5], "rotation": 270, "texture": "#0"},
				"down": {"uv": [1.5, 6.5, 2.5, 8.5], "rotation": 270, "texture": "#0"}
			}
		},
		{
			"from": [6, 4.38896, 3.92807],
			"to": [10, 7.88896, 4.82807],
			"rotation": {"angle": 0, "axis": "x", "origin": [8, 5.88896, 4.42807]},
			"faces": {
				"north": {"uv": [4, 0.5, 8, 4], "texture": "#0"},
				"east": {"uv": [4, 0.5, 4.9, 4], "texture": "#0"},
				"south": {"uv": [4, 0, 8, 3.5], "texture": "#0"},
				"west": {"uv": [4, 0.5, 4.9, 4], "texture": "#0"},
				"up": {"uv": [4, 0.5, 8, 1.4], "texture": "#0"},
				"down": {"uv": [4, 0.5, 8, 1.4], "texture": "#0"}
			}
		},
		{
			"from": [3.92807, 4.38896, 6],
			"to": [4.82807, 7.88896, 10],
			"rotation": {"angle": 0, "axis": "y", "origin": [8, 5.88896, 8]},
			"faces": {
				"north": {"uv": [1, 1, 1.9, 4.5], "texture": "#0"},
				"east": {"uv": [1, 1, 5, 4.5], "texture": "#0"},
				"south": {"uv": [1, 1, 1.9, 4.5], "texture": "#0"},
				"west": {"uv": [1, 1, 5, 4.5], "texture": "#0"},
				"up": {"uv": [0, 0, 4, 0.9], "rotation": 90, "texture": "#0"},
				"down": {"uv": [1, 1, 1.9, 5], "texture": "#0"}
			}
		},
		{
			"from": [10.8352, 2.96178, 6],
			"to": [11.8352, 5.96178, 10],
			"rotation": {"angle": -22.5, "axis": "z", "origin": [8, 4.5803, 8]},
			"faces": {
				"north": {"uv": [1, 3, 2, 6], "texture": "#0"},
				"east": {"uv": [1, 4.5, 5, 7.5], "texture": "#0"},
				"south": {"uv": [1, 3, 2, 6], "texture": "#0"},
				"west": {"uv": [1, 3, 5, 6], "texture": "#0"},
				"up": {"uv": [1, 3, 2, 7], "texture": "#0"},
				"down": {"uv": [1, 3, 2, 7], "texture": "#0"}
			}
		},
		{
			"from": [11.10423, 2.30745, 7.5],
			"to": [12.10423, 5.80745, 8.5],
			"rotation": {"angle": -22.5, "axis": "z", "origin": [8.01903, 4.42597, 8]},
			"faces": {
				"north": {"uv": [8, 5.5, 9, 9], "texture": "#0"},
				"east": {"uv": [8, 5.5, 9, 9], "texture": "#0"},
				"south": {"uv": [8, 5.5, 9, 9], "texture": "#0"},
				"west": {"uv": [8, 5.5, 9, 9], "texture": "#0"},
				"up": {"uv": [8, 5.5, 9, 6.5], "texture": "#0"},
				"down": {"uv": [8, 5.5, 9, 6.5], "texture": "#0"}
			}
		},
		{
			"from": [3.89577, 2.30745, 7.5],
			"to": [4.89577, 5.80745, 8.5],
			"rotation": {"angle": 22.5, "axis": "z", "origin": [7.98097, 4.42597, 8]},
			"faces": {
				"north": {"uv": [9, 5.5, 10, 9], "texture": "#0"},
				"east": {"uv": [9, 5.5, 10, 9], "texture": "#0"},
				"south": {"uv": [9, 5.5, 10, 9], "texture": "#0"},
				"west": {"uv": [9, 5.5, 10, 9], "texture": "#0"},
				"up": {"uv": [9, 5.5, 10, 6.5], "texture": "#0"},
				"down": {"uv": [9, 5.5, 10, 6.5], "texture": "#0"}
			}
		},
		{
			"from": [10, 0, 6],
			"to": [11, 2, 10],
			"rotation": {"angle": 0, "axis": "y", "origin": [8, 0.5, 8]},
			"faces": {
				"north": {"uv": [1, 7, 2, 9], "texture": "#0"},
				"east": {"uv": [1, 7, 5, 9], "texture": "#0"},
				"south": {"uv": [1, 7, 2, 9], "texture": "#0"},
				"west": {"uv": [1, 7, 5, 9], "texture": "#0"},
				"up": {"uv": [1, 7, 2, 11], "texture": "#0"},
				"down": {"uv": [0, 7.5, 4, 8.5], "rotation": 90, "texture": "#0"}
			}
		},
		{
			"from": [5, 0, 6],
			"to": [6, 2, 10],
			"rotation": {"angle": 0, "axis": "y", "origin": [8, 0.5, 8]},
			"faces": {
				"north": {"uv": [1, 7, 2, 9], "texture": "#0"},
				"east": {"uv": [1, 7, 5, 9], "texture": "#0"},
				"south": {"uv": [1, 7, 2, 9], "texture": "#0"},
				"west": {"uv": [1, 7, 5, 9], "texture": "#0"},
				"up": {"uv": [1, 7, 2, 11], "texture": "#0"},
				"down": {"uv": [1, 8, 5, 9], "rotation": 90, "texture": "#0"}
			}
		},
		{
			"from": [6, 0.5, 6],
			"to": [10, 1.5, 10],
			"rotation": {"angle": 0, "axis": "y", "origin": [9, 0.5, 8]},
			"faces": {
				"north": {"uv": [0, 0, 4, 1], "texture": "#0"},
				"east": {"uv": [0, 0, 4, 1], "texture": "#0"},
				"south": {"uv": [0, 0, 4, 1], "texture": "#0"},
				"west": {"uv": [0, 0, 4, 1], "texture": "#0"},
				"up": {"uv": [3, 0, 7, 4], "texture": "#0"},
				"down": {"uv": [0, 5.5, 4, 9.5], "rotation": 90, "texture": "#0"}
			}
		}
	],
	"display": {
		"thirdperson_righthand": {
			"rotation": [18, 0, 0],
			"translation": [0, -0.75, -3.5],
			"scale": [0.9, 0.9, 0.9]
		},
		"thirdperson_lefthand": {
			"rotation": [18, 0, 0],
			"translation": [0, -0.75, -3.5],
			"scale": [0.9, 0.9, 0.9]
		},
		"firstperson_righthand": {
			"rotation": [14, 14, 16],
			"translation": [1.75, 3.5, -3]
		},
		"firstperson_lefthand": {
			"rotation": [14, 14, 16],
			"translation": [1.75, 3.5, -3]
		},
		"ground": {
			"rotation": [-33, -22, 24],
			"translation": [-1.25, 3.5, -2.75]
		},
		"gui": {
			"rotation": [20, 135, 24],
			"translation": [0, 2.25, 0],
			"scale": [1.21, 1.21, 1.21]
		},
		"fixed": {
			"rotation": [-20, -1, 0],
			"translation": [0, 3.25, -6],
			"scale": [1.44, 1.44, 1.44]
		}
	}
}