{
	"credit": "Made with Blockbench",
	"textures": {
		"2": "skins/string",
		"3": "skins/wooden_sword"
	},
	"elements": [
		{
			"from": [6, -0.1, -3.45],
			"to": [10, 1.4, 2.55],
			"rotation": {"angle": 0, "axis": "y", "origin": [14, 7.9, 4.55]},
			"faces": {
				"north": {"uv": [0, 8.5, 4, 10], "rotation": 180, "texture": "#3"},
				"east": {"uv": [0, 9, 6, 10.5], "rotation": 180, "texture": "#3"},
				"south": {"uv": [4, 10, 8, 11.5], "rotation": 180, "texture": "#3"},
				"west": {"uv": [0, 10, 6, 11.5], "rotation": 180, "texture": "#3"},
				"up": {"uv": [0, 8.5, 6, 12.5], "rotation": 90, "texture": "#3"},
				"down": {"uv": [0, 8.5, 6, 12.5], "rotation": 90, "texture": "#3"}
			}
		},
		{
			"from": [5.23417, -0.09, -3.28568],
			"to": [7.21417, 1.39, 1.69432],
			"rotation": {"angle": 22.5, "axis": "y", "origin": [6.22417, 0.9, -0.29568]},
			"faces": {
				"north": {"uv": [0, 10.5, 2, 12], "rotation": 180, "texture": "#3"},
				"east": {"uv": [0, 11, 5, 13], "rotation": 90, "texture": "#3"},
				"south": {"uv": [0, 11, 5, 13], "rotation": 90, "texture": "#3"},
				"west": {"uv": [0, 11, 5, 12.5], "rotation": 180, "texture": "#3"},
				"up": {"uv": [0, 11, 5, 13], "rotation": 90, "texture": "#3"},
				"down": {"uv": [0, 11, 5, 13], "rotation": 90, "texture": "#3"}
			}
		},
		{
			"from": [8.78583, -0.09, -3.28568],
			"to": [10.76583, 1.39, 1.69432],
			"rotation": {"angle": -22.5, "axis": "y", "origin": [9.77583, 0.9, -0.29568]},
			"faces": {
				"north": {"uv": [0, 10.5, 2, 12], "rotation": 180, "texture": "#3"},
				"east": {"uv": [5, 11, 0, 12.5], "rotation": 180, "texture": "#3"},
				"south": {"uv": [0, 13, 5, 11], "rotation": 90, "texture": "#3"},
				"west": {"uv": [0, 13, 5, 11], "rotation": 90, "texture": "#3"},
				"up": {"uv": [0, 13, 5, 11], "rotation": 90, "texture": "#3"},
				"down": {"uv": [0, 13, 5, 11], "rotation": 90, "texture": "#3"}
			}
		},
		{
			"from": [6.5, -0.1, 2.5],
			"to": [9.5, 1.4, 9],
			"rotation": {"angle": 0, "axis": "y", "origin": [14.5, 7.9, 10.5]},
			"faces": {
				"north": {"uv": [0, 9, 1.5, 12], "rotation": 90, "texture": "#3"},
				"east": {"uv": [0, 9, 6.5, 10.5], "rotation": 180, "texture": "#3"},
				"south": {"uv": [0, 9, 1.5, 12], "rotation": 90, "texture": "#3"},
				"west": {"uv": [0, 9, 6.5, 10.5], "rotation": 180, "texture": "#3"},
				"up": {"uv": [0, 9, 6.5, 12], "rotation": 90, "texture": "#3"},
				"down": {"uv": [0, 9, 6.5, 12], "rotation": 90, "texture": "#3"}
			}
		},
		{
			"from": [6.76, -4.69069, 11.84445],
			"to": [9.24, 2.78931, 12.82445],
			"rotation": {"angle": -22.5, "axis": "x", "origin": [7.5, 0.29931, 12.58445]},
			"faces": {
				"north": {"uv": [0, 9, 7.5, 11.5], "rotation": 270, "texture": "#3"},
				"east": {"uv": [0, 9, 7.5, 10], "rotation": 90, "texture": "#3"},
				"south": {"uv": [0, 9, 7.5, 11.5], "rotation": 90, "texture": "#3"},
				"west": {"uv": [0, 9, 7.5, 10], "rotation": 270, "texture": "#3"},
				"up": {"uv": [0, 9, 1, 11.5], "rotation": 270, "texture": "#3"},
				"down": {"uv": [0, 9, 1, 11.5], "rotation": 90, "texture": "#3"}
			}
		},
		{
			"from": [7.25, 2.74603, 7.32065],
			"to": [8.75, 3.24603, 11.82065],
			"rotation": {"angle": 22.5, "axis": "x", "origin": [8, 3.12103, 9.82065]},
			"faces": {
				"north": {"uv": [0, 9, 0.5, 10.5], "rotation": 90, "texture": "#3"},
				"east": {"uv": [0, 9, 4.5, 9.5], "rotation": 180, "texture": "#3"},
				"south": {"uv": [0, 9, 0.5, 10.5], "rotation": 90, "texture": "#3"},
				"west": {"uv": [0, 9, 4.5, 9.5], "rotation": 180, "texture": "#3"},
				"up": {"uv": [0, 9, 4.5, 10.5], "rotation": 90, "texture": "#3"},
				"down": {"uv": [0, 9, 4.5, 10.5], "rotation": 90, "texture": "#3"}
			}
		},
		{
			"from": [7.5, 2.99603, 7.82065],
			"to": [8.5, 3.49603, 12.32065],
			"rotation": {"angle": 22.5, "axis": "x", "origin": [8, 3.12103, 9.82065]},
			"faces": {
				"north": {"uv": [0, 15, 0.5, 16], "rotation": 90, "texture": "#3"},
				"east": {"uv": [0, 15.5, 4.5, 16], "rotation": 180, "texture": "#3"},
				"south": {"uv": [0, 15, 0.5, 16], "rotation": 90, "texture": "#3"},
				"west": {"uv": [0, 15.5, 4.5, 16], "rotation": 180, "texture": "#3"},
				"up": {"uv": [0, 15, 4.5, 16], "rotation": 90, "texture": "#3"},
				"down": {"uv": [0, 15, 4.5, 16], "rotation": 90, "texture": "#3"}
			}
		},
		{
			"from": [7, 0.4, -4.15],
			"to": [9, 1.9, 9.5],
			"rotation": {"angle": 0, "axis": "y", "origin": [15, 8.4, 6]},
			"faces": {
				"north": {"uv": [0, 14, 1.5, 16], "rotation": 270, "texture": "#3"},
				"east": {"uv": [0, 14.5, 13.65, 16], "rotation": 180, "texture": "#3"},
				"south": {"uv": [0, 14, 1.5, 16], "rotation": 270, "texture": "#3"},
				"west": {"uv": [0, 14, 13.65, 15.5], "rotation": 180, "texture": "#3"},
				"up": {"uv": [0, 14, 13.65, 16], "rotation": 270, "texture": "#3"},
				"down": {"uv": [0, 14, 13.65, 16], "rotation": 270, "texture": "#3"}
			}
		},
		{
			"from": [7, -1.1, -2.57579],
			"to": [9, 0.9, 6.42421],
			"rotation": {"angle": 0, "axis": "z", "origin": [8, -0.17613, 2.92421]},
			"faces": {
				"north": {"uv": [0, 14, 2, 16], "rotation": 270, "texture": "#3"},
				"east": {"uv": [0, 14, 9, 16], "rotation": 180, "texture": "#3"},
				"south": {"uv": [0, 14, 2, 16], "rotation": 270, "texture": "#3"},
				"west": {"uv": [0, 14, 9, 16], "rotation": 180, "texture": "#3"},
				"up": {"uv": [0, 14, 9, 16], "rotation": 270, "texture": "#3"},
				"down": {"uv": [0, 14, 9, 16], "rotation": 270, "texture": "#3"}
			}
		},
		{
			"from": [7.01, -1.92283, 6.1266],
			"to": [8.99, 0.05717, 10.1066],
			"rotation": {"angle": 22.5, "axis": "x", "origin": [8, -0.93283, 8.6166]},
			"faces": {
				"north": {"uv": [0, 14, 2, 16], "rotation": 270, "texture": "#3"},
				"east": {"uv": [0, 14, 4, 16], "rotation": 180, "texture": "#3"},
				"south": {"uv": [6, 14, 8, 16], "rotation": 180, "texture": "#3"},
				"west": {"uv": [0, 14, 4, 16], "rotation": 180, "texture": "#3"},
				"up": {"uv": [0, 14, 4, 16], "rotation": 270, "texture": "#3"},
				"down": {"uv": [0, 14, 4, 16], "rotation": 270, "texture": "#3"}
			}
		},
		{
			"from": [7.01, -0.32003, 9.06642],
			"to": [8.99, 1.65997, 12.56642],
			"rotation": {"angle": 22.5, "axis": "x", "origin": [8, 0.66997, 9.85642]},
			"faces": {
				"north": {"uv": [0, 14, 2, 16], "rotation": 270, "texture": "#3"},
				"east": {"uv": [0, 14, 3.77, 16], "rotation": 180, "texture": "#3"},
				"south": {"uv": [0, 14, 2, 16], "rotation": 180, "texture": "#3"},
				"west": {"uv": [0, 14, 3.77, 16], "rotation": 180, "texture": "#3"},
				"up": {"uv": [0, 14, 3.77, 16], "rotation": 270, "texture": "#3"},
				"down": {"uv": [0, 14, 3.77, 16], "rotation": 270, "texture": "#3"}
			}
		},
		{
			"from": [7.25, -5.22024, 11.73616],
			"to": [8.75, 2.77976, 13.73616],
			"rotation": {"angle": -22.5, "axis": "x", "origin": [8, -0.72024, 12.73616]},
			"faces": {
				"north": {"uv": [0, 14, 8, 15.5], "rotation": 90, "texture": "#3"},
				"east": {"uv": [0, 14, 8, 16], "rotation": 270, "texture": "#3"},
				"south": {"uv": [0, 14, 8, 15.5], "rotation": 270, "texture": "#3"},
				"west": {"uv": [0, 14, 8, 16], "rotation": 90, "texture": "#3"},
				"up": {"uv": [0, 14, 2, 15.5], "rotation": 270, "texture": "#3"},
				"down": {"uv": [0, 14, 2, 15.5], "rotation": 90, "texture": "#3"}
			}
		},
		{
			"from": [7.01, -0.67579, -3.76579],
			"to": [8.99, 1.30421, -1.58579],
			"rotation": {"angle": 45, "axis": "x", "origin": [8, 0.31421, -2.57579]},
			"faces": {
				"north": {"uv": [0, 14, 2, 16], "rotation": 180, "texture": "#3"},
				"east": {"uv": [0, 14, 2, 16], "texture": "#3"},
				"south": {"uv": [0, 14, 2, 16], "texture": "#3"},
				"west": {"uv": [0, 13.5, 2, 15.5], "texture": "#3"},
				"up": {"uv": [0, 14, 2, 16], "texture": "#3"},
				"down": {"uv": [0, 14, 2, 16], "texture": "#3"}
			}
		},
		{
			"from": [-0.78881, 1.65222, 4.81433],
			"to": [10.09119, 2.23222, 5.39433],
			"rotation": {"angle": -45, "axis": "y", "origin": [3.55119, 1.94222, 5.10433]},
			"faces": {
				"north": {"uv": [9, 0.5, 16, 1], "texture": "#2"},
				"east": {"uv": [9, 0.5, 16, 1], "rotation": 180, "texture": "#2"},
				"south": {"uv": [9, 0.5, 16, 1], "rotation": 180, "texture": "#2"},
				"west": {"uv": [9, 0.5, 16, 1], "rotation": 180, "texture": "#2"},
				"up": {"uv": [9, 0.5, 16, 1], "rotation": 180, "texture": "#2"},
				"down": {"uv": [9, 0.5, 16, 1], "rotation": 180, "texture": "#2"}
			}
		},
		{
			"from": [5.90881, 1.65222, 4.81433],
			"to": [16.78881, 2.23222, 5.39433],
			"rotation": {"angle": 45, "axis": "y", "origin": [12.44881, 1.94222, 5.10433]},
			"faces": {
				"north": {"uv": [16, 0.5, 9, 1], "texture": "#2"},
				"east": {"uv": [16, 0.5, 9, 1], "rotation": 180, "texture": "#2"},
				"south": {"uv": [16, 0.5, 9, 1], "rotation": 180, "texture": "#2"},
				"west": {"uv": [16, 0.5, 9, 1], "rotation": 180, "texture": "#2"},
				"up": {"uv": [16, 0.5, 9, 1], "rotation": 180, "texture": "#2"},
				"down": {"uv": [16, 0.5, 9, 1], "rotation": 180, "texture": "#2"}
			}
		},
		{
			"from": [3.9781, 0.64222, -1.46327],
			"to": [6.4781, 2.24222, 0.13673],
			"rotation": {"angle": -45, "axis": "y", "origin": [9.94111, 1.53333, -1.61163]},
			"faces": {
				"north": {"uv": [16, 10, 13.5, 10.5], "texture": "#3"},
				"east": {"uv": [15, 10.5, 16, 9.5], "rotation": 90, "texture": "#3"},
				"south": {"uv": [16, 9, 13.5, 9.5], "rotation": 180, "texture": "#3"},
				"west": {"uv": [12.5, 10.5, 13, 9], "rotation": 270, "texture": "#3"},
				"up": {"uv": [16, 9, 13.5, 10.5], "rotation": 180, "texture": "#3"},
				"down": {"uv": [16, 10.5, 13.5, 9], "rotation": 180, "texture": "#3"}
			}
		},
		{
			"from": [9.5219, 0.64222, -1.46327],
			"to": [12.0219, 2.24222, 0.13673],
			"rotation": {"angle": 45, "axis": "y", "origin": [6.05889, 1.53333, -1.61163]},
			"faces": {
				"north": {"uv": [13.5, 10, 16, 10.5], "texture": "#3"},
				"east": {"uv": [12.5, 9, 13, 10.5], "rotation": 270, "texture": "#3"},
				"south": {"uv": [13.5, 9, 16, 9.5], "rotation": 180, "texture": "#3"},
				"west": {"uv": [15, 9.5, 16, 10.5], "rotation": 90, "texture": "#3"},
				"up": {"uv": [13.5, 9, 16, 10.5], "rotation": 180, "texture": "#3"},
				"down": {"uv": [13.5, 10.5, 16, 9], "rotation": 180, "texture": "#3"}
			}
		},
		{
			"from": [1.08395, 0.79222, -3.87918],
			"to": [5.58395, 2.09222, -2.02918],
			"rotation": {"angle": 22.5, "axis": "y", "origin": [3.33395, 1.44222, -2.95418]},
			"faces": {
				"north": {"uv": [5, 11, 0, 12.5], "texture": "#3"},
				"east": {"uv": [5, 11, 0, 13.5], "rotation": 180, "texture": "#3"},
				"south": {"uv": [5, 11, 0, 12.5], "texture": "#3"},
				"west": {"uv": [5, 11, 0, 13.5], "rotation": 180, "texture": "#3"},
				"up": {"uv": [5, 11, 0, 13.5], "rotation": 180, "texture": "#3"},
				"down": {"uv": [5, 11, 0, 13.5], "rotation": 180, "texture": "#3"}
			}
		},
		{
			"from": [10.41605, 0.79222, -3.87918],
			"to": [14.91605, 2.09222, -2.02918],
			"rotation": {"angle": -22.5, "axis": "y", "origin": [12.66605, 1.44222, -2.95418]},
			"faces": {
				"north": {"uv": [0, 11, 5, 12.5], "texture": "#3"},
				"east": {"uv": [0, 11, 5, 13.5], "rotation": 180, "texture": "#3"},
				"south": {"uv": [0, 11, 5, 12.5], "texture": "#3"},
				"west": {"uv": [0, 11, 5, 13.5], "rotation": 180, "texture": "#3"},
				"up": {"uv": [0, 11, 5, 13.5], "rotation": 180, "texture": "#3"},
				"down": {"uv": [0, 11, 5, 13.5], "rotation": 180, "texture": "#3"}
			}
		},
		{
			"from": [1.08395, 0.54222, -3.52918],
			"to": [5.58395, 2.34222, -2.37918],
			"rotation": {"angle": 22.5, "axis": "y", "origin": [3.33395, 1.44222, -2.95418]},
			"faces": {
				"north": {"uv": [5, 14, 0, 15.5], "texture": "#3"},
				"east": {"uv": [5, 14, 0, 15.5], "rotation": 180, "texture": "#3"},
				"south": {"uv": [5, 14, 0, 15.5], "rotation": 180, "texture": "#3"},
				"west": {"uv": [5, 14, 0, 15.5], "rotation": 180, "texture": "#3"},
				"up": {"uv": [10, 14, 5, 15.5], "rotation": 180, "texture": "#3"},
				"down": {"uv": [11.5, 14, 6.5, 15.5], "rotation": 180, "texture": "#3"}
			}
		},
		{
			"from": [10.41605, 0.54222, -3.52918],
			"to": [14.91605, 2.34222, -2.37918],
			"rotation": {"angle": -22.5, "axis": "y", "origin": [12.66605, 1.44222, -2.95418]},
			"faces": {
				"north": {"uv": [0, 14, 5, 15.5], "texture": "#3"},
				"east": {"uv": [0, 14, 5, 15.5], "rotation": 180, "texture": "#3"},
				"south": {"uv": [0, 14, 5, 15.5], "rotation": 180, "texture": "#3"},
				"west": {"uv": [0, 14, 5, 15.5], "rotation": 180, "texture": "#3"},
				"up": {"uv": [5, 14, 10, 15.5], "rotation": 180, "texture": "#3"},
				"down": {"uv": [6.5, 14, 11.5, 15.5], "rotation": 180, "texture": "#3"}
			}
		},
		{
			"from": [-0.87755, 0.82222, -3.02246],
			"to": [0.74245, 2.04222, 2.39754],
			"rotation": {"angle": -22.5, "axis": "y", "origin": [-0.17601, 1.43222, 1.48619]},
			"faces": {
				"north": {"uv": [6, 11, 0, 13.5], "rotation": 180, "texture": "#3"},
				"east": {"uv": [6, 12, 0, 13.5], "rotation": 180, "texture": "#3"},
				"south": {"uv": [6, 11, 0, 13.5], "rotation": 180, "texture": "#3"},
				"west": {"uv": [6, 11, 0, 12.5], "texture": "#3"},
				"up": {"uv": [6, 11, 0, 13.5], "rotation": 90, "texture": "#3"},
				"down": {"uv": [6, 11, 0, 13.5], "rotation": 270, "texture": "#3"}
			}
		},
		{
			"from": [15.25755, 0.82222, -3.02246],
			"to": [16.87755, 2.04222, 2.39754],
			"rotation": {"angle": 22.5, "axis": "y", "origin": [16.17601, 1.43222, 1.48619]},
			"faces": {
				"north": {"uv": [0, 11, 6, 13.5], "rotation": 180, "texture": "#3"},
				"east": {"uv": [0, 11, 6, 12.5], "texture": "#3"},
				"south": {"uv": [0, 11, 6, 13.5], "rotation": 180, "texture": "#3"},
				"west": {"uv": [0, 12, 6, 13.5], "rotation": 180, "texture": "#3"},
				"up": {"uv": [6, 13.5, 0, 11], "rotation": 90, "texture": "#3"},
				"down": {"uv": [6, 13.5, 0, 11], "rotation": 270, "texture": "#3"}
			}
		},
		{
			"from": [-0.57755, 0.57222, -2.82246],
			"to": [0.49245, 2.29222, 2.39754],
			"rotation": {"angle": -22.5, "axis": "y", "origin": [-0.17601, 1.43222, 1.48619]},
			"faces": {
				"north": {"uv": [6, 14, 0, 15.5], "rotation": 180, "texture": "#3"},
				"east": {"uv": [6, 14, 0, 15.5], "rotation": 180, "texture": "#3"},
				"south": {"uv": [6, 14, 0, 15.5], "rotation": 180, "texture": "#3"},
				"west": {"uv": [6, 14, 0, 15.5], "texture": "#3"},
				"up": {"uv": [6, 14, 0, 15.5], "rotation": 90, "texture": "#3"},
				"down": {"uv": [6, 14, 0, 15.5], "rotation": 270, "texture": "#3"}
			}
		},
		{
			"from": [15.50755, 0.57222, -2.82246],
			"to": [16.57755, 2.29222, 2.39754],
			"rotation": {"angle": 22.5, "axis": "y", "origin": [16.17601, 1.43222, 1.48619]},
			"faces": {
				"north": {"uv": [0, 14, 6, 15.5], "rotation": 180, "texture": "#3"},
				"east": {"uv": [0, 14, 6, 15.5], "texture": "#3"},
				"south": {"uv": [0, 14, 6, 15.5], "rotation": 180, "texture": "#3"},
				"west": {"uv": [0, 14, 6, 15.5], "rotation": 180, "texture": "#3"},
				"up": {"uv": [6, 15.5, 0, 14], "rotation": 90, "texture": "#3"},
				"down": {"uv": [6, 15.5, 0, 14], "rotation": 270, "texture": "#3"}
			}
		},
		{
			"from": [-2.80656, 0.83222, 1.23643],
			"to": [-0.60656, 2.03222, 2.63643],
			"rotation": {"angle": 45, "axis": "y", "origin": [-0.17601, 1.43222, 1.48619]},
			"faces": {
				"north": {"uv": [2, 11, 0, 12.5], "texture": "#3"},
				"east": {"uv": [2, 11, 0, 12.5], "rotation": 180, "texture": "#3"},
				"south": {"uv": [2, 11, 0, 12.5], "rotation": 180, "texture": "#3"},
				"west": {"uv": [1.2, 11, 0, 12], "rotation": 180, "texture": "#3"},
				"up": {"uv": [2, 11, 0, 12.5], "rotation": 180, "texture": "#3"},
				"down": {"uv": [2, 11, 0, 12.5], "rotation": 180, "texture": "#3"}
			}
		},
		{
			"from": [16.60656, 0.83222, 1.23643],
			"to": [18.80656, 2.03222, 2.63643],
			"rotation": {"angle": -45, "axis": "y", "origin": [16.17601, 1.43222, 1.48619]},
			"faces": {
				"north": {"uv": [0, 11, 2, 12.5], "texture": "#3"},
				"east": {"uv": [0, 11, 1.2, 12], "rotation": 180, "texture": "#3"},
				"south": {"uv": [0, 11, 2, 12.5], "rotation": 180, "texture": "#3"},
				"west": {"uv": [0, 11, 2, 12.5], "rotation": 180, "texture": "#3"},
				"up": {"uv": [0, 11, 2, 12.5], "rotation": 180, "texture": "#3"},
				"down": {"uv": [0, 11, 2, 12.5], "rotation": 180, "texture": "#3"}
			}
		},
		{
			"from": [-2.90656, 0.68222, 1.43643],
			"to": [-0.70656, 2.18222, 2.43643],
			"rotation": {"angle": 45, "axis": "y", "origin": [-0.17601, 1.43222, 1.48619]},
			"faces": {
				"north": {"uv": [2, 14, 0, 15.5], "texture": "#3"},
				"east": {"uv": [2, 14, 0, 15.5], "rotation": 180, "texture": "#3"},
				"south": {"uv": [2, 14, 0, 15.5], "rotation": 180, "texture": "#3"},
				"west": {"uv": [0, 15.5, 2, 14], "rotation": 270, "texture": "#3"},
				"up": {"uv": [2, 14, 0, 15.5], "rotation": 180, "texture": "#3"},
				"down": {"uv": [2, 14, 0, 15.5], "rotation": 180, "texture": "#3"}
			}
		},
		{
			"from": [16.70656, 0.68222, 1.43643],
			"to": [18.90656, 2.18222, 2.43643],
			"rotation": {"angle": -45, "axis": "y", "origin": [16.17601, 1.43222, 1.48619]},
			"faces": {
				"north": {"uv": [0, 14, 2, 15.5], "texture": "#3"},
				"east": {"uv": [0, 14, 2, 15.5], "rotation": 270, "texture": "#3"},
				"south": {"uv": [0, 14, 2, 15.5], "rotation": 180, "texture": "#3"},
				"west": {"uv": [0, 14, 2, 15.5], "rotation": 180, "texture": "#3"},
				"up": {"uv": [0, 14, 2, 15.5], "rotation": 180, "texture": "#3"},
				"down": {"uv": [0, 14, 2, 15.5], "rotation": 180, "texture": "#3"}
			}
		},
		{
			"from": [-0.99019, 0.53222, 1.31841],
			"to": [0.90981, 2.33222, 2.11841],
			"rotation": {"angle": -22.5, "axis": "y", "origin": [-0.17601, 1.43222, 1.48619]},
			"faces": {
				"north": {"uv": [9, 16, 10.8, 14.1], "rotation": 90, "texture": "#2"},
				"east": {"uv": [9, 15.3, 10.8, 14.5], "rotation": 90, "texture": "#2"},
				"south": {"uv": [9, 16, 10.8, 14.1], "rotation": 90, "texture": "#2"},
				"west": {"uv": [9, 15.3, 10.8, 14.5], "rotation": 270, "texture": "#2"},
				"up": {"uv": [9, 15.3, 10.9, 14.5], "texture": "#2"},
				"down": {"uv": [9, 15.3, 10.9, 14.5], "rotation": 180, "texture": "#2"}
			}
		},
		{
			"from": [15.09019, 0.53222, 1.31841],
			"to": [16.99019, 2.33222, 2.11841],
			"rotation": {"angle": 22.5, "axis": "y", "origin": [16.17601, 1.43222, 1.48619]},
			"faces": {
				"north": {"uv": [9, 14.1, 10.8, 16], "rotation": 90, "texture": "#2"},
				"east": {"uv": [9, 14.5, 10.8, 15.3], "rotation": 270, "texture": "#2"},
				"south": {"uv": [9, 14.1, 10.8, 16], "rotation": 90, "texture": "#2"},
				"west": {"uv": [9, 14.5, 10.8, 15.3], "rotation": 90, "texture": "#2"},
				"up": {"uv": [10.9, 15.3, 9, 14.5], "texture": "#2"},
				"down": {"uv": [10.9, 15.3, 9, 14.5], "rotation": 180, "texture": "#2"}
			}
		},
		{
			"from": [6.57712, 0.69222, -5.33908],
			"to": [8.07712, 2.19222, -3.33908],
			"rotation": {"angle": 22.5, "axis": "y", "origin": [9.94111, 1.53333, -1.61163]},
			"faces": {
				"north": {"uv": [13.5, 10.5, 16, 9], "rotation": 270, "texture": "#3"},
				"east": {"uv": [14, 10.5, 16, 9], "rotation": 90, "texture": "#3"},
				"south": {"uv": [16, 9, 14.5, 10.5], "texture": "#3"},
				"west": {"uv": [16, 9, 14, 10.5], "rotation": 180, "texture": "#3"},
				"up": {"uv": [14, 10.5, 16, 9], "rotation": 90, "texture": "#3"},
				"down": {"uv": [13.5, 10.5, 16, 9], "rotation": 270, "texture": "#3"}
			}
		},
		{
			"from": [7.92288, 0.69222, -5.33908],
			"to": [9.42288, 2.19222, -3.33908],
			"rotation": {"angle": -22.5, "axis": "y", "origin": [6.05889, 1.53333, -1.61163]},
			"faces": {
				"north": {"uv": [13.5, 9, 16, 10.5], "rotation": 270, "texture": "#3"},
				"east": {"uv": [14, 9, 16, 10.5], "rotation": 180, "texture": "#3"},
				"south": {"uv": [14.5, 9, 16, 10.5], "texture": "#3"},
				"west": {"uv": [14, 9, 16, 10.5], "rotation": 90, "texture": "#3"},
				"up": {"uv": [14, 9, 16, 10.5], "rotation": 90, "texture": "#3"},
				"down": {"uv": [13.5, 9, 16, 10.5], "rotation": 270, "texture": "#3"}
			}
		},
		{
			"from": [7.35, 2.1, 1.55],
			"to": [8.65, 3.4, 7.85],
			"rotation": {"angle": 0, "axis": "y", "origin": [14.75, 9.5, 14.75]},
			"faces": {
				"north": {"uv": [0, 0, 1.5, 1.5], "texture": "#2"},
				"east": {"uv": [3.5, 2, 10, 3.5], "texture": "#2"},
				"south": {"uv": [14.5, 3, 16, 4.5], "texture": "#2"},
				"west": {"uv": [4, 2, 10.5, 3.5], "texture": "#2"},
				"up": {"uv": [3, 2, 9.5, 3.5], "rotation": 90, "texture": "#2"},
				"down": {"uv": [5, 2, 11.5, 3.5], "rotation": 90, "texture": "#2"}
			}
		},
		{
			"from": [6.625, 2, -0.45888],
			"to": [9.125, 3.55, 0.54112],
			"rotation": {"angle": 45, "axis": "y", "origin": [8, 2.525, 0.66612]},
			"faces": {
				"north": {"uv": [0.5, 1.5, 2, 4], "rotation": 90, "texture": "#2"},
				"east": {"uv": [0.5, 1.5, 2.05, 2.5], "rotation": 90, "texture": "#2"},
				"south": {"uv": [0.5, 1.5, 2.05, 4], "rotation": 90, "texture": "#2"},
				"west": {"uv": [0.5, 1.5, 2, 2.5], "rotation": 90, "texture": "#2"},
				"up": {"uv": [0.5, 1.5, 1.5, 4], "rotation": 90, "texture": "#2"},
				"down": {"uv": [0.5, 1.5, 1.5, 4], "rotation": 90, "texture": "#2"}
			}
		},
		{
			"from": [6.94421, 2.025, 0.12648],
			"to": [9.05421, 3.535, 1.58648],
			"rotation": {"angle": 0, "axis": "y", "origin": [7.99921, 2.78, 0.85648]},
			"faces": {
				"north": {"uv": [0.5, 1.5, 2, 3.5], "rotation": 270, "texture": "#2"},
				"east": {"uv": [0.5, 4, 2, 2.5], "texture": "#2"},
				"south": {"uv": [0.5, 1.5, 2, 3.5], "rotation": 90, "texture": "#2"},
				"west": {"uv": [0.5, 2.5, 2, 4], "rotation": 180, "texture": "#2"},
				"up": {"uv": [0.5, 1.5, 2, 3.5], "rotation": 270, "texture": "#2"},
				"down": {"uv": [0, 0, 2.15, 2], "texture": "#2"}
			}
		},
		{
			"from": [6.88, 2.005, -0.45388],
			"to": [9.37, 3.545, 0.53612],
			"rotation": {"angle": -45, "axis": "y", "origin": [8, 2.525, 0.66612]},
			"faces": {
				"north": {"uv": [0.5, 1.5, 2, 4], "rotation": 90, "texture": "#2"},
				"east": {"uv": [0.5, 1.5, 2, 2.5], "rotation": 90, "texture": "#2"},
				"south": {"uv": [0.5, 1.5, 2.05, 4], "rotation": 90, "texture": "#2"},
				"west": {"uv": [0.5, 1.5, 2.05, 2.5], "rotation": 90, "texture": "#2"},
				"up": {"uv": [0.5, 1.5, 1.5, 4], "rotation": 90, "texture": "#2"},
				"down": {"uv": [0.5, 1.5, 1.5, 4], "rotation": 90, "texture": "#2"}
			}
		}
	],
	"gui_light": "front",
	"display": {
		"thirdperson_righthand": {
			"rotation": [0, -10, 0],
			"translation": [0.75, 5.75, -0.5],
			"scale": [0.8, 0.8, 0.8]
		},
		"thirdperson_lefthand": {
			"rotation": [0, -10, 0],
			"translation": [0.75, 5.75, -0.5],
			"scale": [0.8, 0.8, 0.8]
		},
		"firstperson_righthand": {
			"rotation": [0, -10.5, 0],
			"translation": [1, 9.75, 0.5],
			"scale": [0.98, 1.12, 1.12]
		},
		"firstperson_lefthand": {
			"translation": [-3.25, 9.75, 0.5],
			"scale": [0.98, 1.12, 1.12]
		},
		"ground": {
			"rotation": [-5, -33, 3],
			"translation": [-1.75, 7.5, 1.25],
			"scale": [0.81, 0.81, 0.81]
		},
		"gui": {
			"rotation": [83, -49, 14],
			"translation": [-3, 0, 0],
			"scale": [0.78, 0.78, 0.78]
		},
		"head": {
			"translation": [0, 30.5, -4.75],
			"scale": [4, 4, 4]
		},
		"fixed": {
			"rotation": [90, 45, -180],
			"translation": [2.75, -2.75, -7],
			"scale": [0.91, 0.91, 0.91]
		}
	},
	"groups": [0, 1, 2, 3, 4, 5, 6, 7, 8, 9, 10, 11, 12, 13, 14, 15, 16, 17, 18, 19, 20, 21, 22, 23, 24, 25, 26, 27, 28, 29, 30, 31, 32,
		{
			"name": "arrow",
			"origin": [8, 8, 8],
			"children": []
		}, 33, 34, 35, 36]
}