{
	"credit": "Made with Blockbench",
	"textures": {
		"0": "skins/diamond_sword",
		"1": "skins/wooden_sword",
		"particle": "skins/diamond_sword"
	},
	"elements": [
		{
			"from": [7.2, 7.2, 7.2],
			"to": [8.8, 13.8, 8.8],
			"rotation": {"angle": 0, "axis": "y", "origin": [15, 12, 15]},
			"faces": {
				"north": {"uv": [4, 11.5, 11, 13.5], "rotation": 270, "texture": "#1"},
				"east": {"uv": [9, 11, 16, 13], "rotation": 270, "texture": "#1"},
				"south": {"uv": [6.5, 11.5, 13.5, 13.5], "rotation": 270, "texture": "#1"},
				"west": {"uv": [1, 11.5, 8, 13.5], "rotation": 270, "texture": "#1"},
				"up": {"uv": [9, 11, 16, 13], "rotation": 270, "texture": "#1"},
				"down": {"uv": [9, 11, 16, 13], "rotation": 270, "texture": "#1"}
			}
		},
		{
			"from": [7.22, 0.22, 7.22],
			"to": [8.78, 1.78, 8.78],
			"rotation": {"angle": 0, "axis": "y", "origin": [15, 0, 15]},
			"faces": {
				"north": {"uv": [14, 11, 16, 13], "rotation": 90, "texture": "#1"},
				"east": {"uv": [14, 11, 16, 13], "rotation": 90, "texture": "#1"},
				"south": {"uv": [14, 11, 16, 13], "rotation": 90, "texture": "#1"},
				"west": {"uv": [14, 11, 16, 13], "rotation": 90, "texture": "#1"},
				"up": {"uv": [14, 11, 16, 13], "rotation": 90, "texture": "#1"},
				"down": {"uv": [14, 11, 16, 13], "rotation": 90, "texture": "#1"}
			}
		},
		{
			"from": [7.3, -1.7, 7.3],
			"to": [8.7, 8.7, 8.7],
			"rotation": {"angle": 0, "axis": "y", "origin": [15, 3, 15]},
			"faces": {
				"north": {"uv": [5, 14, 16, 16], "rotation": 90, "texture": "#1"},
				"east": {"uv": [5, 14, 16, 16], "rotation": 90, "texture": "#1"},
				"south": {"uv": [5, 14, 16, 16], "rotation": 90, "texture": "#1"},
				"west": {"uv": [5, 14, 16, 16], "rotation": 90, "texture": "#1"},
				"up": {"uv": [5, 14, 16, 16], "rotation": 90, "texture": "#1"},
				"down": {"uv": [5, 14, 16, 16], "rotation": 90, "texture": "#1"}
			}
		},
		{
			"from": [7.245, -0.505, 6.995],
			"to": [8.755, 0.255, 9.005],
			"rotation": {"angle": 0, "axis": "y", "origin": [15, 6.75, 15]},
			"faces": {
				"north": {"uv": [16, 9.5, 14, 10.5], "rotation": 180, "texture": "#0"},
				"east": {"uv": [16, 9.5, 14, 10.5], "rotation": 180, "texture": "#0"},
				"south": {"uv": [16, 9.5, 14, 10.5], "rotation": 180, "texture": "#0"},
				"west": {"uv": [16, 9.5, 14, 10.5], "rotation": 180, "texture": "#0"},
				"up": {"uv": [16, 9.5, 14, 10.5], "rotation": 180, "texture": "#0"},
				"down": {"uv": [16, 9.5, 14, 10.5], "rotation": 180, "texture": "#0"}
			}
		},
		{
			"from": [7.25, -2.55656, 6.5412],
			"to": [8.75, -0.30656, 8.5412],
			"rotation": {"angle": 22.5, "axis": "x", "origin": [8, -1.30656, 7.5412]},
			"faces": {
				"north": {"uv": [12.5, 8.5, 13.5, 10.5], "rotation": 180, "texture": "#0"},
				"east": {"uv": [14, 8.5, 16, 10.5], "rotation": 180, "texture": "#0"},
				"south": {"uv": [15.5, 8.5, 16, 10.5], "rotation": 180, "texture": "#0"},
				"west": {"uv": [16, 8.5, 14, 10.5], "rotation": 180, "texture": "#0"},
				"up": {"uv": [14, 8.5, 16, 10.5], "rotation": 180, "texture": "#0"},
				"down": {"uv": [14.5, 8.5, 13.5, 10.5], "rotation": 180, "texture": "#0"}
			}
		},
		{
			"from": [7.24, -2.56656, 7.4488],
			"to": [8.76, -0.29656, 9.4688],
			"rotation": {"angle": -22.5, "axis": "x", "origin": [8, -1.30656, 8.4588]},
			"faces": {
				"north": {"uv": [16, 10, 15.5, 10.5], "rotation": 180, "texture": "#0"},
				"east": {"uv": [16, 8.5, 14, 10.5], "rotation": 180, "texture": "#0"},
				"south": {"uv": [13.5, 8.5, 12.5, 10.5], "rotation": 180, "texture": "#0"},
				"west": {"uv": [14, 8.5, 16, 10.5], "rotation": 180, "texture": "#0"},
				"up": {"uv": [14, 10.5, 16, 8.5], "rotation": 180, "texture": "#0"},
				"down": {"uv": [14.5, 10.5, 13.5, 8.5], "rotation": 180, "texture": "#0"}
			}
		},
		{
			"from": [7.71, 15.29847, 2.50815],
			"to": [8.29, 17.52847, 5.98815],
			"rotation": {"angle": -22.5, "axis": "x", "origin": [8, 15.631, 1.88539]},
			"faces": {
				"north": {"uv": [9.5, 13, 11.5, 12.5], "rotation": 270, "texture": "#0"},
				"east": {"uv": [13, 11, 9.5, 12.798], "texture": "#0"},
				"south": {"uv": [9.5, 11, 13, 12.798], "texture": "#0"},
				"west": {"uv": [9.5, 11, 13, 12.798], "texture": "#0"},
				"up": {"uv": [11, 12.5, 14.5, 13.5], "rotation": 90, "texture": "#0"},
				"down": {"uv": [10, 12.5, 13.5, 13.5], "rotation": 270, "texture": "#0"}
			}
		},
		{
			"from": [7.5, 15.91028, 7.82942],
			"to": [8.5, 18.71028, 10.07942],
			"rotation": {"angle": 0, "axis": "x", "origin": [8, 16.0323, 12.66403]},
			"faces": {
				"north": {"uv": [13, 11, 9.5, 12.798], "texture": "#0"},
				"east": {"uv": [3, 11, 5, 13.5], "rotation": 180, "texture": "#0"},
				"south": {"uv": [9.5, 12.5, 11.5, 13], "rotation": 270, "texture": "#0"},
				"west": {"uv": [5, 11, 3, 13.5], "rotation": 180, "texture": "#0"},
				"up": {"uv": [3, 12.5, 5, 13.5], "rotation": 90, "texture": "#0"},
				"down": {"uv": [5.5, 11, 2.5, 11.5], "rotation": 90, "texture": "#0"}
			}
		},
		{
			"from": [7.6, 17.36028, 7.1],
			"to": [8.4, 20.16028, 9.9],
			"rotation": {"angle": 45, "axis": "x", "origin": [8, 19.26028, 8]},
			"faces": {
				"north": {"uv": [5.5, 11, 3.5, 11.5], "rotation": 90, "texture": "#0"},
				"east": {"uv": [5.5, 11, 3.5, 13], "rotation": 180, "texture": "#0"},
				"south": {"uv": [5.5, 11, 3.5, 13], "rotation": 90, "texture": "#0"},
				"west": {"uv": [5.5, 11, 3.5, 13], "rotation": 90, "texture": "#0"},
				"up": {"uv": [5.5, 11, 3.5, 11.5], "rotation": 90, "texture": "#0"},
				"down": {"uv": [5.5, 11, 3.5, 13], "rotation": 90, "texture": "#0"}
			}
		},
		{
			"from": [7.7, 15.46028, 4.92058],
			"to": [8.3, 19.01028, 7.67058],
			"rotation": {"angle": 0, "axis": "x", "origin": [8, 15.631, 1.88539]},
			"faces": {
				"north": {"uv": [9.5, 13, 11.5, 12.5], "rotation": 270, "texture": "#0"},
				"east": {"uv": [5, 11, 2, 13.5], "rotation": 90, "texture": "#0"},
				"south": {"uv": [9.5, 11, 13, 12.798], "texture": "#0"},
				"west": {"uv": [2, 11, 5, 13.5], "rotation": 270, "texture": "#0"},
				"up": {"uv": [4.5, 11, 5.5, 13.5], "rotation": 180, "texture": "#0"},
				"down": {"uv": [2.5, 11, 5.5, 11.5], "rotation": 90, "texture": "#0"}
			}
		},
		{
			"from": [7.825, 15.34182, 0.86966],
			"to": [8.175, 16.79182, 4.31966],
			"rotation": {"angle": -22.5, "axis": "x", "origin": [8, 15.631, 1.88539]},
			"faces": {
				"north": {"uv": [0, 14.5, 3.5, 15.5], "texture": "#0"},
				"east": {"uv": [8, 12.5, 11.5, 13.5], "rotation": 180, "texture": "#0"},
				"south": {"uv": [0, 14.5, 3.5, 15.5], "texture": "#0"},
				"west": {"uv": [8, 12.5, 11.5, 13.5], "rotation": 180, "texture": "#0"},
				"up": {"uv": [3.5, 15.5, 0, 14.5], "texture": "#0"},
				"down": {"uv": [8, 12.5, 11.5, 13.5], "rotation": 90, "texture": "#0"}
			}
		},
		{
			"from": [7.82, 12.99669, 0.43448],
			"to": [8.18, 16.95669, 1.89448],
			"rotation": {"angle": 45, "axis": "x", "origin": [8, 15.631, 1.88539]},
			"faces": {
				"north": {"uv": [9.5, 11.5, 13, 11], "rotation": 90, "texture": "#0"},
				"east": {"uv": [9, 11, 12.5, 12.5], "rotation": 90, "texture": "#0"},
				"south": {"uv": [9, 12.5, 12.5, 12], "rotation": 90, "texture": "#0"},
				"west": {"uv": [9, 12.5, 12.5, 11], "rotation": 90, "texture": "#0"},
				"up": {"uv": [9.5, 13, 12.5, 12], "rotation": 180, "texture": "#0"},
				"down": {"uv": [12, 13, 12.5, 12], "texture": "#0"}
			}
		},
		{
			"from": [7.1, 12, 7],
			"to": [8.9, 13, 9],
			"rotation": {"angle": 0, "axis": "y", "origin": [15, 20, 15]},
			"faces": {
				"north": {"uv": [12, 5, 12.5, 6.5], "rotation": 90, "texture": "#0"},
				"east": {"uv": [12, 5, 12.5, 6.5], "rotation": 90, "texture": "#0"},
				"south": {"uv": [12, 5, 12.5, 6.5], "rotation": 90, "texture": "#0"},
				"west": {"uv": [12, 5, 12.5, 6.5], "rotation": 90, "texture": "#0"},
				"up": {"uv": [12, 5, 12.5, 6.5], "rotation": 90, "texture": "#0"},
				"down": {"uv": [12, 5, 12.5, 6.5], "rotation": 90, "texture": "#0"}
			}
		},
		{
			"from": [7.2, 4.1, 7.1],
			"to": [8.8, 4.9, 8.9],
			"rotation": {"angle": 0, "axis": "y", "origin": [15, 12, 15]},
			"faces": {
				"north": {"uv": [9.5, 3.5, 11.5, 4], "texture": "#0"},
				"east": {"uv": [9.5, 3.5, 11.5, 4], "texture": "#0"},
				"south": {"uv": [9.5, 3.5, 11.5, 4], "texture": "#0"},
				"west": {"uv": [9.5, 3.5, 11.5, 4], "texture": "#0"},
				"up": {"uv": [9.5, 3.5, 11.5, 4], "texture": "#0"},
				"down": {"uv": [9.5, 3.5, 11.5, 4], "texture": "#0"}
			}
		},
		{
			"from": [7.2, 2.85, 7.1],
			"to": [8.8, 3.65, 8.9],
			"rotation": {"angle": 0, "axis": "y", "origin": [15, 10.75, 15]},
			"faces": {
				"north": {"uv": [12, 5, 12.5, 6.5], "rotation": 90, "texture": "#0"},
				"east": {"uv": [12, 5, 12.5, 6.5], "rotation": 90, "texture": "#0"},
				"south": {"uv": [12, 5, 12.5, 6.5], "rotation": 90, "texture": "#0"},
				"west": {"uv": [12, 5, 12.5, 6.5], "rotation": 90, "texture": "#0"},
				"up": {"uv": [12, 5, 12.5, 6.5], "rotation": 90, "texture": "#0"},
				"down": {"uv": [12, 5, 12.5, 6.5], "rotation": 90, "texture": "#0"}
			}
		},
		{
			"from": [7.2, 5.35, 7.1],
			"to": [8.8, 6.15, 8.9],
			"rotation": {"angle": 0, "axis": "y", "origin": [15, 13.25, 15]},
			"faces": {
				"north": {"uv": [12, 5, 12.5, 6.5], "rotation": 90, "texture": "#0"},
				"east": {"uv": [12, 5, 12.5, 6.5], "rotation": 90, "texture": "#0"},
				"south": {"uv": [12, 5, 12.5, 6.5], "rotation": 90, "texture": "#0"},
				"west": {"uv": [12, 5, 12.5, 6.5], "rotation": 90, "texture": "#0"},
				"up": {"uv": [12, 5, 12.5, 6.5], "rotation": 90, "texture": "#0"},
				"down": {"uv": [12, 5, 12.5, 6.5], "rotation": 90, "texture": "#0"}
			}
		},
		{
			"from": [7.25, 2.35, 7.25],
			"to": [8.75, 6.6, 8.75],
			"rotation": {"angle": 0, "axis": "y", "origin": [14.9, 10.1, 15]},
			"faces": {
				"north": {"uv": [2.5, 3, 7.25, 5], "rotation": 90, "texture": "#0"},
				"east": {"uv": [2.5, 3, 7.25, 5], "rotation": 90, "texture": "#0"},
				"south": {"uv": [2.5, 3, 7.25, 5], "rotation": 90, "texture": "#0"},
				"west": {"uv": [2.5, 3, 7.25, 5], "rotation": 90, "texture": "#0"},
				"up": {"uv": [2.5, 3, 7.25, 5], "rotation": 90, "texture": "#0"},
				"down": {"uv": [2.5, 3, 7.25, 5], "rotation": 90, "texture": "#0"}
			}
		},
		{
			"from": [7.15, 10.8, 7.05],
			"to": [8.85, 11.7, 8.95],
			"rotation": {"angle": 0, "axis": "y", "origin": [15, 18.75, 15]},
			"faces": {
				"north": {"uv": [9.5, 3.5, 11.5, 4], "texture": "#0"},
				"east": {"uv": [9.5, 3.5, 11.5, 4], "texture": "#0"},
				"south": {"uv": [9.5, 3.5, 11.5, 4], "texture": "#0"},
				"west": {"uv": [9.5, 3.5, 11.5, 4], "texture": "#0"},
				"up": {"uv": [9.5, 3.5, 11.5, 4], "texture": "#0"},
				"down": {"uv": [9.5, 3.5, 11.5, 4], "texture": "#0"}
			}
		},
		{
			"from": [7.26, 15.48061, 3.12686],
			"to": [8.74, 16.46061, 5.10686],
			"rotation": {"angle": 22.5, "axis": "x", "origin": [8, 15.53412, 5.18056]},
			"faces": {
				"north": {"uv": [12.5, 9, 13.5, 8], "rotation": 90, "texture": "#0"},
				"east": {"uv": [14, 9, 13, 7], "rotation": 270, "texture": "#0"},
				"south": {"uv": [12.5, 9, 13.5, 8], "rotation": 90, "texture": "#0"},
				"west": {"uv": [12.5, 9, 13.5, 7], "rotation": 90, "texture": "#0"},
				"up": {"uv": [12.5, 9, 13.5, 7], "rotation": 180, "texture": "#0"},
				"down": {"uv": [13.5, 10, 14.5, 8], "texture": "#0"}
			}
		},
		{
			"from": [7.25, 12.79911, 4.25601],
			"to": [8.75, 15.79911, 5.25601],
			"rotation": {"angle": -45, "axis": "x", "origin": [8, 15.53412, 5.18056]},
			"faces": {
				"north": {"uv": [15.5, 7, 16, 10], "texture": "#0"},
				"east": {"uv": [15, 7, 16, 10], "texture": "#0"},
				"south": {"uv": [15, 8, 16, 11], "texture": "#0"},
				"west": {"uv": [16, 7.5, 15, 10.5], "texture": "#0"},
				"up": {"uv": [15, 8, 16, 9], "texture": "#0"},
				"down": {"uv": [14.5, 7, 15.5, 10], "texture": "#0"}
			}
		},
		{
			"from": [7.26, 15.28061, 5.10686],
			"to": [8.74, 16.46061, 8.08686],
			"rotation": {"angle": 22.5, "axis": "x", "origin": [8, 15.53412, 5.18056]},
			"faces": {
				"north": {"uv": [15, 8, 16, 9], "rotation": 180, "texture": "#0"},
				"east": {"uv": [14, 7, 15, 10], "rotation": 90, "texture": "#0"},
				"south": {"uv": [15, 8, 16, 11], "texture": "#0"},
				"west": {"uv": [15, 7, 14, 10], "rotation": 270, "texture": "#0"},
				"up": {"uv": [14, 7, 15, 10], "texture": "#0"},
				"down": {"uv": [15.5, 8, 16, 11], "rotation": 180, "texture": "#0"}
			}
		},
		{
			"from": [6.75163, 15.31195, 4.17952],
			"to": [9.25163, 17.31195, 6.17952],
			"rotation": {"angle": -45, "axis": "x", "origin": [8.00097, 19.13523, 8.00066]},
			"faces": {
				"north": {"uv": [11.5, 1, 12.5, 2.5], "texture": "#0"},
				"east": {"uv": [11, 0, 12.5, 1.5], "rotation": 270, "texture": "#0"},
				"south": {"uv": [12, 0, 12.5, 1.5], "texture": "#0"},
				"west": {"uv": [11, 0, 12.5, 1.5], "texture": "#0"},
				"up": {"uv": [12, 0, 12.5, 1.5], "rotation": 180, "texture": "#0"},
				"down": {"uv": [11.5, 1, 12.5, 2.5], "texture": "#0"}
			}
		},
		{
			"from": [6.85163, -0.88805, 4.77952],
			"to": [9.15163, 0.41195, 6.07952],
			"rotation": {"angle": -45, "axis": "x", "origin": [8.00097, 2.33523, 8.00066]},
			"faces": {
				"north": {"uv": [11.5, 1, 12.5, 2.5], "texture": "#0"},
				"east": {"uv": [11, 0, 12.5, 1.5], "rotation": 270, "texture": "#0"},
				"south": {"uv": [12, 0, 12.5, 1.5], "texture": "#0"},
				"west": {"uv": [11, 0, 12.5, 1.5], "texture": "#0"},
				"up": {"uv": [12, 0, 12.5, 1.5], "rotation": 180, "texture": "#0"},
				"down": {"uv": [11.5, 1, 12.5, 2.5], "texture": "#0"}
			}
		},
		{
			"from": [7.24163, 14.64337, 3.56094],
			"to": [8.76163, 17.91337, 6.83094],
			"rotation": {"angle": -45, "axis": "x", "origin": [8.00097, 19.08523, 8.00066]},
			"faces": {
				"north": {"uv": [12.5, 10, 16, 10.518], "rotation": 90, "texture": "#0"},
				"east": {"uv": [12.5, 7, 16, 10.5], "texture": "#0"},
				"south": {"uv": [12.5, 7, 16, 8.019], "rotation": 90, "texture": "#0"},
				"west": {"uv": [12.5, 7, 16, 10.5], "rotation": 90, "texture": "#0"},
				"up": {"uv": [12.5, 7, 16, 8.019], "rotation": 270, "texture": "#0"},
				"down": {"uv": [12.5, 9.518, 16, 10.018], "rotation": 90, "texture": "#0"}
			}
		},
		{
			"from": [7.26, 14.21, 7.41],
			"to": [8.74, 19.19, 8.59],
			"rotation": {"angle": 0, "axis": "x", "origin": [8, 15.47464, 8.23413]},
			"faces": {
				"north": {"uv": [13, 10.5, 12.5, 7], "rotation": 180, "texture": "#0"},
				"east": {"uv": [12.5, 10.5, 13.5, 7], "rotation": 180, "texture": "#0"},
				"south": {"uv": [13.5, 10.5, 13, 7], "rotation": 180, "texture": "#0"},
				"west": {"uv": [13.5, 10.5, 12.5, 7], "rotation": 180, "texture": "#0"},
				"up": {"uv": [13.5, 7, 12.5, 8], "rotation": 180, "texture": "#0"},
				"down": {"uv": [13.5, 10.5, 12.5, 7], "rotation": 180, "texture": "#0"}
			}
		},
		{
			"from": [7.2601, 18.8501, 7.55714],
			"to": [8.7399, 19.6799, 8.38694],
			"rotation": {"angle": 45, "axis": "x", "origin": [8, 19.19, 7.89704]},
			"faces": {
				"north": {"uv": [12.5, 7.5, 13, 7], "rotation": 180, "texture": "#0"},
				"east": {"uv": [12.5, 7.5, 13, 7], "rotation": 180, "texture": "#0"},
				"south": {"uv": [12.5, 7.5, 13, 7], "rotation": 180, "texture": "#0"},
				"west": {"uv": [12.5, 7.5, 13, 7], "rotation": 180, "texture": "#0"},
				"up": {"uv": [12.5, 7.5, 13, 7], "rotation": 180, "texture": "#0"},
				"down": {"uv": [12.5, 7.5, 13, 7], "rotation": 180, "texture": "#0"}
			}
		},
		{
			"from": [7.26, 16.08061, 6.41314],
			"to": [8.74, 17.26061, 9.39314],
			"rotation": {"angle": -45, "axis": "x", "origin": [8, 16.33412, 9.31944]},
			"faces": {
				"north": {"uv": [16, 8, 15, 11], "texture": "#0"},
				"east": {"uv": [14, 10, 15, 7], "rotation": 90, "texture": "#0"},
				"south": {"uv": [14, 7.5, 13, 8.5], "rotation": 180, "texture": "#0"},
				"west": {"uv": [15, 10, 14, 7], "rotation": 270, "texture": "#0"},
				"up": {"uv": [13.5, 10, 14.5, 7], "texture": "#0"},
				"down": {"uv": [15.5, 11, 16, 8], "rotation": 180, "texture": "#0"}
			}
		},
		{
			"from": [7.25, 16.59911, 9.24398],
			"to": [8.75, 18.59911, 10.24398],
			"rotation": {"angle": 22.5, "axis": "x", "origin": [8, 16.33412, 9.31944]},
			"faces": {
				"north": {"uv": [12.5, 7.5, 13.5, 9.5], "texture": "#0"},
				"east": {"uv": [13.5, 7, 12.5, 9], "texture": "#0"},
				"south": {"uv": [12.5, 7, 13.5, 9], "texture": "#0"},
				"west": {"uv": [12.5, 7, 13.5, 9], "texture": "#0"},
				"up": {"uv": [12.5, 7, 13.5, 8], "rotation": 90, "texture": "#0"},
				"down": {"uv": [12.5, 8, 13.5, 9], "rotation": 270, "texture": "#0"}
			}
		},
		{
			"from": [7.26, 16.28061, 9.39314],
			"to": [8.74, 17.26061, 11.37314],
			"rotation": {"angle": -45, "axis": "x", "origin": [8, 16.33412, 9.31944]},
			"faces": {
				"north": {"uv": [12.5, 8, 13.5, 9], "rotation": 90, "texture": "#0"},
				"east": {"uv": [13.5, 7, 12.5, 9], "rotation": 270, "texture": "#0"},
				"south": {"uv": [12.5, 8, 13.5, 9], "rotation": 90, "texture": "#0"},
				"west": {"uv": [12.5, 7, 13.5, 9], "rotation": 90, "texture": "#0"},
				"up": {"uv": [12.5, 7, 13.5, 9], "rotation": 180, "texture": "#0"},
				"down": {"uv": [13.5, 8, 14.5, 10], "texture": "#0"}
			}
		},
		{
			"from": [7.25, 13.59911, 9.24399],
			"to": [8.75, 16.59911, 10.24399],
			"rotation": {"angle": 22.5, "axis": "x", "origin": [8, 16.33412, 9.31944]},
			"faces": {
				"north": {"uv": [16, 8, 15, 11], "texture": "#0"},
				"east": {"uv": [16, 7.5, 15, 10.5], "texture": "#0"},
				"south": {"uv": [16, 7, 15.5, 10], "texture": "#0"},
				"west": {"uv": [15, 7.5, 16, 10.5], "texture": "#0"},
				"up": {"uv": [15, 9, 16, 8], "texture": "#0"},
				"down": {"uv": [15, 10, 16, 7], "texture": "#0"}
			}
		},
		{
			"from": [7.04963, 12.948, 6.79769],
			"to": [8.95363, 13.802, 9.20169],
			"rotation": {"angle": 0, "axis": "y", "origin": [8.00097, 19.88523, 8.00066]},
			"faces": {
				"north": {"uv": [14, 10, 16, 10.45], "rotation": 180, "texture": "#0"},
				"east": {"uv": [14, 10, 16, 10.45], "rotation": 180, "texture": "#0"},
				"south": {"uv": [14, 10, 16, 10.45], "rotation": 180, "texture": "#0"},
				"west": {"uv": [14, 10, 16, 10.45], "rotation": 180, "texture": "#0"},
				"up": {"uv": [14, 10, 16, 10.45], "rotation": 180, "texture": "#0"},
				"down": {"uv": [14, 10, 16, 10.45], "rotation": 180, "texture": "#0"}
			}
		},
		{
			"from": [7.25, 15.79911, 4.25602],
			"to": [8.75, 17.79911, 5.25602],
			"rotation": {"angle": -45, "axis": "x", "origin": [8, 15.53412, 5.18056]},
			"faces": {
				"north": {"uv": [13, 9.5, 14, 7.5], "rotation": 180, "texture": "#0"},
				"east": {"uv": [13.5, 9, 12.5, 7], "rotation": 180, "texture": "#0"},
				"south": {"uv": [12.5, 9.5, 13.5, 7.5], "rotation": 180, "texture": "#0"},
				"west": {"uv": [12.5, 9, 13.5, 7], "rotation": 180, "texture": "#0"},
				"up": {"uv": [12.5, 8, 13.5, 7], "rotation": 270, "texture": "#0"},
				"down": {"uv": [12.5, 9, 13.5, 8], "rotation": 90, "texture": "#0"}
			}
		}
	],
	"gui_light": "front",
	"display": {
		"thirdperson_righthand": {
			"translation": [-0.25, 2.25, 1.25],
			"scale": [1.1, 1.1, 1.1]
		},
		"thirdperson_lefthand": {
			"translation": [-0.25, 2.25, 1.25],
			"scale": [1.1, 1.1, 1.1]
		},
		"firstperson_righthand": {
			"rotation": [15, 0, 0],
			"translation": [3.5, 0, -1.5],
			"scale": [0.8, 0.8, 0.8]
		},
		"firstperson_lefthand": {
			"rotation": [15, 0, 0],
			"translation": [3.5, 0, -1.5],
			"scale": [0.8, 0.8, 0.8]
		},
		"ground": {
			"rotation": [-66, 79, 0],
			"translation": [0, 5.25, -0.75],
			"scale": [0.9, 0.9, 0.9]
		},
		"gui": {
			"rotation": [81, 44, -75],
			"translation": [-0.05, -1, 0],
			"scale": [0.85, 0.85, 0.85]
		},
		"head": {
			"rotation": [0, 90, 0],
			"translation": [0, 29.75, 0]
		},
		"fixed": {
			"rotation": [90, -45, 90],
			"translation": [-0.05, -1.5, -1],
			"scale": [1.07, 1.07, 1.07]
		}
	},
	"groups": [0, 1, 2, 3, 4, 5, 6, 7, 8, 9, 10, 11, 12, 13, 14, 15, 16, 17,
		{
			"name": "group",
			"origin": [8.00097, 0.88523, -2.99934],
			"children": [18, 19, 20, 21, 22, 23, 24, 25, 26, 27, 28, 29, 30, 31]
		}
	]
}