{
	"credit": "Made with Blockbench",
	"textures": {
		"2": "skins/string"
	},
	"elements": [
		{
			"from": [7.35, 0.25, 7.35],
			"to": [8.65, 6.55, 8.65],
			"rotation": {"angle": 0, "axis": "y", "origin": [7.9998, 6.5546, 8.02]},
			"faces": {
				"north": {"uv": [5, 2, 11.5, 3.5], "rotation": 270, "texture": "#2"},
				"east": {"uv": [11, 2, 4.5, 3.5], "rotation": 270, "texture": "#2"},
				"south": {"uv": [3, 2, 9.5, 3.5], "rotation": 90, "texture": "#2"},
				"west": {"uv": [4, 2, 10.5, 3.5], "rotation": 90, "texture": "#2"},
				"up": {"uv": [0, 0, 1.5, 1.5], "rotation": 180, "texture": "#2"},
				"down": {"uv": [14.5, 3, 16, 4.5], "texture": "#2"}
			}
		},
		{
			"from": [7.24669, 7.3012, 7.25],
			"to": [9.74669, 8.3012, 8.8],
			"rotation": {"angle": 45, "axis": "z", "origin": [7.9998, 6.5546, 8.02]},
			"faces": {
				"north": {"uv": [0.5, 1.5, 1.5, 4], "rotation": 90, "texture": "#2"},
				"east": {"uv": [0.5, 1.5, 1.5, 2.5], "texture": "#2"},
				"south": {"uv": [1.5, 1.5, 0.5, 4], "rotation": 270, "texture": "#2"},
				"west": {"uv": [0.5, 1.5, 2, 2.5], "rotation": 180, "texture": "#2"},
				"up": {"uv": [0.5, 1.5, 2, 4], "rotation": 270, "texture": "#2"},
				"down": {"uv": [0.5, 1.5, 1.5, 4], "rotation": 90, "texture": "#2"}
			}
		},
		{
			"from": [6.95421, 6.52352, 7.285],
			"to": [9.04421, 7.96352, 8.775],
			"rotation": {"angle": 0, "axis": "y", "origin": [7.9998, 6.5546, 8.02]},
			"faces": {
				"north": {"uv": [0.5, 1.5, 2, 3.5], "rotation": 270, "texture": "#2"},
				"east": {"uv": [0.5, 4, 2, 2.5], "rotation": 270, "texture": "#2"},
				"south": {"uv": [0.5, 1.5, 2, 3.5], "rotation": 270, "texture": "#2"},
				"west": {"uv": [0.5, 2.5, 2, 4], "rotation": 270, "texture": "#2"},
				"up": {"uv": [0.5, 1.5, 2, 3.5], "rotation": 90, "texture": "#2"},
				"down": {"uv": [0.5, 1.5, 2, 3.5], "rotation": 90, "texture": "#2"}
			}
		},
		{
			"from": [6.25819, 7.30648, 7.255],
			"to": [8.74819, 8.29648, 8.795],
			"rotation": {"angle": -45, "axis": "z", "origin": [7.9998, 6.5546, 8.02]},
			"faces": {
				"north": {"uv": [1.5, 1.5, 0.5, 4], "rotation": 270, "texture": "#2"},
				"east": {"uv": [0.5, 1.5, 2, 2.5], "texture": "#2"},
				"south": {"uv": [0.5, 1.5, 1.5, 4], "rotation": 90, "texture": "#2"},
				"west": {"uv": [0.5, 1.5, 2.05, 2.5], "rotation": 180, "texture": "#2"},
				"up": {"uv": [0.5, 1.5, 1.5, 4], "rotation": 270, "texture": "#2"},
				"down": {"uv": [0.5, 1.5, 1.5, 4], "rotation": 90, "texture": "#2"}
			}
		},
		{
			"from": [7.23, 7.66743, 8.255],
			"to": [8.77, 8.65743, 9.645],
			"rotation": {"angle": 45, "axis": "x", "origin": [8, 7.78743, 8.025]},
			"faces": {
				"north": {"uv": [0.5, 1.5, 2.05, 2.5], "rotation": 180, "texture": "#2"},
				"east": {"uv": [1.49, 1.5, 0.5, 3], "rotation": 270, "texture": "#2"},
				"south": {"uv": [0, 2, 1, 3.5], "rotation": 90, "texture": "#2"},
				"west": {"uv": [0.5, 1.5, 1.49, 3], "rotation": 90, "texture": "#2"},
				"up": {"uv": [0, 2, 1.5, 3.5], "rotation": 270, "texture": "#2"},
				"down": {"uv": [0.5, 1.5, 1.5, 4], "texture": "#2"}
			}
		},
		{
			"from": [7.23, 7.66743, 6.405],
			"to": [8.77, 8.65743, 7.795],
			"rotation": {"angle": -45, "axis": "x", "origin": [8, 7.78743, 8.025]},
			"faces": {
				"north": {"uv": [0, 3.5, 1, 2], "rotation": 90, "texture": "#2"},
				"east": {"uv": [1.49, 3, 0.5, 1.5], "rotation": 270, "texture": "#2"},
				"south": {"uv": [2.05, 1.5, 0.5, 2.5], "rotation": 180, "texture": "#2"},
				"west": {"uv": [0.5, 3, 1.49, 1.5], "rotation": 90, "texture": "#2"},
				"up": {"uv": [1.5, 2, 0, 3.5], "rotation": 270, "texture": "#2"},
				"down": {"uv": [0.5, 4, 1.5, 1.5], "texture": "#2"}
			}
		},
		{
			"from": [7.7, -0.05, 7.7],
			"to": [8.3, 0.55, 8.3],
			"faces": {
				"north": {"uv": [15, 11, 16, 12], "texture": "#2"},
				"east": {"uv": [15, 11, 16, 12], "texture": "#2"},
				"south": {"uv": [15, 11, 16, 12], "texture": "#2"},
				"west": {"uv": [15, 11, 16, 12], "texture": "#2"},
				"up": {"uv": [15, 11, 16, 12], "texture": "#2"},
				"down": {"uv": [15, 11, 16, 12], "texture": "#2"}
			}
		},
		{
			"from": [7.8, -0.42089, 8.1907],
			"to": [8.2, 0.37911, 8.5907],
			"rotation": {"angle": -45, "axis": "x", "origin": [8, -0.3655, 8.4692]},
			"faces": {
				"north": {"uv": [15, 11, 16, 12.4], "texture": "#2"},
				"east": {"uv": [15, 11, 16, 12.4], "texture": "#2"},
				"south": {"uv": [15, 11, 16, 12.4], "texture": "#2"},
				"west": {"uv": [15, 11, 16, 12.4], "texture": "#2"},
				"up": {"uv": [15, 11, 16, 12], "texture": "#2"},
				"down": {"uv": [15, 11, 16, 12], "texture": "#2"}
			}
		},
		{
			"from": [7.801, -0.64299, 8.4148],
			"to": [8.199, -0.24499, 8.8128],
			"rotation": {"angle": 22.5, "axis": "x", "origin": [8, -0.3655, 8.4692]},
			"faces": {
				"north": {"uv": [15, 11, 16, 12], "rotation": 180, "texture": "#2"},
				"east": {"uv": [15, 11, 16, 12], "rotation": 90, "texture": "#2"},
				"south": {"uv": [15, 11, 16, 12], "texture": "#2"},
				"west": {"uv": [15, 11, 16, 12], "rotation": 270, "texture": "#2"},
				"up": {"uv": [15, 11, 16, 12], "texture": "#2"},
				"down": {"uv": [15, 11, 16, 12], "rotation": 180, "texture": "#2"}
			}
		},
		{
			"from": [7.801, -0.63599, 8.96381],
			"to": [8.199, -0.23799, 9.36181],
			"rotation": {"angle": -22.5, "axis": "x", "origin": [8, -0.40649, 9.31616]},
			"faces": {
				"north": {"uv": [15, 11, 16, 12], "rotation": 180, "texture": "#2"},
				"east": {"uv": [15, 11, 16, 12], "rotation": 90, "texture": "#2"},
				"south": {"uv": [15, 11, 16, 12], "texture": "#2"},
				"west": {"uv": [15, 11, 16, 12], "rotation": 270, "texture": "#2"},
				"up": {"uv": [15, 11, 16, 12], "texture": "#2"},
				"down": {"uv": [15, 11, 16, 12], "rotation": 180, "texture": "#2"}
			}
		},
		{
			"from": [7.801, 3.34874, 9.5873],
			"to": [8.199, 3.74674, 9.9853],
			"rotation": {"angle": 0, "axis": "x", "origin": [8, 3.37744, 9.52487]},
			"faces": {
				"north": {"uv": [15, 11, 16, 12], "rotation": 180, "texture": "#2"},
				"east": {"uv": [15, 11, 16, 12], "rotation": 270, "texture": "#2"},
				"south": {"uv": [15, 11, 16, 12], "texture": "#2"},
				"west": {"uv": [15, 11, 16, 12], "rotation": 90, "texture": "#2"},
				"up": {"uv": [15, 11, 16, 12], "rotation": 180, "texture": "#2"},
				"down": {"uv": [15, 11, 16, 12], "texture": "#2"}
			}
		},
		{
			"from": [7.8, 0.04708, 9.48089],
			"to": [8.2, 0.44708, 9.88089],
			"rotation": {"angle": 0, "axis": "x", "origin": [8, 0.24708, 9.64022]},
			"faces": {
				"north": {"uv": [15, 11, 16, 12], "rotation": 180, "texture": "#2"},
				"east": {"uv": [15, 11, 16, 12], "rotation": 180, "texture": "#2"},
				"south": {"uv": [15, 11, 16, 12], "rotation": 180, "texture": "#2"},
				"west": {"uv": [15, 11, 16, 12], "rotation": 180, "texture": "#2"},
				"up": {"uv": [15, 11, 16, 12], "texture": "#2"},
				"down": {"uv": [15, 11, 16, 12], "texture": "#2"}
			}
		},
		{
			"from": [7.8, 2.69438, 9.00649],
			"to": [8.2, 3.09438, 9.40649],
			"rotation": {"angle": 22.5, "axis": "x", "origin": [8, 3.37744, 9.52487]},
			"faces": {
				"north": {"uv": [15, 11, 16, 12], "texture": "#2"},
				"east": {"uv": [15, 11, 16, 12], "texture": "#2"},
				"south": {"uv": [15, 11, 16, 12], "texture": "#2"},
				"west": {"uv": [15, 11, 16, 12], "texture": "#2"},
				"up": {"uv": [15, 11, 16, 12], "texture": "#2"},
				"down": {"uv": [15, 11, 16, 12], "texture": "#2"}
			}
		},
		{
			"from": [7.8, -0.75436, 8.67945],
			"to": [8.2, -0.35436, 9.07945],
			"rotation": {"angle": 0, "axis": "x", "origin": [8, -0.55436, 8.87945]},
			"faces": {
				"north": {"uv": [15, 11, 16, 12], "rotation": 180, "texture": "#2"},
				"east": {"uv": [15, 11, 16, 12], "rotation": 90, "texture": "#2"},
				"south": {"uv": [15, 11, 16, 12], "texture": "#2"},
				"west": {"uv": [15, 11, 16, 12], "rotation": 270, "texture": "#2"},
				"up": {"uv": [15, 11, 16, 12], "texture": "#2"},
				"down": {"uv": [15, 11, 16, 12], "rotation": 180, "texture": "#2"}
			}
		},
		{
			"from": [7.8, 3.49582, 9.80793],
			"to": [8.2, 3.89582, 10.20793],
			"rotation": {"angle": 22.5, "axis": "x", "origin": [8, 3.37744, 9.52487]},
			"faces": {
				"north": {"uv": [15, 11, 16, 12], "rotation": 180, "texture": "#2"},
				"east": {"uv": [15, 11, 16, 12], "rotation": 270, "texture": "#2"},
				"south": {"uv": [15, 11, 16, 12], "texture": "#2"},
				"west": {"uv": [15, 11, 16, 12], "rotation": 90, "texture": "#2"},
				"up": {"uv": [15, 11, 16, 12], "rotation": 180, "texture": "#2"},
				"down": {"uv": [15, 11, 16, 12], "texture": "#2"}
			}
		},
		{
			"from": [7.801, -0.24305, 9.5398],
			"to": [8.199, 0.15495, 9.9378],
			"rotation": {"angle": 22.5, "axis": "x", "origin": [8, 0.24708, 9.64022]},
			"faces": {
				"north": {"uv": [15, 11, 16, 12], "rotation": 180, "texture": "#2"},
				"east": {"uv": [15, 11, 16, 12], "rotation": 180, "texture": "#2"},
				"south": {"uv": [15, 11, 16, 12], "rotation": 180, "texture": "#2"},
				"west": {"uv": [15, 11, 16, 12], "rotation": 180, "texture": "#2"},
				"up": {"uv": [15, 11, 16, 12], "texture": "#2"},
				"down": {"uv": [15, 11, 16, 12], "texture": "#2"}
			}
		},
		{
			"from": [7.801, 2.91701, 9.15557],
			"to": [8.199, 3.31501, 9.55357],
			"rotation": {"angle": 45, "axis": "x", "origin": [8, 3.37744, 9.52487]},
			"faces": {
				"north": {"uv": [15, 11, 16, 12], "texture": "#2"},
				"east": {"uv": [15, 11, 16, 12], "texture": "#2"},
				"south": {"uv": [15, 11, 16, 12], "texture": "#2"},
				"west": {"uv": [15, 11, 16, 12], "texture": "#2"},
				"up": {"uv": [15, 11, 16, 12], "texture": "#2"},
				"down": {"uv": [15, 11, 16, 12], "texture": "#2"}
			}
		},
		{
			"from": [7.8, -0.63699, 9.2695],
			"to": [8.2, -0.23699, 9.6695],
			"rotation": {"angle": -45, "axis": "x", "origin": [8, -0.40649, 9.31616]},
			"faces": {
				"north": {"uv": [15, 11, 16, 12], "rotation": 180, "texture": "#2"},
				"east": {"uv": [15, 11, 16, 12], "rotation": 90, "texture": "#2"},
				"south": {"uv": [15, 11, 16, 12], "texture": "#2"},
				"west": {"uv": [15, 11, 16, 12], "rotation": 270, "texture": "#2"},
				"up": {"uv": [15, 11, 16, 12], "texture": "#2"},
				"down": {"uv": [15, 11, 16, 12], "rotation": 180, "texture": "#2"}
			}
		},
		{
			"from": [7.8, 3.29574, 9.32487],
			"to": [8.2, 3.69574, 9.72487],
			"rotation": {"angle": -22.5, "axis": "x", "origin": [8, 3.37744, 9.52487]},
			"faces": {
				"north": {"uv": [15, 11, 16, 12], "rotation": 180, "texture": "#2"},
				"east": {"uv": [15, 11, 16, 12], "rotation": 270, "texture": "#2"},
				"south": {"uv": [15, 11, 16, 12], "texture": "#2"},
				"west": {"uv": [15, 11, 16, 12], "rotation": 90, "texture": "#2"},
				"up": {"uv": [15, 11, 16, 12], "rotation": 180, "texture": "#2"},
				"down": {"uv": [15, 11, 16, 12], "texture": "#2"}
			}
		},
		{
			"from": [7.801, 0.33921, 9.5398],
			"to": [8.199, 2.23721, 9.9378],
			"rotation": {"angle": -22.5, "axis": "x", "origin": [8, 0.24708, 9.64022]},
			"faces": {
				"north": {"uv": [15, 11, 16, 12], "rotation": 180, "texture": "#2"},
				"east": {"uv": [15, 11, 16, 12], "rotation": 180, "texture": "#2"},
				"south": {"uv": [15, 11, 16, 12], "rotation": 180, "texture": "#2"},
				"west": {"uv": [15, 11, 16, 12], "rotation": 180, "texture": "#2"},
				"up": {"uv": [15, 11, 16, 12], "texture": "#2"},
				"down": {"uv": [15, 11, 16, 12], "texture": "#2"}
			}
		},
		{
			"from": [7.801, 2.0473, 8.78586],
			"to": [8.199, 2.9453, 9.18386],
			"rotation": {"angle": 0, "axis": "x", "origin": [8, 2.9963, 8.98486]},
			"faces": {
				"north": {"uv": [15, 11, 16, 12], "rotation": 180, "texture": "#2"},
				"east": {"uv": [15, 11, 16, 12], "rotation": 180, "texture": "#2"},
				"south": {"uv": [15, 11, 16, 12], "rotation": 180, "texture": "#2"},
				"west": {"uv": [15, 11, 16, 12], "rotation": 180, "texture": "#2"},
				"up": {"uv": [15, 11, 16, 12], "texture": "#2"},
				"down": {"uv": [15, 11, 16, 12], "texture": "#2"}
			}
		}
	],
	"gui_light": "front",
	"display": {
		"thirdperson_righthand": {
			"rotation": [0, 50, 0],
			"translation": [0, 3.75, 1]
		},
		"thirdperson_lefthand": {
			"rotation": [0, 50, 0],
			"translation": [0, 3.75, 1]
		},
		"firstperson_righthand": {
			"rotation": [-24, 3, 0],
			"translation": [1.25, 5.75, 0]
		},
		"firstperson_lefthand": {
			"rotation": [-24, 3, 0],
			"translation": [1.25, 5.75, 0]
		},
		"ground": {
			"translation": [0.25, 7, 0.5],
			"scale": [1.25, 1.25, 1.25]
		},
		"gui": {
			"rotation": [-63, 142, 73],
			"translation": [5, 5.75, 0],
			"scale": [1.85, 1.85, 1.85]
		},
		"head": {
			"translation": [0, 30.5, -4.75],
			"scale": [4, 4, 4]
		},
		"fixed": {
			"rotation": [-63, 142, 73],
			"translation": [5, 5.75, 0],
			"scale": [1.85, 1.85, 1.85]
		}
	}
}