{
	"credit": "Made with Blockbench",
	"gui_light": "front",
	"textures": {
		"0": "skins/wooden_sword",
		"1": "skins/string",
		"2": "skins/stone_sword",
		"particle": "skins/wooden_sword"
	},
	"elements": [
		{
			"from": [7.25, 0.25, 7.25],
			"to": [8.75, 3.75, 8.75],
			"rotation": {"angle": 0, "axis": "x", "origin": [8, 2, 8]},
			"faces": {
				"north": {"uv": [2, 1.5, 6, 3.5], "rotation": 90, "texture": "#2"},
				"east": {"uv": [2, 5.5, 6, 7.5], "rotation": 90, "texture": "#2"},
				"south": {"uv": [2, 3.5, 6, 5.5], "rotation": 90, "texture": "#2"},
				"west": {"uv": [2, 0, 6, 2], "rotation": 90, "texture": "#2"},
				"up": {"uv": [2, 5.5, 4, 7.5], "rotation": 90, "texture": "#2"},
				"down": {"uv": [5.5, 5.5, 7.5, 7.5], "rotation": 90, "texture": "#2"}
			}
		},
		{
			"from": [7.1, -0.9, 7.1],
			"to": [8.9, -0.1, 8.9],
			"rotation": {"angle": 0, "axis": "x", "origin": [8, 1, 8]},
			"faces": {
				"north": {"uv": [14, 9.5, 16, 10.5], "texture": "#0"},
				"east": {"uv": [14, 9.5, 16, 10.5], "texture": "#0"},
				"south": {"uv": [14, 9.5, 16, 10.5], "texture": "#0"},
				"west": {"uv": [14, 9.5, 16, 10.5], "texture": "#0"},
				"up": {"uv": [14, 9.5, 16, 10.5], "texture": "#0"},
				"down": {"uv": [14, 9.5, 16, 10.5], "texture": "#0"}
			}
		},
		{
			"from": [7.1, 4.1, 7.1],
			"to": [8.9, 4.9, 8.9],
			"rotation": {"angle": 0, "axis": "x", "origin": [8, 6, 8]},
			"faces": {
				"north": {"uv": [14, 9.5, 16, 10.5], "texture": "#0"},
				"east": {"uv": [14, 9.5, 16, 10.5], "texture": "#0"},
				"south": {"uv": [14, 9.5, 16, 10.5], "texture": "#0"},
				"west": {"uv": [14, 9.5, 16, 10.5], "texture": "#0"},
				"up": {"uv": [14, 9.5, 16, 10.5], "texture": "#0"},
				"down": {"uv": [14, 9.5, 16, 10.5], "texture": "#0"}
			}
		},
		{
			"from": [7.25, 10, 6.75],
			"to": [8.75, 11, 8.75],
			"rotation": {"angle": 0, "axis": "x", "origin": [8, 12, 8]},
			"faces": {
				"north": {"uv": [14, 9.5, 15.5, 10.5], "texture": "#0"},
				"east": {"uv": [14, 9.5, 16, 10.5], "texture": "#0"},
				"south": {"uv": [14, 9.5, 15.5, 10.5], "texture": "#0"},
				"west": {"uv": [14, 9.5, 16, 10.5], "texture": "#0"},
				"up": {"uv": [14, 9.5, 16, 10.5], "texture": "#0"},
				"down": {"uv": [14, 9.5, 16, 10.5], "texture": "#0"}
			}
		},
		{
			"from": [7.25, 15, 6.75],
			"to": [8.75, 16, 8.75],
			"rotation": {"angle": 0, "axis": "x", "origin": [8, 18, 8]},
			"faces": {
				"north": {"uv": [14, 9.5, 15.5, 10.5], "texture": "#0"},
				"east": {"uv": [14, 9.5, 16, 10.5], "texture": "#0"},
				"south": {"uv": [14, 9.5, 16, 10.5], "texture": "#0"},
				"west": {"uv": [14, 9.5, 16, 10.5], "texture": "#0"},
				"up": {"uv": [14, 9.5, 16, 10.5], "texture": "#0"},
				"down": {"uv": [14, 9.5, 16, 10.5], "texture": "#0"}
			}
		},
		{
			"from": [7.25, 19.25, 6.75],
			"to": [8.75, 20.25, 8.75],
			"rotation": {"angle": 0, "axis": "x", "origin": [8, 17.25, 8]},
			"faces": {
				"north": {"uv": [14, 9.5, 15.5, 10.5], "texture": "#0"},
				"east": {"uv": [14, 9.5, 16, 10.5], "texture": "#0"},
				"south": {"uv": [14, 9.5, 15.5, 10.5], "texture": "#0"},
				"west": {"uv": [14, 9.5, 16, 10.5], "texture": "#0"},
				"up": {"uv": [14, 9.5, 16, 10.5], "texture": "#0"},
				"down": {"uv": [14, 9.5, 16, 10.5], "texture": "#0"}
			}
		},
		{
			"from": [7.4, -1.4, 7.4],
			"to": [8.6, 13.8, 8.6],
			"rotation": {"angle": 0, "axis": "x", "origin": [8, 0.2, 8]},
			"faces": {
				"north": {"uv": [0, 14, 16, 16], "rotation": 90, "texture": "#0"},
				"east": {"uv": [0, 14, 16, 16], "rotation": 90, "texture": "#0"},
				"south": {"uv": [0, 13.5, 16, 15.5], "rotation": 90, "texture": "#0"},
				"west": {"uv": [0, 14, 16, 16], "rotation": 90, "texture": "#0"},
				"up": {"uv": [0, 14, 2, 16], "rotation": 90, "texture": "#0"},
				"down": {"uv": [0, 14, 2, 16], "rotation": 90, "texture": "#0"}
			}
		},
		{
			"from": [7.5, 13.4, 7.5],
			"to": [8.5, 20.4, 8.5],
			"rotation": {"angle": 0, "axis": "x", "origin": [8, 15.4, 8]},
			"faces": {
				"north": {"uv": [0, 14, 7, 15], "rotation": 90, "texture": "#0"},
				"east": {"uv": [0, 14, 7, 15], "rotation": 90, "texture": "#0"},
				"south": {"uv": [0, 14, 7, 15], "rotation": 90, "texture": "#0"},
				"west": {"uv": [0, 14, 7, 15], "rotation": 90, "texture": "#0"},
				"up": {"uv": [0, 14, 1, 15], "rotation": 90, "texture": "#0"},
				"down": {"uv": [0, 14, 1, 15], "rotation": 90, "texture": "#0"}
			}
		},
		{
			"from": [7.001, 5.151, 5.751],
			"to": [8.999, 6.149, 6.749],
			"rotation": {"angle": 0, "axis": "y", "origin": [15, 13.15, 13.75]},
			"faces": {
				"north": {"uv": [4, 14, 6, 15], "texture": "#1"},
				"east": {"uv": [4, 14, 5, 15], "texture": "#1"},
				"south": {"uv": [4, 14, 6, 15], "texture": "#1"},
				"west": {"uv": [4, 14, 5, 15], "texture": "#1"},
				"up": {"uv": [4, 14, 6, 15], "texture": "#1"},
				"down": {"uv": [4, 14, 6, 15], "texture": "#1"}
			}
		},
		{
			"from": [8.651, 4.901, 5.651],
			"to": [8.899, 5.899, 6.849],
			"rotation": {"angle": 0, "axis": "y", "origin": [16.65, 13.15, 13.75]},
			"faces": {
				"north": {"uv": [14.5, 9, 14.75, 10], "texture": "#0"},
				"east": {"uv": [14.5, 9, 15.7, 10], "texture": "#0"},
				"south": {"uv": [14.5, 9, 14.75, 10], "texture": "#0"},
				"west": {"uv": [14.5, 9, 15.7, 10], "texture": "#0"},
				"up": {"uv": [14.5, 9, 14.75, 10.2], "texture": "#0"},
				"down": {"uv": [14.5, 9, 14.75, 10.2], "texture": "#0"}
			}
		},
		{
			"from": [7.101, 4.901, 5.651],
			"to": [7.349, 5.899, 6.849],
			"rotation": {"angle": 0, "axis": "y", "origin": [15.1, 13.15, 13.75]},
			"faces": {
				"north": {"uv": [14.5, 9, 14.75, 10], "texture": "#0"},
				"east": {"uv": [14.5, 9, 15.7, 10], "texture": "#0"},
				"south": {"uv": [14.5, 9, 14.75, 10], "texture": "#0"},
				"west": {"uv": [14.5, 9, 15.7, 10], "texture": "#0"},
				"up": {"uv": [14.5, 9, 14.75, 10.2], "texture": "#0"},
				"down": {"uv": [14.5, 9, 14.75, 10.2], "texture": "#0"}
			}
		},
		{
			"from": [7.001, 6.56521, 5.751],
			"to": [8.999, 7.56321, 6.749],
			"rotation": {"angle": 0, "axis": "x", "origin": [8, 6.53388, 6.67678]},
			"faces": {
				"north": {"uv": [4, 14, 6, 15], "rotation": 180, "texture": "#1"},
				"east": {"uv": [4, 14, 5, 15], "rotation": 180, "texture": "#1"},
				"south": {"uv": [4, 14, 6, 15], "rotation": 180, "texture": "#1"},
				"west": {"uv": [4, 14, 5, 15], "rotation": 180, "texture": "#1"},
				"up": {"uv": [4, 14, 6, 15], "texture": "#1"},
				"down": {"uv": [4, 14, 6, 15], "rotation": 180, "texture": "#1"}
			}
		},
		{
			"from": [7.75, 7.5, 6.1],
			"to": [8.25, 10.75, 6.6],
			"rotation": {"angle": 22.5, "axis": "x", "origin": [8, 8.625, 6.25]},
			"faces": {
				"north": {"uv": [0, 0.5, 3.25, 1], "rotation": 90, "texture": "#1"},
				"east": {"uv": [0, 0.5, 3.25, 1], "rotation": 90, "texture": "#1"},
				"south": {"uv": [0, 0.5, 3.25, 1], "rotation": 90, "texture": "#1"},
				"west": {"uv": [0, 0.5, 3.25, 1], "rotation": 90, "texture": "#1"},
				"up": {"uv": [0, 0.5, 0.5, 1], "rotation": 90, "texture": "#1"},
				"down": {"uv": [0, 0.5, 0.5, 1], "rotation": 90, "texture": "#1"}
			}
		},
		{
			"from": [7.75, 10.42367, 6.78373],
			"to": [8.25, 20.62367, 7.28373],
			"rotation": {"angle": 0, "axis": "x", "origin": [8, 9.04867, 6.53373]},
			"faces": {
				"north": {"uv": [0, 0.5, 10.2, 1], "rotation": 270, "texture": "#1"},
				"east": {"uv": [0, 0.5, 10.2, 1], "rotation": 270, "texture": "#1"},
				"south": {"uv": [0, 0.5, 10.2, 1], "rotation": 270, "texture": "#1"},
				"west": {"uv": [0, 0.5, 10.2, 1], "rotation": 270, "texture": "#1"},
				"up": {"uv": [7.5, 0.5, 8, 1], "rotation": 270, "texture": "#1"},
				"down": {"uv": [0, 0.5, 10.2, 1], "rotation": 270, "texture": "#1"}
			}
		},
		{
			"from": [7.76, 17.55859, 4.5739],
			"to": [8.24, 20.53859, 5.0539],
			"rotation": {"angle": 45, "axis": "x", "origin": [8, 17.84859, 6.0139]},
			"faces": {
				"north": {"uv": [6, 0.5, 9, 1], "rotation": 270, "texture": "#1"},
				"east": {"uv": [6, 0.5, 9, 1], "rotation": 270, "texture": "#1"},
				"south": {"uv": [6, 0.5, 9, 1], "rotation": 270, "texture": "#1"},
				"west": {"uv": [6, 0.5, 9, 1], "rotation": 270, "texture": "#1"},
				"up": {"uv": [6, 0.5, 9, 1], "rotation": 270, "texture": "#1"},
				"down": {"uv": [6, 0.5, 9, 1], "rotation": 270, "texture": "#1"}
			}
		},
		{
			"from": [7.76, 11.77787, 5.71399],
			"to": [8.24, 14.75787, 6.19399],
			"rotation": {"angle": -45, "axis": "x", "origin": [8, 11.8805, 5.67802]},
			"faces": {
				"north": {"uv": [7.5, 0.5, 10.5, 1], "rotation": 90, "texture": "#1"},
				"east": {"uv": [7.5, 0.5, 10.5, 1], "rotation": 90, "texture": "#1"},
				"south": {"uv": [7.5, 0.5, 10.5, 1], "rotation": 90, "texture": "#1"},
				"west": {"uv": [7.5, 0.5, 10.5, 1], "rotation": 90, "texture": "#1"},
				"up": {"uv": [7.5, 0.5, 10.5, 1], "rotation": 90, "texture": "#1"},
				"down": {"uv": [7.5, 0.5, 10.5, 1], "rotation": 90, "texture": "#1"}
			}
		},
		{
			"from": [7.77, 15.78946, 3.82946],
			"to": [8.23, 18.74946, 4.28946],
			"rotation": {"angle": 22.5, "axis": "x", "origin": [8, 16.26946, 4.05946]},
			"faces": {
				"north": {"uv": [3.5, 0.5, 6.5, 1], "rotation": 270, "texture": "#1"},
				"east": {"uv": [3.5, 0.5, 6.5, 1], "rotation": 270, "texture": "#1"},
				"south": {"uv": [3.5, 0.5, 6.5, 1], "rotation": 270, "texture": "#1"},
				"west": {"uv": [3.5, 0.5, 6.5, 1], "rotation": 270, "texture": "#1"},
				"up": {"uv": [3.5, 0.5, 6.5, 1], "rotation": 270, "texture": "#1"},
				"down": {"uv": [3.5, 0.5, 6.5, 1], "rotation": 270, "texture": "#1"}
			}
		},
		{
			"from": [7.77, 10.01314, 5.72399],
			"to": [8.23, 11.97314, 6.18399],
			"rotation": {"angle": -22.5, "axis": "x", "origin": [8, 11.8805, 5.67802]},
			"faces": {
				"north": {"uv": [11.5, 0.5, 13.5, 1], "rotation": 90, "texture": "#1"},
				"east": {"uv": [11.5, 0.5, 13.5, 1], "rotation": 90, "texture": "#1"},
				"south": {"uv": [11.5, 0.5, 13.5, 1], "rotation": 90, "texture": "#1"},
				"west": {"uv": [11.5, 0.5, 13.5, 1], "rotation": 90, "texture": "#1"},
				"up": {"uv": [11.5, 0.5, 13.5, 1], "rotation": 90, "texture": "#1"},
				"down": {"uv": [11.5, 0.5, 13.5, 1], "rotation": 90, "texture": "#1"}
			}
		},
		{
			"from": [7.775, 8.89129, 5.74756],
			"to": [8.225, 10.84129, 6.19756],
			"rotation": {"angle": 45, "axis": "x", "origin": [8, 9.86629, 5.97256]},
			"faces": {
				"north": {"uv": [14, 0.5, 16, 1], "rotation": 90, "texture": "#1"},
				"east": {"uv": [14, 0.5, 16, 1], "rotation": 90, "texture": "#1"},
				"south": {"uv": [14, 0.5, 16, 1], "rotation": 90, "texture": "#1"},
				"west": {"uv": [14, 0.5, 16, 1], "rotation": 90, "texture": "#1"},
				"up": {"uv": [14, 0.5, 16, 1], "rotation": 90, "texture": "#1"},
				"down": {"uv": [14, 0.5, 16, 1], "rotation": 90, "texture": "#1"}
			}
		},
		{
			"from": [7.775, 13.95902, 3.66828],
			"to": [8.225, 15.90902, 4.11828],
			"rotation": {"angle": 0, "axis": "x", "origin": [8, 14.43402, 3.89328]},
			"faces": {
				"north": {"uv": [3.5, 0.5, 5.5, 1], "rotation": 90, "texture": "#1"},
				"east": {"uv": [3.5, 0.5, 5.5, 1], "rotation": 90, "texture": "#1"},
				"south": {"uv": [3.5, 0.5, 5.5, 1], "rotation": 90, "texture": "#1"},
				"west": {"uv": [3.5, 0.5, 5.5, 1], "rotation": 90, "texture": "#1"},
				"up": {"uv": [3.5, 0.5, 5.5, 1], "rotation": 90, "texture": "#1"},
				"down": {"uv": [3.5, 0.5, 5.5, 1], "rotation": 90, "texture": "#1"}
			}
		},
		{
			"from": [8.651, 6.81521, 5.651],
			"to": [8.899, 7.81321, 6.849],
			"rotation": {"angle": 0, "axis": "x", "origin": [9.65, 6.53388, 6.67678]},
			"faces": {
				"north": {"uv": [14.5, 9, 14.75, 10], "rotation": 180, "texture": "#0"},
				"east": {"uv": [14.5, 9, 15.7, 10], "rotation": 180, "texture": "#0"},
				"south": {"uv": [14.5, 9, 14.75, 10], "rotation": 180, "texture": "#0"},
				"west": {"uv": [14.5, 9, 15.7, 10], "rotation": 180, "texture": "#0"},
				"up": {"uv": [14.5, 9, 14.75, 10.2], "rotation": 180, "texture": "#0"},
				"down": {"uv": [14.5, 9, 14.75, 10.2], "rotation": 180, "texture": "#0"}
			}
		},
		{
			"from": [7.101, 6.81521, 5.651],
			"to": [7.349, 7.81321, 6.849],
			"rotation": {"angle": 0, "axis": "x", "origin": [8.1, 6.53388, 6.67678]},
			"faces": {
				"north": {"uv": [14.5, 9, 14.75, 10], "rotation": 180, "texture": "#0"},
				"east": {"uv": [14.5, 9, 15.7, 10], "rotation": 180, "texture": "#0"},
				"south": {"uv": [14.5, 9, 14.75, 10], "rotation": 180, "texture": "#0"},
				"west": {"uv": [14.5, 9, 15.7, 10], "rotation": 180, "texture": "#0"},
				"up": {"uv": [14.5, 9, 14.75, 10.2], "rotation": 180, "texture": "#0"},
				"down": {"uv": [14.5, 9, 14.75, 10.2], "rotation": 180, "texture": "#0"}
			}
		},
		{
			"from": [7, 5.85711, 5.04289],
			"to": [9, 6.85711, 6.04289],
			"rotation": {"angle": 0, "axis": "x", "origin": [8, 6.60711, 5.64645]},
			"faces": {
				"north": {"uv": [4, 14, 6, 15], "rotation": 180, "texture": "#1"},
				"east": {"uv": [4, 14, 5, 15], "rotation": 270, "texture": "#1"},
				"south": {"uv": [4, 14, 5, 16], "rotation": 270, "texture": "#1"},
				"west": {"uv": [4, 14, 5, 15], "rotation": 90, "texture": "#1"},
				"up": {"uv": [4, 14, 5, 16], "rotation": 270, "texture": "#1"},
				"down": {"uv": [4, 14, 5, 16], "rotation": 270, "texture": "#1"}
			}
		},
		{
			"from": [8.65, 5.75711, 4.79289],
			"to": [8.9, 6.95711, 5.79289],
			"rotation": {"angle": 0, "axis": "x", "origin": [9.65, 6.60711, 5.64645]},
			"faces": {
				"north": {"uv": [14.5, 9, 15.7, 9.25], "rotation": 270, "texture": "#0"},
				"east": {"uv": [14.5, 9, 15.7, 10], "rotation": 270, "texture": "#0"},
				"south": {"uv": [14.5, 9, 15.7, 9.25], "rotation": 270, "texture": "#0"},
				"west": {"uv": [14.5, 9, 15.7, 10], "rotation": 270, "texture": "#0"},
				"up": {"uv": [14.5, 9, 15.5, 9.25], "rotation": 270, "texture": "#0"},
				"down": {"uv": [14.5, 9, 15.5, 9.25], "rotation": 270, "texture": "#0"}
			}
		},
		{
			"from": [7.1, 5.75711, 4.79289],
			"to": [7.35, 6.95711, 5.79289],
			"rotation": {"angle": 0, "axis": "x", "origin": [8.1, 6.60711, 5.64645]},
			"faces": {
				"north": {"uv": [14.5, 9, 15.7, 9.25], "rotation": 270, "texture": "#0"},
				"east": {"uv": [14.5, 9, 15.7, 10], "rotation": 270, "texture": "#0"},
				"south": {"uv": [14.5, 9, 15.7, 9.25], "rotation": 270, "texture": "#0"},
				"west": {"uv": [14.5, 9, 15.7, 10], "rotation": 270, "texture": "#0"},
				"up": {"uv": [14.5, 9, 15.5, 9.25], "rotation": 270, "texture": "#0"},
				"down": {"uv": [14.5, 9, 15.5, 9.25], "rotation": 270, "texture": "#0"}
			}
		},
		{
			"from": [7, 5.85711, 6.45711],
			"to": [9, 6.85711, 7.45711],
			"rotation": {"angle": 0, "axis": "x", "origin": [8, 6.53388, 6.67678]},
			"faces": {
				"north": {"uv": [4, 14, 5, 16], "rotation": 90, "texture": "#1"},
				"east": {"uv": [4, 14, 5, 15], "rotation": 90, "texture": "#1"},
				"south": {"uv": [4, 14, 5, 16], "rotation": 90, "texture": "#1"},
				"west": {"uv": [4, 14, 5, 15], "rotation": 270, "texture": "#1"},
				"up": {"uv": [4, 14, 5, 16], "rotation": 90, "texture": "#1"},
				"down": {"uv": [4, 14, 5, 16], "rotation": 90, "texture": "#1"}
			}
		},
		{
			"from": [8.65, 5.75711, 6.70711],
			"to": [8.9, 6.95711, 7.70711],
			"rotation": {"angle": 0, "axis": "x", "origin": [9.65, 6.53388, 6.67678]},
			"faces": {
				"north": {"uv": [14.5, 9, 15.7, 9.25], "rotation": 90, "texture": "#0"},
				"east": {"uv": [14.5, 9, 15.7, 10], "rotation": 90, "texture": "#0"},
				"south": {"uv": [14.5, 9, 15.7, 9.25], "rotation": 90, "texture": "#0"},
				"west": {"uv": [14.5, 9, 15.7, 10], "rotation": 90, "texture": "#0"},
				"up": {"uv": [14.5, 9, 15.5, 9.25], "rotation": 90, "texture": "#0"},
				"down": {"uv": [14.5, 9, 15.5, 9.25], "rotation": 90, "texture": "#0"}
			}
		},
		{
			"from": [7.1, 5.75711, 6.70711],
			"to": [7.35, 6.95711, 7.70711],
			"rotation": {"angle": 0, "axis": "x", "origin": [8.1, 6.53388, 6.67678]},
			"faces": {
				"north": {"uv": [14.5, 9, 15.7, 9.25], "rotation": 90, "texture": "#0"},
				"east": {"uv": [14.5, 9, 15.7, 10], "rotation": 90, "texture": "#0"},
				"south": {"uv": [14.5, 9, 15.7, 9.25], "rotation": 90, "texture": "#0"},
				"west": {"uv": [14.5, 9, 15.7, 10], "rotation": 90, "texture": "#0"},
				"up": {"uv": [14.5, 9, 15.5, 9.25], "rotation": 90, "texture": "#0"},
				"down": {"uv": [14.5, 9, 15.5, 9.25], "rotation": 90, "texture": "#0"}
			}
		},
		{
			"from": [7, 5.60711, 8.00711],
			"to": [9, 7.10711, 8.50711],
			"rotation": {"angle": 0, "axis": "x", "origin": [8, 6.53388, 7.72678]},
			"faces": {
				"north": {"uv": [14, 10, 16, 10.5], "rotation": 270, "texture": "#0"},
				"east": {"uv": [14, 10, 16, 10.5], "rotation": 270, "texture": "#0"},
				"south": {"uv": [14, 10, 16, 10.5], "rotation": 270, "texture": "#0"},
				"west": {"uv": [14, 10, 16, 10.5], "rotation": 270, "texture": "#0"},
				"up": {"uv": [14, 10, 16, 10.5], "rotation": 270, "texture": "#0"},
				"down": {"uv": [14, 10, 16, 10.5], "rotation": 270, "texture": "#0"}
			}
		},
		{
			"from": [7.02, 5.37711, 5.27],
			"to": [8.98, 6.33711, 6.23],
			"rotation": {"angle": 45, "axis": "x", "origin": [8, 5.85711, 5.75]},
			"faces": {
				"north": {"uv": [4, 14, 6, 15], "texture": "#1"},
				"east": {"uv": [4, 14, 5, 15], "texture": "#1"},
				"south": {"uv": [4, 14, 6, 15], "texture": "#1"},
				"west": {"uv": [4, 14, 5, 15], "texture": "#1"},
				"up": {"uv": [4, 14, 6, 15], "texture": "#1"},
				"down": {"uv": [4, 14, 6, 15], "texture": "#1"}
			}
		},
		{
			"from": [8.67, 5.12711, 5.17],
			"to": [8.88, 6.08711, 6.33],
			"rotation": {"angle": 45, "axis": "x", "origin": [9.65, 5.85711, 5.75]},
			"faces": {
				"north": {"uv": [14.5, 9, 14.75, 10], "texture": "#0"},
				"east": {"uv": [14.5, 9, 15.7, 10], "texture": "#0"},
				"south": {"uv": [14.5, 9, 14.75, 10], "texture": "#0"},
				"west": {"uv": [14.5, 9, 15.7, 10], "texture": "#0"},
				"up": {"uv": [14.5, 9, 14.75, 10.2], "texture": "#0"},
				"down": {"uv": [14.5, 9, 14.75, 10.2], "texture": "#0"}
			}
		},
		{
			"from": [7.12, 5.12711, 5.17],
			"to": [7.33, 6.08711, 6.33],
			"rotation": {"angle": 45, "axis": "x", "origin": [8.1, 5.85711, 5.75]},
			"faces": {
				"north": {"uv": [14.5, 9, 14.75, 10], "texture": "#0"},
				"east": {"uv": [14.5, 9, 15.7, 10], "texture": "#0"},
				"south": {"uv": [14.5, 9, 14.75, 10], "texture": "#0"},
				"west": {"uv": [14.5, 9, 15.7, 10], "texture": "#0"},
				"up": {"uv": [14.5, 9, 14.75, 10.2], "texture": "#0"},
				"down": {"uv": [14.5, 9, 14.75, 10.2], "texture": "#0"}
			}
		},
		{
			"from": [7.02, 6.33421, 6.02],
			"to": [8.98, 7.29421, 6.98],
			"rotation": {"angle": 45, "axis": "x", "origin": [8, 6.53388, 6.67678]},
			"faces": {
				"north": {"uv": [4, 14, 6, 15], "rotation": 180, "texture": "#1"},
				"east": {"uv": [4, 14, 5, 15], "rotation": 180, "texture": "#1"},
				"south": {"uv": [4, 14, 6, 15], "rotation": 180, "texture": "#1"},
				"west": {"uv": [4, 14, 5, 15], "rotation": 180, "texture": "#1"},
				"up": {"uv": [4, 14, 6, 15], "texture": "#1"},
				"down": {"uv": [4, 14, 6, 15], "rotation": 180, "texture": "#1"}
			}
		},
		{
			"from": [8.67, 6.58421, 5.92],
			"to": [8.88, 7.54421, 7.08],
			"rotation": {"angle": 45, "axis": "x", "origin": [9.65, 6.53388, 6.67678]},
			"faces": {
				"north": {"uv": [14.5, 9, 14.75, 10], "rotation": 180, "texture": "#0"},
				"east": {"uv": [14.5, 9, 15.7, 10], "rotation": 180, "texture": "#0"},
				"south": {"uv": [14.5, 9, 14.75, 10], "rotation": 180, "texture": "#0"},
				"west": {"uv": [14.5, 9, 15.7, 10], "rotation": 180, "texture": "#0"},
				"up": {"uv": [14.5, 9, 14.75, 10.2], "rotation": 180, "texture": "#0"},
				"down": {"uv": [14.5, 9, 14.75, 10.2], "rotation": 180, "texture": "#0"}
			}
		},
		{
			"from": [7.12, 6.58421, 5.92],
			"to": [7.33, 7.54421, 7.08],
			"rotation": {"angle": 45, "axis": "x", "origin": [8.1, 6.53388, 6.67678]},
			"faces": {
				"north": {"uv": [14.5, 9, 14.75, 10], "rotation": 180, "texture": "#0"},
				"east": {"uv": [14.5, 9, 15.7, 10], "rotation": 180, "texture": "#0"},
				"south": {"uv": [14.5, 9, 14.75, 10], "rotation": 180, "texture": "#0"},
				"west": {"uv": [14.5, 9, 15.7, 10], "rotation": 180, "texture": "#0"},
				"up": {"uv": [14.5, 9, 14.75, 10.2], "rotation": 180, "texture": "#0"},
				"down": {"uv": [14.5, 9, 14.75, 10.2], "rotation": 180, "texture": "#0"}
			}
		},
		{
			"from": [7.02, 7.08421, 6.07],
			"to": [8.98, 7.54421, 8.03],
			"rotation": {"angle": 45, "axis": "x", "origin": [8, 6.78388, 7.72678]},
			"faces": {
				"north": {"uv": [14, 10, 16, 10.5], "rotation": 180, "texture": "#0"},
				"east": {"uv": [14, 10, 16, 10.5], "rotation": 180, "texture": "#0"},
				"south": {"uv": [14, 10, 16, 10.5], "rotation": 180, "texture": "#0"},
				"west": {"uv": [14, 10, 16, 10.5], "rotation": 180, "texture": "#0"},
				"up": {"uv": [14, 10, 16, 10.5], "rotation": 180, "texture": "#0"},
				"down": {"uv": [14, 10, 16, 10.5], "rotation": 180, "texture": "#0"}
			}
		},
		{
			"from": [7.02, 6.37711, 5.06289],
			"to": [8.98, 7.33711, 6.02289],
			"rotation": {"angle": 45, "axis": "x", "origin": [8, 6.60711, 5.64645]},
			"faces": {
				"north": {"uv": [6, 15, 8, 16], "rotation": 180, "texture": "#1"},
				"east": {"uv": [4, 14, 5, 15], "rotation": 270, "texture": "#1"},
				"south": {"uv": [4, 14, 5, 16], "rotation": 270, "texture": "#1"},
				"west": {"uv": [4, 14, 5, 15], "rotation": 90, "texture": "#1"},
				"up": {"uv": [4, 14, 5, 16], "rotation": 270, "texture": "#1"},
				"down": {"uv": [4, 14, 5, 16], "rotation": 270, "texture": "#1"}
			}
		},
		{
			"from": [8.67, 6.27711, 4.81289],
			"to": [8.88, 7.43711, 5.77289],
			"rotation": {"angle": 45, "axis": "x", "origin": [9.65, 6.60711, 5.64645]},
			"faces": {
				"north": {"uv": [14.5, 9, 15.7, 9.25], "rotation": 270, "texture": "#0"},
				"east": {"uv": [14.5, 9, 15.7, 10], "rotation": 270, "texture": "#0"},
				"south": {"uv": [14.5, 9, 15.7, 9.25], "rotation": 270, "texture": "#0"},
				"west": {"uv": [14.5, 9, 15.7, 10], "rotation": 270, "texture": "#0"},
				"up": {"uv": [14.5, 9, 15.5, 9.25], "rotation": 270, "texture": "#0"},
				"down": {"uv": [14.5, 9, 15.5, 9.25], "rotation": 270, "texture": "#0"}
			}
		},
		{
			"from": [7.12, 6.27711, 4.81289],
			"to": [7.33, 7.43711, 5.77289],
			"rotation": {"angle": 45, "axis": "x", "origin": [8.1, 6.60711, 5.64645]},
			"faces": {
				"north": {"uv": [14.5, 9, 15.7, 9.25], "rotation": 270, "texture": "#0"},
				"east": {"uv": [14.5, 9, 15.7, 10], "rotation": 270, "texture": "#0"},
				"south": {"uv": [14.5, 9, 15.7, 9.25], "rotation": 270, "texture": "#0"},
				"west": {"uv": [14.5, 9, 15.7, 10], "rotation": 270, "texture": "#0"},
				"up": {"uv": [14.5, 9, 15.5, 9.25], "rotation": 270, "texture": "#0"},
				"down": {"uv": [14.5, 9, 15.5, 9.25], "rotation": 270, "texture": "#0"}
			}
		},
		{
			"from": [7.02, 5.62711, 6.72711],
			"to": [8.98, 6.58711, 7.68711],
			"rotation": {"angle": 45, "axis": "x", "origin": [8, 6.53388, 6.67678]},
			"faces": {
				"north": {"uv": [4, 14, 5, 16], "rotation": 90, "texture": "#1"},
				"east": {"uv": [4, 14, 5, 15], "rotation": 90, "texture": "#1"},
				"south": {"uv": [4, 14.5, 6, 15.5], "rotation": 180, "texture": "#1"},
				"west": {"uv": [4, 14, 5, 15], "rotation": 270, "texture": "#1"},
				"up": {"uv": [4, 14, 5, 16], "rotation": 90, "texture": "#1"},
				"down": {"uv": [4, 14, 5, 16], "rotation": 90, "texture": "#1"}
			}
		},
		{
			"from": [8.67, 5.52711, 6.97711],
			"to": [8.88, 6.68711, 7.93711],
			"rotation": {"angle": 45, "axis": "x", "origin": [9.65, 6.53388, 6.67678]},
			"faces": {
				"north": {"uv": [14.5, 9, 15.7, 9.25], "rotation": 90, "texture": "#0"},
				"east": {"uv": [14.5, 9, 15.7, 10], "rotation": 90, "texture": "#0"},
				"south": {"uv": [14.5, 9, 15.7, 9.25], "rotation": 90, "texture": "#0"},
				"west": {"uv": [14.5, 9, 15.7, 10], "rotation": 90, "texture": "#0"},
				"up": {"uv": [14.5, 9, 15.5, 9.25], "rotation": 90, "texture": "#0"},
				"down": {"uv": [14.5, 9, 15.5, 9.25], "rotation": 90, "texture": "#0"}
			}
		},
		{
			"from": [7.12, 5.52711, 6.97711],
			"to": [7.33, 6.68711, 7.93711],
			"rotation": {"angle": 45, "axis": "x", "origin": [8.1, 6.53388, 6.67678]},
			"faces": {
				"north": {"uv": [14.5, 9, 15.7, 9.25], "rotation": 90, "texture": "#0"},
				"east": {"uv": [14.5, 9, 15.7, 10], "rotation": 90, "texture": "#0"},
				"south": {"uv": [14.5, 9, 15.7, 9.25], "rotation": 90, "texture": "#0"},
				"west": {"uv": [14.5, 9, 15.7, 10], "rotation": 90, "texture": "#0"},
				"up": {"uv": [14.5, 9, 15.5, 9.25], "rotation": 90, "texture": "#0"},
				"down": {"uv": [14.5, 9, 15.5, 9.25], "rotation": 90, "texture": "#0"}
			}
		},
		{
			"from": [7.02, 4.87711, 8.27711],
			"to": [8.98, 6.33711, 8.73711],
			"rotation": {"angle": 45, "axis": "x", "origin": [8, 6.28388, 7.72678]},
			"faces": {
				"north": {"uv": [14, 10, 16, 10.5], "rotation": 270, "texture": "#0"},
				"east": {"uv": [14, 10, 16, 10.5], "rotation": 270, "texture": "#0"},
				"south": {"uv": [14, 10, 16, 10.5], "rotation": 270, "texture": "#0"},
				"west": {"uv": [14, 10, 16, 10.5], "rotation": 270, "texture": "#0"},
				"up": {"uv": [14, 10, 16, 10.5], "rotation": 270, "texture": "#0"},
				"down": {"uv": [14, 10, 16, 10.5], "rotation": 270, "texture": "#0"}
			}
		},
		{
			"from": [7.2, 8.3, 4],
			"to": [8.8, 9.9, 5.6],
			"rotation": {"angle": -22.5, "axis": "x", "origin": [8, 9, 4.8]},
			"faces": {
				"north": {"uv": [14.5, 3, 16, 4.5], "rotation": 90, "texture": "#1"},
				"east": {"uv": [14.5, 4, 16, 5.5], "rotation": 90, "texture": "#1"},
				"south": {"uv": [14.5, 3, 16, 4.5], "rotation": 90, "texture": "#1"},
				"west": {"uv": [14.5, 4, 16, 5.5], "rotation": 90, "texture": "#1"},
				"up": {"uv": [14.5, 4, 16, 5.5], "rotation": 180, "texture": "#1"},
				"down": {"uv": [14.5, 4, 16, 5.5], "rotation": 180, "texture": "#1"}
			}
		},
		{
			"from": [7.7, 9.05, 3.35],
			"to": [8.3, 9.65, 4.95],
			"rotation": {"angle": -22.5, "axis": "x", "origin": [8, 9.25, 5.4]},
			"faces": {
				"north": {"uv": [15.5, 10, 16, 10.5], "rotation": 180, "texture": "#2"},
				"east": {"uv": [15.5, 10, 16, 10.5], "rotation": 180, "texture": "#2"},
				"south": {"uv": [15.5, 10, 16, 10.5], "rotation": 180, "texture": "#2"},
				"west": {"uv": [15.5, 10, 16, 10.5], "rotation": 180, "texture": "#2"},
				"up": {"uv": [15.5, 10, 16, 10.5], "rotation": 180, "texture": "#2"},
				"down": {"uv": [15.5, 10, 16, 10.5], "rotation": 180, "texture": "#2"}
			}
		},
		{
			"from": [7.75, 7.73114, 3.07399],
			"to": [8.25, 8.73114, 3.57399],
			"rotation": {"angle": 22.5, "axis": "x", "origin": [8, 7.98114, 3.32399]},
			"faces": {
				"north": {"uv": [15, 10, 15.5, 10.5], "rotation": 90, "texture": "#2"},
				"east": {"uv": [15, 10, 15.5, 10.5], "rotation": 90, "texture": "#2"},
				"south": {"uv": [15, 10, 15.5, 10.5], "rotation": 90, "texture": "#2"},
				"west": {"uv": [15, 10, 15.5, 10.5], "rotation": 90, "texture": "#2"},
				"up": {"uv": [15, 10, 15.5, 10.5], "rotation": 90, "texture": "#2"},
				"down": {"uv": [15, 10, 15.5, 10.5], "rotation": 90, "texture": "#2"}
			}
		},
		{
			"from": [7.75, 7.63286, 2.05444],
			"to": [8.25, 9.13286, 2.55444],
			"rotation": {"angle": 22.5, "axis": "x", "origin": [8, 8.13286, 2.30444]},
			"faces": {
				"north": {"uv": [14.5, 9, 15, 9.5], "rotation": 90, "texture": "#2"},
				"east": {"uv": [14.5, 9, 15, 9.5], "rotation": 90, "texture": "#2"},
				"south": {"uv": [14.5, 9, 15, 9.5], "rotation": 90, "texture": "#2"},
				"west": {"uv": [14.5, 9, 15, 9.5], "rotation": 90, "texture": "#2"},
				"up": {"uv": [14.5, 9, 15, 9.5], "rotation": 90, "texture": "#2"},
				"down": {"uv": [14.5, 9, 15, 9.5], "rotation": 90, "texture": "#2"}
			}
		},
		{
			"from": [7.75, 7.36487, 2.40168],
			"to": [8.25, 7.86487, 3.40168],
			"rotation": {"angle": 22.5, "axis": "x", "origin": [8, 7.61487, 2.90168]},
			"faces": {
				"north": {"uv": [15, 10, 15.5, 10.5], "texture": "#2"},
				"east": {"uv": [15, 10, 15.5, 10.5], "texture": "#2"},
				"south": {"uv": [15, 10, 15.5, 10.5], "texture": "#2"},
				"west": {"uv": [15, 10, 15.5, 10.5], "texture": "#2"},
				"up": {"uv": [15, 10, 15.5, 10.5], "texture": "#2"},
				"down": {"uv": [15, 10, 15.5, 10.5], "texture": "#2"}
			}
		}
	],
	"display": {
		"thirdperson_righthand": {
			"translation": [0, 4.75, 1.25],
			"scale": [1.16, 1.16, 1.16]
		},
		"thirdperson_lefthand": {
			"translation": [0, 4.75, 1.25],
			"scale": [1.16, 1.16, 1.16]
		},
		"firstperson_righthand": {
			"rotation": [-29, 0, 0],
			"translation": [0.75, 1.75, 0],
			"scale": [0.73, 0.6, 0.73]
		},
		"firstperson_lefthand": {
			"rotation": [-29, 0, 0],
			"translation": [0.75, 1.75, 0],
			"scale": [0.73, 0.6, 0.73]
		},
		"ground": {
			"rotation": [64, -111, 0],
			"translation": [0, 0, -1]
		},
		"gui": {
			"rotation": [85, -135, 102],
			"translation": [-1.25, -0.5, 0]
		},
		"fixed": {
			"rotation": [90, 135, -90],
			"translation": [1.25, -1, -1]
		}
	},
    "overrides": [
        {
            "predicate": {
                "cast": 1
            },
            "model": "item/fishing_rod_cast"
        }
    ]
}