{
	"credit": "Made with Blockbench",
	"gui_light": "front",
	"textures": {
		"0": "skins/gold_sword",
		"particle": "skins/gold_sword"
	},
	"elements": [
		{
			"from": [7.05163, -11.8, 7.04969],
			"to": [8.95163, -11.2, 8.94969],
			"rotation": {"angle": 0, "axis": "y", "origin": [8.00097, -1.11477, 8.00066]},
			"faces": {
				"north": {"uv": [10, 1.5, 12, 2.5], "rotation": 180, "texture": "#0"},
				"east": {"uv": [10, 1.5, 12, 2.5], "rotation": 180, "texture": "#0"},
				"south": {"uv": [10, 1.5, 12, 2.5], "rotation": 180, "texture": "#0"},
				"west": {"uv": [10, 1.5, 12, 2.5], "rotation": 180, "texture": "#0"},
				"up": {"uv": [10, 1.5, 12, 2.5], "rotation": 270, "texture": "#0"},
				"down": {"uv": [10, 1.5, 12, 2.5], "rotation": 90, "texture": "#0"}
			}
		},
		{
			"from": [7.05163, -6.8, 7.04969],
			"to": [8.95163, -6.2, 8.94969],
			"rotation": {"angle": 0, "axis": "y", "origin": [8.00097, 0.88523, 8.00066]},
			"faces": {
				"north": {"uv": [10, 1.5, 12, 2.5], "rotation": 180, "texture": "#0"},
				"east": {"uv": [10, 1.5, 12, 2.5], "rotation": 180, "texture": "#0"},
				"south": {"uv": [10, 1.5, 12, 2.5], "rotation": 180, "texture": "#0"},
				"west": {"uv": [10, 1.5, 12, 2.5], "rotation": 180, "texture": "#0"},
				"up": {"uv": [10, 1.5, 12, 2.5], "rotation": 270, "texture": "#0"},
				"down": {"uv": [10, 1.5, 12, 2.5], "rotation": 90, "texture": "#0"}
			}
		},
		{
			"from": [7.29963, -6.052, 6.79769],
			"to": [8.70363, -5.198, 9.20169],
			"rotation": {"angle": 0, "axis": "y", "origin": [8.00097, 0.88523, 8.00066]},
			"faces": {
				"north": {"uv": [14, 10, 16, 10.45], "rotation": 180, "texture": "#0"},
				"east": {"uv": [14, 10, 16, 10.45], "rotation": 180, "texture": "#0"},
				"south": {"uv": [14, 10, 16, 10.45], "rotation": 180, "texture": "#0"},
				"west": {"uv": [14, 10, 16, 10.45], "rotation": 180, "texture": "#0"},
				"up": {"uv": [14, 10, 16, 10.45], "rotation": 180, "texture": "#0"},
				"down": {"uv": [14, 10, 16, 10.45], "rotation": 180, "texture": "#0"}
			}
		},
		{
			"from": [7.34163, -11.71, 7.33969],
			"to": [8.66163, -5.39, 8.65969],
			"rotation": {"angle": 0, "axis": "y", "origin": [7.50097, -0.86477, 7.50066]},
			"faces": {
				"north": {"uv": [1.5, 9, 4.5, 10], "rotation": 90, "texture": "#0"},
				"east": {"uv": [1.5, 9, 4.5, 10], "rotation": 90, "texture": "#0"},
				"south": {"uv": [1.5, 9, 4.5, 10], "rotation": 90, "texture": "#0"},
				"west": {"uv": [1.5, 9, 4.5, 10], "rotation": 90, "texture": "#0"},
				"up": {"uv": [1.5, 9, 4.5, 10], "rotation": 180, "texture": "#0"},
				"down": {"uv": [1.5, 9, 4.5, 10], "texture": "#0"}
			}
		},
		{
			"from": [7.10163, -9.8, 7.09969],
			"to": [8.90163, -9.2, 8.89969],
			"rotation": {"angle": 0, "axis": "y", "origin": [8.00097, -0.61477, 8.00066]},
			"faces": {
				"north": {"uv": [6, 4.5, 6.4, 6], "rotation": 90, "texture": "#0"},
				"east": {"uv": [6, 4.5, 6.4, 6], "rotation": 90, "texture": "#0"},
				"south": {"uv": [6, 4.5, 6.4, 6], "rotation": 90, "texture": "#0"},
				"west": {"uv": [6, 4.5, 6.4, 6], "rotation": 90, "texture": "#0"},
				"up": {"uv": [6, 4.5, 6.4, 6], "rotation": 180, "texture": "#0"},
				"down": {"uv": [6, 4.5, 6.4, 6], "texture": "#0"}
			}
		},
		{
			"from": [7.10163, -8.8, 7.09969],
			"to": [8.90163, -8.2, 8.89969],
			"rotation": {"angle": 0, "axis": "y", "origin": [8.00097, 0.38523, 8.00066]},
			"faces": {
				"north": {"uv": [6, 4.5, 6.4, 6], "rotation": 90, "texture": "#0"},
				"east": {"uv": [6, 4.5, 6.4, 6], "rotation": 90, "texture": "#0"},
				"south": {"uv": [6, 4.5, 6.4, 6], "rotation": 90, "texture": "#0"},
				"west": {"uv": [6, 4.5, 6.4, 6], "rotation": 90, "texture": "#0"},
				"up": {"uv": [6, 4.5, 6.4, 6], "rotation": 180, "texture": "#0"},
				"down": {"uv": [6, 4.5, 6.4, 6], "texture": "#0"}
			}
		},
		{
			"from": [7.10163, -10.8, 7.09969],
			"to": [8.90163, -10.2, 8.89969],
			"rotation": {"angle": 0, "axis": "y", "origin": [8.00097, -0.86477, 8.00066]},
			"faces": {
				"north": {"uv": [12, 5, 12.4, 6.5], "rotation": 90, "texture": "#0"},
				"east": {"uv": [12, 5, 12.4, 6.5], "rotation": 90, "texture": "#0"},
				"south": {"uv": [12, 5, 12.4, 6.5], "rotation": 90, "texture": "#0"},
				"west": {"uv": [12, 5, 12.4, 6.5], "rotation": 90, "texture": "#0"},
				"up": {"uv": [12, 5, 12.4, 6.5], "rotation": 90, "texture": "#0"},
				"down": {"uv": [12, 5, 12.4, 6.5], "rotation": 90, "texture": "#0"}
			}
		},
		{
			"from": [7.49663, -14.15767, 6.75212],
			"to": [8.50663, -11.64767, 9.26212],
			"rotation": {"angle": -45, "axis": "x", "origin": [8.00163, -12.90267, 8.00712]},
			"faces": {
				"north": {"uv": [15, 8.5, 16, 10.5], "texture": "#0"},
				"east": {"uv": [13, 7.5, 15, 9.5], "texture": "#0"},
				"south": {"uv": [13, 8, 13.5, 10], "texture": "#0"},
				"west": {"uv": [13, 7.5, 15, 9.5], "rotation": 90, "texture": "#0"},
				"up": {"uv": [13, 7.5, 15, 8], "rotation": 270, "texture": "#0"},
				"down": {"uv": [14, 9, 16, 10], "rotation": 90, "texture": "#0"}
			}
		},
		{
			"from": [7.15163, -10.33277, -1.1152],
			"to": [8.85163, -8.58277, 0.6348],
			"rotation": {"angle": -45, "axis": "x", "origin": [8.00097, -1.21477, 8.00066]},
			"faces": {
				"north": {"uv": [11.5, 1, 12.5, 2.5], "texture": "#0"},
				"east": {"uv": [11, 0, 12.5, 1.5], "rotation": 270, "texture": "#0"},
				"south": {"uv": [11.5, 0, 12.5, 1.5], "texture": "#0"},
				"west": {"uv": [11, 0, 12.5, 1.5], "texture": "#0"},
				"up": {"uv": [11.5, 0, 12.5, 1.5], "rotation": 180, "texture": "#0"},
				"down": {"uv": [11.5, 1, 12.5, 2.5], "texture": "#0"}
			}
		},
		{
			"from": [7.00163, -3.68805, 4.17952],
			"to": [9.00163, -1.68805, 6.17952],
			"rotation": {"angle": -45, "axis": "x", "origin": [8.00097, 0.13523, 8.00066]},
			"faces": {
				"north": {"uv": [11.5, 1, 12.5, 2.5], "texture": "#0"},
				"east": {"uv": [11, 0, 12.5, 1.5], "rotation": 270, "texture": "#0"},
				"south": {"uv": [12, 0, 12.5, 1.5], "texture": "#0"},
				"west": {"uv": [11, 0, 12.5, 1.5], "texture": "#0"},
				"up": {"uv": [12, 0, 12.5, 1.5], "rotation": 180, "texture": "#0"},
				"down": {"uv": [11.5, 1, 12.5, 2.5], "texture": "#0"}
			}
		},
		{
			"from": [7.49163, -4.35663, 3.56094],
			"to": [8.51163, -1.08663, 6.83094],
			"rotation": {"angle": -45, "axis": "x", "origin": [8.00097, 0.08523, 8.00066]},
			"faces": {
				"north": {"uv": [12.5, 10, 16, 10.518], "rotation": 90, "texture": "#0"},
				"east": {"uv": [12.5, 7, 16, 10.5], "texture": "#0"},
				"south": {"uv": [12.5, 7, 16, 8.019], "rotation": 90, "texture": "#0"},
				"west": {"uv": [12.5, 7, 16, 10.5], "rotation": 90, "texture": "#0"},
				"up": {"uv": [12.5, 7, 16, 8.019], "rotation": 270, "texture": "#0"},
				"down": {"uv": [12.5, 9.518, 16, 10.018], "rotation": 90, "texture": "#0"}
			}
		},
		{
			"from": [7.5, -4.15663, 2.16094],
			"to": [8.5, -1.15663, 3.16094],
			"rotation": {"angle": -45, "axis": "x", "origin": [8.00097, 0.08523, 6.60066]},
			"faces": {
				"north": {"uv": [15.5, 7, 16, 10], "texture": "#0"},
				"east": {"uv": [15, 7, 16, 10], "texture": "#0"},
				"south": {"uv": [15, 8, 16, 11], "texture": "#0"},
				"west": {"uv": [16, 7.5, 15, 10.5], "texture": "#0"},
				"up": {"uv": [15, 8, 16, 9], "texture": "#0"},
				"down": {"uv": [14.5, 7, 15.5, 10], "texture": "#0"}
			}
		},
		{
			"from": [7.51, -3.81626, 5.26124],
			"to": [8.49, -2.63626, 8.24124],
			"rotation": {"angle": 22.5, "axis": "x", "origin": [8, -3.12626, 5.50124]},
			"faces": {
				"north": {"uv": [15, 8, 16, 9], "rotation": 180, "texture": "#0"},
				"east": {"uv": [14, 7, 15, 10], "rotation": 90, "texture": "#0"},
				"south": {"uv": [15, 8, 16, 11], "texture": "#0"},
				"west": {"uv": [15, 7, 14, 10], "rotation": 270, "texture": "#0"},
				"up": {"uv": [14, 7, 15, 10], "texture": "#0"},
				"down": {"uv": [15.5, 8, 16, 11], "rotation": 180, "texture": "#0"}
			}
		},
		{
			"from": [7.51, -3.81626, 7.75876],
			"to": [8.49, -2.63626, 10.73876],
			"rotation": {"angle": -22.5, "axis": "x", "origin": [8, -3.12626, 10.49876]},
			"faces": {
				"north": {"uv": [16, 8, 15, 11], "texture": "#0"},
				"east": {"uv": [14, 10, 15, 7], "rotation": 90, "texture": "#0"},
				"south": {"uv": [14, 7.5, 13, 8.5], "rotation": 180, "texture": "#0"},
				"west": {"uv": [15, 10, 14, 7], "rotation": 270, "texture": "#0"},
				"up": {"uv": [13.5, 10, 14.5, 7], "texture": "#0"},
				"down": {"uv": [15.5, 11, 16, 8], "rotation": 180, "texture": "#0"}
			}
		},
		{
			"from": [7.51, -2.19, 7.41],
			"to": [8.49, 2.79, 8.59],
			"rotation": {"angle": 0, "axis": "x", "origin": [8, -0.92536, 8.23413]},
			"faces": {
				"north": {"uv": [13, 10.5, 12.5, 7], "rotation": 180, "texture": "#0"},
				"east": {"uv": [12.5, 10.5, 13.5, 7], "rotation": 180, "texture": "#0"},
				"south": {"uv": [13.5, 10.5, 13, 7], "rotation": 180, "texture": "#0"},
				"west": {"uv": [13.5, 10.5, 12.5, 7], "rotation": 180, "texture": "#0"},
				"up": {"uv": [13.5, 7, 12.5, 8], "rotation": 180, "texture": "#0"},
				"down": {"uv": [13.5, 10.5, 12.5, 7], "rotation": 180, "texture": "#0"}
			}
		},
		{
			"from": [7.5101, 2.4501, 7.55714],
			"to": [8.4899, 3.2799, 8.38694],
			"rotation": {"angle": 45, "axis": "x", "origin": [8, 2.79, 7.89704]},
			"faces": {
				"north": {"uv": [12.5, 7.5, 13, 7], "rotation": 180, "texture": "#0"},
				"east": {"uv": [12.5, 7.5, 13, 7], "rotation": 180, "texture": "#0"},
				"south": {"uv": [12.5, 7.5, 13, 7], "rotation": 180, "texture": "#0"},
				"west": {"uv": [12.5, 7.5, 13, 7], "rotation": 180, "texture": "#0"},
				"up": {"uv": [12.5, 7.5, 13, 7], "rotation": 180, "texture": "#0"},
				"down": {"uv": [12.5, 7.5, 13, 7], "rotation": 180, "texture": "#0"}
			}
		},
		{
			"from": [7.5, -4.15663, 12.83906],
			"to": [8.5, -1.15663, 13.83906],
			"rotation": {"angle": 45, "axis": "x", "origin": [8.00097, 0.08523, 9.39934]},
			"faces": {
				"north": {"uv": [16, 8, 15, 11], "texture": "#0"},
				"east": {"uv": [16, 7.5, 15, 10.5], "texture": "#0"},
				"south": {"uv": [16, 7, 15.5, 10], "texture": "#0"},
				"west": {"uv": [15, 7.5, 16, 10.5], "texture": "#0"},
				"up": {"uv": [15, 9, 16, 8], "texture": "#0"},
				"down": {"uv": [15, 10, 16, 7], "texture": "#0"}
			}
		},
		{
			"from": [7.5, -3.01804, 10.86767],
			"to": [8.5, -2.01804, 12.86767],
			"rotation": {"angle": -45, "axis": "x", "origin": [8, -2.51804, 12.36767]},
			"faces": {
				"north": {"uv": [12.5, 8, 13.5, 9], "rotation": 90, "texture": "#0"},
				"east": {"uv": [13.5, 7, 12.5, 9], "rotation": 270, "texture": "#0"},
				"south": {"uv": [12.5, 7, 13.5, 8], "rotation": 90, "texture": "#0"},
				"west": {"uv": [12.5, 7, 13.5, 9], "rotation": 90, "texture": "#0"},
				"up": {"uv": [12.5, 7.5, 13.5, 9.5], "rotation": 180, "texture": "#0"},
				"down": {"uv": [12.5, 7, 13.5, 9], "texture": "#0"}
			}
		},
		{
			"from": [7.5, -3.01804, 3.13233],
			"to": [8.5, -2.01804, 5.13233],
			"rotation": {"angle": 45, "axis": "x", "origin": [8, -2.51804, 3.63233]},
			"faces": {
				"north": {"uv": [12.5, 8, 13.5, 7], "rotation": 90, "texture": "#0"},
				"east": {"uv": [13.5, 9, 12.5, 7], "rotation": 270, "texture": "#0"},
				"south": {"uv": [12.5, 9, 13.5, 8], "rotation": 90, "texture": "#0"},
				"west": {"uv": [12.5, 9, 13.5, 7], "rotation": 90, "texture": "#0"},
				"up": {"uv": [12.5, 9.5, 13.5, 7.5], "rotation": 180, "texture": "#0"},
				"down": {"uv": [13, 9.5, 14, 7.5], "texture": "#0"}
			}
		},
		{
			"from": [7.51, -3.62391, 3.27972],
			"to": [8.49, -2.64391, 5.25972],
			"rotation": {"angle": 22.5, "axis": "x", "origin": [8, -3.13391, 5.51972]},
			"faces": {
				"north": {"uv": [12.5, 9, 13.5, 8], "rotation": 90, "texture": "#0"},
				"east": {"uv": [14, 9, 13, 7], "rotation": 270, "texture": "#0"},
				"south": {"uv": [12.5, 9, 13.5, 8], "rotation": 90, "texture": "#0"},
				"west": {"uv": [12.5, 9, 13.5, 7], "rotation": 90, "texture": "#0"},
				"up": {"uv": [12.5, 9, 13.5, 7], "rotation": 180, "texture": "#0"},
				"down": {"uv": [13.5, 10, 14.5, 8], "texture": "#0"}
			}
		},
		{
			"from": [7.51, -3.62391, 10.74028],
			"to": [8.49, -2.64391, 12.72028],
			"rotation": {"angle": -22.5, "axis": "x", "origin": [8, -3.13391, 10.48028]},
			"faces": {
				"north": {"uv": [12.5, 8, 13.5, 9], "rotation": 90, "texture": "#0"},
				"east": {"uv": [13.5, 7, 12.5, 9], "rotation": 270, "texture": "#0"},
				"south": {"uv": [12.5, 8, 13.5, 9], "rotation": 90, "texture": "#0"},
				"west": {"uv": [12.5, 7, 13.5, 9], "rotation": 90, "texture": "#0"},
				"up": {"uv": [12.5, 7, 13.5, 9], "rotation": 180, "texture": "#0"},
				"down": {"uv": [13.5, 8, 14.5, 10], "texture": "#0"}
			}
		},
		{
			"from": [7.69163, 10.58992, 16.00749],
			"to": [8.31163, 12.90992, 18.32749],
			"rotation": {"angle": -45, "axis": "x", "origin": [8.00097, 2.58523, 8.00066]},
			"faces": {
				"north": {"uv": [13.5, 11, 16, 11.49], "rotation": 90, "texture": "#0"},
				"east": {"uv": [13.5, 11.01, 16, 13.5], "texture": "#0"},
				"south": {"uv": [15, 11, 15.62, 13.319], "texture": "#0"},
				"west": {"uv": [13.5, 11.01, 16, 13.5], "texture": "#0"},
				"up": {"uv": [15, 11, 15.62, 13.319], "texture": "#0"},
				"down": {"uv": [15.5, 11, 16, 13.49], "texture": "#0"}
			}
		},
		{
			"from": [7.71352, 13.95031, 1.55115],
			"to": [8.29152, 16.72831, 2.57915],
			"rotation": {"angle": 22.5, "axis": "x", "origin": [8.00097, 2.58523, 8.00066]},
			"faces": {
				"north": {"uv": [13, 11.5, 16, 12.5], "rotation": 270, "texture": "#0"},
				"east": {"uv": [13, 12, 16, 13], "rotation": 270, "texture": "#0"},
				"south": {"uv": [0, 11.5, 3, 12.5], "rotation": 90, "texture": "#0"},
				"west": {"uv": [16, 12, 13, 13], "rotation": 90, "texture": "#0"},
				"up": {"uv": [0, 11.5, 3, 12.5], "rotation": 180, "texture": "#0"},
				"down": {"uv": [0, 11.5, 3, 12.5], "texture": "#0"}
			}
		},
		{
			"from": [7.71252, 13.95186, 13.43237],
			"to": [8.29252, 16.73186, 14.46237],
			"rotation": {"angle": -22.5, "axis": "x", "origin": [8.00097, 2.58523, 8.00066]},
			"faces": {
				"north": {"uv": [0, 11.5, 3, 12.5], "rotation": 90, "texture": "#0"},
				"east": {"uv": [13, 12, 16, 13], "rotation": 270, "texture": "#0"},
				"south": {"uv": [13, 12, 16, 13], "rotation": 270, "texture": "#0"},
				"west": {"uv": [13, 12.5, 16, 13.5], "rotation": 270, "texture": "#0"},
				"up": {"uv": [0, 11.5, 3, 12.5], "rotation": 180, "texture": "#0"},
				"down": {"uv": [0, 11.5, 3, 12.5], "texture": "#0"}
			}
		},
		{
			"from": [7.72143, 13.19354, -3.36049],
			"to": [8.28143, 13.95354, -2.60049],
			"rotation": {"angle": 45, "axis": "x", "origin": [8.00097, 2.58523, 8.00066]},
			"faces": {
				"north": {"uv": [15, 12.5, 16, 13.5], "rotation": 270, "texture": "#0"},
				"east": {"uv": [15, 12.5, 16, 13.5], "rotation": 270, "texture": "#0"},
				"south": {"uv": [15, 12.5, 16, 13.5], "rotation": 270, "texture": "#0"},
				"west": {"uv": [15, 12.5, 16, 13.5], "rotation": 270, "texture": "#0"},
				"up": {"uv": [15, 12.5, 16, 13.5], "rotation": 270, "texture": "#0"},
				"down": {"uv": [15, 12.5, 16, 13.5], "rotation": 270, "texture": "#0"}
			}
		},
		{
			"from": [7.85163, -3.43701, 5.98056],
			"to": [8.15163, -1.83701, 8.08056],
			"rotation": {"angle": -45, "axis": "x", "origin": [8.00097, -0.41477, 8.00066]},
			"faces": {
				"north": {"uv": [14, 14, 14.7, 16], "texture": "#0"},
				"east": {"uv": [13, 13.5, 15.5, 15.5], "texture": "#0"},
				"south": {"uv": [14, 14, 14.7, 16], "texture": "#0"},
				"west": {"uv": [13.5, 14, 16, 16], "texture": "#0"},
				"up": {"uv": [13.5, 15.3, 16, 16], "rotation": 90, "texture": "#0"},
				"down": {"uv": [13.5, 15.3, 16, 16], "rotation": 270, "texture": "#0"}
			}
		},
		{
			"from": [7.85163, -3.43838, 7.91939],
			"to": [8.15163, -1.83838, 10.01939],
			"rotation": {"angle": 45, "axis": "x", "origin": [8.00097, -0.41477, 8.00066]},
			"faces": {
				"north": {"uv": [14, 14, 14.7, 16], "texture": "#0"},
				"east": {"uv": [13.5, 14, 16, 16], "texture": "#0"},
				"south": {"uv": [14, 14, 14.7, 16], "texture": "#0"},
				"west": {"uv": [13.5, 14, 16, 16], "texture": "#0"},
				"up": {"uv": [13.5, 15.3, 16, 16], "rotation": 90, "texture": "#0"},
				"down": {"uv": [13.5, 15.3, 16, 16], "rotation": 270, "texture": "#0"}
			}
		},
		{
			"from": [7.84966, -3.17503, 8.62898],
			"to": [8.14966, -1.57503, 9.22898],
			"rotation": {"angle": -22.5, "axis": "x", "origin": [8.00097, -0.41477, 8.00066]},
			"faces": {
				"north": {"uv": [14, 15.3, 16, 16], "rotation": 90, "texture": "#0"},
				"east": {"uv": [14, 14, 16, 15], "rotation": 90, "texture": "#0"},
				"south": {"uv": [14, 15.3, 16, 16], "rotation": 90, "texture": "#0"},
				"west": {"uv": [14, 15, 16, 16], "rotation": 90, "texture": "#0"},
				"up": {"uv": [14, 15, 14.7, 16], "rotation": 180, "texture": "#0"},
				"down": {"uv": [14, 15, 14.7, 16], "texture": "#0"}
			}
		},
		{
			"from": [7.84966, -3.17577, 6.77055],
			"to": [8.14966, -1.57577, 7.37055],
			"rotation": {"angle": 22.5, "axis": "x", "origin": [8.00097, -0.41477, 8.00066]},
			"faces": {
				"north": {"uv": [14, 15.3, 16, 16], "rotation": 90, "texture": "#0"},
				"east": {"uv": [14, 15, 16, 16], "rotation": 90, "texture": "#0"},
				"south": {"uv": [14, 15.3, 16, 16], "rotation": 90, "texture": "#0"},
				"west": {"uv": [14, 15, 16, 16], "rotation": 90, "texture": "#0"},
				"up": {"uv": [14, 15, 14.7, 16], "rotation": 180, "texture": "#0"},
				"down": {"uv": [14, 15, 14.7, 16], "texture": "#0"}
			}
		},
		{
			"from": [7.84836, 12.92623, 2.82351],
			"to": [8.14836, 15.52623, 5.42351],
			"rotation": {"angle": 22.5, "axis": "x", "origin": [8.00097, 2.58523, 8.00066]},
			"faces": {
				"north": {"uv": [0, 13.5, 3, 16], "rotation": 270, "texture": "#0"},
				"east": {"uv": [3, 13.5, 0, 16], "rotation": 90, "texture": "#0"},
				"south": {"uv": [0, 14, 3, 14.5], "rotation": 270, "texture": "#0"},
				"west": {"uv": [0, 13.5, 3, 16], "rotation": 180, "texture": "#0"},
				"up": {"uv": [0, 13.5, 3, 16], "texture": "#0"},
				"down": {"uv": [0, 13.5, 3, 16], "rotation": 180, "texture": "#0"}
			}
		},
		{
			"from": [7.84936, 12.92797, 10.57702],
			"to": [8.14736, 15.52597, 13.17502],
			"rotation": {"angle": -22.5, "axis": "x", "origin": [8.00097, 2.58523, 8.00066]},
			"faces": {
				"north": {"uv": [0, 14, 3, 14.5], "rotation": 270, "texture": "#0"},
				"east": {"uv": [0, 13.5, 3, 16], "rotation": 180, "texture": "#0"},
				"south": {"uv": [0, 13.5, 3, 16], "rotation": 270, "texture": "#0"},
				"west": {"uv": [0, 13.5, 3, 16], "rotation": 270, "texture": "#0"},
				"up": {"uv": [0, 13.5, 3, 16], "texture": "#0"},
				"down": {"uv": [0, 13.5, 3, 16], "rotation": 180, "texture": "#0"}
			}
		},
		{
			"from": [7.84557, 13.56066, 13.72652],
			"to": [8.14357, 18.15866, 15.32452],
			"rotation": {"angle": -22.5, "axis": "x", "origin": [8.00097, 2.58523, 8.00066]},
			"faces": {
				"north": {"uv": [0, 13.5, 3, 16], "rotation": 270, "texture": "#0"},
				"east": {"uv": [0, 14, 5, 16], "rotation": 270, "texture": "#0"},
				"south": {"uv": [0, 14, 5, 14.5], "rotation": 270, "texture": "#0"},
				"west": {"uv": [0, 16, 5, 14], "rotation": 270, "texture": "#0"},
				"up": {"uv": [0, 13.5, 3, 16], "texture": "#0"},
				"down": {"uv": [0, 13.5, 3, 16], "rotation": 180, "texture": "#0"}
			}
		},
		{
			"from": [7.84457, 13.55891, 0.67401],
			"to": [8.14457, 18.15891, 2.27401],
			"rotation": {"angle": 22.5, "axis": "x", "origin": [8.00097, 2.58523, 8.00066]},
			"faces": {
				"north": {"uv": [0, 14, 5, 14.5], "rotation": 270, "texture": "#0"},
				"east": {"uv": [0, 16, 5, 14], "rotation": 270, "texture": "#0"},
				"south": {"uv": [0, 14, 5, 16], "rotation": 270, "texture": "#0"},
				"west": {"uv": [0, 14, 5, 16], "rotation": 270, "texture": "#0"},
				"up": {"uv": [0, 14, 5, 16], "texture": "#0"},
				"down": {"uv": [0, 14, 5, 16], "rotation": 180, "texture": "#0"}
			}
		},
		{
			"from": [7.84659, 14.16588, 19.5871],
			"to": [8.14259, 15.31188, 20.7281],
			"rotation": {"angle": -45, "axis": "x", "origin": [8.00097, 2.58523, 8.00066]},
			"faces": {
				"north": {"uv": [6, 14.5, 7.55, 16], "rotation": 270, "texture": "#0"},
				"east": {"uv": [6, 14.5, 7.55, 16], "rotation": 270, "texture": "#0"},
				"south": {"uv": [6, 14.5, 7.55, 15], "rotation": 270, "texture": "#0"},
				"west": {"uv": [6, 14.5, 7.55, 16], "rotation": 270, "texture": "#0"},
				"up": {"uv": [5.5, 14, 7.05, 14.5], "rotation": 270, "texture": "#0"},
				"down": {"uv": [6, 14.5, 7.55, 16], "rotation": 180, "texture": "#0"}
			}
		},
		{
			"from": [7.84869, -1.24476, 6.3787],
			"to": [8.14469, 13.35124, 9.6247],
			"rotation": {"angle": 0, "axis": "z", "origin": [8.00097, -0.41477, 8.00066]},
			"faces": {
				"north": {"uv": [4, 14.5, 16, 15], "rotation": 90, "texture": "#0"},
				"east": {"uv": [4, 14, 16, 16], "rotation": 90, "texture": "#0"},
				"south": {"uv": [4, 14.5, 16, 15], "rotation": 90, "texture": "#0"},
				"west": {"uv": [4, 14, 16, 16], "rotation": 90, "texture": "#0"},
				"up": {"uv": [4, 14, 16, 16], "rotation": 180, "texture": "#0"},
				"down": {"uv": [4, 14, 16, 16], "texture": "#0"}
			}
		},
		{
			"from": [7.69969, -2.74376, 6.95269],
			"to": [8.29369, 15.85024, 9.04669],
			"rotation": {"angle": 0, "axis": "z", "origin": [8.00097, -0.41477, 8.00066]},
			"faces": {
				"north": {"uv": [0, 12.509, 16, 13.509], "rotation": 270, "texture": "#0"},
				"east": {"uv": [0, 11.01, 16, 13.01], "rotation": 270, "texture": "#0"},
				"south": {"uv": [0, 12.5, 16, 13.5], "rotation": 270, "texture": "#0"},
				"west": {"uv": [0, 11.01, 16, 13.01], "rotation": 270, "texture": "#0"},
				"up": {"uv": [0, 11, 16, 13.5], "rotation": 180, "texture": "#0"},
				"down": {"uv": [0, 11, 16, 13.5], "texture": "#0"}
			}
		},
		{
			"from": [7.10163, -7.8, 7.09969],
			"to": [8.90163, -7.2, 8.89969],
			"rotation": {"angle": 0, "axis": "y", "origin": [8.00097, 0.63523, 8.00066]},
			"faces": {
				"north": {"uv": [12, 5, 12.4, 6.5], "rotation": 90, "texture": "#0"},
				"east": {"uv": [12, 5, 12.4, 6.5], "rotation": 90, "texture": "#0"},
				"south": {"uv": [12, 5, 12.4, 6.5], "rotation": 90, "texture": "#0"},
				"west": {"uv": [12, 5, 12.4, 6.5], "rotation": 90, "texture": "#0"},
				"up": {"uv": [12, 5, 12.4, 6.5], "rotation": 90, "texture": "#0"},
				"down": {"uv": [12, 5, 12.4, 6.5], "rotation": 90, "texture": "#0"}
			}
		}
	],
	"display": {
		"thirdperson_righthand": {
			"translation": [-0.25, 13.25, 1.5],
			"scale": [0.9, 0.9, 0.9]
		},
		"thirdperson_lefthand": {
			"translation": [-0.25, 13.25, 1.5],
			"scale": [0.9, 0.9, 0.9]
		},
		"firstperson_righthand": {
			"rotation": [15, 0, 0],
			"translation": [3.75, 7.25, -0.75],
			"scale": [0.7, 0.6, 0.7]
		},
		"firstperson_lefthand": {
			"rotation": [15, 0, 0],
			"translation": [3.75, 7.25, -0.75],
			"scale": [0.7, 0.6, 0.7]
		},
		"ground": {
			"rotation": [-66, 79, 0],
			"translation": [0, 5.25, -4],
			"scale": [0.7, 0.7, 0.7]
		},
		"gui": {
			"rotation": [81, 44, -75],
			"translation": [2.2, 2.25, 0],
			"scale": [0.7, 0.64, 0.7]
		},
		"head": {
			"rotation": [0, 90, 0],
			"translation": [0, 29.75, 0]
		},
		"fixed": {
			"rotation": [90, -45, 90],
			"translation": [-3.05, 2.75, -1],
			"scale": [0.8, 0.8, 0.8]
		}
	},
	"groups": [
		{
			"name": "valkyrie",
			"origin": [8, 8, 8],
			"children": [0, 1, 2, 3, 4, 5, 6, 7, 8, 9, 10, 11, 12, 13, 14, 15, 16, 17, 18, 19, 20, 21, 22, 23, 24, 25, 26, 27, 28, 29, 30, 31, 32, 33, 34, 35, 36]
		}
	]
}