{
	"credit": "Made with Blockbench",
	"gui_light": "front",
	"textures": {
		"1": "skins/wooden_sword",
		"2": "skins/iron_sword",
		"particle": "skins/iron_sword"
	},
	"elements": [
		{
			"from": [7.10163, 13.6583, 5.86516],
			"to": [8.90163, 15.6583, 7.86516],
			"rotation": {"angle": 45, "axis": "x", "origin": [8.00163, 14.6583, 6.86516]},
			"faces": {
				"north": {"uv": [2.5, 11, 0, 13.5], "texture": "#2"},
				"east": {"uv": [2.5, 11, 0, 13.5], "texture": "#2"},
				"south": {"uv": [2.5, 11, 0, 13.5], "texture": "#2"},
				"west": {"uv": [2.5, 11, 0, 13.5], "texture": "#2"},
				"up": {"uv": [2.5, 11, 0, 13.5], "texture": "#2"},
				"down": {"uv": [2.5, 11, 0, 13.5], "texture": "#2"}
			}
		},
		{
			"from": [7.21, 7.21, 7.21],
			"to": [8.79, 13.79, 8.79],
			"rotation": {"angle": 0, "axis": "y", "origin": [15, 12, 1]},
			"faces": {
				"north": {"uv": [6.5, 13.5, 13.5, 11.5], "rotation": 270, "texture": "#1"},
				"east": {"uv": [9, 13, 16, 11], "rotation": 270, "texture": "#1"},
				"south": {"uv": [4, 13.5, 11, 11.5], "rotation": 270, "texture": "#1"},
				"west": {"uv": [1, 13.5, 8, 11.5], "rotation": 270, "texture": "#1"},
				"up": {"uv": [16, 11, 9, 13], "rotation": 270, "texture": "#1"},
				"down": {"uv": [16, 11, 9, 13], "rotation": 270, "texture": "#1"}
			}
		},
		{
			"from": [7.22, 0.22, 7.22],
			"to": [8.78, 1.78, 8.78],
			"rotation": {"angle": 0, "axis": "y", "origin": [15, 0, 1]},
			"faces": {
				"north": {"uv": [14, 13, 16, 11], "rotation": 90, "texture": "#1"},
				"east": {"uv": [14, 13, 16, 11], "rotation": 90, "texture": "#1"},
				"south": {"uv": [14, 13, 16, 11], "rotation": 90, "texture": "#1"},
				"west": {"uv": [14, 13, 16, 11], "rotation": 90, "texture": "#1"},
				"up": {"uv": [16, 11, 14, 13], "rotation": 90, "texture": "#1"},
				"down": {"uv": [16, 11, 14, 13], "rotation": 90, "texture": "#1"}
			}
		},
		{
			"from": [7.3, -1.7, 7.3],
			"to": [8.7, 8.7, 8.7],
			"rotation": {"angle": 0, "axis": "y", "origin": [15, 3, 1]},
			"faces": {
				"north": {"uv": [5, 16, 16, 14], "rotation": 90, "texture": "#1"},
				"east": {"uv": [5, 16, 16, 14], "rotation": 90, "texture": "#1"},
				"south": {"uv": [5, 16, 16, 14], "rotation": 90, "texture": "#1"},
				"west": {"uv": [5, 16, 16, 14], "rotation": 90, "texture": "#1"},
				"up": {"uv": [16, 14, 5, 16], "rotation": 90, "texture": "#1"},
				"down": {"uv": [16, 14, 5, 16], "rotation": 90, "texture": "#1"}
			}
		},
		{
			"from": [7.245, -0.505, 6.995],
			"to": [8.755, 0.255, 9.005],
			"rotation": {"angle": 0, "axis": "y", "origin": [15, 6.75, 1]},
			"faces": {
				"north": {"uv": [14, 9.5, 16, 10.5], "rotation": 180, "texture": "#2"},
				"east": {"uv": [14, 9.5, 16, 10.5], "rotation": 180, "texture": "#2"},
				"south": {"uv": [14, 9.5, 16, 10.5], "rotation": 180, "texture": "#2"},
				"west": {"uv": [14, 9.5, 16, 10.5], "rotation": 180, "texture": "#2"},
				"up": {"uv": [16, 10.5, 14, 9.5], "rotation": 180, "texture": "#2"},
				"down": {"uv": [16, 10.5, 14, 9.5], "rotation": 180, "texture": "#2"}
			}
		},
		{
			"from": [7.25, -2.55656, 7.4588],
			"to": [8.75, -0.30656, 9.4588],
			"rotation": {"angle": -22.5, "axis": "x", "origin": [8, -1.30656, 8.4588]},
			"faces": {
				"north": {"uv": [16, 8.5, 15.5, 10.5], "rotation": 180, "texture": "#2"},
				"east": {"uv": [16, 8.5, 14, 10.5], "rotation": 180, "texture": "#2"},
				"south": {"uv": [13.5, 8.5, 12.5, 10.5], "rotation": 180, "texture": "#2"},
				"west": {"uv": [14, 8.5, 16, 10.5], "rotation": 180, "texture": "#2"},
				"up": {"uv": [14, 10.5, 16, 8.5], "rotation": 180, "texture": "#2"},
				"down": {"uv": [14.5, 10.5, 13.5, 8.5], "rotation": 180, "texture": "#2"}
			}
		},
		{
			"from": [7.25, 13.91292, 8.76832],
			"to": [8.75, 15.91292, 11.01832],
			"rotation": {"angle": -22.5, "axis": "x", "origin": [8, 14.6103, 9.3]},
			"faces": {
				"north": {"uv": [16, 8.5, 14, 10.5], "rotation": 180, "texture": "#2"},
				"east": {"uv": [14, 10.5, 16, 8.5], "rotation": 90, "texture": "#2"},
				"south": {"uv": [13.5, 8.5, 14.5, 10.5], "texture": "#2"},
				"west": {"uv": [16, 10.5, 14, 8.5], "rotation": 270, "texture": "#2"},
				"up": {"uv": [12.5, 10.5, 13.5, 8.5], "texture": "#2"},
				"down": {"uv": [15.5, 10.5, 16, 8.5], "rotation": 180, "texture": "#2"}
			}
		},
		{
			"from": [7.24, -2.56656, 6.5312],
			"to": [8.76, -0.29656, 8.5512],
			"rotation": {"angle": 22.5, "axis": "x", "origin": [8, -1.30656, 7.5412]},
			"faces": {
				"north": {"uv": [12.5, 8.5, 13.5, 10.5], "rotation": 180, "texture": "#2"},
				"east": {"uv": [14, 8.5, 16, 10.5], "rotation": 180, "texture": "#2"},
				"south": {"uv": [15.5, 10, 16, 10.5], "rotation": 180, "texture": "#2"},
				"west": {"uv": [16, 8.5, 14, 10.5], "rotation": 180, "texture": "#2"},
				"up": {"uv": [14, 8.5, 16, 10.5], "rotation": 180, "texture": "#2"},
				"down": {"uv": [14.5, 8.5, 13.5, 10.5], "rotation": 180, "texture": "#2"}
			}
		},
		{
			"from": [7.24, 13.29769, 8.75832],
			"to": [8.76, 15.31769, 11.02832],
			"rotation": {"angle": 22.5, "axis": "x", "origin": [8, 14.6103, 9.3]},
			"faces": {
				"north": {"uv": [16, 10.5, 14, 8.5], "rotation": 180, "texture": "#2"},
				"east": {"uv": [16, 10.5, 14, 8.5], "rotation": 90, "texture": "#2"},
				"south": {"uv": [13.5, 10.5, 14.5, 8.5], "texture": "#2"},
				"west": {"uv": [14, 10.5, 16, 8.5], "rotation": 270, "texture": "#2"},
				"up": {"uv": [16, 10.5, 15.5, 10], "texture": "#2"},
				"down": {"uv": [13.5, 10.5, 12.5, 8.5], "rotation": 180, "texture": "#2"}
			}
		},
		{
			"from": [7.1, 11.5, 7],
			"to": [8.9, 12.5, 9],
			"rotation": {"angle": 0, "axis": "y", "origin": [15, 19.5, 1]},
			"faces": {
				"north": {"uv": [12, 6.5, 12.5, 5], "rotation": 90, "texture": "#2"},
				"east": {"uv": [12, 6.5, 12.5, 5], "rotation": 90, "texture": "#2"},
				"south": {"uv": [12, 6.5, 12.5, 5], "rotation": 90, "texture": "#2"},
				"west": {"uv": [12, 6.5, 12.5, 5], "rotation": 90, "texture": "#2"},
				"up": {"uv": [12.5, 5, 12, 6.5], "rotation": 90, "texture": "#2"},
				"down": {"uv": [12.5, 5, 12, 6.5], "rotation": 90, "texture": "#2"}
			}
		},
		{
			"from": [7.2, 4.1, 7.1],
			"to": [8.8, 4.9, 8.9],
			"rotation": {"angle": 0, "axis": "y", "origin": [15, 12, 1]},
			"faces": {
				"north": {"uv": [11.5, 3.5, 9.5, 4], "texture": "#2"},
				"east": {"uv": [11.5, 3.5, 9.5, 4], "texture": "#2"},
				"south": {"uv": [11.5, 3.5, 9.5, 4], "texture": "#2"},
				"west": {"uv": [11.5, 3.5, 9.5, 4], "texture": "#2"},
				"up": {"uv": [9.5, 4, 11.5, 3.5], "texture": "#2"},
				"down": {"uv": [9.5, 4, 11.5, 3.5], "texture": "#2"}
			}
		},
		{
			"from": [7.2, 2.85, 7.1],
			"to": [8.8, 3.65, 8.9],
			"rotation": {"angle": 0, "axis": "y", "origin": [15, 10.75, 1]},
			"faces": {
				"north": {"uv": [12, 6.5, 12.5, 5], "rotation": 90, "texture": "#2"},
				"east": {"uv": [12, 6.5, 12.5, 5], "rotation": 90, "texture": "#2"},
				"south": {"uv": [12, 6.5, 12.5, 5], "rotation": 90, "texture": "#2"},
				"west": {"uv": [12, 6.5, 12.5, 5], "rotation": 90, "texture": "#2"},
				"up": {"uv": [12.5, 5, 12, 6.5], "rotation": 90, "texture": "#2"},
				"down": {"uv": [12.5, 5, 12, 6.5], "rotation": 90, "texture": "#2"}
			}
		},
		{
			"from": [7.2, 5.35, 7.1],
			"to": [8.8, 6.15, 8.9],
			"rotation": {"angle": 0, "axis": "y", "origin": [15, 13.25, 1]},
			"faces": {
				"north": {"uv": [12, 6.5, 12.5, 5], "rotation": 90, "texture": "#2"},
				"east": {"uv": [12, 6.5, 12.5, 5], "rotation": 90, "texture": "#2"},
				"south": {"uv": [12, 6.5, 12.5, 5], "rotation": 90, "texture": "#2"},
				"west": {"uv": [12, 6.5, 12.5, 5], "rotation": 90, "texture": "#2"},
				"up": {"uv": [12.5, 5, 12, 6.5], "rotation": 90, "texture": "#2"},
				"down": {"uv": [12.5, 5, 12, 6.5], "rotation": 90, "texture": "#2"}
			}
		},
		{
			"from": [7.25, 2.35, 7.25],
			"to": [8.75, 6.6, 8.75],
			"rotation": {"angle": 0, "axis": "y", "origin": [14.9, 10.1, 1]},
			"faces": {
				"north": {"uv": [2.5, 5, 7.25, 3], "rotation": 90, "texture": "#2"},
				"east": {"uv": [2.5, 5, 7.25, 3], "rotation": 90, "texture": "#2"},
				"south": {"uv": [2.5, 5, 7.25, 3], "rotation": 90, "texture": "#2"},
				"west": {"uv": [2.5, 5, 7.25, 3], "rotation": 90, "texture": "#2"},
				"up": {"uv": [7.25, 3, 2.5, 5], "rotation": 90, "texture": "#2"},
				"down": {"uv": [7.25, 3, 2.5, 5], "rotation": 90, "texture": "#2"}
			}
		},
		{
			"from": [7.15, 10.3, 7.05],
			"to": [8.85, 11.2, 8.95],
			"rotation": {"angle": 0, "axis": "y", "origin": [15, 18.25, 1]},
			"faces": {
				"north": {"uv": [11.5, 3.5, 9.5, 4], "texture": "#2"},
				"east": {"uv": [11.5, 3.5, 9.5, 4], "texture": "#2"},
				"south": {"uv": [11.5, 3.5, 9.5, 4], "texture": "#2"},
				"west": {"uv": [11.5, 3.5, 9.5, 4], "texture": "#2"},
				"up": {"uv": [9.5, 4, 11.5, 3.5], "texture": "#2"},
				"down": {"uv": [9.5, 4, 11.5, 3.5], "texture": "#2"}
			}
		},
		{
			"from": [7.15163, -0.88805, 9.92048],
			"to": [8.85163, 0.41195, 11.22048],
			"rotation": {"angle": 45, "axis": "x", "origin": [8.00097, 2.33523, 7.99934]},
			"faces": {
				"north": {"uv": [0, 12.5, 1.5, 11], "rotation": 270, "texture": "#2"},
				"east": {"uv": [0, 12.5, 1.5, 11], "rotation": 270, "texture": "#2"},
				"south": {"uv": [0, 12.5, 1.5, 11], "rotation": 270, "texture": "#2"},
				"west": {"uv": [0, 12.5, 1.5, 11], "rotation": 270, "texture": "#2"},
				"up": {"uv": [0, 12.5, 1.5, 11], "rotation": 270, "texture": "#2"},
				"down": {"uv": [0, 12.5, 1.5, 11], "rotation": 270, "texture": "#2"}
			}
		},
		{
			"from": [7.15163, 15.01195, 11.52048],
			"to": [8.85163, 16.31195, 12.82048],
			"rotation": {"angle": 45, "axis": "x", "origin": [8.00097, 18.23523, 9.59934]},
			"faces": {
				"north": {"uv": [1.5, 12, 0, 13.5], "texture": "#2"},
				"east": {"uv": [1.5, 12, 0, 13.5], "texture": "#2"},
				"south": {"uv": [1.5, 12, 0, 13.5], "texture": "#2"},
				"west": {"uv": [1.5, 12, 0, 13.5], "texture": "#2"},
				"up": {"uv": [1.5, 12, 0, 13.5], "texture": "#2"},
				"down": {"uv": [1.5, 12, 0, 13.5], "texture": "#2"}
			}
		},
		{
			"from": [7.19163, 12.35724, 4.97978],
			"to": [8.81163, 15.62724, 8.24978],
			"rotation": {"angle": -45, "axis": "x", "origin": [8.00044, 14.65983, 5.94935]},
			"faces": {
				"north": {"uv": [12.5, 8.019, 16, 7], "rotation": 90, "texture": "#2"},
				"east": {"uv": [16, 7, 12.5, 10.5], "texture": "#2"},
				"south": {"uv": [12.5, 10.518, 16, 10], "rotation": 90, "texture": "#2"},
				"west": {"uv": [12.5, 10.5, 16, 7], "rotation": 90, "texture": "#2"},
				"up": {"uv": [16, 7, 12.5, 8.019], "rotation": 270, "texture": "#2"},
				"down": {"uv": [16, 9.518, 12.5, 10.018], "rotation": 90, "texture": "#2"}
			}
		},
		{
			"from": [7.21, 14.07048, 2.81918],
			"to": [8.79, 15.25048, 7.79918],
			"rotation": {"angle": 0, "axis": "x", "origin": [8.00044, 14.65983, 5.94935]},
			"faces": {
				"north": {"uv": [12.5, 7, 13.5, 8], "rotation": 180, "texture": "#2"},
				"east": {"uv": [12.5, 7, 13.5, 10.5], "rotation": 90, "texture": "#2"},
				"south": {"uv": [12.5, 10.5, 13.5, 7], "texture": "#2"},
				"west": {"uv": [13.5, 7, 12.5, 10.5], "rotation": 270, "texture": "#2"},
				"up": {"uv": [13, 7, 12.5, 10.5], "texture": "#2"},
				"down": {"uv": [13.5, 7, 13, 10.5], "rotation": 180, "texture": "#2"}
			}
		},
		{
			"from": [7.2101, 16.45656, 3.31935],
			"to": [8.7899, 17.28636, 4.14915],
			"rotation": {"angle": -45, "axis": "x", "origin": [8.00044, 14.65983, 5.94935]},
			"faces": {
				"north": {"uv": [13, 7.5, 12.5, 7], "rotation": 180, "texture": "#2"},
				"east": {"uv": [12.5, 7, 13, 7.5], "rotation": 90, "texture": "#2"},
				"south": {"uv": [13, 7.5, 12.5, 7], "texture": "#2"},
				"west": {"uv": [12.5, 7, 13, 7.5], "rotation": 270, "texture": "#2"},
				"up": {"uv": [12.5, 7, 13, 7.5], "texture": "#2"},
				"down": {"uv": [12.5, 7, 13, 7.5], "rotation": 180, "texture": "#2"}
			}
		},
		{
			"from": [7.18, 12.44878, 3.27582],
			"to": [8.82, 13.48878, 5.31582],
			"rotation": {"angle": -22.5, "axis": "x", "origin": [8.00044, 14.65983, 5.94935]},
			"faces": {
				"north": {"uv": [12.5, 8, 13.5, 7], "rotation": 90, "texture": "#2"},
				"east": {"uv": [13.5, 9, 12.5, 7], "rotation": 270, "texture": "#2"},
				"south": {"uv": [12.5, 9, 13.5, 8], "rotation": 90, "texture": "#2"},
				"west": {"uv": [12.5, 9, 13.5, 7], "rotation": 90, "texture": "#2"},
				"up": {"uv": [12.5, 9.5, 13.5, 7.5], "rotation": 180, "texture": "#2"},
				"down": {"uv": [12.5, 9, 13.5, 7], "texture": "#2"}
			}
		},
		{
			"from": [7.2, 15.85208, 3.29533],
			"to": [8.8, 16.85208, 5.29533],
			"rotation": {"angle": 22.5, "axis": "x", "origin": [8.00044, 14.65983, 5.94935]},
			"faces": {
				"north": {"uv": [13.5, 8, 12.5, 7], "rotation": 90, "texture": "#2"},
				"east": {"uv": [12.5, 9, 13.5, 7], "rotation": 270, "texture": "#2"},
				"south": {"uv": [13.5, 9, 12.5, 8], "rotation": 90, "texture": "#2"},
				"west": {"uv": [13.5, 9, 12.5, 7], "rotation": 90, "texture": "#2"},
				"up": {"uv": [13.5, 9, 12.5, 7], "rotation": 180, "texture": "#2"},
				"down": {"uv": [13.5, 9.5, 12.5, 7.5], "texture": "#2"}
			}
		},
		{
			"from": [7.7, 17.81689, 3.90817],
			"to": [8.3, 18.81689, 6.90817],
			"rotation": {"angle": 45, "axis": "x", "origin": [8, 18.31689, 4.00817]},
			"faces": {
				"north": {"uv": [4.5, 13.5, 5, 12.5], "texture": "#2"},
				"east": {"uv": [0, 13.5, 3, 12.5], "texture": "#2"},
				"south": {"uv": [0, 13.5, 5, 12.5], "texture": "#2"},
				"west": {"uv": [0, 13.5, 3, 12.5], "rotation": 180, "texture": "#2"},
				"up": {"uv": [0, 13.5, 3, 13], "rotation": 270, "texture": "#2"},
				"down": {"uv": [0, 13.5, 3, 13], "rotation": 90, "texture": "#2"}
			}
		},
		{
			"from": [7.701, 15.31144, 1.91216],
			"to": [8.299, 18.30944, 4.41016],
			"rotation": {"angle": 22.5, "axis": "x", "origin": [8, 16.81044, 2.41116]},
			"faces": {
				"north": {"uv": [4.5, 13.5, 7.5, 13], "rotation": 90, "texture": "#2"},
				"east": {"uv": [3, 11, 6, 13.5], "rotation": 90, "texture": "#2"},
				"south": {"uv": [5, 13.5, 8, 13], "rotation": 90, "texture": "#2"},
				"west": {"uv": [3, 13.5, 6, 11], "rotation": 90, "texture": "#2"},
				"up": {"uv": [0, 13.5, 5, 12.5], "texture": "#2"},
				"down": {"uv": [7, 13.5, 7.5, 12.5], "rotation": 180, "texture": "#2"}
			}
		},
		{
			"from": [7.702, 13.5695, 1.3775],
			"to": [8.298, 15.6155, 3.8735],
			"rotation": {"angle": 0, "axis": "x", "origin": [8, 14.6175, 2.6255]},
			"faces": {
				"north": {"uv": [12.5, 11.5, 13, 13.5], "texture": "#2"},
				"east": {"uv": [12.5, 13.5, 15, 11.5], "rotation": 180, "texture": "#2"},
				"south": {"uv": [5, 13.5, 8, 13], "rotation": 90, "texture": "#2"},
				"west": {"uv": [12.5, 11.5, 15, 13.5], "texture": "#2"},
				"up": {"uv": [0, 13.5, 5, 12.5], "texture": "#2"},
				"down": {"uv": [7, 13.5, 7.5, 12.5], "rotation": 180, "texture": "#2"}
			}
		},
		{
			"from": [7.701, 10.89056, 1.91216],
			"to": [8.299, 13.88856, 4.41016],
			"rotation": {"angle": -22.5, "axis": "x", "origin": [8, 12.38956, 2.41116]},
			"faces": {
				"north": {"uv": [7.5, 13.5, 4.5, 13], "rotation": 90, "texture": "#2"},
				"east": {"uv": [6, 11, 3, 13.5], "rotation": 90, "texture": "#2"},
				"south": {"uv": [8, 13.5, 5, 13], "rotation": 90, "texture": "#2"},
				"west": {"uv": [6, 13.5, 3, 11], "rotation": 90, "texture": "#2"},
				"up": {"uv": [7, 12.5, 7.5, 13.5], "rotation": 180, "texture": "#2"},
				"down": {"uv": [0, 12.5, 5, 13.5], "texture": "#2"}
			}
		},
		{
			"from": [7.7, 15.31044, 4.41116],
			"to": [8.3, 18.31044, 5.91116],
			"rotation": {"angle": 22.5, "axis": "x", "origin": [8, 16.81044, 2.41116]},
			"faces": {
				"north": {"uv": [4.5, 13.5, 7.5, 13], "rotation": 90, "texture": "#2"},
				"east": {"uv": [2.5, 13.5, 5.5, 12], "rotation": 90, "texture": "#2"},
				"south": {"uv": [5, 13.5, 8, 13], "rotation": 90, "texture": "#2"},
				"west": {"uv": [2.5, 12, 5.5, 13.5], "rotation": 90, "texture": "#2"},
				"up": {"uv": [0, 13.5, 5, 12.5], "texture": "#2"},
				"down": {"uv": [7, 13.5, 7.5, 12.5], "rotation": 180, "texture": "#2"}
			}
		},
		{
			"from": [7.7, 10.88956, 4.41116],
			"to": [8.3, 13.88956, 5.91116],
			"rotation": {"angle": -22.5, "axis": "x", "origin": [8, 12.38956, 2.41116]},
			"faces": {
				"north": {"uv": [7.5, 13.5, 4.5, 13], "rotation": 90, "texture": "#2"},
				"east": {"uv": [5.5, 13.5, 2.5, 12], "rotation": 90, "texture": "#2"},
				"south": {"uv": [8, 13.5, 5, 13], "rotation": 90, "texture": "#2"},
				"west": {"uv": [5.5, 12, 2.5, 13.5], "rotation": 90, "texture": "#2"},
				"up": {"uv": [7, 12.5, 7.5, 13.5], "rotation": 180, "texture": "#2"},
				"down": {"uv": [0, 12.5, 5, 13.5], "texture": "#2"}
			}
		},
		{
			"from": [7.7, 17.8876, 2.73035],
			"to": [8.3, 18.8876, 4.73035],
			"rotation": {"angle": -45, "axis": "x", "origin": [8, 18.3876, 3.23035]},
			"faces": {
				"north": {"uv": [4.5, 13.5, 5, 12.5], "rotation": 90, "texture": "#2"},
				"east": {"uv": [3, 13.5, 5, 12.5], "texture": "#2"},
				"south": {"uv": [3, 13.5, 3.5, 12.5], "texture": "#2"},
				"west": {"uv": [3, 12.5, 5, 13.5], "rotation": 180, "texture": "#2"},
				"up": {"uv": [3, 13.5, 5, 13], "rotation": 270, "texture": "#2"},
				"down": {"uv": [3, 13, 5, 12.5], "rotation": 90, "texture": "#2"}
			}
		},
		{
			"from": [7.7, 9.95884, 2.5839],
			"to": [8.3, 10.95884, 4.5839],
			"rotation": {"angle": 45, "axis": "x", "origin": [8, 10.45884, 3.5839]},
			"faces": {
				"north": {"uv": [5, 13.5, 4.5, 12.5], "rotation": 90, "texture": "#2"},
				"east": {"uv": [3, 12.5, 5, 13.5], "texture": "#2"},
				"south": {"uv": [3, 13.5, 3.5, 12.5], "rotation": 180, "texture": "#2"},
				"west": {"uv": [3, 13.5, 5, 12.5], "rotation": 180, "texture": "#2"},
				"up": {"uv": [5, 13, 3, 12.5], "rotation": 90, "texture": "#2"},
				"down": {"uv": [5, 13.5, 3, 13], "rotation": 270, "texture": "#2"}
			}
		},
		{
			"from": [7.7, 10.38311, 3.90817],
			"to": [8.3, 11.38311, 6.90817],
			"rotation": {"angle": -45, "axis": "x", "origin": [8, 10.88311, 4.00817]},
			"faces": {
				"north": {"uv": [4.5, 12.5, 5, 13.5], "texture": "#2"},
				"east": {"uv": [0, 12.5, 3, 13.5], "texture": "#2"},
				"south": {"uv": [0, 12.5, 5, 13.5], "texture": "#2"},
				"west": {"uv": [0, 12.5, 3, 13.5], "rotation": 180, "texture": "#2"},
				"up": {"uv": [3, 13.5, 0, 13], "rotation": 90, "texture": "#2"},
				"down": {"uv": [3, 13.5, 0, 13], "rotation": 270, "texture": "#2"}
			}
		},
		{
			"from": [7.21, 13.5849, 3.05202],
			"to": [8.79, 14.5649, 5.03202],
			"rotation": {"angle": -45, "axis": "x", "origin": [8.00044, 14.65983, 5.94935]},
			"faces": {
				"north": {"uv": [12.5, 9, 13.5, 8], "rotation": 90, "texture": "#2"},
				"east": {"uv": [13.5, 9, 12.5, 7], "rotation": 270, "texture": "#2"},
				"south": {"uv": [12.5, 9, 13.5, 8], "rotation": 90, "texture": "#2"},
				"west": {"uv": [12.5, 9, 13.5, 7], "rotation": 90, "texture": "#2"},
				"up": {"uv": [12.5, 9, 13.5, 7], "rotation": 180, "texture": "#2"},
				"down": {"uv": [13.5, 10, 14.5, 8], "texture": "#2"}
			}
		},
		{
			"from": [7.21, 15.57808, 6.04519],
			"to": [8.79, 17.55808, 7.02519],
			"rotation": {"angle": -45, "axis": "x", "origin": [8.00044, 14.65983, 5.94935]},
			"faces": {
				"north": {"uv": [13.5, 9, 12.5, 7], "rotation": 180, "texture": "#2"},
				"east": {"uv": [12.5, 9, 13.5, 7], "rotation": 180, "texture": "#2"},
				"south": {"uv": [14.5, 10, 13.5, 8], "rotation": 180, "texture": "#2"},
				"west": {"uv": [13.5, 9, 12.5, 7], "rotation": 180, "texture": "#2"},
				"up": {"uv": [13.5, 9, 12.5, 8], "rotation": 270, "texture": "#2"},
				"down": {"uv": [13.5, 9, 12.5, 8], "rotation": 90, "texture": "#2"}
			}
		},
		{
			"from": [7.2, 12.46877, 5.29582],
			"to": [8.8, 13.46877, 8.29582],
			"rotation": {"angle": -22.5, "axis": "x", "origin": [8.00044, 14.65983, 5.94935]},
			"faces": {
				"north": {"uv": [16, 9, 15, 8], "texture": "#2"},
				"east": {"uv": [16, 10.5, 15, 7.5], "rotation": 270, "texture": "#2"},
				"south": {"uv": [16, 10, 15, 7], "rotation": 180, "texture": "#2"},
				"west": {"uv": [15, 10.5, 16, 7.5], "rotation": 90, "texture": "#2"},
				"up": {"uv": [16, 11, 15, 8], "rotation": 180, "texture": "#2"},
				"down": {"uv": [16, 10, 15.5, 7], "texture": "#2"}
			}
		},
		{
			"from": [7.2, 15.85208, 5.29532],
			"to": [8.8, 16.85208, 8.29532],
			"rotation": {"angle": 22.5, "axis": "x", "origin": [8.00044, 14.65983, 5.94935]},
			"faces": {
				"north": {"uv": [16, 8, 15, 9], "texture": "#2"},
				"east": {"uv": [15, 10.5, 16, 7.5], "rotation": 270, "texture": "#2"},
				"south": {"uv": [16, 7, 15, 10], "rotation": 180, "texture": "#2"},
				"west": {"uv": [16, 10.5, 15, 7.5], "rotation": 90, "texture": "#2"},
				"up": {"uv": [15.5, 10, 16, 7], "rotation": 180, "texture": "#2"},
				"down": {"uv": [15, 11, 16, 8], "texture": "#2"}
			}
		},
		{
			"from": [7.19963, 13.45879, 8.20718],
			"to": [8.80363, 15.86279, 9.06118],
			"rotation": {"angle": 0, "axis": "x", "origin": [8.00044, 14.65983, 5.94935]},
			"faces": {
				"north": {"uv": [16, 10, 14, 10.45], "rotation": 180, "texture": "#2"},
				"east": {"uv": [14, 10.45, 16, 10], "rotation": 90, "texture": "#2"},
				"south": {"uv": [16, 9.95, 15.5, 10.45], "texture": "#2"},
				"west": {"uv": [14, 10.45, 16, 10], "rotation": 270, "texture": "#2"},
				"up": {"uv": [14, 10.45, 16, 10], "texture": "#2"},
				"down": {"uv": [14, 10.45, 16, 10], "rotation": 180, "texture": "#2"}
			}
		}
	],
	"display": {
		"thirdperson_righthand": {
			"translation": [-0.25, 2.25, 1.25],
			"scale": [1.1, 1.1, 1.1]
		},
		"thirdperson_lefthand": {
			"translation": [-0.25, 2.25, 1.25],
			"scale": [1.1, 1.1, 1.1]
		},
		"firstperson_righthand": {
			"rotation": [15, 0, 0],
			"translation": [4, 1.25, -1.5],
			"scale": [0.8, 0.8, 0.8]
		},
		"firstperson_lefthand": {
			"rotation": [15, 0, 0],
			"translation": [4, 1.25, -1.5],
			"scale": [0.8, 0.8, 0.8]
		},
		"ground": {
			"rotation": [-66, 79, 0],
			"translation": [0, 5.25, -0.75],
			"scale": [0.9, 0.9, 0.9]
		},
		"gui": {
			"rotation": [81, 44, -75],
			"translation": [-0.05, -0.75, 0],
			"scale": [0.85, 0.85, 0.85]
		},
		"head": {
			"rotation": [0, 90, 0],
			"translation": [0, 29.75, 0]
		},
		"fixed": {
			"rotation": [90, -45, 90],
			"translation": [0.2, -1, -1],
			"scale": [1.1, 1.1, 1.1]
		}
	},
	"groups": [0, 1, 2, 3, 4, 5, 6, 7, 8, 9, 10, 11, 12, 13, 14,
		{
			"name": "group",
			"origin": [8.00097, 0.88523, -2.99934],
			"children": [15, 16, 17, 18, 19, 20, 21, 22, 23, 24, 25, 26, 27, 28, 29, 30, 31, 32, 33, 34, 35]
		}
	]
}