{
	"credit": "Made with Blockbench",
	"gui_light": "front",
	"textures": {
		"0": "skins/diamond_sword",
		"1": "skins/netherrite_sword",
		"particle": "skins/netherrite_sword"
	},
	"elements": [
		{
			"from": [7.29637, -6.052, 6.79769],
			"to": [8.70037, -5.198, 9.20169],
			"rotation": {"angle": 0, "axis": "y", "origin": [7.99989, 0.76396, 8.00094]},
			"faces": {
				"north": {"uv": [16, 10, 14, 10.45], "rotation": 180, "texture": "#1"},
				"east": {"uv": [16, 10, 14, 10.45], "rotation": 180, "texture": "#1"},
				"south": {"uv": [16, 10, 14, 10.45], "rotation": 180, "texture": "#1"},
				"west": {"uv": [16, 10, 14, 10.45], "rotation": 180, "texture": "#1"},
				"up": {"uv": [16, 10, 14, 10.45], "rotation": 180, "texture": "#1"},
				"down": {"uv": [16, 10, 14, 10.45], "rotation": 180, "texture": "#1"}
			}
		},
		{
			"from": [7.33837, -11.71, 7.33969],
			"to": [8.65837, -5.89, 8.65969],
			"rotation": {"angle": 0, "axis": "y", "origin": [7.99989, 0.76396, 8.00094]},
			"faces": {
				"north": {"uv": [0, 4, 6.5, 5.5], "rotation": 90, "texture": "#1"},
				"east": {"uv": [1, 5, 7.5, 6.5], "rotation": 90, "texture": "#1"},
				"south": {"uv": [1, 6, 7.5, 7.5], "rotation": 90, "texture": "#1"},
				"west": {"uv": [0, 2.5, 6.5, 4], "rotation": 90, "texture": "#1"},
				"up": {"uv": [1, 6, 7.5, 7.5], "rotation": 90, "texture": "#1"},
				"down": {"uv": [0, 6, 1.5, 7.5], "rotation": 90, "texture": "#1"}
			}
		},
		{
			"from": [7.08837, -6.81, 6.93969],
			"to": [8.90837, -6.01, 9.05969],
			"rotation": {"angle": 0, "axis": "y", "origin": [7.99989, 5.56396, 8.00094]},
			"faces": {
				"north": {"uv": [3, 2.5, 4.5, 3.5], "rotation": 180, "texture": "#0"},
				"east": {"uv": [3, 2.5, 4.5, 3.5], "rotation": 180, "texture": "#0"},
				"south": {"uv": [3, 2.5, 4.5, 3.5], "rotation": 180, "texture": "#0"},
				"west": {"uv": [3, 2.5, 4.5, 3.5], "rotation": 180, "texture": "#0"},
				"up": {"uv": [3, 2.5, 4.5, 3.5], "rotation": 180, "texture": "#0"},
				"down": {"uv": [3, 2.5, 4.5, 3.5], "rotation": 180, "texture": "#0"}
			}
		},
		{
			"from": [7.18837, -11.36, 7.18969],
			"to": [8.80837, -10.56, 8.80969],
			"rotation": {"angle": 0, "axis": "y", "origin": [7.99989, 1.01396, 8.00094]},
			"faces": {
				"north": {"uv": [1, 0.5, 2.5, 1.5], "rotation": 180, "texture": "#0"},
				"east": {"uv": [1, 0.5, 2.5, 1.5], "rotation": 180, "texture": "#0"},
				"south": {"uv": [1, 0.5, 2.5, 1.5], "rotation": 180, "texture": "#0"},
				"west": {"uv": [1, 0.5, 2.5, 1.5], "rotation": 180, "texture": "#0"},
				"up": {"uv": [1, 0.5, 2.5, 1.5], "rotation": 180, "texture": "#0"},
				"down": {"uv": [1, 0.5, 2.5, 1.5], "rotation": 180, "texture": "#0"}
			}
		},
		{
			"from": [7.18837, -8.86, 7.18969],
			"to": [8.80837, -8.06, 8.80969],
			"rotation": {"angle": 0, "axis": "x", "origin": [7.99837, -8.46, 7.99969]},
			"faces": {
				"north": {"uv": [2.5, 4, 4, 5], "texture": "#0"},
				"east": {"uv": [2.5, 4, 4, 5], "texture": "#0"},
				"south": {"uv": [2.5, 4, 4, 5], "texture": "#0"},
				"west": {"uv": [2.5, 4, 4, 5], "texture": "#0"},
				"up": {"uv": [2.5, 4, 4, 5], "texture": "#0"},
				"down": {"uv": [2.5, 4, 4, 5], "texture": "#0"}
			}
		},
		{
			"from": [7.49337, -10.15918, -2.91346],
			"to": [8.50337, -7.64918, -0.40346],
			"rotation": {"angle": -45, "axis": "x", "origin": [7.99989, 0.76396, 8.00094]},
			"faces": {
				"north": {"uv": [16, 8.5, 15, 10.5], "texture": "#1"},
				"east": {"uv": [13, 9.5, 15, 7.5], "rotation": 90, "texture": "#1"},
				"south": {"uv": [13.5, 8, 13, 10], "texture": "#1"},
				"west": {"uv": [15, 7.5, 13, 9.5], "texture": "#1"},
				"up": {"uv": [13, 8, 15, 7.5], "rotation": 270, "texture": "#1"},
				"down": {"uv": [14, 10, 16, 9], "rotation": 90, "texture": "#1"}
			}
		},
		{
			"from": [6.99837, -3.5037, 3.73502],
			"to": [8.99837, -1.5037, 5.73502],
			"rotation": {"angle": -45, "axis": "x", "origin": [7.99989, 0.76396, 8.00094]},
			"faces": {
				"north": {"uv": [12.5, 1, 11, 1.5], "texture": "#0"},
				"east": {"uv": [12.5, 0, 11, 1.5], "texture": "#0"},
				"south": {"uv": [12.5, 0, 12, 1.5], "texture": "#0"},
				"west": {"uv": [11, 1.5, 12.5, 0], "rotation": 270, "texture": "#0"},
				"up": {"uv": [12.5, 0, 12, 1.5], "rotation": 180, "texture": "#0"},
				"down": {"uv": [11.5, 0, 11, 1.5], "texture": "#0"}
			}
		},
		{
			"from": [7.19837, -12.3037, 3.93502],
			"to": [8.79837, -10.7037, 5.53502],
			"rotation": {"angle": -45, "axis": "x", "origin": [7.99989, -8.23604, 8.00094]},
			"faces": {
				"north": {"uv": [12.5, 1, 11, 1.5], "texture": "#0"},
				"east": {"uv": [12.5, 0, 11, 1.5], "texture": "#0"},
				"south": {"uv": [12.5, 0, 12, 1.5], "texture": "#0"},
				"west": {"uv": [11, 1.5, 12.5, 0], "rotation": 270, "texture": "#0"},
				"up": {"uv": [12.5, 0, 12, 1.5], "rotation": 180, "texture": "#0"},
				"down": {"uv": [11.5, 0, 11, 1.5], "texture": "#0"}
			}
		},
		{
			"from": [7.48837, -4.15764, 3.08109],
			"to": [8.50837, -0.88764, 6.35109],
			"rotation": {"angle": -45, "axis": "x", "origin": [7.99989, 0.76396, 8.00094]},
			"faces": {
				"north": {"uv": [12.5, 10.518, 16, 10], "rotation": 90, "texture": "#1"},
				"east": {"uv": [12.5, 10.5, 16, 7], "rotation": 90, "texture": "#1"},
				"south": {"uv": [12.5, 8.019, 16, 7], "rotation": 90, "texture": "#1"},
				"west": {"uv": [16, 7, 12.5, 10.5], "texture": "#1"},
				"up": {"uv": [12.5, 8.019, 16, 7], "rotation": 270, "texture": "#1"},
				"down": {"uv": [12.5, 10.018, 16, 9.518], "rotation": 90, "texture": "#1"}
			}
		},
		{
			"from": [7.5, -2.96769, 2.09114],
			"to": [8.5, 0.03231, 3.09114],
			"rotation": {"angle": -45, "axis": "x", "origin": [7.99989, 0.76396, 8.00094]},
			"faces": {
				"north": {"uv": [16, 7, 15.5, 10], "texture": "#1"},
				"east": {"uv": [15, 7.5, 16, 10.5], "texture": "#1"},
				"south": {"uv": [16, 8, 15, 11], "texture": "#1"},
				"west": {"uv": [16, 7, 15, 10], "texture": "#1"},
				"up": {"uv": [16, 8, 15, 9], "texture": "#1"},
				"down": {"uv": [15.5, 7, 14.5, 10], "texture": "#1"}
			}
		},
		{
			"from": [7.51, -4.47673, 6.94024],
			"to": [8.49, -3.29673, 9.92024],
			"rotation": {"angle": 22.5, "axis": "x", "origin": [7.99989, 0.76396, 8.00094]},
			"faces": {
				"north": {"uv": [16, 8, 15, 9], "rotation": 180, "texture": "#1"},
				"east": {"uv": [15, 10, 14, 7], "rotation": 270, "texture": "#1"},
				"south": {"uv": [16, 8, 15, 11], "texture": "#1"},
				"west": {"uv": [14, 10, 15, 7], "rotation": 90, "texture": "#1"},
				"up": {"uv": [15, 7, 14, 10], "texture": "#1"},
				"down": {"uv": [16, 8, 15.5, 11], "rotation": 180, "texture": "#1"}
			}
		},
		{
			"from": [7.51, -4.47601, 6.0799],
			"to": [8.49, -3.29601, 9.0599],
			"rotation": {"angle": -22.5, "axis": "x", "origin": [7.99989, 0.76396, 8.00094]},
			"faces": {
				"north": {"uv": [15, 8, 16, 11], "texture": "#1"},
				"east": {"uv": [15, 7, 14, 10], "rotation": 270, "texture": "#1"},
				"south": {"uv": [13, 7.5, 14, 8.5], "rotation": 180, "texture": "#1"},
				"west": {"uv": [14, 7, 15, 10], "rotation": 90, "texture": "#1"},
				"up": {"uv": [14.5, 10, 13.5, 7], "texture": "#1"},
				"down": {"uv": [16, 11, 15.5, 8], "rotation": 180, "texture": "#1"}
			}
		},
		{
			"from": [7.51, -2.19, 7.41],
			"to": [8.49, 2.79, 8.59],
			"rotation": {"angle": 0, "axis": "x", "origin": [7.99989, 0.76396, 8.00094]},
			"faces": {
				"north": {"uv": [12.5, 10.5, 13, 7], "rotation": 180, "texture": "#1"},
				"east": {"uv": [12.5, 10.5, 13.5, 7], "rotation": 180, "texture": "#1"},
				"south": {"uv": [13, 10.5, 13.5, 7], "rotation": 180, "texture": "#1"},
				"west": {"uv": [13.5, 10.5, 12.5, 7], "rotation": 180, "texture": "#1"},
				"up": {"uv": [12.5, 7, 13.5, 8], "rotation": 180, "texture": "#1"},
				"down": {"uv": [12.5, 10.5, 13.5, 7], "rotation": 180, "texture": "#1"}
			}
		},
		{
			"from": [7.5101, 1.78322, 6.15494],
			"to": [8.4899, 2.61302, 6.98474],
			"rotation": {"angle": 45, "axis": "x", "origin": [7.99989, 0.76396, 8.00094]},
			"faces": {
				"north": {"uv": [13, 7.5, 12.5, 7], "rotation": 180, "texture": "#1"},
				"east": {"uv": [13, 7.5, 12.5, 7], "rotation": 180, "texture": "#1"},
				"south": {"uv": [13, 7.5, 12.5, 7], "rotation": 180, "texture": "#1"},
				"west": {"uv": [13, 7.5, 12.5, 7], "rotation": 180, "texture": "#1"},
				"up": {"uv": [13, 7.5, 12.5, 7], "rotation": 180, "texture": "#1"},
				"down": {"uv": [13, 7.5, 12.5, 7], "rotation": 180, "texture": "#1"}
			}
		},
		{
			"from": [7.5, -2.96902, 12.90941],
			"to": [8.5, 0.03098, 13.90941],
			"rotation": {"angle": 45, "axis": "x", "origin": [7.99989, 0.76396, 8.00094]},
			"faces": {
				"north": {"uv": [15, 8, 16, 11], "texture": "#1"},
				"east": {"uv": [16, 7.5, 15, 10.5], "texture": "#1"},
				"south": {"uv": [15.5, 7, 16, 10], "texture": "#1"},
				"west": {"uv": [15, 7.5, 16, 10.5], "texture": "#1"},
				"up": {"uv": [16, 9, 15, 8], "texture": "#1"},
				"down": {"uv": [16, 10, 15, 7], "texture": "#1"}
			}
		},
		{
			"from": [7.5, -5.14451, 7.26796],
			"to": [8.5, -4.14451, 9.26796],
			"rotation": {"angle": -45, "axis": "x", "origin": [7.99989, 0.76396, 8.00094]},
			"faces": {
				"north": {"uv": [12.5, 9, 13.5, 8], "rotation": 90, "texture": "#1"},
				"east": {"uv": [12.5, 9, 13.5, 7], "rotation": 90, "texture": "#1"},
				"south": {"uv": [12.5, 8, 13.5, 7], "rotation": 90, "texture": "#1"},
				"west": {"uv": [13.5, 9, 12.5, 7], "rotation": 270, "texture": "#1"},
				"up": {"uv": [13.5, 7.5, 12.5, 9.5], "rotation": 180, "texture": "#1"},
				"down": {"uv": [13.5, 7, 12.5, 9], "texture": "#1"}
			}
		},
		{
			"from": [7.5, -5.14584, 6.73259],
			"to": [8.5, -4.14584, 8.73259],
			"rotation": {"angle": 45, "axis": "x", "origin": [7.99989, 0.76396, 8.00094]},
			"faces": {
				"north": {"uv": [12.5, 7, 13.5, 8], "rotation": 90, "texture": "#1"},
				"east": {"uv": [12.5, 7, 13.5, 9], "rotation": 90, "texture": "#1"},
				"south": {"uv": [12.5, 8, 13.5, 9], "rotation": 90, "texture": "#1"},
				"west": {"uv": [13.5, 7, 12.5, 9], "rotation": 270, "texture": "#1"},
				"up": {"uv": [13.5, 9.5, 12.5, 7.5], "rotation": 180, "texture": "#1"},
				"down": {"uv": [14, 9.5, 13, 7.5], "texture": "#1"}
			}
		},
		{
			"from": [7.51, -4.27672, 4.96024],
			"to": [8.49, -3.29672, 6.94024],
			"rotation": {"angle": 22.5, "axis": "x", "origin": [7.99989, 0.76396, 8.00094]},
			"faces": {
				"north": {"uv": [12.5, 8, 13.5, 9], "rotation": 90, "texture": "#1"},
				"east": {"uv": [12.5, 7, 13.5, 9], "rotation": 90, "texture": "#1"},
				"south": {"uv": [12.5, 8, 13.5, 9], "rotation": 90, "texture": "#1"},
				"west": {"uv": [14, 7, 13, 9], "rotation": 270, "texture": "#1"},
				"up": {"uv": [13.5, 9, 12.5, 7], "rotation": 180, "texture": "#1"},
				"down": {"uv": [14.5, 10, 13.5, 8], "texture": "#1"}
			}
		},
		{
			"from": [7.51, -4.276, 9.0599],
			"to": [8.49, -3.296, 11.0399],
			"rotation": {"angle": -22.5, "axis": "x", "origin": [7.99989, 0.76396, 8.00094]},
			"faces": {
				"north": {"uv": [12.5, 9, 13.5, 8], "rotation": 90, "texture": "#1"},
				"east": {"uv": [12.5, 9, 13.5, 7], "rotation": 90, "texture": "#1"},
				"south": {"uv": [12.5, 9, 13.5, 8], "rotation": 90, "texture": "#1"},
				"west": {"uv": [13.5, 9, 12.5, 7], "rotation": 270, "texture": "#1"},
				"up": {"uv": [13.5, 7, 12.5, 9], "rotation": 180, "texture": "#1"},
				"down": {"uv": [14.5, 8, 13.5, 10], "texture": "#1"}
			}
		},
		{
			"from": [7.68837, 10.05668, 17.2954],
			"to": [8.30837, 12.37668, 19.6154],
			"rotation": {"angle": -45, "axis": "x", "origin": [7.99989, 0.76396, 8.00094]},
			"faces": {
				"north": {"uv": [13.5, 11.49, 16, 11], "rotation": 90, "texture": "#1"},
				"east": {"uv": [15, 11.5, 12.5, 13.99], "texture": "#1"},
				"south": {"uv": [15.62, 11, 15, 13.319], "texture": "#1"},
				"west": {"uv": [15, 11.5, 12.5, 13.99], "texture": "#1"},
				"up": {"uv": [15.62, 11, 15, 13.319], "texture": "#1"},
				"down": {"uv": [16, 11, 15.5, 13.49], "texture": "#1"}
			}
		},
		{
			"from": [7.70848, 13.81157, 0.8542],
			"to": [8.28648, 16.58957, 1.8822],
			"rotation": {"angle": 22.5, "axis": "x", "origin": [7.99989, 0.76396, 8.00094]},
			"faces": {
				"north": {"uv": [13, 12, 16, 11], "rotation": 270, "texture": "#1"},
				"east": {"uv": [15.5, 12.5, 12.5, 11.5], "rotation": 90, "texture": "#1"},
				"south": {"uv": [0, 12.5, 3, 11.5], "rotation": 90, "texture": "#1"},
				"west": {"uv": [13, 12, 16, 11], "rotation": 270, "texture": "#1"},
				"up": {"uv": [3, 11.5, 0, 12.5], "rotation": 180, "texture": "#1"},
				"down": {"uv": [3, 11.5, 0, 12.5], "texture": "#1"}
			}
		},
		{
			"from": [7.70748, 13.81333, 14.12936],
			"to": [8.28748, 16.59333, 15.15936],
			"rotation": {"angle": -22.5, "axis": "x", "origin": [7.99989, 0.76396, 8.00094]},
			"faces": {
				"north": {"uv": [0, 12.5, 3, 11.5], "rotation": 90, "texture": "#1"},
				"east": {"uv": [13, 13.5, 16, 12.5], "rotation": 270, "texture": "#1"},
				"south": {"uv": [13, 13, 16, 14], "rotation": 270, "texture": "#1"},
				"west": {"uv": [12.5, 14, 15.5, 13], "rotation": 270, "texture": "#1"},
				"up": {"uv": [3, 11.5, 0, 12.5], "rotation": 180, "texture": "#1"},
				"down": {"uv": [3, 11.5, 0, 12.5], "texture": "#1"}
			}
		},
		{
			"from": [7.71857, 12.6599, -4.64824],
			"to": [8.27857, 13.4199, -3.88824],
			"rotation": {"angle": 45, "axis": "x", "origin": [7.99989, 0.76396, 8.00094]},
			"faces": {
				"north": {"uv": [15, 13.5, 16, 12.5], "rotation": 270, "texture": "#1"},
				"east": {"uv": [15, 13.5, 16, 12.5], "rotation": 270, "texture": "#1"},
				"south": {"uv": [15, 13.5, 16, 12.5], "rotation": 270, "texture": "#1"},
				"west": {"uv": [15, 13.5, 16, 12.5], "rotation": 270, "texture": "#1"},
				"up": {"uv": [15, 13.5, 16, 12.5], "rotation": 270, "texture": "#1"},
				"down": {"uv": [15, 13.5, 16, 12.5], "rotation": 270, "texture": "#1"}
			}
		},
		{
			"from": [7.84837, -3.09157, 5.14715],
			"to": [8.14837, -1.49157, 7.24715],
			"rotation": {"angle": -45, "axis": "x", "origin": [7.99989, 0.76396, 8.00094]},
			"faces": {
				"north": {"uv": [14.7, 14, 14, 16], "texture": "#1"},
				"east": {"uv": [16, 14, 13.5, 16], "texture": "#1"},
				"south": {"uv": [14.7, 14, 14, 16], "texture": "#1"},
				"west": {"uv": [15.5, 13.5, 13, 15.5], "texture": "#1"},
				"up": {"uv": [13.5, 16, 16, 15.3], "rotation": 90, "texture": "#1"},
				"down": {"uv": [13.5, 16, 16, 15.3], "rotation": 270, "texture": "#1"}
			}
		},
		{
			"from": [7.84837, -3.09334, 8.75296],
			"to": [8.14837, -1.49334, 10.85296],
			"rotation": {"angle": 45, "axis": "x", "origin": [7.99989, 0.76396, 8.00094]},
			"faces": {
				"north": {"uv": [14.7, 14, 14, 16], "texture": "#1"},
				"east": {"uv": [16, 14, 13.5, 16], "texture": "#1"},
				"south": {"uv": [14.7, 14, 14, 16], "texture": "#1"},
				"west": {"uv": [16, 14, 13.5, 16], "texture": "#1"},
				"up": {"uv": [13.5, 16, 16, 15.3], "rotation": 90, "texture": "#1"},
				"down": {"uv": [13.5, 16, 16, 15.3], "rotation": 270, "texture": "#1"}
			}
		},
		{
			"from": [7.85034, -3.0852, 8.17792],
			"to": [8.15034, -1.4852, 8.77792],
			"rotation": {"angle": -22.5, "axis": "x", "origin": [7.99989, 0.76396, 8.00094]},
			"faces": {
				"north": {"uv": [14, 16, 16, 15.3], "rotation": 90, "texture": "#1"},
				"east": {"uv": [14, 16, 16, 15], "rotation": 90, "texture": "#1"},
				"south": {"uv": [14, 16, 16, 15.3], "rotation": 90, "texture": "#1"},
				"west": {"uv": [14, 15, 16, 14], "rotation": 90, "texture": "#1"},
				"up": {"uv": [14.7, 15, 14, 16], "rotation": 180, "texture": "#1"},
				"down": {"uv": [14.7, 15, 14, 16], "texture": "#1"}
			}
		},
		{
			"from": [7.85034, -3.08615, 7.22165],
			"to": [8.15034, -1.48615, 7.82165],
			"rotation": {"angle": 22.5, "axis": "x", "origin": [7.99989, 0.76396, 8.00094]},
			"faces": {
				"north": {"uv": [14, 16, 16, 15.3], "rotation": 90, "texture": "#1"},
				"east": {"uv": [14, 16, 16, 15], "rotation": 90, "texture": "#1"},
				"south": {"uv": [14, 16, 16, 15.3], "rotation": 90, "texture": "#1"},
				"west": {"uv": [14, 16, 16, 15], "rotation": 90, "texture": "#1"},
				"up": {"uv": [14.7, 15, 14, 16], "rotation": 180, "texture": "#1"},
				"down": {"uv": [14.7, 15, 14, 16], "texture": "#1"}
			}
		},
		{
			"from": [7.85164, 12.78749, 2.12656],
			"to": [8.15164, 15.38749, 4.72656],
			"rotation": {"angle": 22.5, "axis": "x", "origin": [7.99989, 0.76396, 8.00094]},
			"faces": {
				"north": {"uv": [0, 16, 3, 13.5], "rotation": 270, "texture": "#1"},
				"east": {"uv": [3, 13.5, 0, 16], "rotation": 180, "texture": "#1"},
				"south": {"uv": [0, 14.5, 3, 14], "rotation": 270, "texture": "#1"},
				"west": {"uv": [3, 16, 0, 13.5], "rotation": 90, "texture": "#1"},
				"up": {"uv": [3, 13.5, 0, 16], "texture": "#1"},
				"down": {"uv": [3, 13.5, 0, 16], "rotation": 180, "texture": "#1"}
			}
		},
		{
			"from": [7.85264, 12.78944, 11.27401],
			"to": [8.15064, 15.38744, 13.87201],
			"rotation": {"angle": -22.5, "axis": "x", "origin": [7.99989, 0.76396, 8.00094]},
			"faces": {
				"north": {"uv": [0, 14.5, 3, 14], "rotation": 270, "texture": "#1"},
				"east": {"uv": [0, 16, 3, 13.5], "rotation": 270, "texture": "#1"},
				"south": {"uv": [0, 16, 3, 13.5], "rotation": 270, "texture": "#1"},
				"west": {"uv": [3, 13.5, 0, 16], "rotation": 180, "texture": "#1"},
				"up": {"uv": [3, 13.5, 0, 16], "texture": "#1"},
				"down": {"uv": [3, 13.5, 0, 16], "rotation": 180, "texture": "#1"}
			}
		},
		{
			"from": [7.85643, 13.42213, 14.42351],
			"to": [8.15443, 18.02013, 16.02151],
			"rotation": {"angle": -22.5, "axis": "x", "origin": [7.99989, 0.76396, 8.00094]},
			"faces": {
				"north": {"uv": [0, 16, 3, 13.5], "rotation": 270, "texture": "#1"},
				"east": {"uv": [0, 14, 5, 16], "rotation": 270, "texture": "#1"},
				"south": {"uv": [0, 14.5, 5, 14], "rotation": 270, "texture": "#1"},
				"west": {"uv": [0, 16, 5, 14], "rotation": 270, "texture": "#1"},
				"up": {"uv": [3, 13.5, 0, 16], "texture": "#1"},
				"down": {"uv": [3, 13.5, 0, 16], "rotation": 180, "texture": "#1"}
			}
		},
		{
			"from": [7.85543, 13.42017, -0.02294],
			"to": [8.15543, 18.02017, 1.57706],
			"rotation": {"angle": 22.5, "axis": "x", "origin": [7.99989, 0.76396, 8.00094]},
			"faces": {
				"north": {"uv": [0, 14.5, 5, 14], "rotation": 270, "texture": "#1"},
				"east": {"uv": [0, 16, 5, 14], "rotation": 270, "texture": "#1"},
				"south": {"uv": [0, 16, 5, 14], "rotation": 270, "texture": "#1"},
				"west": {"uv": [0, 14, 5, 16], "rotation": 270, "texture": "#1"},
				"up": {"uv": [5, 14, 0, 16], "texture": "#1"},
				"down": {"uv": [5, 14, 0, 16], "rotation": 180, "texture": "#1"}
			}
		},
		{
			"from": [7.85741, 13.63264, 20.87501],
			"to": [8.15341, 14.77864, 22.01601],
			"rotation": {"angle": -45, "axis": "x", "origin": [7.99989, 0.76396, 8.00094]},
			"faces": {
				"north": {"uv": [6, 16, 7.55, 14.5], "rotation": 270, "texture": "#1"},
				"east": {"uv": [6, 16, 7.55, 14.5], "rotation": 270, "texture": "#1"},
				"south": {"uv": [6, 15, 7.55, 14.5], "rotation": 270, "texture": "#1"},
				"west": {"uv": [6, 16, 7.55, 14.5], "rotation": 270, "texture": "#1"},
				"up": {"uv": [5.5, 14.5, 7.05, 14], "rotation": 270, "texture": "#1"},
				"down": {"uv": [7.55, 14.5, 6, 16], "rotation": 180, "texture": "#1"}
			}
		},
		{
			"from": [7.85531, -1.24476, 6.3787],
			"to": [8.15131, 13.35124, 9.6247],
			"rotation": {"angle": 0, "axis": "z", "origin": [7.99989, 0.76396, 8.00094]},
			"faces": {
				"north": {"uv": [4, 16, 16, 15.5], "rotation": 90, "texture": "#1"},
				"east": {"uv": [4, 16, 16, 14], "rotation": 90, "texture": "#1"},
				"south": {"uv": [4, 14.5, 16, 14], "rotation": 90, "texture": "#1"},
				"west": {"uv": [4, 16, 16, 14], "rotation": 90, "texture": "#1"},
				"up": {"uv": [16, 14, 4, 16], "rotation": 180, "texture": "#1"},
				"down": {"uv": [16, 14, 4, 16], "texture": "#1"}
			}
		},
		{
			"from": [7.70631, -2.74376, 6.95269],
			"to": [8.30031, 15.85024, 9.04669],
			"rotation": {"angle": 0, "axis": "z", "origin": [7.99989, 0.76396, 8.00094]},
			"faces": {
				"north": {"uv": [0, 11.5, 16, 11], "rotation": 270, "texture": "#1"},
				"east": {"uv": [0, 13.01, 16, 11.01], "rotation": 270, "texture": "#1"},
				"south": {"uv": [0, 13.5, 16, 12.5], "rotation": 270, "texture": "#1"},
				"west": {"uv": [16, 13.01, 0, 11.01], "rotation": 90, "texture": "#1"},
				"up": {"uv": [16, 11, 0, 13.5], "rotation": 180, "texture": "#1"},
				"down": {"uv": [16, 11, 0, 13.5], "texture": "#1"}
			}
		}
	],
	"display": {
		"thirdperson_righthand": {
			"translation": [-0.25, 13, 1.5],
			"scale": [0.9, 0.9, 0.9]
		},
		"thirdperson_lefthand": {
			"translation": [-0.25, 13.25, 1.5],
			"scale": [0.9, 0.9, 0.9]
		},
		"firstperson_righthand": {
			"rotation": [15, 0, 0],
			"translation": [3.75, 7.25, -0.75],
			"scale": [0.7, 0.6, 0.7]
		},
		"firstperson_lefthand": {
			"rotation": [15, 0, 0],
			"translation": [3.75, 7.25, -0.75],
			"scale": [0.7, 0.6, 0.7]
		},
		"ground": {
			"rotation": [-66, 79, 0],
			"translation": [0, 5.25, -4],
			"scale": [0.7, 0.7, 0.7]
		},
		"gui": {
			"rotation": [81, 44, -75],
			"translation": [2.2, 2.25, 0],
			"scale": [0.7, 0.64, 0.7]
		},
		"head": {
			"rotation": [0, 90, 0],
			"translation": [0, 29.75, 0]
		},
		"fixed": {
			"rotation": [90, -45, 90],
			"translation": [-3.05, 2.75, -1],
			"scale": [0.8, 0.8, 0.8]
		}
	},
	"groups": [
		{
			"name": "valkyrie",
			"origin": [8, 8, 8],
			"children": [0, 1, 2, 3, 4, 5, 6, 7, 8, 9, 10, 11, 12, 13, 14, 15, 16, 17, 18, 19, 20, 21, 22, 23, 24, 25, 26, 27, 28, 29, 30, 31, 32, 33]
		}
	]
}