{
	"credit": "Made with Blockbench",
	"gui_light": "front",
	"textures": {
		"0": "skins/diamond_sword",
		"1": "skins/wooden_sword",
		"2": "skins/netherrite_sword",
		"particle": "skins/diamond_sword"
	},
	"elements": [
		{
			"from": [7.2, 7.2, 7.2],
			"to": [8.8, 13.8, 8.8],
			"rotation": {"angle": 0, "axis": "y", "origin": [15, 12, 15]},
			"faces": {
				"north": {"uv": [4, 11.5, 11, 13.5], "rotation": 270, "texture": "#1"},
				"east": {"uv": [9, 11, 16, 13], "rotation": 270, "texture": "#1"},
				"south": {"uv": [6.5, 11.5, 13.5, 13.5], "rotation": 270, "texture": "#1"},
				"west": {"uv": [1, 11.5, 8, 13.5], "rotation": 270, "texture": "#1"},
				"up": {"uv": [9, 11, 16, 13], "rotation": 270, "texture": "#1"},
				"down": {"uv": [9, 11, 16, 13], "rotation": 270, "texture": "#1"}
			}
		},
		{
			"from": [7.22, 0.22, 7.22],
			"to": [8.78, 1.78, 8.78],
			"rotation": {"angle": 0, "axis": "y", "origin": [15, 0, 15]},
			"faces": {
				"north": {"uv": [14, 11, 16, 13], "rotation": 90, "texture": "#1"},
				"east": {"uv": [14, 11, 16, 13], "rotation": 90, "texture": "#1"},
				"south": {"uv": [14, 11, 16, 13], "rotation": 90, "texture": "#1"},
				"west": {"uv": [14, 11, 16, 13], "rotation": 90, "texture": "#1"},
				"up": {"uv": [14, 11, 16, 13], "rotation": 90, "texture": "#1"},
				"down": {"uv": [14, 11, 16, 13], "rotation": 90, "texture": "#1"}
			}
		},
		{
			"from": [7.3, -1.7, 7.3],
			"to": [8.7, 8.7, 8.7],
			"rotation": {"angle": 0, "axis": "y", "origin": [15, 3, 15]},
			"faces": {
				"north": {"uv": [5, 14, 16, 16], "rotation": 90, "texture": "#1"},
				"east": {"uv": [5, 14, 16, 16], "rotation": 90, "texture": "#1"},
				"south": {"uv": [5, 14, 16, 16], "rotation": 90, "texture": "#1"},
				"west": {"uv": [5, 14, 16, 16], "rotation": 90, "texture": "#1"},
				"up": {"uv": [5, 14, 16, 16], "rotation": 90, "texture": "#1"},
				"down": {"uv": [5, 14, 16, 16], "rotation": 90, "texture": "#1"}
			}
		},
		{
			"from": [7.245, -0.505, 6.995],
			"to": [8.755, 0.255, 9.005],
			"rotation": {"angle": 0, "axis": "y", "origin": [15, 6.75, 15]},
			"faces": {
				"north": {"uv": [16, 9.5, 14, 10.5], "rotation": 180, "texture": "#2"},
				"east": {"uv": [16, 9.5, 14, 10.5], "rotation": 180, "texture": "#2"},
				"south": {"uv": [16, 9.5, 14, 10.5], "rotation": 180, "texture": "#2"},
				"west": {"uv": [16, 9.5, 14, 10.5], "rotation": 180, "texture": "#2"},
				"up": {"uv": [16, 9.5, 14, 10.5], "rotation": 180, "texture": "#2"},
				"down": {"uv": [16, 9.5, 14, 10.5], "rotation": 180, "texture": "#2"}
			}
		},
		{
			"from": [7.25, -2.55656, 6.5412],
			"to": [8.75, -0.30656, 8.5412],
			"rotation": {"angle": 22.5, "axis": "x", "origin": [8, -1.30656, 7.5412]},
			"faces": {
				"north": {"uv": [12.5, 8.5, 13.5, 10.5], "rotation": 180, "texture": "#2"},
				"east": {"uv": [14, 8.5, 16, 10.5], "rotation": 180, "texture": "#2"},
				"south": {"uv": [15.5, 8.5, 16, 10.5], "rotation": 180, "texture": "#2"},
				"west": {"uv": [16, 8.5, 14, 10.5], "rotation": 180, "texture": "#2"},
				"up": {"uv": [14, 8.5, 16, 10.5], "rotation": 180, "texture": "#2"},
				"down": {"uv": [14.5, 8.5, 13.5, 10.5], "rotation": 180, "texture": "#2"}
			}
		},
		{
			"from": [7.24, -2.56656, 7.4488],
			"to": [8.76, -0.29656, 9.4688],
			"rotation": {"angle": -22.5, "axis": "x", "origin": [8, -1.30656, 8.4588]},
			"faces": {
				"north": {"uv": [16, 10, 15.5, 10.5], "rotation": 180, "texture": "#2"},
				"east": {"uv": [16, 8.5, 14, 10.5], "rotation": 180, "texture": "#2"},
				"south": {"uv": [13.5, 8.5, 12.5, 10.5], "rotation": 180, "texture": "#2"},
				"west": {"uv": [14, 8.5, 16, 10.5], "rotation": 180, "texture": "#2"},
				"up": {"uv": [14, 10.5, 16, 8.5], "rotation": 180, "texture": "#2"},
				"down": {"uv": [14.5, 10.5, 13.5, 8.5], "rotation": 180, "texture": "#2"}
			}
		},
		{
			"from": [7.75, 15.31028, 8.52942],
			"to": [8.25, 20.81028, 10.77942],
			"rotation": {"angle": -22.5, "axis": "y", "origin": [8.25, 16.71028, 9.65442]},
			"faces": {
				"north": {"uv": [2.5, 13, 5, 13.5], "rotation": 270, "texture": "#2"},
				"east": {"uv": [0, 11, 5, 13.5], "rotation": 270, "texture": "#2"},
				"south": {"uv": [0, 11, 5, 11.5], "rotation": 270, "texture": "#2"},
				"west": {"uv": [5, 11, 0, 13.5], "rotation": 90, "texture": "#2"},
				"up": {"uv": [5, 11, 4.5, 13.5], "rotation": 180, "texture": "#2"},
				"down": {"uv": [5.5, 11, 2.5, 11.5], "rotation": 90, "texture": "#2"}
			}
		},
		{
			"from": [7.75, 20.81028, 8.52942],
			"to": [8.25, 21.81028, 10.32942],
			"rotation": {"angle": -22.5, "axis": "y", "origin": [8.25, 17.21028, 9.65442]},
			"faces": {
				"north": {"uv": [5, 11, 4.5, 13], "rotation": 90, "texture": "#2"},
				"east": {"uv": [4.5, 11.5, 5.5, 13.5], "rotation": 270, "texture": "#2"},
				"south": {"uv": [5, 12.5, 4.5, 13], "rotation": 90, "texture": "#2"},
				"west": {"uv": [5.5, 11.5, 4.5, 13.5], "rotation": 90, "texture": "#2"},
				"up": {"uv": [5, 11, 4.5, 13], "rotation": 180, "texture": "#2"},
				"down": {"uv": [5, 11, 4.5, 13], "rotation": 90, "texture": "#2"}
			}
		},
		{
			"from": [7.75, 21.81028, 8.52942],
			"to": [8.25, 22.31028, 9.87942],
			"rotation": {"angle": -22.5, "axis": "y", "origin": [8.25, 18.21028, 9.65442]},
			"faces": {
				"north": {"uv": [6, 12, 5.5, 13], "rotation": 90, "texture": "#2"},
				"east": {"uv": [6, 12, 5.5, 13], "rotation": 90, "texture": "#2"},
				"south": {"uv": [6, 12, 5.5, 13], "rotation": 90, "texture": "#2"},
				"west": {"uv": [6, 12, 5.5, 13], "rotation": 90, "texture": "#2"},
				"up": {"uv": [6, 12, 5.5, 13], "rotation": 90, "texture": "#2"},
				"down": {"uv": [6, 12, 5.5, 13], "rotation": 90, "texture": "#2"}
			}
		},
		{
			"from": [7.75, 22.31028, 8.52942],
			"to": [8.25, 22.81028, 9.42942],
			"rotation": {"angle": -22.5, "axis": "y", "origin": [8.25, 18.71028, 9.65442]},
			"faces": {
				"north": {"uv": [5.5, 12.5, 5, 13.5], "rotation": 90, "texture": "#2"},
				"east": {"uv": [5.5, 12.5, 5, 13.5], "rotation": 90, "texture": "#2"},
				"south": {"uv": [5.5, 12.5, 5, 13.5], "rotation": 90, "texture": "#2"},
				"west": {"uv": [5.5, 12.5, 5, 13.5], "rotation": 90, "texture": "#2"},
				"up": {"uv": [5.5, 12.5, 5, 13.5], "rotation": 90, "texture": "#2"},
				"down": {"uv": [5.5, 12.5, 5, 13.5], "rotation": 90, "texture": "#2"}
			}
		},
		{
			"from": [7.75, 22.31028, 6.57058],
			"to": [8.25, 22.81028, 7.47058],
			"rotation": {"angle": 22.5, "axis": "y", "origin": [8.25, 18.71028, 6.34558]},
			"faces": {
				"north": {"uv": [6, 13.5, 5.5, 12.5], "rotation": 90, "texture": "#2"},
				"east": {"uv": [6, 13.5, 5.5, 12.5], "rotation": 90, "texture": "#2"},
				"south": {"uv": [6, 13.5, 5.5, 12.5], "rotation": 90, "texture": "#2"},
				"west": {"uv": [6, 13.5, 5.5, 12.5], "rotation": 90, "texture": "#2"},
				"up": {"uv": [6, 13.5, 5.5, 12.5], "rotation": 90, "texture": "#2"},
				"down": {"uv": [6, 13.5, 5.5, 12.5], "rotation": 90, "texture": "#2"}
			}
		},
		{
			"from": [7.75, 20.81028, 5.67058],
			"to": [8.25, 21.81028, 7.47058],
			"rotation": {"angle": 22.5, "axis": "y", "origin": [8.25, 17.21028, 6.34558]},
			"faces": {
				"north": {"uv": [5, 13, 4.5, 12.5], "rotation": 90, "texture": "#2"},
				"east": {"uv": [5.5, 11.5, 4.5, 13.5], "rotation": 90, "texture": "#2"},
				"south": {"uv": [5, 13, 4.5, 11], "rotation": 90, "texture": "#2"},
				"west": {"uv": [5.5, 13.5, 4.5, 11.5], "rotation": 90, "texture": "#2"},
				"up": {"uv": [5, 13, 4.5, 11], "rotation": 180, "texture": "#2"},
				"down": {"uv": [4.5, 11, 5, 13], "rotation": 90, "texture": "#2"}
			}
		},
		{
			"from": [7.75, 21.81028, 6.12058],
			"to": [8.25, 22.31028, 7.47058],
			"rotation": {"angle": 22.5, "axis": "y", "origin": [8.25, 18.21028, 6.34558]},
			"faces": {
				"north": {"uv": [6, 12, 5.5, 13], "rotation": 90, "texture": "#2"},
				"east": {"uv": [6, 12, 5.5, 13], "rotation": 90, "texture": "#2"},
				"south": {"uv": [6, 12, 5.5, 13], "rotation": 90, "texture": "#2"},
				"west": {"uv": [6, 12, 5.5, 13], "rotation": 90, "texture": "#2"},
				"up": {"uv": [5, 12.5, 4.5, 13.5], "rotation": 90, "texture": "#2"},
				"down": {"uv": [6, 12, 5.5, 13], "rotation": 90, "texture": "#2"}
			}
		},
		{
			"from": [7.75, 15.31028, 5.22058],
			"to": [8.25, 20.81028, 7.47058],
			"rotation": {"angle": 22.5, "axis": "y", "origin": [8.25, 16.71028, 6.34558]},
			"faces": {
				"north": {"uv": [0, 12, 5, 11.5], "rotation": 270, "texture": "#2"},
				"east": {"uv": [0.5, 13.5, 5.5, 11], "rotation": 270, "texture": "#2"},
				"south": {"uv": [2.5, 13.5, 5, 13], "rotation": 270, "texture": "#2"},
				"west": {"uv": [5.5, 13.5, 0.5, 11], "rotation": 90, "texture": "#2"},
				"up": {"uv": [5, 13.5, 4.5, 11], "rotation": 180, "texture": "#2"},
				"down": {"uv": [2.5, 11, 5.5, 11.5], "rotation": 90, "texture": "#2"}
			}
		},
		{
			"from": [8.18052, 15.31028, 7.38494],
			"to": [8.68052, 20.81028, 8.61994],
			"rotation": {"angle": 0, "axis": "y", "origin": [8.43052, 16.71028, 8.20994]},
			"faces": {
				"north": {"uv": [3.5, 12, 5.5, 11.5], "rotation": 270, "texture": "#2"},
				"east": {"uv": [0.5, 12, 5.5, 13], "rotation": 270, "texture": "#2"},
				"south": {"uv": [2.5, 13.5, 5, 13], "rotation": 270, "texture": "#2"},
				"west": {"uv": [5, 12.5, 0, 13.5], "rotation": 90, "texture": "#2"},
				"up": {"uv": [5, 13, 3, 13.5], "rotation": 90, "texture": "#2"},
				"down": {"uv": [2.5, 11, 5.5, 11.5], "rotation": 90, "texture": "#2"}
			}
		},
		{
			"from": [8.18052, 20.81028, 7.38494],
			"to": [8.68052, 21.81028, 8.61994],
			"rotation": {"angle": 0, "axis": "y", "origin": [8.43052, 17.21028, 8.20994]},
			"faces": {
				"north": {"uv": [5, 12, 4.5, 13], "rotation": 90, "texture": "#2"},
				"east": {"uv": [5.5, 12.5, 4.5, 13], "rotation": 90, "texture": "#2"},
				"south": {"uv": [5, 12, 4.5, 13], "rotation": 90, "texture": "#2"},
				"west": {"uv": [5.5, 12.5, 4.5, 13.5], "rotation": 90, "texture": "#2"},
				"up": {"uv": [5, 12, 4.5, 13], "rotation": 90, "texture": "#2"},
				"down": {"uv": [5, 12, 4.5, 13], "rotation": 90, "texture": "#2"}
			}
		},
		{
			"from": [8.18052, 21.81028, 7.38494],
			"to": [8.68052, 22.81028, 8.61994],
			"rotation": {"angle": 0, "axis": "y", "origin": [8.43052, 18.21028, 8.20994]},
			"faces": {
				"north": {"uv": [6, 12.5, 5, 13], "rotation": 90, "texture": "#2"},
				"east": {"uv": [6, 12.5, 5, 13], "rotation": 90, "texture": "#2"},
				"south": {"uv": [6, 12.5, 5, 13], "rotation": 90, "texture": "#2"},
				"west": {"uv": [6, 12.5, 5, 13], "rotation": 90, "texture": "#2"},
				"up": {"uv": [6, 12.5, 5, 13], "rotation": 90, "texture": "#2"},
				"down": {"uv": [6, 12.5, 5, 13], "rotation": 90, "texture": "#2"}
			}
		},
		{
			"from": [8.18252, 22.46228, 7.752],
			"to": [8.67852, 23.30828, 8.598],
			"rotation": {"angle": 45, "axis": "x", "origin": [8.43052, 23.06028, 8]},
			"faces": {
				"north": {"uv": [6, 12.5, 5, 13], "rotation": 90, "texture": "#2"},
				"east": {"uv": [6, 12.5, 5, 13], "rotation": 90, "texture": "#2"},
				"south": {"uv": [6, 12.5, 5, 13], "rotation": 90, "texture": "#2"},
				"west": {"uv": [6, 12.5, 5, 13], "rotation": 90, "texture": "#2"},
				"up": {"uv": [6, 12.5, 5, 13], "rotation": 90, "texture": "#2"},
				"down": {"uv": [6, 12.5, 5, 13], "rotation": 90, "texture": "#2"}
			}
		},
		{
			"from": [8.23252, 22.16228, 7.252],
			"to": [8.59852, 23.30828, 8.398],
			"rotation": {"angle": 45, "axis": "x", "origin": [8.43052, 22.56028, 8]},
			"faces": {
				"north": {"uv": [15.5, 12, 16, 13.5], "rotation": 180, "texture": "#2"},
				"east": {"uv": [14.5, 12, 16, 13.5], "rotation": 180, "texture": "#2"},
				"south": {"uv": [14.5, 12, 16, 13.5], "rotation": 180, "texture": "#2"},
				"west": {"uv": [14.5, 12, 16, 13.5], "rotation": 180, "texture": "#2"},
				"up": {"uv": [15.5, 12, 16, 13.5], "rotation": 180, "texture": "#2"},
				"down": {"uv": [14.5, 12, 16, 13.5], "rotation": 180, "texture": "#2"}
			}
		},
		{
			"from": [7.1, 12, 7],
			"to": [8.9, 13, 9],
			"rotation": {"angle": 0, "axis": "y", "origin": [15, 20, 15]},
			"faces": {
				"north": {"uv": [12, 5, 12.5, 6.5], "rotation": 90, "texture": "#2"},
				"east": {"uv": [12, 5, 12.5, 6.5], "rotation": 90, "texture": "#2"},
				"south": {"uv": [12, 5, 12.5, 6.5], "rotation": 90, "texture": "#2"},
				"west": {"uv": [12, 5, 12.5, 6.5], "rotation": 90, "texture": "#2"},
				"up": {"uv": [12, 5, 12.5, 6.5], "rotation": 90, "texture": "#2"},
				"down": {"uv": [12, 5, 12.5, 6.5], "rotation": 90, "texture": "#2"}
			}
		},
		{
			"from": [7.2, 4.1, 7.1],
			"to": [8.8, 4.9, 8.9],
			"rotation": {"angle": 0, "axis": "y", "origin": [15, 12, 15]},
			"faces": {
				"north": {"uv": [9.5, 3.5, 11.5, 4], "texture": "#2"},
				"east": {"uv": [9.5, 3.5, 11.5, 4], "texture": "#2"},
				"south": {"uv": [9.5, 3.5, 11.5, 4], "texture": "#2"},
				"west": {"uv": [9.5, 3.5, 11.5, 4], "texture": "#2"},
				"up": {"uv": [9.5, 3.5, 11.5, 4], "texture": "#2"},
				"down": {"uv": [9.5, 3.5, 11.5, 4], "texture": "#2"}
			}
		},
		{
			"from": [7.2, 2.85, 7.1],
			"to": [8.8, 3.65, 8.9],
			"rotation": {"angle": 0, "axis": "y", "origin": [15, 10.75, 15]},
			"faces": {
				"north": {"uv": [12, 5, 12.5, 6.5], "rotation": 90, "texture": "#2"},
				"east": {"uv": [12, 5, 12.5, 6.5], "rotation": 90, "texture": "#2"},
				"south": {"uv": [12, 5, 12.5, 6.5], "rotation": 90, "texture": "#2"},
				"west": {"uv": [12, 5, 12.5, 6.5], "rotation": 90, "texture": "#2"},
				"up": {"uv": [12, 5, 12.5, 6.5], "rotation": 90, "texture": "#2"},
				"down": {"uv": [12, 5, 12.5, 6.5], "rotation": 90, "texture": "#2"}
			}
		},
		{
			"from": [7.2, 5.35, 7.1],
			"to": [8.8, 6.15, 8.9],
			"rotation": {"angle": 0, "axis": "y", "origin": [15, 13.25, 15]},
			"faces": {
				"north": {"uv": [12, 5, 12.5, 6.5], "rotation": 90, "texture": "#2"},
				"east": {"uv": [12, 5, 12.5, 6.5], "rotation": 90, "texture": "#2"},
				"south": {"uv": [12, 5, 12.5, 6.5], "rotation": 90, "texture": "#2"},
				"west": {"uv": [12, 5, 12.5, 6.5], "rotation": 90, "texture": "#2"},
				"up": {"uv": [12, 5, 12.5, 6.5], "rotation": 90, "texture": "#2"},
				"down": {"uv": [12, 5, 12.5, 6.5], "rotation": 90, "texture": "#2"}
			}
		},
		{
			"from": [7.25, 2.35, 7.25],
			"to": [8.75, 6.6, 8.75],
			"rotation": {"angle": 0, "axis": "y", "origin": [14.9, 10.1, 15]},
			"faces": {
				"north": {"uv": [2.5, 3, 7.25, 5], "rotation": 90, "texture": "#0"},
				"east": {"uv": [2.5, 3, 7.25, 5], "rotation": 90, "texture": "#0"},
				"south": {"uv": [2.5, 3, 7.25, 5], "rotation": 90, "texture": "#0"},
				"west": {"uv": [2.5, 3, 7.25, 5], "rotation": 90, "texture": "#0"},
				"up": {"uv": [2.5, 3, 7.25, 5], "rotation": 90, "texture": "#0"},
				"down": {"uv": [2.5, 3, 7.25, 5], "rotation": 90, "texture": "#0"}
			}
		},
		{
			"from": [7.15, 10.8, 7.05],
			"to": [8.85, 11.7, 8.95],
			"rotation": {"angle": 0, "axis": "y", "origin": [15, 18.75, 15]},
			"faces": {
				"north": {"uv": [9.5, 3.5, 11.5, 4], "texture": "#2"},
				"east": {"uv": [9.5, 3.5, 11.5, 4], "texture": "#2"},
				"south": {"uv": [9.5, 3.5, 11.5, 4], "texture": "#2"},
				"west": {"uv": [9.5, 3.5, 11.5, 4], "texture": "#2"},
				"up": {"uv": [9.5, 3.5, 11.5, 4], "texture": "#2"},
				"down": {"uv": [9.5, 3.5, 11.5, 4], "texture": "#2"}
			}
		},
		{
			"from": [7.36, 14.83061, 4.47686],
			"to": [8.64, 15.81061, 6.45686],
			"rotation": {"angle": 22.5, "axis": "x", "origin": [8, 14.88412, 6.53056]},
			"faces": {
				"north": {"uv": [12.5, 9, 13.5, 8], "rotation": 90, "texture": "#2"},
				"east": {"uv": [14, 9, 13, 7], "rotation": 270, "texture": "#2"},
				"south": {"uv": [12.5, 9, 13.5, 8], "rotation": 90, "texture": "#2"},
				"west": {"uv": [12.5, 9, 13.5, 7], "rotation": 90, "texture": "#2"},
				"up": {"uv": [12.5, 9, 13.5, 7], "rotation": 180, "texture": "#2"},
				"down": {"uv": [13.5, 10, 14.5, 8], "texture": "#2"}
			}
		},
		{
			"from": [7.36, 14.83061, 9.54314],
			"to": [8.64, 15.81061, 11.52314],
			"rotation": {"angle": -22.5, "axis": "x", "origin": [8, 14.88412, 9.46944]},
			"faces": {
				"north": {"uv": [12.5, 8, 13.5, 9], "rotation": 90, "texture": "#2"},
				"east": {"uv": [14, 7, 13, 9], "rotation": 270, "texture": "#2"},
				"south": {"uv": [12.5, 8, 13.5, 9], "rotation": 90, "texture": "#2"},
				"west": {"uv": [12.5, 7, 13.5, 9], "rotation": 90, "texture": "#2"},
				"up": {"uv": [12.5, 7, 13.5, 9], "rotation": 180, "texture": "#2"},
				"down": {"uv": [13.5, 8, 14.5, 10], "texture": "#2"}
			}
		},
		{
			"from": [7.35, 12.14911, 5.60601],
			"to": [8.65, 15.14911, 6.60601],
			"rotation": {"angle": -45, "axis": "x", "origin": [8, 14.88412, 6.53056]},
			"faces": {
				"north": {"uv": [15.5, 7, 16, 10], "texture": "#2"},
				"east": {"uv": [15, 7, 16, 10], "texture": "#2"},
				"south": {"uv": [15, 8, 16, 11], "texture": "#2"},
				"west": {"uv": [16, 7.5, 15, 10.5], "texture": "#2"},
				"up": {"uv": [15, 8, 16, 9], "texture": "#2"},
				"down": {"uv": [14.5, 7, 15.5, 10], "texture": "#2"}
			}
		},
		{
			"from": [7.35, 12.14911, 9.39399],
			"to": [8.65, 15.14911, 10.39399],
			"rotation": {"angle": 45, "axis": "x", "origin": [8, 14.88412, 9.46944]},
			"faces": {
				"north": {"uv": [16, 8, 15, 11], "texture": "#2"},
				"east": {"uv": [16, 7, 15, 10], "texture": "#2"},
				"south": {"uv": [16, 7, 15.5, 10], "texture": "#2"},
				"west": {"uv": [15, 7.5, 16, 10.5], "texture": "#2"},
				"up": {"uv": [15, 9, 16, 8], "texture": "#2"},
				"down": {"uv": [14.5, 10, 15.5, 7], "texture": "#2"}
			}
		},
		{
			"from": [6.85163, 15.31195, 4.17952],
			"to": [9.15163, 17.31195, 6.17952],
			"rotation": {"angle": -45, "axis": "x", "origin": [8.00097, 19.13523, 8.00066]},
			"faces": {
				"north": {"uv": [11.5, 1, 12.5, 2.5], "texture": "#0"},
				"east": {"uv": [11, 0, 12.5, 1.5], "rotation": 270, "texture": "#0"},
				"south": {"uv": [12, 0, 12.5, 1.5], "texture": "#0"},
				"west": {"uv": [11, 0, 12.5, 1.5], "texture": "#0"},
				"up": {"uv": [12, 0, 12.5, 1.5], "rotation": 180, "texture": "#0"},
				"down": {"uv": [11.5, 1, 12.5, 2.5], "texture": "#0"}
			}
		},
		{
			"from": [6.85163, -0.88805, 4.77952],
			"to": [9.15163, 0.41195, 6.07952],
			"rotation": {"angle": -45, "axis": "x", "origin": [8.00097, 2.33523, 8.00066]},
			"faces": {
				"north": {"uv": [11.5, 1, 12.5, 2.5], "texture": "#0"},
				"east": {"uv": [11, 0, 12.5, 1.5], "rotation": 270, "texture": "#0"},
				"south": {"uv": [12, 0, 12.5, 1.5], "texture": "#0"},
				"west": {"uv": [11, 0, 12.5, 1.5], "texture": "#0"},
				"up": {"uv": [12, 0, 12.5, 1.5], "rotation": 180, "texture": "#0"},
				"down": {"uv": [11.5, 1, 12.5, 2.5], "texture": "#0"}
			}
		},
		{
			"from": [7.34163, 14.64337, 3.56094],
			"to": [8.71163, 17.91337, 6.83094],
			"rotation": {"angle": -45, "axis": "x", "origin": [8.00097, 19.08523, 8.00066]},
			"faces": {
				"north": {"uv": [12.5, 10, 16, 10.518], "rotation": 90, "texture": "#2"},
				"east": {"uv": [12.5, 7, 16, 10.5], "texture": "#2"},
				"south": {"uv": [12.5, 7, 16, 8.019], "rotation": 90, "texture": "#2"},
				"west": {"uv": [12.5, 7, 16, 10.5], "rotation": 90, "texture": "#2"},
				"up": {"uv": [12.5, 7, 16, 8.019], "rotation": 270, "texture": "#2"},
				"down": {"uv": [12.5, 9.518, 16, 10.018], "rotation": 90, "texture": "#2"}
			}
		},
		{
			"from": [7.36, 14.21, 7.41],
			"to": [8.64, 19.19, 8.59],
			"rotation": {"angle": 0, "axis": "x", "origin": [8, 15.47464, 8.23413]},
			"faces": {
				"north": {"uv": [13, 10.5, 12.5, 7], "rotation": 180, "texture": "#2"},
				"east": {"uv": [12.5, 10.5, 13.5, 7], "rotation": 180, "texture": "#2"},
				"south": {"uv": [13.5, 10.5, 13, 7], "rotation": 180, "texture": "#2"},
				"west": {"uv": [13.5, 10.5, 12.5, 7], "rotation": 180, "texture": "#2"},
				"up": {"uv": [13.5, 7, 12.5, 8], "rotation": 180, "texture": "#2"},
				"down": {"uv": [13.5, 10.5, 12.5, 7], "rotation": 180, "texture": "#2"}
			}
		},
		{
			"from": [7.3601, 18.8501, 7.55714],
			"to": [8.6399, 19.6799, 8.38694],
			"rotation": {"angle": 45, "axis": "x", "origin": [8, 19.19, 7.89704]},
			"faces": {
				"north": {"uv": [12.5, 7.5, 13, 7], "rotation": 180, "texture": "#2"},
				"east": {"uv": [12.5, 7.5, 13, 7], "rotation": 180, "texture": "#2"},
				"south": {"uv": [12.5, 7.5, 13, 7], "rotation": 180, "texture": "#2"},
				"west": {"uv": [12.5, 7.5, 13, 7], "rotation": 180, "texture": "#2"},
				"up": {"uv": [12.5, 7.5, 13, 7], "rotation": 180, "texture": "#2"},
				"down": {"uv": [12.5, 7.5, 13, 7], "rotation": 180, "texture": "#2"}
			}
		},
		{
			"from": [7.04963, 12.948, 6.79769],
			"to": [8.95363, 13.802, 9.20169],
			"rotation": {"angle": 0, "axis": "y", "origin": [8.00097, 19.88523, 8.00066]},
			"faces": {
				"north": {"uv": [14, 10, 16, 10.45], "rotation": 180, "texture": "#2"},
				"east": {"uv": [14, 10, 16, 10.45], "rotation": 180, "texture": "#2"},
				"south": {"uv": [14, 10, 16, 10.45], "rotation": 180, "texture": "#2"},
				"west": {"uv": [14, 10, 16, 10.45], "rotation": 180, "texture": "#2"},
				"up": {"uv": [14, 10, 16, 10.45], "rotation": 180, "texture": "#2"},
				"down": {"uv": [14, 10, 16, 10.45], "rotation": 180, "texture": "#2"}
			}
		},
		{
			"from": [7.35, 15.14911, 5.60602],
			"to": [8.65, 17.14911, 6.60602],
			"rotation": {"angle": -45, "axis": "x", "origin": [8, 14.88412, 6.53056]},
			"faces": {
				"north": {"uv": [13, 9.5, 14, 7.5], "rotation": 180, "texture": "#2"},
				"east": {"uv": [13.5, 9, 12.5, 7], "rotation": 180, "texture": "#2"},
				"south": {"uv": [12.5, 9.5, 13.5, 7.5], "rotation": 180, "texture": "#2"},
				"west": {"uv": [12.5, 9, 13.5, 7], "rotation": 180, "texture": "#2"},
				"up": {"uv": [12.5, 8, 13.5, 7], "rotation": 270, "texture": "#2"},
				"down": {"uv": [12.5, 9, 13.5, 8], "rotation": 90, "texture": "#2"}
			}
		},
		{
			"from": [7.35, 15.14911, 9.39398],
			"to": [8.65, 17.14911, 10.39398],
			"rotation": {"angle": 45, "axis": "x", "origin": [8, 14.88412, 9.46944]},
			"faces": {
				"north": {"uv": [13.5, 9.5, 12.5, 7.5], "rotation": 180, "texture": "#2"},
				"east": {"uv": [12.5, 9, 13.5, 7], "rotation": 180, "texture": "#2"},
				"south": {"uv": [14, 9.5, 13, 7.5], "rotation": 180, "texture": "#2"},
				"west": {"uv": [13.5, 9, 12.5, 7], "rotation": 180, "texture": "#2"},
				"up": {"uv": [13.5, 8, 12.5, 7], "rotation": 270, "texture": "#2"},
				"down": {"uv": [13.5, 9, 12.5, 8], "rotation": 90, "texture": "#2"}
			}
		}
	],
	"gui_light": "front",
	"display": {
		"thirdperson_righthand": {
			"translation": [-0.25, 2.25, 1.5],
			"scale": [1.1, 1.1, 1.1]
		},
		"thirdperson_lefthand": {
			"rotation": [0, -180, 0],
			"translation": [-0.25, 2.25, 1.5],
			"scale": [1.1, 1.1, 1.1]
		},
		"firstperson_righthand": {
			"rotation": [15, 0, 0],
			"translation": [2.75, -0.5, -1.5],
			"scale": [0.8, 0.8, 0.8]
		},
		"firstperson_lefthand": {
			"rotation": [15, -180, 0],
			"translation": [2.75, -0.5, -1.5],
			"scale": [0.8, 0.8, 0.8]
		},
		"ground": {
			"rotation": [-66, 79, 0],
			"translation": [0, 5.25, -0.75],
			"scale": [0.9, 0.9, 0.9]
		},
		"gui": {
			"rotation": [81, 44, -75],
			"translation": [-1.3, -0.75, 0],
			"scale": [0.82, 0.82, 0.82]
		},
		"head": {
			"rotation": [0, 90, 0],
			"translation": [0, 29.75, 0]
		},
		"fixed": {
			"rotation": [90, -45, 90],
			"translation": [1.2, -1.25, -1],
			"scale": [0.99, 0.99, 0.99]
		}
	},
	"groups": [0, 1, 2, 3, 4, 5, 6, 7, 8, 9, 10, 11, 12, 13, 14, 15, 16, 17, 18, 19, 20, 21, 22, 23, 24,
		{
			"name": "group",
			"origin": [8.00097, 0.88523, -2.99934],
			"children": [25, 26, 27, 28, 29, 30, 31, 32, 33, 34, 35, 36]
		}
	]
}