{
	"credit": "Made with Blockbench",
	"textures": {
		"0": "skins/wooden_sword",
		"1": "skins/bucket",
		"2": "skins/iron_sword",
		"particle": "skins/wooden_sword"
	},
	"elements": [
		{
			"from": [7.25, -0.31349, 8.02399],
			"to": [8.75, 4.68651, 9.02399],
			"rotation": {"angle": 45, "axis": "x", "origin": [8, 8.4391, 8]},
			"faces": {
				"north": {"uv": [0, 14, 5, 15.5], "rotation": 90, "texture": "#0"},
				"east": {"uv": [0, 14, 5, 15], "rotation": 90, "texture": "#0"},
				"south": {"uv": [0, 14, 5, 15.5], "rotation": 90, "texture": "#0"},
				"west": {"uv": [0, 15, 5, 14], "rotation": 90, "texture": "#0"},
				"up": {"uv": [0, 14, 1, 15.5], "rotation": 90, "texture": "#0"},
				"down": {"uv": [0, 14, 1, 15.5], "rotation": 90, "texture": "#0"}
			}
		},
		{
			"from": [7.25, -0.31349, 6.97601],
			"to": [8.75, 4.68651, 7.97601],
			"rotation": {"angle": 0, "axis": "x", "origin": [8, 8.4391, 8]},
			"faces": {
				"north": {"uv": [0, 14.5, 5, 16], "rotation": 90, "texture": "#0"},
				"east": {"uv": [0, 14.5, 5, 15.5], "rotation": 90, "texture": "#0"},
				"south": {"uv": [0, 14.5, 5, 16], "rotation": 90, "texture": "#0"},
				"west": {"uv": [0, 15.5, 5, 14.5], "rotation": 90, "texture": "#0"},
				"up": {"uv": [0, 14.5, 1, 16], "rotation": 90, "texture": "#0"},
				"down": {"uv": [0, 14.5, 1, 16], "rotation": 90, "texture": "#0"}
			}
		},
		{
			"from": [7.5, -0.56349, 8.02399],
			"to": [8.5, 6.43651, 9.02399],
			"rotation": {"angle": 45, "axis": "x", "origin": [8, 8.4391, 8]},
			"faces": {
				"north": {"uv": [0, 11.5, 7, 12.5], "rotation": 90, "texture": "#0"},
				"east": {"uv": [0, 11.5, 7, 12.5], "rotation": 270, "texture": "#0"},
				"south": {"uv": [0, 11.5, 7, 12.5], "rotation": 90, "texture": "#0"},
				"west": {"uv": [0, 11.5, 7, 12.5], "rotation": 90, "texture": "#0"},
				"up": {"uv": [0, 11.5, 7, 12.5], "rotation": 90, "texture": "#0"},
				"down": {"uv": [0, 11.5, 7, 12.5], "rotation": 90, "texture": "#0"}
			}
		},
		{
			"from": [7.5, -0.56349, 6.97601],
			"to": [8.5, 6.43651, 7.97601],
			"rotation": {"angle": 0, "axis": "x", "origin": [8, 8.4391, 8]},
			"faces": {
				"north": {"uv": [0, 9, 7, 10], "rotation": 90, "texture": "#0"},
				"east": {"uv": [0, 9, 7, 10], "rotation": 270, "texture": "#0"},
				"south": {"uv": [0, 9, 7, 10], "rotation": 90, "texture": "#0"},
				"west": {"uv": [0, 9, 7, 10], "rotation": 90, "texture": "#0"},
				"up": {"uv": [0, 9, 7, 10], "rotation": 90, "texture": "#0"},
				"down": {"uv": [0, 9, 7, 10], "rotation": 90, "texture": "#0"}
			}
		},
		{
			"from": [7.49, 6.34079, 5.90169],
			"to": [8.51, 7.86079, 7.42169],
			"rotation": {"angle": -22.5, "axis": "x", "origin": [8, 8.4391, 8]},
			"faces": {
				"north": {"uv": [8.5, 6.5, 9.5, 8], "rotation": 180, "texture": "#1"},
				"east": {"uv": [8.5, 6.5, 10, 8], "rotation": 270, "texture": "#1"},
				"south": {"uv": [8.5, 6.5, 9.5, 8], "texture": "#1"},
				"west": {"uv": [8.5, 6.5, 10, 8], "rotation": 90, "texture": "#1"},
				"up": {"uv": [8.5, 6.5, 9.5, 8], "rotation": 180, "texture": "#1"},
				"down": {"uv": [8.5, 6.5, 9.5, 8], "texture": "#1"}
			}
		},
		{
			"from": [7.75, 7.05783, 6.1961],
			"to": [8.05, 11.55783, 7.6961],
			"rotation": {"angle": 0, "axis": "x", "origin": [8, 8.4391, 8]},
			"faces": {
				"north": {"uv": [0.5, 4.5, 1, 9], "texture": "#1"},
				"east": {"uv": [0.5, 4.5, 2, 9], "texture": "#1"},
				"south": {"uv": [0.5, 4.5, 1, 9], "texture": "#1"},
				"west": {"uv": [0, 4.5, 1.5, 9], "texture": "#1"},
				"up": {"uv": [0.5, 4.5, 0.8, 5.9], "texture": "#1"},
				"down": {"uv": [0.5, 4.5, 1, 9], "texture": "#1"}
			}
		},
		{
			"from": [7.65, 7.05783, 6.6961],
			"to": [8.15, 11.55783, 7.1961],
			"rotation": {"angle": 0, "axis": "x", "origin": [8, 8.4391, 8]},
			"faces": {
				"north": {"uv": [9, 4.5, 9.5, 9], "texture": "#1"},
				"east": {"uv": [9, 4.5, 9.5, 9], "texture": "#1"},
				"south": {"uv": [9, 4.5, 9.5, 9], "texture": "#1"},
				"west": {"uv": [9, 4.5, 9.5, 9], "texture": "#1"},
				"up": {"uv": [9, 4.5, 9.5, 5], "texture": "#1"},
				"down": {"uv": [9, 4.5, 9.5, 9], "texture": "#1"}
			}
		},
		{
			"from": [7.85, 7.05783, 8.8039],
			"to": [8.35, 11.55783, 9.3039],
			"rotation": {"angle": 45, "axis": "x", "origin": [8, 8.4391, 8]},
			"faces": {
				"north": {"uv": [9.5, 4.5, 9, 9], "texture": "#1"},
				"east": {"uv": [9.5, 4.5, 9, 9], "texture": "#1"},
				"south": {"uv": [9.5, 4.5, 9, 9], "texture": "#1"},
				"west": {"uv": [9.5, 4.5, 9, 9], "texture": "#1"},
				"up": {"uv": [9, 5, 9.5, 4.5], "texture": "#1"},
				"down": {"uv": [9, 9, 9.5, 4.5], "texture": "#1"}
			}
		},
		{
			"from": [7.95, 7.05783, 8.3039],
			"to": [8.25, 11.55783, 9.8039],
			"rotation": {"angle": 45, "axis": "x", "origin": [8, 8.4391, 8]},
			"faces": {
				"north": {"uv": [1, 4.5, 0.5, 9], "texture": "#1"},
				"east": {"uv": [2, 4.5, 0.5, 9], "texture": "#1"},
				"south": {"uv": [1, 4.5, 0.5, 9], "texture": "#1"},
				"west": {"uv": [1.5, 4.5, 0, 9], "texture": "#1"},
				"up": {"uv": [0.5, 5.9, 0.8, 4.5], "texture": "#1"},
				"down": {"uv": [0.5, 9, 1, 4.5], "texture": "#1"}
			}
		},
		{
			"from": [8, 8.30783, 8.0539],
			"to": [8.2, 14.50783, 8.5539],
			"rotation": {"angle": 45, "axis": "x", "origin": [8, 8.4391, 8]},
			"faces": {
				"north": {"uv": [7.6, 14.5, 1.5, 15], "rotation": 90, "texture": "#2"},
				"east": {"uv": [7.6, 14.5, 1.5, 15], "rotation": 90, "texture": "#2"},
				"south": {"uv": [7.6, 14.5, 1.5, 15], "rotation": 90, "texture": "#2"},
				"west": {"uv": [7.6, 14.5, 1.5, 15], "rotation": 90, "texture": "#2"},
				"up": {"uv": [7.6, 14.5, 1.5, 15], "rotation": 90, "texture": "#2"},
				"down": {"uv": [7.6, 14.5, 1.5, 15], "rotation": 90, "texture": "#2"}
			}
		},
		{
			"from": [7.8, 8.30783, 7.4461],
			"to": [8, 14.50783, 7.9461],
			"rotation": {"angle": 0, "axis": "x", "origin": [8, 8.4391, 8]},
			"faces": {
				"north": {"uv": [7.6, 15, 1.5, 14.5], "rotation": 90, "texture": "#2"},
				"east": {"uv": [7.6, 15, 1.5, 14.5], "rotation": 90, "texture": "#2"},
				"south": {"uv": [7.6, 15, 1.5, 14.5], "rotation": 90, "texture": "#2"},
				"west": {"uv": [7.6, 15, 1.5, 14.5], "rotation": 90, "texture": "#2"},
				"up": {"uv": [1.5, 14.5, 7.6, 15], "rotation": 90, "texture": "#2"},
				"down": {"uv": [1.5, 14.5, 7.6, 15], "rotation": 90, "texture": "#2"}
			}
		},
		{
			"from": [7.749, 11.55683, 6.6951],
			"to": [8.051, 12.55883, 7.6971],
			"rotation": {"angle": 0, "axis": "x", "origin": [8, 8.4391, 8]},
			"faces": {
				"north": {"uv": [0, 2.5, 1, 3.5], "texture": "#1"},
				"east": {"uv": [0, 2.5, 1, 3.5], "texture": "#1"},
				"south": {"uv": [0, 2.5, 0.3, 3.5], "texture": "#1"},
				"west": {"uv": [1, 2.5, 0, 3.5], "texture": "#1"},
				"up": {"uv": [0, 2.5, 1, 3.5], "texture": "#1"},
				"down": {"uv": [0, 2.5, 1, 3.5], "texture": "#1"}
			}
		},
		{
			"from": [7.949, 11.55683, 8.3029],
			"to": [8.251, 12.55883, 9.3049],
			"rotation": {"angle": 45, "axis": "x", "origin": [8, 8.4391, 8]},
			"faces": {
				"north": {"uv": [0.3, 2.5, 0, 3.5], "texture": "#1"},
				"east": {"uv": [1, 2.5, 0, 3.5], "texture": "#1"},
				"south": {"uv": [1, 2.5, 0, 3.5], "texture": "#1"},
				"west": {"uv": [0, 2.5, 1, 3.5], "texture": "#1"},
				"up": {"uv": [0, 3.5, 1, 2.5], "texture": "#1"},
				"down": {"uv": [0, 3.5, 1, 2.5], "texture": "#1"}
			}
		},
		{
			"from": [7.751, 10.63111, 5.14093],
			"to": [8.049, 12.62911, 6.13893],
			"rotation": {"angle": 22.5, "axis": "x", "origin": [8, 8.4391, 8]},
			"faces": {
				"north": {"uv": [0.5, 1.5, 0.8, 3.5], "texture": "#1"},
				"east": {"uv": [0, 2, 1, 4], "texture": "#1"},
				"south": {"uv": [0.5, 1.5, 0.8, 3.5], "texture": "#1"},
				"west": {"uv": [1, 1.5, 2, 3.5], "texture": "#1"},
				"up": {"uv": [0, 1.5, 0.3, 2.5], "texture": "#1"},
				"down": {"uv": [0, 1.5, 0.3, 2.5], "texture": "#1"}
			}
		},
		{
			"from": [7.951, 10.63111, 9.86107],
			"to": [8.249, 12.62911, 10.85907],
			"rotation": {"angle": 22.5, "axis": "x", "origin": [8, 8.4391, 8]},
			"faces": {
				"north": {"uv": [0.8, 1.5, 0.5, 3.5], "texture": "#1"},
				"east": {"uv": [1, 2, 0, 4], "texture": "#1"},
				"south": {"uv": [0.8, 1.5, 0.5, 3.5], "texture": "#1"},
				"west": {"uv": [2, 1.5, 1, 3.5], "texture": "#1"},
				"up": {"uv": [0, 2.5, 0.3, 1.5], "texture": "#1"},
				"down": {"uv": [0, 2.5, 0.3, 1.5], "texture": "#1"}
			}
		},
		{
			"from": [7.7515, 13.02286, 7.38654],
			"to": [8.0485, 14.41986, 7.88354],
			"rotation": {"angle": 0, "axis": "x", "origin": [8, 8.4391, 8]},
			"faces": {
				"north": {"uv": [1.5, 0.5, 2, 2], "texture": "#1"},
				"east": {"uv": [1.5, 0.5, 2, 2], "texture": "#1"},
				"south": {"uv": [1.5, 0.5, 2, 2], "texture": "#1"},
				"west": {"uv": [1.5, 0.5, 2, 2], "texture": "#1"},
				"up": {"uv": [1.5, 0.5, 1.8, 1], "texture": "#1"},
				"down": {"uv": [1.5, 0.5, 2, 2], "texture": "#1"}
			}
		},
		{
			"from": [7.9515, 13.02286, 8.11646],
			"to": [8.2485, 14.41986, 8.61346],
			"rotation": {"angle": 45, "axis": "x", "origin": [8, 8.4391, 8]},
			"faces": {
				"north": {"uv": [2, 0.5, 1.5, 2], "texture": "#1"},
				"east": {"uv": [2, 0.5, 1.5, 2], "texture": "#1"},
				"south": {"uv": [2, 0.5, 1.5, 2], "texture": "#1"},
				"west": {"uv": [2, 0.5, 1.5, 2], "texture": "#1"},
				"up": {"uv": [1.5, 1, 1.8, 0.5], "texture": "#1"},
				"down": {"uv": [1.5, 2, 2, 0.5], "texture": "#1"}
			}
		},
		{
			"from": [7.751, 12.62911, 5.14093],
			"to": [8.049, 13.72711, 5.63893],
			"rotation": {"angle": 22.5, "axis": "x", "origin": [8, 8.4391, 8]},
			"faces": {
				"north": {"uv": [1.5, 0.5, 2, 2], "texture": "#1"},
				"east": {"uv": [1.5, 0.5, 2, 2], "texture": "#1"},
				"south": {"uv": [1.5, 0.5, 2, 2], "texture": "#1"},
				"west": {"uv": [1.5, 0.5, 2, 1.8], "texture": "#1"},
				"up": {"uv": [1.5, 0.5, 1.8, 1], "texture": "#1"},
				"down": {"uv": [1.5, 0.5, 2, 2], "texture": "#1"}
			}
		},
		{
			"from": [7.951, 12.62911, 10.36107],
			"to": [8.249, 13.72711, 10.85907],
			"rotation": {"angle": 22.5, "axis": "x", "origin": [8, 8.4391, 8]},
			"faces": {
				"north": {"uv": [2, 0.5, 1.5, 2], "texture": "#1"},
				"east": {"uv": [2, 0.5, 1.5, 2], "texture": "#1"},
				"south": {"uv": [2, 0.5, 1.5, 2], "texture": "#1"},
				"west": {"uv": [2, 0.5, 1.5, 1.8], "texture": "#1"},
				"up": {"uv": [1.5, 1, 1.8, 0.5], "texture": "#1"},
				"down": {"uv": [1.5, 2, 2, 0.5], "texture": "#1"}
			}
		},
		{
			"from": [7.44, 6.59079, 6.15169],
			"to": [8.56, 7.61079, 7.17169],
			"rotation": {"angle": -22.5, "axis": "x", "origin": [8, 8.4391, 8]},
			"faces": {
				"north": {"uv": [9.5, 3.5, 10.5, 4.5], "rotation": 180, "texture": "#1"},
				"east": {"uv": [9.5, 3.5, 10.5, 4.5], "rotation": 270, "texture": "#1"},
				"south": {"uv": [9.5, 3.5, 10.5, 4.5], "texture": "#1"},
				"west": {"uv": [9.5, 3.5, 10.5, 4.5], "rotation": 90, "texture": "#1"},
				"up": {"uv": [9.5, 3.5, 10.5, 4.5], "rotation": 180, "texture": "#1"},
				"down": {"uv": [9.5, 3.5, 10.5, 4.5], "texture": "#1"}
			}
		},
		{
			"from": [7.5, -0.31349, 7.77399],
			"to": [8.5, 4.68651, 9.27399],
			"rotation": {"angle": 45, "axis": "x", "origin": [8, 8.4391, 8]},
			"faces": {
				"north": {"uv": [0, 14, 5, 15], "rotation": 90, "texture": "#0"},
				"east": {"uv": [0, 14, 5, 15.5], "rotation": 90, "texture": "#0"},
				"south": {"uv": [0, 14, 5, 15], "rotation": 90, "texture": "#0"},
				"west": {"uv": [0, 14, 5, 15.5], "rotation": 90, "texture": "#0"},
				"up": {"uv": [0, 14, 1.5, 15], "rotation": 90, "texture": "#0"},
				"down": {"uv": [0, 14, 1.5, 15], "rotation": 90, "texture": "#0"}
			}
		},
		{
			"from": [7.5, -0.31349, 6.72601],
			"to": [8.5, 4.68651, 8.22601],
			"rotation": {"angle": 0, "axis": "x", "origin": [8, 8.4391, 8]},
			"faces": {
				"north": {"uv": [4, 14.5, 9, 15.5], "rotation": 90, "texture": "#0"},
				"east": {"uv": [0, 14, 5, 15.5], "rotation": 90, "texture": "#0"},
				"south": {"uv": [0, 14, 5, 15], "rotation": 90, "texture": "#0"},
				"west": {"uv": [0, 14, 5, 15.5], "rotation": 90, "texture": "#0"},
				"up": {"uv": [0, 14.5, 1.5, 15.5], "rotation": 90, "texture": "#0"},
				"down": {"uv": [0, 14.5, 1.5, 15.5], "rotation": 90, "texture": "#0"}
			}
		}
	],
	"display": {
		"thirdperson_righthand": {
			"rotation": [-16, 22, 0],
			"translation": [-0.25, 3.75, 0]
		},
		"thirdperson_lefthand": {
			"rotation": [-16, 22, 0],
			"translation": [-0.25, 3.75, 0]
		},
		"firstperson_righthand": {
			"rotation": [-45, 14, 0],
			"translation": [2.5, 3.75, 0],
			"scale": [0.82, 0.82, 0.82]
		},
		"firstperson_lefthand": {
			"rotation": [-45, 14, 0],
			"translation": [2.5, 3.75, 0],
			"scale": [0.82, 0.82, 0.82]
		},
		"ground": {
			"rotation": [24, 0, -71],
			"translation": [0.5, -1, 0.75]
		},
		"gui": {
			"rotation": [52, -159, 69],
			"translation": [1, 0.75, 0],
			"scale": [1.21, 1.21, 1.21]
		},
		"fixed": {
			"rotation": [90, -76, 90],
			"translation": [-1, 1, -0.25],
			"scale": [1.21, 1.21, 1.21]
		}
	}
}