{
	"credit": "Made with Blockbench",
	"textures": {
		"2": "skins/string",
		"particle": "skins/wooden_sword"
	},
	"elements": [
		{
			"from": [6.85, 0.65, 1.05],
			"to": [7.65, 1.65, 2.05],
			"rotation": {"angle": 45, "axis": "x", "origin": [7.25, 1.15, 1.55]},
			"faces": {
				"north": {"uv": [15.5, 9, 16, 9.5], "rotation": 180, "texture": "#2"},
				"east": {"uv": [15.5, 9, 16, 9.5], "rotation": 180, "texture": "#2"},
				"south": {"uv": [15.5, 9, 16, 9.5], "rotation": 180, "texture": "#2"},
				"west": {"uv": [15.5, 9, 16, 9.5], "rotation": 180, "texture": "#2"},
				"up": {"uv": [15.5, 9, 16, 9.5], "rotation": 180, "texture": "#2"},
				"down": {"uv": [15.5, 9, 16, 9.5], "rotation": 180, "texture": "#2"}
			}
		},
		{
			"from": [7, 0.8, 0.6],
			"to": [7.5, 1.5, 1.3],
			"rotation": {"angle": 45, "axis": "x", "origin": [7.25, 1.15, 0.95]},
			"faces": {
				"north": {"uv": [15, 8.5, 15.5, 9], "rotation": 180, "texture": "#2"},
				"east": {"uv": [15, 8.5, 15.5, 9], "rotation": 180, "texture": "#2"},
				"south": {"uv": [15, 8.5, 15.5, 9], "rotation": 180, "texture": "#2"},
				"west": {"uv": [15, 8.5, 15.5, 9], "rotation": 180, "texture": "#2"},
				"up": {"uv": [15, 8.5, 15.5, 9], "rotation": 180, "texture": "#2"},
				"down": {"uv": [15, 8.5, 15.5, 9], "rotation": 180, "texture": "#2"}
			}
		},
		{
			"from": [6.75, 0.9, 1.3],
			"to": [7.75, 1.4, 1.8],
			"rotation": {"angle": 45, "axis": "x", "origin": [7.25, 1.15, 1.55]},
			"faces": {
				"north": {"uv": [12, 10, 12.5, 10.5], "rotation": 180, "texture": "#2"},
				"east": {"uv": [12, 10, 12.5, 10.5], "rotation": 180, "texture": "#2"},
				"south": {"uv": [12, 10, 12.5, 10.5], "rotation": 180, "texture": "#2"},
				"west": {"uv": [12, 10, 12.5, 10.5], "rotation": 180, "texture": "#2"},
				"up": {"uv": [12, 10, 12.5, 10.5], "rotation": 180, "texture": "#2"},
				"down": {"uv": [12, 10, 12.5, 10.5], "rotation": 180, "texture": "#2"}
			}
		},
		{
			"from": [6.95, 0.85, 1.7],
			"to": [7.55, 1.45, 11.6],
			"rotation": {"angle": 0, "axis": "x", "origin": [8, 1.15, 11.8]},
			"faces": {
				"north": {"uv": [0, 12.5, 8, 13], "rotation": 180, "texture": "#2"},
				"east": {"uv": [0, 10, 8, 10.5], "texture": "#2"},
				"south": {"uv": [0, 10, 0.1, 10.1], "rotation": 180, "texture": "#2"},
				"west": {"uv": [0, 10, 8, 10.5], "rotation": 180, "texture": "#2"},
				"up": {"uv": [0, 10, 8, 10.5], "rotation": 270, "texture": "#2"},
				"down": {"uv": [0, 10, 8, 10.5], "rotation": 90, "texture": "#2"}
			}
		},
		{
			"from": [7.25, -0.35, 9.05],
			"to": [7.3, 2.65, 12.3],
			"rotation": {"angle": 0, "axis": "x", "origin": [7.75, 0.65, 11.175]},
			"faces": {
				"east": {"uv": [2, 6, 6, 9.5], "rotation": 180, "texture": "#2"},
				"south": {"uv": [5.5, 6, 6, 9.5], "rotation": 180, "texture": "#2"},
				"west": {"uv": [2, 6, 6, 9.5], "texture": "#2"},
				"up": {"uv": [2, 6, 6, 6.5], "rotation": 90, "texture": "#2"},
				"down": {"uv": [2, 6, 6, 6.5], "rotation": 270, "texture": "#2"}
			}
		},
		{
			"from": [5.775, 1.125, 9.05],
			"to": [8.775, 1.175, 12.3],
			"rotation": {"angle": 0, "axis": "z", "origin": [7.275, 1.15, 10.675]},
			"faces": {
				"east": {"uv": [2, 6, 6, 6.5], "rotation": 180, "texture": "#2"},
				"south": {"uv": [5.5, 6, 6, 9.5], "rotation": 90, "texture": "#2"},
				"west": {"uv": [2, 6, 6, 6.5], "texture": "#2"},
				"up": {"uv": [2, 6, 6, 9.5], "rotation": 90, "texture": "#2"},
				"down": {"uv": [2, 6, 6, 9.5], "rotation": 270, "texture": "#2"}
			}
		}
	],
	"gui_light": "front",
	"display": {
		"thirdperson_righthand": {
			"rotation": [-20, 33, 5],
			"translation": [0.75, 6.75, -1]
		},
		"thirdperson_lefthand": {
			"rotation": [-20, 33, 5],
			"translation": [-1.25, 6.75, -1]
		},
		"firstperson_righthand": {
			"rotation": [105, 1, -27],
			"translation": [5.5, 1.75, 7]
		},
		"firstperson_lefthand": {
			"rotation": [105, 1, -27],
			"translation": [5.25, 1.75, 7]
		},
		"ground": {
			"rotation": [31, 0, -38],
			"translation": [4.5, 3.75, 4]
		},
		"gui": {
			"rotation": [49, -36, 90],
			"translation": [-11.75, 5.75, 0],
			"scale": [1.95, 1.95, 1.95]
		},
		"fixed": {
			"rotation": [90, 46, 90],
			"translation": [-7.75, -11.25, 0],
			"scale": [1.95, 1.95, 1.95]
		}
	}
}