{
	"credit": "Made with Blockbench",
	"gui_light": "front",
	"textures": {
		"0": "skins/stone_sword",
		"particle": "skins/stone_sword"
	},
	"elements": [
		{
			"from": [7.05163, -10.8, 7.04969],
			"to": [8.95163, -10.2, 8.94969],
			"rotation": {"angle": 0, "axis": "y", "origin": [8.00097, -0.11477, 8.00066]},
			"faces": {
				"north": {"uv": [4, 5, 5.5, 5.5], "rotation": 180, "texture": "#0"},
				"east": {"uv": [4, 5, 5.5, 5.5], "rotation": 180, "texture": "#0"},
				"south": {"uv": [4, 5, 5.5, 5.5], "rotation": 180, "texture": "#0"},
				"west": {"uv": [4, 5, 5.5, 5.5], "rotation": 180, "texture": "#0"},
				"up": {"uv": [4, 5, 5.5, 5.5], "rotation": 180, "texture": "#0"},
				"down": {"uv": [4, 5, 5.5, 5.5], "rotation": 180, "texture": "#0"}
			}
		},
		{
			"from": [7.05163, -6.8, 7.04969],
			"to": [8.95163, -6.2, 8.94969],
			"rotation": {"angle": 0, "axis": "y", "origin": [8.00097, 0.88523, 8.00066]},
			"faces": {
				"north": {"uv": [4, 5, 5.5, 5.5], "rotation": 180, "texture": "#0"},
				"east": {"uv": [4, 5, 5.5, 5.5], "rotation": 180, "texture": "#0"},
				"south": {"uv": [4, 5, 5.5, 5.5], "rotation": 180, "texture": "#0"},
				"west": {"uv": [4, 5, 5.5, 5.5], "rotation": 180, "texture": "#0"},
				"up": {"uv": [4, 5, 5.5, 5.5], "rotation": 180, "texture": "#0"},
				"down": {"uv": [4, 5, 5.5, 5.5], "rotation": 180, "texture": "#0"}
			}
		},
		{
			"from": [7.29963, -6.052, 6.79769],
			"to": [8.70363, -5.198, 9.20169],
			"rotation": {"angle": 0, "axis": "y", "origin": [8.00097, 0.88523, 8.00066]},
			"faces": {
				"north": {"uv": [14, 10, 16, 10.45], "rotation": 180, "texture": "#0"},
				"east": {"uv": [14, 10, 16, 10.45], "rotation": 180, "texture": "#0"},
				"south": {"uv": [14, 10, 16, 10.45], "rotation": 180, "texture": "#0"},
				"west": {"uv": [14, 10, 16, 10.45], "rotation": 180, "texture": "#0"},
				"up": {"uv": [14, 10, 16, 10.45], "rotation": 180, "texture": "#0"},
				"down": {"uv": [14, 10, 16, 10.45], "rotation": 180, "texture": "#0"}
			}
		},
		{
			"from": [7.34163, -10.71, 7.33969],
			"to": [8.66163, -5.39, 8.65969],
			"rotation": {"angle": 0, "axis": "y", "origin": [7.50097, -0.86477, 7.50066]},
			"faces": {
				"north": {"uv": [1.5, 9, 4.5, 10], "rotation": 90, "texture": "#0"},
				"east": {"uv": [1.5, 9, 4.5, 10], "rotation": 90, "texture": "#0"},
				"south": {"uv": [1.5, 9, 4.5, 10], "rotation": 90, "texture": "#0"},
				"west": {"uv": [1.5, 9, 4.5, 10], "rotation": 90, "texture": "#0"},
				"up": {"uv": [1.5, 9, 4.5, 10], "rotation": 180, "texture": "#0"},
				"down": {"uv": [1.5, 9, 4.5, 10], "texture": "#0"}
			}
		},
		{
			"from": [7.10163, -7.6, 7.09969],
			"to": [8.90163, -7, 8.89969],
			"rotation": {"angle": 22.5, "axis": "x", "origin": [8.00163, -7.3, 7.99969]},
			"faces": {
				"north": {"uv": [6, 4.5, 6.4, 6], "rotation": 90, "texture": "#0"},
				"east": {"uv": [6, 4.5, 6.4, 6], "rotation": 90, "texture": "#0"},
				"south": {"uv": [6, 4.5, 6.4, 6], "rotation": 90, "texture": "#0"},
				"west": {"uv": [6, 4.5, 6.4, 6], "rotation": 90, "texture": "#0"},
				"up": {"uv": [6, 4.5, 6.4, 6], "rotation": 180, "texture": "#0"},
				"down": {"uv": [6, 4.5, 6.4, 6], "texture": "#0"}
			}
		},
		{
			"from": [7.10163, -9.8, 7.09969],
			"to": [8.90163, -9.2, 8.89969],
			"rotation": {"angle": 0, "axis": "y", "origin": [8.00097, 0.13523, 8.00066]},
			"faces": {
				"north": {"uv": [4, 5, 5.5, 5.5], "rotation": 180, "texture": "#0"},
				"east": {"uv": [4, 5, 5.5, 5.5], "rotation": 180, "texture": "#0"},
				"south": {"uv": [4, 5, 5.5, 5.5], "rotation": 180, "texture": "#0"},
				"west": {"uv": [4, 5, 5.5, 5.5], "rotation": 180, "texture": "#0"},
				"up": {"uv": [4, 5, 5.5, 5.5], "rotation": 180, "texture": "#0"},
				"down": {"uv": [4, 5, 5.5, 5.5], "rotation": 180, "texture": "#0"}
			}
		},
		{
			"from": [7.10163, -8.7, 7.09969],
			"to": [8.90163, -8.1, 8.89969],
			"rotation": {"angle": -22.5, "axis": "x", "origin": [8.00163, -8.4, 7.99969]},
			"faces": {
				"north": {"uv": [4, 5, 5.5, 5.5], "rotation": 180, "texture": "#0"},
				"east": {"uv": [4, 5, 5.5, 5.5], "rotation": 180, "texture": "#0"},
				"south": {"uv": [4, 5, 5.5, 5.5], "rotation": 180, "texture": "#0"},
				"west": {"uv": [4, 5, 5.5, 5.5], "rotation": 180, "texture": "#0"},
				"up": {"uv": [4, 5, 5.5, 5.5], "rotation": 180, "texture": "#0"},
				"down": {"uv": [4, 5, 5.5, 5.5], "rotation": 180, "texture": "#0"}
			}
		},
		{
			"from": [7.49663, -13.15767, 6.75212],
			"to": [8.50663, -10.64767, 9.26212],
			"rotation": {"angle": -45, "axis": "x", "origin": [8.00163, -11.90267, 8.00712]},
			"faces": {
				"north": {"uv": [15, 8.5, 16, 10.5], "texture": "#0"},
				"east": {"uv": [13, 7.5, 15, 9.5], "texture": "#0"},
				"south": {"uv": [13, 8, 13.5, 10], "texture": "#0"},
				"west": {"uv": [13, 7.5, 15, 9.5], "rotation": 90, "texture": "#0"},
				"up": {"uv": [13, 7.5, 15, 8], "rotation": 270, "texture": "#0"},
				"down": {"uv": [14, 9, 16, 10], "rotation": 90, "texture": "#0"}
			}
		},
		{
			"from": [7.49663, -4.75767, 6.75212],
			"to": [8.50663, -2.74767, 8.76212],
			"rotation": {"angle": -45, "axis": "x", "origin": [8.00163, -3.50267, 8.00712]},
			"faces": {
				"north": {"uv": [13.99, 8.5, 16, 9.51], "rotation": 270, "texture": "#0"},
				"east": {"uv": [13.99, 8.5, 16, 10.51], "texture": "#0"},
				"south": {"uv": [13.99, 8.5, 16, 9.51], "rotation": 270, "texture": "#0"},
				"west": {"uv": [13.99, 8.5, 16, 10.51], "rotation": 90, "texture": "#0"},
				"up": {"uv": [13.99, 8.5, 16, 9.51], "rotation": 270, "texture": "#0"},
				"down": {"uv": [13.99, 8.5, 16, 9.51], "rotation": 270, "texture": "#0"}
			}
		},
		{
			"from": [7.40663, -3.64767, 5.86212],
			"to": [8.59663, -3.15767, 10.70212],
			"rotation": {"angle": -45, "axis": "x", "origin": [8.00163, -3.40267, 8.10712]},
			"faces": {
				"north": {"uv": [3.5, 1, 4.01, 2.01], "rotation": 270, "texture": "#0"},
				"east": {"uv": [3.5, 1, 4.009, 6.559], "rotation": 270, "texture": "#0"},
				"south": {"uv": [3.5, 1, 4.01, 2.01], "rotation": 270, "texture": "#0"},
				"west": {"uv": [3.5, 1, 4.009, 6.559], "rotation": 270, "texture": "#0"},
				"up": {"uv": [3.5, 1, 4.009, 6.559], "rotation": 180, "texture": "#0"},
				"down": {"uv": [0, 4, 5.558, 5.009], "rotation": 90, "texture": "#0"}
			}
		},
		{
			"from": [7.39663, -4.08141, 6.10338],
			"to": [8.60663, -3.57141, 9.96338],
			"rotation": {"angle": 22.5, "axis": "x", "origin": [8.00163, -3.82641, 7.88338]},
			"faces": {
				"north": {"uv": [1.5, 2, 2.01, 3.01], "rotation": 270, "texture": "#0"},
				"east": {"uv": [1.5, 2, 2.009, 5.86], "rotation": 270, "texture": "#0"},
				"south": {"uv": [1.5, 2, 2.01, 3.01], "rotation": 270, "texture": "#0"},
				"west": {"uv": [1.5, 2, 2.009, 5.86], "rotation": 270, "texture": "#0"},
				"up": {"uv": [1.5, 2, 2.51, 5.86], "rotation": 180, "texture": "#0"},
				"down": {"uv": [0, 5, 3.86, 6.009], "rotation": 270, "texture": "#0"}
			}
		},
		{
			"from": [7.19663, -12.55767, 6.95212],
			"to": [8.80663, -10.94767, 8.56212],
			"rotation": {"angle": -45, "axis": "x", "origin": [8.00163, -11.50267, 8.00712]},
			"faces": {
				"north": {"uv": [2.5, 11.5, 4.009, 13.009], "texture": "#0"},
				"east": {"uv": [2.5, 11.5, 4.009, 13.009], "rotation": 270, "texture": "#0"},
				"south": {"uv": [2.5, 11.5, 4.009, 13.009], "texture": "#0"},
				"west": {"uv": [2.5, 11.5, 4.009, 13.009], "texture": "#0"},
				"up": {"uv": [2.5, 11.5, 4.009, 13.009], "texture": "#0"},
				"down": {"uv": [2.5, 11.5, 4.009, 13.009], "texture": "#0"}
			}
		},
		{
			"from": [7.74163, -4.35663, 3.56094],
			"to": [8.26163, -1.08663, 6.83094],
			"rotation": {"angle": -45, "axis": "x", "origin": [8.00097, 0.08523, 8.00066]},
			"faces": {
				"north": {"uv": [1, 12.5, 1.52, 15.77], "texture": "#0"},
				"east": {"uv": [1, 12.5, 4.27, 15.77], "texture": "#0"},
				"south": {"uv": [1, 12.5, 1.52, 15.77], "texture": "#0"},
				"west": {"uv": [1, 12.5, 4.27, 15.77], "texture": "#0"},
				"up": {"uv": [1, 12.5, 1.52, 15.77], "texture": "#0"},
				"down": {"uv": [1, 12.5, 1.52, 15.77], "texture": "#0"}
			}
		},
		{
			"from": [7.85163, -3.43701, 5.98056],
			"to": [8.15163, -1.83701, 8.08056],
			"rotation": {"angle": -45, "axis": "x", "origin": [8.00097, -0.41477, 8.00066]},
			"faces": {
				"north": {"uv": [14, 14, 14.7, 16], "texture": "#0"},
				"east": {"uv": [13, 13.5, 15.5, 15.5], "texture": "#0"},
				"south": {"uv": [14, 14, 14.7, 16], "texture": "#0"},
				"west": {"uv": [13.5, 14, 16, 16], "texture": "#0"},
				"up": {"uv": [13.5, 15.3, 16, 16], "rotation": 90, "texture": "#0"},
				"down": {"uv": [13.5, 15.3, 16, 16], "rotation": 270, "texture": "#0"}
			}
		},
		{
			"from": [7.85163, -3.43838, 7.91939],
			"to": [8.15163, -1.83838, 10.01939],
			"rotation": {"angle": 45, "axis": "x", "origin": [8.00097, -0.41477, 8.00066]},
			"faces": {
				"north": {"uv": [14, 14, 14.7, 16], "texture": "#0"},
				"east": {"uv": [13.5, 14, 16, 16], "texture": "#0"},
				"south": {"uv": [14, 14, 14.7, 16], "texture": "#0"},
				"west": {"uv": [13.5, 14, 16, 16], "texture": "#0"},
				"up": {"uv": [13.5, 15.3, 16, 16], "rotation": 90, "texture": "#0"},
				"down": {"uv": [13.5, 15.5, 15.6, 15.799], "rotation": 270, "texture": "#0"}
			}
		},
		{
			"from": [7.84966, -3.17503, 8.62898],
			"to": [8.14966, -1.57503, 9.22898],
			"rotation": {"angle": -22.5, "axis": "x", "origin": [8.00097, -0.41477, 8.00066]},
			"faces": {
				"north": {"uv": [14, 15.3, 16, 16], "rotation": 90, "texture": "#0"},
				"east": {"uv": [14, 14, 16, 15], "rotation": 90, "texture": "#0"},
				"south": {"uv": [14, 15.3, 16, 16], "rotation": 90, "texture": "#0"},
				"west": {"uv": [14, 15, 16, 16], "rotation": 90, "texture": "#0"},
				"up": {"uv": [14, 15, 14.7, 16], "rotation": 180, "texture": "#0"},
				"down": {"uv": [14, 15, 14.7, 16], "texture": "#0"}
			}
		},
		{
			"from": [7.84966, -3.17577, 6.77055],
			"to": [8.14966, -1.57577, 7.37055],
			"rotation": {"angle": 22.5, "axis": "x", "origin": [8.00097, -0.41477, 8.00066]},
			"faces": {
				"north": {"uv": [14, 15.3, 16, 16], "rotation": 90, "texture": "#0"},
				"east": {"uv": [14, 15, 16, 16], "rotation": 90, "texture": "#0"},
				"south": {"uv": [14, 15.3, 16, 16], "rotation": 90, "texture": "#0"},
				"west": {"uv": [14, 15, 16, 16], "rotation": 90, "texture": "#0"},
				"up": {"uv": [14, 15, 14.7, 16], "rotation": 180, "texture": "#0"},
				"down": {"uv": [14, 15, 14.7, 16], "texture": "#0"}
			}
		},
		{
			"from": [7.84869, -1.24476, 6.3787],
			"to": [8.14469, 13.35124, 9.6247],
			"rotation": {"angle": 0, "axis": "z", "origin": [8.00097, -0.41477, 8.00066]},
			"faces": {
				"north": {"uv": [4, 14.5, 16, 15], "rotation": 90, "texture": "#0"},
				"east": {"uv": [4, 14, 16, 16], "rotation": 90, "texture": "#0"},
				"south": {"uv": [4, 14, 16, 14.5], "rotation": 90, "texture": "#0"},
				"west": {"uv": [4, 14, 16, 16], "rotation": 90, "texture": "#0"},
				"up": {"uv": [4, 14, 16, 16], "rotation": 180, "texture": "#0"},
				"down": {"uv": [4, 14, 16, 16], "texture": "#0"}
			}
		},
		{
			"from": [7.85869, 12.67303, 6.84854],
			"to": [8.13469, 16.65303, 9.82854],
			"rotation": {"angle": 22.5, "axis": "x", "origin": [7.99669, 14.16303, 8.33854]},
			"faces": {
				"north": {"uv": [4, 14.5, 8, 14.796], "rotation": 90, "texture": "#0"},
				"east": {"uv": [12, 13, 16, 16], "rotation": 90, "texture": "#0"},
				"south": {"uv": [4, 14, 8, 14.296], "rotation": 90, "texture": "#0"},
				"west": {"uv": [8.5, 14.5, 12.5, 11.5], "rotation": 90, "texture": "#0"},
				"up": {"uv": [11, 12, 11.296, 15], "rotation": 180, "texture": "#0"},
				"down": {"uv": [4, 13, 4.296, 16], "texture": "#0"}
			}
		},
		{
			"from": [7.69969, -2.74376, 6.95269],
			"to": [8.29369, 13.85024, 9.04669],
			"rotation": {"angle": 0, "axis": "z", "origin": [8.00097, -0.41477, 8.00066]},
			"faces": {
				"north": {"uv": [0, 14, 16, 15], "rotation": 270, "texture": "#0"},
				"east": {"uv": [16, 14, 0, 16], "rotation": 90, "texture": "#0"},
				"south": {"uv": [0, 14, 16, 14.5], "rotation": 270, "texture": "#0"},
				"west": {"uv": [0, 12.5, 16, 14.5], "rotation": 270, "texture": "#0"},
				"up": {"uv": [10.5, 13.5, 11.094, 15.594], "rotation": 180, "texture": "#0"},
				"down": {"uv": [0, 11, 16, 13.5], "texture": "#0"}
			}
		}
	],
	"display": {
		"thirdperson_righthand": {
			"translation": [-0.25, 14.25, 1.5]
		},
		"thirdperson_lefthand": {
			"translation": [-0.25, 14.25, 1.5]
		},
		"firstperson_righthand": {
			"rotation": [15, 0, 0],
			"translation": [2.75, 7.75, 0.5],
			"scale": [0.7, 0.6, 0.7]
		},
		"firstperson_lefthand": {
			"rotation": [15, 0, 0],
			"translation": [2.75, 7.75, 0.5],
			"scale": [0.7, 0.6, 0.7]
		},
		"ground": {
			"rotation": [-66, 79, 0],
			"translation": [0, 5.25, -4],
			"scale": [0.7, 0.7, 0.7]
		},
		"gui": {
			"rotation": [81, 44, -75],
			"translation": [2.7, 3.75, 0],
			"scale": [0.7, 0.7, 0.7]
		},
		"head": {
			"rotation": [0, 90, 0],
			"translation": [0, 29.75, 0]
		},
		"fixed": {
			"rotation": [90, -45, 90],
			"translation": [-3.05, 2.75, -1],
			"scale": [0.8, 0.8, 0.8]
		}
	},
	"groups": [
		{
			"name": "valkyrie",
			"origin": [8, 8, 8],
			"children": [0, 1, 2, 3, 4, 5, 6, 7, 8, 9, 10, 11, 12, 13, 14, 15, 16, 17, 18, 19]
		}
	]
}