{
	"credit": "Made with Blockbench",
	"gui_light": "front",
	"textures": {
		"1": "skins/wooden_sword",
		"2": "skins/stone_sword",
		"particle": "skins/stone_sword"
	},
	"elements": [
		{
			"from": [7.2, 7.2, 7.2],
			"to": [8.8, 18.05, 8.8],
			"rotation": {"angle": 0, "axis": "y", "origin": [15, 12, 15]},
			"faces": {
				"north": {"uv": [4.5, 12, 16, 13.5], "rotation": 270, "texture": "#1"},
				"east": {"uv": [2, 11.5, 13.5, 13], "rotation": 270, "texture": "#1"},
				"south": {"uv": [1.5, 11, 13, 12.5], "rotation": 270, "texture": "#1"},
				"west": {"uv": [2, 11.5, 13.5, 13], "rotation": 270, "texture": "#1"},
				"up": {"uv": [12, 11.5, 13.5, 13], "rotation": 270, "texture": "#1"},
				"down": {"uv": [2, 11.5, 13.5, 13], "rotation": 270, "texture": "#1"}
			}
		},
		{
			"from": [7.2, 0.2, 7.2],
			"to": [8.8, 4.05, 8.8],
			"rotation": {"angle": 0, "axis": "y", "origin": [15, -2, 15]},
			"faces": {
				"north": {"uv": [4.5, 12, 8.5, 13.5], "rotation": 270, "texture": "#1"},
				"east": {"uv": [10, 11, 14, 12.5], "rotation": 270, "texture": "#1"},
				"south": {"uv": [12, 11.5, 16, 13], "rotation": 270, "texture": "#1"},
				"west": {"uv": [7, 11.5, 11, 13], "rotation": 270, "texture": "#1"},
				"up": {"uv": [5.5, 11.5, 7, 13], "rotation": 270, "texture": "#1"},
				"down": {"uv": [5, 11.5, 6.5, 13], "rotation": 270, "texture": "#1"}
			}
		},
		{
			"from": [7.3, 1.3, 7.3],
			"to": [8.7, 8.7, 8.7],
			"rotation": {"angle": 0, "axis": "y", "origin": [15, 3, 15]},
			"faces": {
				"north": {"uv": [5, 14, 16, 16], "rotation": 90, "texture": "#1"},
				"east": {"uv": [5, 14, 16, 16], "rotation": 90, "texture": "#1"},
				"south": {"uv": [5, 14, 16, 16], "rotation": 90, "texture": "#1"},
				"west": {"uv": [5, 14, 16, 16], "rotation": 90, "texture": "#1"},
				"up": {"uv": [5, 14, 16, 16], "rotation": 90, "texture": "#1"},
				"down": {"uv": [5, 14, 16, 16], "rotation": 90, "texture": "#1"}
			}
		},
		{
			"from": [7.51, 13.97428, 9.24593],
			"to": [8.49, 16.20428, 12.72593],
			"rotation": {"angle": 22.5, "axis": "x", "origin": [8, 14.7823, 12.66403]},
			"faces": {
				"north": {"uv": [13, 11, 9.5, 12.798], "texture": "#2"},
				"east": {"uv": [5.5, 12, 9, 13.798], "rotation": 180, "texture": "#2"},
				"south": {"uv": [9.5, 12.5, 11.5, 13], "rotation": 270, "texture": "#2"},
				"west": {"uv": [10, 12.5, 6.5, 14.5], "rotation": 180, "texture": "#2"},
				"up": {"uv": [14.5, 12.5, 11, 13.5], "rotation": 90, "texture": "#2"},
				"down": {"uv": [13.5, 12.5, 10, 13.5], "rotation": 270, "texture": "#2"}
			}
		},
		{
			"from": [7.51, 13.97428, 3.27407],
			"to": [8.49, 16.20428, 6.75407],
			"rotation": {"angle": -22.5, "axis": "x", "origin": [8, 14.7823, 3.33597]},
			"faces": {
				"north": {"uv": [9.5, 13, 11.5, 12.5], "rotation": 270, "texture": "#2"},
				"east": {"uv": [8.5, 12, 5, 14], "rotation": 180, "texture": "#2"},
				"south": {"uv": [9.5, 11, 13, 12.798], "texture": "#2"},
				"west": {"uv": [5, 12, 8.5, 14], "rotation": 180, "texture": "#2"},
				"up": {"uv": [5.5, 12, 9, 13], "rotation": 270, "texture": "#2"},
				"down": {"uv": [10, 12.5, 13.5, 13.5], "rotation": 270, "texture": "#2"}
			}
		},
		{
			"from": [7.5, 14.66028, 7.82942],
			"to": [8.5, 17.46028, 10.07942],
			"rotation": {"angle": 0, "axis": "x", "origin": [8, 14.7823, 12.66403]},
			"faces": {
				"north": {"uv": [13, 11, 9.5, 12.798], "texture": "#2"},
				"east": {"uv": [4.5, 11.5, 6.5, 14], "rotation": 180, "texture": "#2"},
				"south": {"uv": [9.5, 12.5, 11.5, 13], "rotation": 270, "texture": "#2"},
				"west": {"uv": [5, 11, 3, 13.5], "rotation": 180, "texture": "#2"},
				"up": {"uv": [9.5, 13, 11.5, 14], "rotation": 90, "texture": "#2"},
				"down": {"uv": [5.5, 11, 2.5, 11.5], "rotation": 90, "texture": "#2"}
			}
		},
		{
			"from": [7.6, 16.11028, 7.1],
			"to": [8.4, 18.91028, 9.9],
			"rotation": {"angle": 45, "axis": "x", "origin": [8, 18.01028, 8]},
			"faces": {
				"north": {"uv": [5.5, 11, 3.5, 11.5], "rotation": 90, "texture": "#2"},
				"east": {"uv": [5.5, 11, 3.5, 13], "rotation": 180, "texture": "#2"},
				"south": {"uv": [5.5, 11, 3.5, 13], "rotation": 90, "texture": "#2"},
				"west": {"uv": [5.5, 11, 3.5, 13], "rotation": 90, "texture": "#2"},
				"up": {"uv": [5.5, 11, 3.5, 11.5], "rotation": 90, "texture": "#2"},
				"down": {"uv": [5.5, 11, 3.5, 13], "rotation": 90, "texture": "#2"}
			}
		},
		{
			"from": [7.5, 14.66028, 5.92058],
			"to": [8.5, 17.46028, 8.17058],
			"rotation": {"angle": 0, "axis": "x", "origin": [8, 14.7823, 3.33597]},
			"faces": {
				"north": {"uv": [9.5, 13, 11.5, 12.5], "rotation": 270, "texture": "#2"},
				"east": {"uv": [4, 13, 2, 15.5], "rotation": 180, "texture": "#2"},
				"south": {"uv": [9.5, 11, 13, 12.798], "texture": "#2"},
				"west": {"uv": [4, 13, 2, 15.5], "rotation": 180, "texture": "#2"},
				"up": {"uv": [4.5, 14.5, 2.5, 15.5], "rotation": 90, "texture": "#2"},
				"down": {"uv": [2.5, 11, 5.5, 11.5], "rotation": 90, "texture": "#2"}
			}
		},
		{
			"from": [7.625, 14.01763, 10.91442],
			"to": [8.375, 15.46763, 14.36442],
			"rotation": {"angle": 22.5, "axis": "x", "origin": [8, 14.7823, 12.66403]},
			"faces": {
				"north": {"uv": [3.5, 14.5, 0, 15.5], "texture": "#2"},
				"east": {"uv": [11.5, 12.5, 8, 13.5], "rotation": 180, "texture": "#2"},
				"south": {"uv": [3.5, 14.5, 0, 15.5], "texture": "#2"},
				"west": {"uv": [11.5, 12.5, 8, 13.5], "rotation": 180, "texture": "#2"},
				"up": {"uv": [3.5, 14.5, 0, 15.5], "texture": "#2"},
				"down": {"uv": [11.5, 12.5, 8, 13.5], "rotation": 90, "texture": "#2"}
			}
		},
		{
			"from": [7.62, 11.76841, 13.52765],
			"to": [8.38, 15.72841, 14.98765],
			"rotation": {"angle": -45, "axis": "x", "origin": [8, 13.7323, 13.71403]},
			"faces": {
				"north": {"uv": [9, 12, 12.5, 12.5], "rotation": 90, "texture": "#2"},
				"east": {"uv": [9, 12.5, 12.5, 11], "rotation": 90, "texture": "#2"},
				"south": {"uv": [9.5, 11, 13, 11.5], "rotation": 90, "texture": "#2"},
				"west": {"uv": [9, 11, 12.5, 12.5], "rotation": 90, "texture": "#2"},
				"up": {"uv": [9.5, 12, 12.5, 13], "rotation": 180, "texture": "#2"},
				"down": {"uv": [12, 12, 12.5, 13], "texture": "#2"}
			}
		},
		{
			"from": [7.62, 11.56841, 1.21235],
			"to": [8.38, 15.52841, 2.67235],
			"rotation": {"angle": 45, "axis": "x", "origin": [8, 13.5323, 2.48597]},
			"faces": {
				"north": {"uv": [9.5, 11.5, 13, 11], "rotation": 90, "texture": "#2"},
				"east": {"uv": [9, 11, 12.5, 12.5], "rotation": 90, "texture": "#2"},
				"south": {"uv": [9, 12.5, 12.5, 12], "rotation": 90, "texture": "#2"},
				"west": {"uv": [9, 12.5, 12.5, 11], "rotation": 90, "texture": "#2"},
				"up": {"uv": [9.5, 13, 12.5, 12], "rotation": 180, "texture": "#2"},
				"down": {"uv": [12, 13, 12.5, 12], "texture": "#2"}
			}
		},
		{
			"from": [7.15, 15.4, 5.15],
			"to": [8.85, 16.3, 9.8],
			"rotation": {"angle": 45, "axis": "x", "origin": [8, 15.85, 7.6]},
			"faces": {
				"north": {"uv": [11, 15, 12.7, 15.9], "rotation": 180, "texture": "#1"},
				"east": {"uv": [11, 15, 15.65, 15.9], "rotation": 180, "texture": "#1"},
				"south": {"uv": [11, 15, 12.7, 15.9], "rotation": 180, "texture": "#1"},
				"west": {"uv": [11, 15, 15.65, 15.9], "rotation": 180, "texture": "#1"},
				"up": {"uv": [11, 14, 15.65, 15.7], "rotation": 270, "texture": "#1"},
				"down": {"uv": [8.5, 14, 13.15, 15.7], "rotation": 270, "texture": "#1"}
			}
		},
		{
			"from": [7.16, 15.41, 6.21],
			"to": [8.84, 16.29, 10.84],
			"rotation": {"angle": -45, "axis": "x", "origin": [8, 15.85, 8.4]},
			"faces": {
				"north": {"uv": [12.7, 15, 11, 15.9], "rotation": 180, "texture": "#1"},
				"east": {"uv": [15.65, 15, 11, 15.9], "rotation": 180, "texture": "#1"},
				"south": {"uv": [12.7, 15, 11, 15.9], "rotation": 180, "texture": "#1"},
				"west": {"uv": [15.65, 15, 11, 15.9], "rotation": 180, "texture": "#1"},
				"up": {"uv": [15.65, 14, 11, 15.7], "rotation": 270, "texture": "#1"},
				"down": {"uv": [13.15, 14, 8.5, 15.7], "rotation": 270, "texture": "#1"}
			}
		},
		{
			"from": [7.26, 14.21, 7.41],
			"to": [8.74, 19.19, 8.59],
			"rotation": {"angle": 0, "axis": "x", "origin": [8, 15.47464, 8.23413]},
			"faces": {
				"north": {"uv": [12.48, 11.5, 7.5, 12.5], "rotation": 270, "texture": "#1"},
				"east": {"uv": [12.48, 11.5, 7.5, 12.5], "rotation": 270, "texture": "#1"},
				"south": {"uv": [12.48, 11.5, 7.5, 12.5], "rotation": 270, "texture": "#1"},
				"west": {"uv": [12.48, 11.5, 7.5, 12.5], "rotation": 270, "texture": "#1"},
				"up": {"uv": [12.48, 11.5, 7.5, 12.5], "rotation": 270, "texture": "#1"},
				"down": {"uv": [12.48, 11.5, 7.5, 12.5], "rotation": 270, "texture": "#1"}
			}
		},
		{
			"from": [7.2701, 18.8601, 7.56714],
			"to": [8.7299, 19.6699, 8.37694],
			"rotation": {"angle": 45, "axis": "x", "origin": [8, 19.19, 7.89704]},
			"faces": {
				"north": {"uv": [12, 12, 12.5, 11.5], "rotation": 180, "texture": "#1"},
				"east": {"uv": [12, 12, 12.5, 11.5], "rotation": 180, "texture": "#1"},
				"south": {"uv": [12, 12, 12.5, 11.5], "rotation": 180, "texture": "#1"},
				"west": {"uv": [12, 12, 12.5, 11.5], "rotation": 180, "texture": "#1"},
				"up": {"uv": [12, 12, 12.5, 11.5], "rotation": 180, "texture": "#1"},
				"down": {"uv": [12, 12, 12.5, 11.5], "rotation": 180, "texture": "#1"}
			}
		}
	],
	"display": {
		"thirdperson_righthand": {
			"translation": [-0.25, 1.75, 1.25],
			"scale": [1.1, 1.1, 1.1]
		},
		"thirdperson_lefthand": {
			"translation": [-0.25, 2.25, 1.25],
			"scale": [1.1, 1.1, 1.1]
		},
		"firstperson_righthand": {
			"rotation": [15, 0, 0],
			"translation": [2.25, 1.25, -1.5],
			"scale": [0.8, 0.8, 0.8]
		},
		"firstperson_lefthand": {
			"rotation": [15, 0, 0],
			"translation": [2.25, 1.25, -1.5],
			"scale": [0.8, 0.8, 0.8]
		},
		"ground": {
			"rotation": [-66, 79, 0],
			"translation": [0, 5.25, -0.75],
			"scale": [0.9, 0.9, 0.9]
		},
		"gui": {
			"rotation": [81, 44, -75],
			"translation": [-2.3, -1.75, 0],
			"scale": [1.1, 1.1, 1.1]
		},
		"head": {
			"rotation": [0, 90, 0],
			"translation": [0, 29.75, 0]
		},
		"fixed": {
			"rotation": [90, -45, 90],
			"translation": [2.2, -2, -1],
			"scale": [1.33, 1.33, 1.33]
		}
	},
	"groups": [0, 1, 2, 3, 4, 5, 6, 7, 8, 9, 10, 11, 12,
		{
			"name": "group",
			"origin": [8.00097, 0.88523, -2.99934],
			"children": [13, 14]
		}
	]
}