{
	"credit": "Made with Blockbench",
	"gui_light": "front",
	"texture_size": [32, 32],
	"textures": {
		"1": "skins/wooden_sword",
		"particle": "skins/stone_sword"
	},
	"elements": [
		{
			"from": [7.2, 7.2, 7.2],
			"to": [8.8, 18.05, 8.8],
			"rotation": {"angle": 0, "axis": "y", "origin": [15, 12, 15]},
			"faces": {
				"north": {"uv": [4.5, 12, 16, 13.5], "rotation": 270, "texture": "#1"},
				"east": {"uv": [2, 11.5, 13.5, 13], "rotation": 270, "texture": "#1"},
				"south": {"uv": [1.5, 11, 13, 12.5], "rotation": 270, "texture": "#1"},
				"west": {"uv": [2, 11.5, 13.5, 13], "rotation": 270, "texture": "#1"},
				"up": {"uv": [12, 11.5, 13.5, 13], "rotation": 270, "texture": "#1"},
				"down": {"uv": [2, 11.5, 13.5, 13], "rotation": 270, "texture": "#1"}
			}
		},
		{
			"from": [7.2, 0.2, 7.2],
			"to": [8.8, 4.05, 8.8],
			"rotation": {"angle": 0, "axis": "y", "origin": [15, -2, 15]},
			"faces": {
				"north": {"uv": [4.5, 12, 8.5, 13.5], "rotation": 270, "texture": "#1"},
				"east": {"uv": [10, 11, 14, 12.5], "rotation": 270, "texture": "#1"},
				"south": {"uv": [12, 11.5, 16, 13], "rotation": 270, "texture": "#1"},
				"west": {"uv": [7, 11.5, 11, 13], "rotation": 270, "texture": "#1"},
				"up": {"uv": [5.5, 11.5, 7, 13], "rotation": 270, "texture": "#1"},
				"down": {"uv": [5, 11.5, 6.5, 13], "rotation": 270, "texture": "#1"}
			}
		},
		{
			"from": [7, 0, 7],
			"to": [9, 2, 9],
			"rotation": {"angle": 0, "axis": "y", "origin": [15, -2, 15]},
			"faces": {
				"north": {"uv": [2.5, 0, 4.5, 2], "rotation": 270, "texture": "#particle"},
				"east": {"uv": [2, 3, 4, 5], "rotation": 270, "texture": "#particle"},
				"south": {"uv": [1.5, 3, 3.5, 5], "rotation": 270, "texture": "#particle"},
				"west": {"uv": [3, 3, 5, 5], "rotation": 270, "texture": "#particle"},
				"up": {"uv": [3.5, 3.5, 5.5, 5.5], "rotation": 270, "texture": "#particle"},
				"down": {"uv": [2, 4, 4, 6], "rotation": 270, "texture": "#particle"}
			}
		},
		{
			"from": [7, 11.5, 7],
			"to": [9, 13.5, 9],
			"rotation": {"angle": 0, "axis": "y", "origin": [15, -2, 15]},
			"faces": {
				"north": {"uv": [2.5, 0, 4.5, 2], "rotation": 270, "texture": "#particle"},
				"east": {"uv": [2, 3, 4, 5], "rotation": 270, "texture": "#particle"},
				"south": {"uv": [1.5, 3, 3.5, 5], "rotation": 270, "texture": "#particle"},
				"west": {"uv": [3, 3, 5, 5], "rotation": 270, "texture": "#particle"},
				"up": {"uv": [3.5, 3.5, 5.5, 5.5], "rotation": 270, "texture": "#particle"},
				"down": {"uv": [2, 4, 4, 6], "rotation": 270, "texture": "#particle"}
			}
		},
		{
			"from": [7.25, 4.4, 7.25],
			"to": [8.75, 5.1, 8.75],
			"rotation": {"angle": 0, "axis": "y", "origin": [15, 2.15, 15]},
			"faces": {
				"north": {"uv": [1.5, 4, 2, 5.5], "rotation": 270, "texture": "#particle"},
				"east": {"uv": [1.5, 4, 2, 5.5], "rotation": 270, "texture": "#particle"},
				"south": {"uv": [1.5, 4, 2, 5.5], "rotation": 270, "texture": "#particle"},
				"west": {"uv": [1.5, 4, 2, 5.5], "rotation": 270, "texture": "#particle"},
				"up": {"uv": [1.5, 4, 2, 5.5], "rotation": 270, "texture": "#particle"},
				"down": {"uv": [1.5, 4, 2, 5.5], "rotation": 270, "texture": "#particle"}
			}
		},
		{
			"from": [7.25, 5.9, 6.95],
			"to": [8.75, 6.8, 9.05],
			"rotation": {"angle": 22.5, "axis": "x", "origin": [8, 6.35, 8]},
			"faces": {
				"north": {"uv": [6, 4.5, 6.5, 6], "rotation": 270, "texture": "#particle"},
				"east": {"uv": [6, 4.5, 6.5, 6], "rotation": 270, "texture": "#particle"},
				"south": {"uv": [6, 4.5, 6.5, 6], "rotation": 270, "texture": "#particle"},
				"west": {"uv": [6, 4.5, 6.5, 6], "rotation": 270, "texture": "#particle"},
				"up": {"uv": [6, 4.5, 6.5, 6], "rotation": 270, "texture": "#particle"},
				"down": {"uv": [6, 4.5, 6.5, 6], "rotation": 270, "texture": "#particle"}
			}
		},
		{
			"from": [7.15, 3.5, 6.95],
			"to": [8.85, 4.4, 9.05],
			"rotation": {"angle": 22.5, "axis": "x", "origin": [8, 3.95, 8]},
			"faces": {
				"north": {"uv": [5, 2, 5.5, 3.5], "rotation": 270, "texture": "#particle"},
				"east": {"uv": [5, 2, 5.5, 3.5], "rotation": 270, "texture": "#particle"},
				"south": {"uv": [5, 2, 5.5, 3.5], "rotation": 270, "texture": "#particle"},
				"west": {"uv": [5, 2, 5.5, 3.5], "rotation": 270, "texture": "#particle"},
				"up": {"uv": [5, 2, 5.5, 3.5], "rotation": 270, "texture": "#particle"},
				"down": {"uv": [5, 2, 5.5, 3.5], "rotation": 270, "texture": "#particle"}
			}
		},
		{
			"from": [7.255, 5.405, 7.055],
			"to": [8.745, 5.995, 8.845],
			"rotation": {"angle": -22.5, "axis": "x", "origin": [8, 5.55, 8]},
			"faces": {
				"north": {"uv": [4.5, 4.5, 5, 6], "rotation": 270, "texture": "#particle"},
				"east": {"uv": [4.5, 4.5, 5, 6], "rotation": 270, "texture": "#particle"},
				"south": {"uv": [4.5, 4.5, 5, 6], "rotation": 270, "texture": "#particle"},
				"west": {"uv": [4.5, 4.5, 5, 6], "rotation": 270, "texture": "#particle"},
				"up": {"uv": [4.5, 4.5, 5, 6], "rotation": 270, "texture": "#particle"},
				"down": {"uv": [4.5, 4.5, 5, 6], "rotation": 270, "texture": "#particle"}
			}
		},
		{
			"from": [7.3, 1.3, 7.3],
			"to": [8.7, 8.7, 8.7],
			"rotation": {"angle": 0, "axis": "y", "origin": [15, 3, 15]},
			"faces": {
				"north": {"uv": [5, 14, 16, 16], "rotation": 90, "texture": "#1"},
				"east": {"uv": [5, 14, 16, 16], "rotation": 90, "texture": "#1"},
				"south": {"uv": [5, 14, 16, 16], "rotation": 90, "texture": "#1"},
				"west": {"uv": [5, 14, 16, 16], "rotation": 90, "texture": "#1"},
				"up": {"uv": [5, 14, 16, 16], "rotation": 90, "texture": "#1"},
				"down": {"uv": [5, 14, 16, 16], "rotation": 90, "texture": "#1"}
			}
		},
		{
			"from": [7.51, 13.65659, 5.22481],
			"to": [8.49, 15.88659, 8.70481],
			"rotation": {"angle": 22.5, "axis": "x", "origin": [8, 16.00809, 8.8]},
			"faces": {
				"north": {"uv": [7, 14, 8, 16], "texture": "#particle"},
				"east": {"uv": [6, 14, 9.5, 16], "texture": "#particle"},
				"south": {"uv": [13, 11, 9.5, 12.798], "rotation": 180, "texture": "#particle"},
				"west": {"uv": [9, 14, 5.5, 16], "texture": "#particle"},
				"up": {"uv": [11.5, 14.5, 8, 15.5], "rotation": 270, "texture": "#particle"},
				"down": {"uv": [11.5, 14.5, 8, 15.5], "rotation": 90, "texture": "#particle"}
			}
		},
		{
			"from": [7.51, 13.75659, 7.24519],
			"to": [8.49, 15.98659, 10.72519],
			"rotation": {"angle": -22.5, "axis": "x", "origin": [8, 16.10809, 7.25]},
			"faces": {
				"north": {"uv": [9.5, 11, 13, 12.798], "rotation": 180, "texture": "#particle"},
				"east": {"uv": [11.5, 14, 8, 16], "texture": "#particle"},
				"south": {"uv": [6, 14, 7, 16], "texture": "#particle"},
				"west": {"uv": [8, 14, 11.5, 16], "texture": "#particle"},
				"up": {"uv": [4.5, 15, 8, 16], "rotation": 270, "texture": "#particle"},
				"down": {"uv": [6.5, 14, 10, 15], "rotation": 270, "texture": "#particle"}
			}
		},
		{
			"from": [7.61, 20.22028, 7.21],
			"to": [8.27, 23.00028, 9.99],
			"rotation": {"angle": 45, "axis": "x", "origin": [7.9, 22.01028, 8]},
			"faces": {
				"north": {"uv": [8.5, 12.5, 6.5, 13], "rotation": 90, "texture": "#particle"},
				"east": {"uv": [7.5, 12, 5.5, 14], "rotation": 180, "texture": "#particle"},
				"south": {"uv": [6.5, 15.5, 4.5, 16], "rotation": 90, "texture": "#particle"},
				"west": {"uv": [7.5, 11.5, 5.5, 13.5], "rotation": 90, "texture": "#particle"},
				"up": {"uv": [6.5, 15.5, 4.5, 16], "rotation": 90, "texture": "#particle"},
				"down": {"uv": [6.5, 15.5, 4.5, 16], "rotation": 90, "texture": "#particle"}
			}
		},
		{
			"from": [7.6, 15.51028, 6.02058],
			"to": [8.3, 21.31028, 10.07058],
			"rotation": {"angle": 0, "axis": "x", "origin": [8, 13.8823, 3.33597]},
			"faces": {
				"north": {"uv": [8.5, 15, 5, 15.5], "rotation": 270, "texture": "#particle"},
				"east": {"uv": [7.5, 11.5, 4, 14], "rotation": 270, "texture": "#particle"},
				"south": {"uv": [8, 14, 4.5, 14.5], "rotation": 270, "texture": "#particle"},
				"west": {"uv": [7, 11.5, 3.5, 14], "rotation": 270, "texture": "#particle"},
				"up": {"uv": [6.5, 13.5, 9, 14], "rotation": 270, "texture": "#particle"},
				"down": {"uv": [7, 13.5, 2, 16], "rotation": 270, "texture": "#particle"}
			}
		},
		{
			"from": [7.15, 15.4, 5.15],
			"to": [8.85, 16.3, 9.8],
			"rotation": {"angle": 45, "axis": "x", "origin": [8, 15.85, 7.6]},
			"faces": {
				"north": {"uv": [6.5, 15, 6.95, 15.825], "rotation": 270, "texture": "#1"},
				"east": {"uv": [9.5, 13.5, 9.95, 16], "rotation": 270, "texture": "#1"},
				"south": {"uv": [7, 15, 7.45, 15.825], "rotation": 270, "texture": "#1"},
				"west": {"uv": [7.5, 16, 7.95, 13.5], "rotation": 270, "texture": "#1"},
				"up": {"uv": [7.5, 13.5, 7.95, 16], "rotation": 180, "texture": "#1"},
				"down": {"uv": [10.5, 13.5, 10.95, 16], "rotation": 180, "texture": "#1"}
			}
		},
		{
			"from": [7.16, 15.41, 6.21],
			"to": [8.84, 16.29, 10.84],
			"rotation": {"angle": -45, "axis": "x", "origin": [8, 15.85, 8.4]},
			"faces": {
				"north": {"uv": [6.5, 15, 6.95, 15.825], "rotation": 270, "texture": "#1"},
				"east": {"uv": [9.5, 13.5, 9.95, 16], "rotation": 270, "texture": "#1"},
				"south": {"uv": [7, 15, 7.45, 15.825], "rotation": 270, "texture": "#1"},
				"west": {"uv": [7.5, 16, 7.95, 13.5], "rotation": 90, "texture": "#1"},
				"up": {"uv": [7.5, 13.5, 7.95, 16], "rotation": 180, "texture": "#1"},
				"down": {"uv": [10.5, 13.5, 10.95, 16], "texture": "#1"}
			}
		},
		{
			"from": [7.26, 14.21, 7.41],
			"to": [8.74, 19.19, 8.59],
			"rotation": {"angle": 0, "axis": "x", "origin": [8, 15.47464, 8.23413]},
			"faces": {
				"north": {"uv": [12.48, 11.5, 7.5, 12.5], "rotation": 270, "texture": "#1"},
				"east": {"uv": [12.48, 11.5, 7.5, 12.5], "rotation": 270, "texture": "#1"},
				"south": {"uv": [12.48, 11.5, 7.5, 12.5], "rotation": 270, "texture": "#1"},
				"west": {"uv": [12.48, 11.5, 7.5, 12.5], "rotation": 270, "texture": "#1"},
				"up": {"uv": [12.48, 11.5, 7.5, 12.5], "rotation": 270, "texture": "#1"},
				"down": {"uv": [12.48, 11.5, 7.5, 12.5], "rotation": 270, "texture": "#1"}
			}
		},
		{
			"from": [7.2701, 18.8601, 7.56714],
			"to": [8.7299, 19.6699, 8.37694],
			"rotation": {"angle": 45, "axis": "x", "origin": [8, 19.19, 7.89704]},
			"faces": {
				"north": {"uv": [12, 12, 12.5, 11.5], "rotation": 180, "texture": "#1"},
				"east": {"uv": [12, 12, 12.5, 11.5], "rotation": 180, "texture": "#1"},
				"south": {"uv": [12, 12, 12.5, 11.5], "rotation": 180, "texture": "#1"},
				"west": {"uv": [12, 12, 12.5, 11.5], "rotation": 180, "texture": "#1"},
				"up": {"uv": [12, 12, 12.5, 11.5], "rotation": 180, "texture": "#1"},
				"down": {"uv": [12, 12, 12.5, 11.5], "rotation": 180, "texture": "#1"}
			}
		}
	],
	"gui_light": "front",
	"display": {
		"thirdperson_righthand": {
			"translation": [-0.25, 1.5, 1.25],
			"scale": [1.1, 1.1, 1.1]
		},
		"thirdperson_lefthand": {
			"translation": [-0.25, 2.25, 1.25],
			"scale": [1.1, 1.1, 1.1]
		},
		"firstperson_righthand": {
			"rotation": [15, 0, 0],
			"translation": [2.75, -0.5, -1.5],
			"scale": [0.8, 0.8, 0.8]
		},
		"firstperson_lefthand": {
			"rotation": [15, 0, 0],
			"translation": [2.75, -0.5, -1.5],
			"scale": [0.8, 0.8, 0.8]
		},
		"ground": {
			"rotation": [-66, 79, 0],
			"translation": [0, 5.25, -0.75],
			"scale": [0.9, 0.9, 0.9]
		},
		"gui": {
			"rotation": [81, 44, -75],
			"translation": [-2.3, -1.75, 0],
			"scale": [0.91, 0.96, 0.91]
		},
		"head": {
			"rotation": [0, 90, 0],
			"translation": [0, 29.75, 0]
		},
		"fixed": {
			"rotation": [90, -45, 90],
			"translation": [2.7, -2.5, -1],
			"scale": [1.12, 1.12, 1.12]
		}
	},
	"groups": [0, 1, 2, 3, 4, 5, 6, 7, 8, 9, 10, 11, 12, 13, 14,
		{
			"name": "group",
			"origin": [8.00097, 0.88523, -2.99934],
			"children": [15, 16]
		}
	]
}