{
	"credit": "Made with Blockbench",
	"textures": {
		"1": "skins/wooden_sword",
		"2": "skins/stone_sword",
		"particle": "skins/stone_sword"
	},
	"elements": [
		{
			"from": [7.2, 7.2, 7.2],
			"to": [8.8, 18.05, 8.8],
			"rotation": {"angle": 0, "axis": "y", "origin": [15, 12, 1]},
			"faces": {
				"north": {"uv": [1.5, 12.5, 13, 11], "rotation": 270, "texture": "#1"},
				"east": {"uv": [2, 13, 13.5, 11.5], "rotation": 270, "texture": "#1"},
				"south": {"uv": [4.5, 13.5, 16, 12], "rotation": 270, "texture": "#1"},
				"west": {"uv": [2, 13, 13.5, 11.5], "rotation": 270, "texture": "#1"},
				"up": {"uv": [13.5, 11.5, 12, 13], "rotation": 270, "texture": "#1"},
				"down": {"uv": [13.5, 11.5, 2, 13], "rotation": 270, "texture": "#1"}
			}
		},
		{
			"from": [7.2, 0.2, 7.2],
			"to": [8.8, 4.05, 8.8],
			"rotation": {"angle": 0, "axis": "y", "origin": [15, -2, 1]},
			"faces": {
				"north": {"uv": [12, 13, 16, 11.5], "rotation": 270, "texture": "#1"},
				"east": {"uv": [10, 12.5, 14, 11], "rotation": 270, "texture": "#1"},
				"south": {"uv": [4.5, 13.5, 8.5, 12], "rotation": 270, "texture": "#1"},
				"west": {"uv": [7, 13, 11, 11.5], "rotation": 270, "texture": "#1"},
				"up": {"uv": [7, 11.5, 5.5, 13], "rotation": 270, "texture": "#1"},
				"down": {"uv": [6.5, 11.5, 5, 13], "rotation": 270, "texture": "#1"}
			}
		},
		{
			"from": [7.3, 1.3, 7.3],
			"to": [8.7, 8.7, 8.7],
			"rotation": {"angle": 0, "axis": "y", "origin": [15, 3, 1]},
			"faces": {
				"north": {"uv": [5, 16, 16, 14], "rotation": 90, "texture": "#1"},
				"east": {"uv": [5, 16, 16, 14], "rotation": 90, "texture": "#1"},
				"south": {"uv": [5, 16, 16, 14], "rotation": 90, "texture": "#1"},
				"west": {"uv": [5, 16, 16, 14], "rotation": 90, "texture": "#1"},
				"up": {"uv": [16, 14, 5, 16], "rotation": 90, "texture": "#1"},
				"down": {"uv": [16, 14, 5, 16], "rotation": 90, "texture": "#1"}
			}
		},
		{
			"from": [7.51, 13.58658, 3.24411],
			"to": [8.49, 15.81658, 6.72411],
			"rotation": {"angle": -22.5, "axis": "x", "origin": [8, 14.46375, 3.3519]},
			"faces": {
				"north": {"uv": [9.5, 13, 11.5, 12.5], "rotation": 270, "texture": "#2"},
				"east": {"uv": [9, 12, 5.5, 13.798], "rotation": 180, "texture": "#2"},
				"south": {"uv": [9.5, 11, 13, 12.798], "texture": "#2"},
				"west": {"uv": [5, 12, 8.5, 14], "rotation": 180, "texture": "#2"},
				"up": {"uv": [11, 12.5, 14.5, 13.5], "rotation": 90, "texture": "#2"},
				"down": {"uv": [10, 12.5, 13.5, 13.5], "rotation": 270, "texture": "#2"}
			}
		},
		{
			"from": [7.5, 14.66028, 5.92058],
			"to": [8.5, 17.46028, 8.17058],
			"rotation": {"angle": 0, "axis": "x", "origin": [8, 14.7823, 3.33597]},
			"faces": {
				"north": {"uv": [9.5, 13, 11.5, 12.5], "rotation": 270, "texture": "#2"},
				"east": {"uv": [6.5, 11.5, 4.5, 14], "rotation": 180, "texture": "#2"},
				"south": {"uv": [9.5, 11, 13, 12.798], "texture": "#2"},
				"west": {"uv": [3, 11, 5, 13.5], "rotation": 180, "texture": "#2"},
				"up": {"uv": [11.5, 13, 9.5, 14], "rotation": 90, "texture": "#2"},
				"down": {"uv": [2.5, 11, 5.5, 11.5], "rotation": 90, "texture": "#2"}
			}
		},
		{
			"from": [7.6, 16.11028, 6.1],
			"to": [8.4, 18.91028, 8.9],
			"rotation": {"angle": -45, "axis": "x", "origin": [8, 18.01028, 8]},
			"faces": {
				"north": {"uv": [5.5, 13, 3.5, 11], "rotation": 90, "texture": "#2"},
				"east": {"uv": [3.5, 11, 5.5, 13], "rotation": 180, "texture": "#2"},
				"south": {"uv": [5.5, 11.5, 3.5, 11], "rotation": 90, "texture": "#2"},
				"west": {"uv": [5.5, 13, 3.5, 11], "rotation": 90, "texture": "#2"},
				"up": {"uv": [3.5, 11, 5.5, 11.5], "rotation": 90, "texture": "#2"},
				"down": {"uv": [3.5, 11, 5.5, 13], "rotation": 90, "texture": "#2"}
			}
		},
		{
			"from": [7.5, 14.66028, 7.82942],
			"to": [8.5, 17.46028, 10.07942],
			"rotation": {"angle": 0, "axis": "x", "origin": [8, 14.7823, 12.66403]},
			"faces": {
				"north": {"uv": [13, 11, 9.5, 12.798], "texture": "#2"},
				"east": {"uv": [2, 13, 4, 15.5], "rotation": 180, "texture": "#2"},
				"south": {"uv": [4.5, 12, 5.5, 14.5], "rotation": 180, "texture": "#2"},
				"west": {"uv": [2, 13, 4, 15.5], "rotation": 180, "texture": "#2"},
				"up": {"uv": [2.5, 14.5, 4.5, 15.5], "rotation": 90, "texture": "#2"},
				"down": {"uv": [5.5, 11, 2.5, 11.5], "rotation": 90, "texture": "#2"}
			}
		},
		{
			"from": [7.625, 13.62993, 1.60562],
			"to": [8.375, 15.07993, 5.05562],
			"rotation": {"angle": -22.5, "axis": "x", "origin": [8, 14.46375, 3.3519]},
			"faces": {
				"north": {"uv": [0, 14.5, 3.5, 15.5], "texture": "#2"},
				"east": {"uv": [8, 12.5, 11.5, 13.5], "rotation": 180, "texture": "#2"},
				"south": {"uv": [0, 14.5, 3.5, 15.5], "texture": "#2"},
				"west": {"uv": [8, 12.5, 11.5, 13.5], "rotation": 180, "texture": "#2"},
				"up": {"uv": [3.5, 15.5, 0, 14.5], "texture": "#2"},
				"down": {"uv": [8, 12.5, 11.5, 13.5], "rotation": 90, "texture": "#2"}
			}
		},
		{
			"from": [7.62, 14.23104, -0.16577],
			"to": [8.38, 15.69104, 3.79423],
			"rotation": {"angle": -45, "axis": "x", "origin": [8, 14.46375, 3.3519]},
			"faces": {
				"north": {"uv": [12.5, 12, 12, 13], "texture": "#2"},
				"east": {"uv": [12.5, 12.5, 9, 11], "rotation": 180, "texture": "#2"},
				"south": {"uv": [12.5, 12, 9.5, 13], "texture": "#2"},
				"west": {"uv": [12.5, 11, 9, 12.5], "texture": "#2"},
				"up": {"uv": [13, 11, 9.5, 11.5], "rotation": 90, "texture": "#2"},
				"down": {"uv": [12.5, 12, 9, 12.5], "rotation": 270, "texture": "#2"}
			}
		},
		{
			"from": [7.15, 15.4, 6.2],
			"to": [8.85, 16.3, 10.85],
			"rotation": {"angle": -45, "axis": "x", "origin": [8, 15.85, 8.4]},
			"faces": {
				"north": {"uv": [12.7, 15, 11, 15.9], "rotation": 180, "texture": "#1"},
				"east": {"uv": [15.65, 15, 11, 15.9], "rotation": 180, "texture": "#1"},
				"south": {"uv": [12.7, 15, 11, 15.9], "rotation": 180, "texture": "#1"},
				"west": {"uv": [15.65, 15, 11, 15.9], "rotation": 180, "texture": "#1"},
				"up": {"uv": [15.65, 14, 11, 15.7], "rotation": 270, "texture": "#1"},
				"down": {"uv": [13.15, 14, 8.5, 15.7], "rotation": 270, "texture": "#1"}
			}
		},
		{
			"from": [7.16, 15.41, 5.16],
			"to": [8.84, 16.29, 9.79],
			"rotation": {"angle": 45, "axis": "x", "origin": [8, 15.85, 7.6]},
			"faces": {
				"north": {"uv": [11, 15, 12.7, 15.9], "rotation": 180, "texture": "#1"},
				"east": {"uv": [11, 15, 15.65, 15.9], "rotation": 180, "texture": "#1"},
				"south": {"uv": [11, 15, 12.7, 15.9], "rotation": 180, "texture": "#1"},
				"west": {"uv": [11, 15, 15.65, 15.9], "rotation": 180, "texture": "#1"},
				"up": {"uv": [11, 14, 15.65, 15.7], "rotation": 270, "texture": "#1"},
				"down": {"uv": [8.5, 14, 13.15, 15.7], "rotation": 270, "texture": "#1"}
			}
		},
		{
			"from": [7.26, 14.21, 7.41],
			"to": [8.74, 19.19, 8.59],
			"rotation": {"angle": 0, "axis": "x", "origin": [8, 15.47464, 7.76587]},
			"faces": {
				"north": {"uv": [12.48, 12.5, 7.5, 11.5], "rotation": 270, "texture": "#1"},
				"east": {"uv": [12.48, 12.5, 7.5, 11.5], "rotation": 270, "texture": "#1"},
				"south": {"uv": [12.48, 12.5, 7.5, 11.5], "rotation": 270, "texture": "#1"},
				"west": {"uv": [12.48, 12.5, 7.5, 11.5], "rotation": 270, "texture": "#1"},
				"up": {"uv": [7.5, 11.5, 12.48, 12.5], "rotation": 270, "texture": "#1"},
				"down": {"uv": [7.5, 11.5, 12.48, 12.5], "rotation": 270, "texture": "#1"}
			}
		},
		{
			"from": [7.2701, 18.8601, 7.62306],
			"to": [8.7299, 19.6699, 8.43286],
			"rotation": {"angle": -45, "axis": "x", "origin": [8, 19.19, 8.10296]},
			"faces": {
				"north": {"uv": [12.5, 12, 12, 11.5], "rotation": 180, "texture": "#1"},
				"east": {"uv": [12.5, 12, 12, 11.5], "rotation": 180, "texture": "#1"},
				"south": {"uv": [12.5, 12, 12, 11.5], "rotation": 180, "texture": "#1"},
				"west": {"uv": [12.5, 12, 12, 11.5], "rotation": 180, "texture": "#1"},
				"up": {"uv": [12, 11.5, 12.5, 12], "rotation": 180, "texture": "#1"},
				"down": {"uv": [12, 11.5, 12.5, 12], "rotation": 180, "texture": "#1"}
			}
		}
	],
	"gui_light": "front",
	"display": {
		"thirdperson_righthand": {
			"translation": [-0.25, 1.75, 1.25],
			"scale": [1.1, 1.1, 1.1]
		},
		"thirdperson_lefthand": {
			"translation": [-0.25, 2.25, 1.25],
			"scale": [1.1, 1.1, 1.1]
		},
		"firstperson_righthand": {
			"rotation": [15, 0, 0],
			"translation": [3.25, -0.5, -1.5],
			"scale": [0.85, 0.85, 0.85]
		},
		"firstperson_lefthand": {
			"rotation": [15, 0, 0],
			"translation": [3.25, -0.5, -1.5],
			"scale": [0.85, 0.85, 0.85]
		},
		"ground": {
			"rotation": [-66, 79, 0],
			"translation": [0, 5.25, -0.75],
			"scale": [0.9, 0.9, 0.9]
		},
		"gui": {
			"rotation": [81, 44, -75],
			"translation": [-0.8, -1.5, 0],
			"scale": [1.1, 1.1, 1.1]
		},
		"head": {
			"rotation": [0, 90, 0],
			"translation": [0, 29.75, 0]
		},
		"fixed": {
			"rotation": [90, -45, 90],
			"translation": [2.2, -2, -1],
			"scale": [1.33, 1.33, 1.33]
		}
	},
	"groups": [0, 1, 2, 3, 4, 5, 6, 7, 8, 9, 10,
		{
			"name": "group",
			"origin": [8.00097, 0.88523, -2.99934],
			"children": [11, 12]
		}
	]
}