{
	"credit": "Made with Blockbench",
	"gui_light": "front",
	"texture_size": [32, 32],
	"textures": {
		"0": "skins/wooden_sword",
		"1": "skins/gold_sword",
		"particle": "skins/wooden_sword"
	},
	"elements": [
		{
			"from": [7.05163, -10.8, 7.04969],
			"to": [8.95163, -10.2, 8.94969],
			"rotation": {"angle": 0, "axis": "y", "origin": [8.00097, -0.11477, 8.00066]},
			"faces": {
				"north": {"uv": [12, 5, 12.5, 6.5], "rotation": 270, "texture": "#0"},
				"east": {"uv": [12, 5, 12.5, 6.5], "rotation": 270, "texture": "#0"},
				"south": {"uv": [12, 5, 12.5, 6.5], "rotation": 270, "texture": "#0"},
				"west": {"uv": [12, 5, 12.5, 6.5], "rotation": 270, "texture": "#0"},
				"up": {"uv": [12, 5, 12.5, 6.5], "rotation": 270, "texture": "#0"},
				"down": {"uv": [12, 5, 12.5, 6.5], "rotation": 270, "texture": "#0"}
			}
		},
		{
			"from": [7.05163, -6.8, 7.04969],
			"to": [8.95163, -6.2, 8.94969],
			"rotation": {"angle": 0, "axis": "y", "origin": [8.00097, 0.88523, 8.00066]},
			"faces": {
				"north": {"uv": [12, 5, 12.5, 6.5], "rotation": 270, "texture": "#0"},
				"east": {"uv": [12, 5, 12.5, 6.5], "rotation": 270, "texture": "#0"},
				"south": {"uv": [12, 5, 12.5, 6.5], "rotation": 270, "texture": "#0"},
				"west": {"uv": [12, 5, 12.5, 6.5], "rotation": 270, "texture": "#0"},
				"up": {"uv": [12, 5, 12.5, 6.5], "rotation": 270, "texture": "#0"},
				"down": {"uv": [12, 5, 12.5, 6.5], "rotation": 270, "texture": "#0"}
			}
		},
		{
			"from": [7.29963, -6.052, 6.79769],
			"to": [8.70363, -5.198, 9.20169],
			"rotation": {"angle": 0, "axis": "y", "origin": [8.00097, 0.88523, 8.00066]},
			"faces": {
				"north": {"uv": [5.5, 3, 6.904, 3.854], "rotation": 180, "texture": "#1"},
				"east": {"uv": [4.5, 3, 6.903, 3.854], "rotation": 180, "texture": "#1"},
				"south": {"uv": [5.5, 3, 6.904, 3.854], "rotation": 180, "texture": "#1"},
				"west": {"uv": [4, 4, 6.404, 4.854], "rotation": 180, "texture": "#1"},
				"up": {"uv": [5.5, 3, 6.904, 5.404], "rotation": 180, "texture": "#1"},
				"down": {"uv": [5.5, 3, 6.904, 5.404], "rotation": 180, "texture": "#1"}
			}
		},
		{
			"from": [7.34163, -10.71, 7.33969],
			"to": [8.66163, -5.39, 8.65969],
			"rotation": {"angle": 0, "axis": "y", "origin": [7.50097, -0.86477, 7.50066]},
			"faces": {
				"north": {"uv": [1.5, 9, 4.5, 10], "rotation": 90, "texture": "#0"},
				"east": {"uv": [1.5, 9, 4.5, 10], "rotation": 90, "texture": "#0"},
				"south": {"uv": [1.5, 9, 4.5, 10], "rotation": 90, "texture": "#0"},
				"west": {"uv": [1.5, 9, 4.5, 10], "rotation": 90, "texture": "#0"},
				"up": {"uv": [1.5, 9, 4.5, 10], "rotation": 180, "texture": "#0"},
				"down": {"uv": [1.5, 9, 4.5, 10], "texture": "#0"}
			}
		},
		{
			"from": [7.10163, -7.6, 7.09969],
			"to": [8.90163, -7, 8.89969],
			"rotation": {"angle": 22.5, "axis": "x", "origin": [8.00163, -7.3, 7.99969]},
			"faces": {
				"north": {"uv": [11, 2, 12.5, 2.5], "rotation": 180, "texture": "#0"},
				"east": {"uv": [11, 2, 12.5, 2.5], "rotation": 180, "texture": "#0"},
				"south": {"uv": [11, 2, 12.5, 2.5], "rotation": 180, "texture": "#0"},
				"west": {"uv": [11, 2, 12.5, 2.5], "rotation": 180, "texture": "#0"},
				"up": {"uv": [11, 2, 12.5, 2.5], "rotation": 180, "texture": "#0"},
				"down": {"uv": [11, 2, 12.5, 2.5], "rotation": 180, "texture": "#0"}
			}
		},
		{
			"from": [7.10163, -9.8, 7.09969],
			"to": [8.90163, -9.2, 8.89969],
			"rotation": {"angle": 0, "axis": "y", "origin": [8.00097, 0.13523, 8.00066]},
			"faces": {
				"north": {"uv": [11, 2, 12.5, 2.5], "rotation": 180, "texture": "#0"},
				"east": {"uv": [11, 2, 12.5, 2.5], "rotation": 180, "texture": "#0"},
				"south": {"uv": [11, 2, 12.5, 2.5], "rotation": 180, "texture": "#0"},
				"west": {"uv": [11, 2, 12.5, 2.5], "rotation": 180, "texture": "#0"},
				"up": {"uv": [11, 2, 12.5, 2.5], "rotation": 180, "texture": "#0"},
				"down": {"uv": [11, 2, 12.5, 2.5], "rotation": 180, "texture": "#0"}
			}
		},
		{
			"from": [7.10163, -8.7, 7.09969],
			"to": [8.90163, -8.1, 8.89969],
			"rotation": {"angle": -22.5, "axis": "x", "origin": [8.00163, -8.4, 7.99969]},
			"faces": {
				"north": {"uv": [10.5, 2.5, 11, 4], "rotation": 270, "texture": "#0"},
				"east": {"uv": [10.5, 2.5, 11, 4], "rotation": 270, "texture": "#0"},
				"south": {"uv": [10.5, 2.5, 11, 4], "rotation": 270, "texture": "#0"},
				"west": {"uv": [10.5, 2.5, 11, 4], "rotation": 270, "texture": "#0"},
				"up": {"uv": [10.5, 2.5, 11, 4], "rotation": 270, "texture": "#0"},
				"down": {"uv": [10.5, 2.5, 11, 4], "rotation": 270, "texture": "#0"}
			}
		},
		{
			"from": [7.49663, -13.15767, 6.75212],
			"to": [8.50663, -10.64767, 9.26212],
			"rotation": {"angle": -45, "axis": "x", "origin": [8.00163, -11.90267, 8.00712]},
			"faces": {
				"north": {"uv": [5, 1.5, 7.51, 2.51], "rotation": 90, "texture": "#1"},
				"east": {"uv": [5, 1.5, 7.51, 4.01], "rotation": 90, "texture": "#1"},
				"south": {"uv": [5, 1.5, 7.51, 2.51], "rotation": 90, "texture": "#1"},
				"west": {"uv": [5, 1.5, 7.51, 4.01], "rotation": 90, "texture": "#1"},
				"up": {"uv": [5, 1.5, 7.51, 2.51], "rotation": 90, "texture": "#1"},
				"down": {"uv": [5, 1.5, 7.51, 2.51], "rotation": 90, "texture": "#1"}
			}
		},
		{
			"from": [7.49663, -4.75767, 6.75212],
			"to": [8.50663, -2.74767, 8.76212],
			"rotation": {"angle": -45, "axis": "x", "origin": [8.00163, -3.50267, 8.00712]},
			"faces": {
				"north": {"uv": [10.5, 14, 12.51, 15.01], "rotation": 90, "texture": "#0"},
				"east": {"uv": [10.5, 13.99, 12.51, 16], "rotation": 90, "texture": "#0"},
				"south": {"uv": [10.5, 14, 12.51, 15.01], "rotation": 90, "texture": "#0"},
				"west": {"uv": [10.5, 13.99, 12.51, 16], "rotation": 90, "texture": "#0"},
				"up": {"uv": [10.5, 14, 12.51, 15.01], "rotation": 90, "texture": "#0"},
				"down": {"uv": [10.5, 14, 12.51, 15.01], "rotation": 90, "texture": "#0"}
			}
		},
		{
			"from": [7.40663, -3.64767, 5.86212],
			"to": [8.59663, -3.15767, 10.70212],
			"rotation": {"angle": -45, "axis": "x", "origin": [8.00163, -3.40267, 8.10712]},
			"faces": {
				"north": {"uv": [9.7545, 2, 10.2545, 2.5], "rotation": 270, "texture": "#0"},
				"east": {"uv": [10, 2, 10.255, 3.93], "rotation": 90, "texture": "#0"},
				"south": {"uv": [10, 2, 10.255, 2.5], "rotation": 270, "texture": "#0"},
				"west": {"uv": [10, 2, 10.255, 3.93], "rotation": 270, "texture": "#0"},
				"up": {"uv": [10, 2, 10.255, 3.93], "texture": "#0"},
				"down": {"uv": [10, 2, 10.255, 3.93], "rotation": 180, "texture": "#0"}
			}
		},
		{
			"from": [7.39663, -4.08141, 6.10338],
			"to": [8.60663, -3.57141, 9.96338],
			"rotation": {"angle": 22.5, "axis": "x", "origin": [8.00163, -3.82641, 7.88338]},
			"faces": {
				"north": {"uv": [10, 2, 10.255, 2.5], "rotation": 270, "texture": "#0"},
				"east": {"uv": [10, 2, 10.255, 3.93], "rotation": 270, "texture": "#0"},
				"south": {"uv": [10, 2, 10.255, 2.5], "rotation": 270, "texture": "#0"},
				"west": {"uv": [10, 2, 10.255, 3.93], "rotation": 270, "texture": "#0"},
				"up": {"uv": [10, 2, 10.255, 3.93], "texture": "#0"},
				"down": {"uv": [10, 2, 10.605, 3.93], "rotation": 180, "texture": "#0"}
			}
		},
		{
			"from": [7.19663, -12.55767, 6.95212],
			"to": [8.80663, -10.94767, 8.56212],
			"rotation": {"angle": -45, "axis": "x", "origin": [8.00163, -11.50267, 8.00712]},
			"faces": {
				"north": {"uv": [7.5, 14.5, 9.009, 16], "texture": "#0"},
				"east": {"uv": [7.5, 14.5, 9.009, 16], "texture": "#0"},
				"south": {"uv": [7.5, 14.5, 9.009, 16], "texture": "#0"},
				"west": {"uv": [7.5, 14.5, 9.009, 16], "texture": "#0"},
				"up": {"uv": [7.5, 14.5, 9.009, 16], "texture": "#0"},
				"down": {"uv": [7.5, 14.5, 9.009, 16], "texture": "#0"}
			}
		},
		{
			"from": [7.64163, -4.35663, 3.56094],
			"to": [8.36163, -1.08663, 6.83094],
			"rotation": {"angle": -45, "axis": "x", "origin": [8.00097, 0.08523, 8.00066]},
			"faces": {
				"north": {"uv": [4, 0, 4.36, 1.635], "texture": "#1"},
				"east": {"uv": [4, 0, 5.635, 1.635], "texture": "#1"},
				"south": {"uv": [4, 0, 4.36, 1.635], "texture": "#1"},
				"west": {"uv": [4, 0, 5.635, 1.635], "texture": "#1"},
				"up": {"uv": [4, 0, 4.36, 1.635], "texture": "#1"},
				"down": {"uv": [4, 0, 4.36, 1.635], "texture": "#1"}
			}
		},
		{
			"from": [7.84869, -3.24476, 6.3787],
			"to": [8.14469, 2.35124, 9.6247],
			"rotation": {"angle": 0, "axis": "z", "origin": [8.00097, -2.41477, 8.00066]},
			"faces": {
				"north": {"uv": [4, 14.5, 7.5, 15], "rotation": 90, "texture": "#0"},
				"east": {"uv": [4, 14, 7.5, 16], "rotation": 90, "texture": "#0"},
				"south": {"uv": [4, 14, 7.5, 14.5], "rotation": 90, "texture": "#0"},
				"west": {"uv": [12.5, 14, 16, 16], "rotation": 270, "texture": "#0"},
				"up": {"uv": [4, 13.5, 4.296, 15.5], "rotation": 180, "texture": "#0"},
				"down": {"uv": [4, 14, 16, 16], "texture": "#0"}
			}
		},
		{
			"from": [7.84869, 3.75524, 6.3787],
			"to": [8.14469, 10.35124, 9.6247],
			"rotation": {"angle": 0, "axis": "z", "origin": [8.00097, -2.41477, 8.00066]},
			"faces": {
				"north": {"uv": [4, 14.5, 8.5, 15], "rotation": 90, "texture": "#0"},
				"east": {"uv": [4, 14, 8, 16], "rotation": 90, "texture": "#0"},
				"south": {"uv": [3.5, 14, 8, 14.5], "rotation": 90, "texture": "#0"},
				"west": {"uv": [11.5, 14, 16, 16], "rotation": 270, "texture": "#0"},
				"up": {"uv": [4, 13.5, 4.296, 15.5], "rotation": 180, "texture": "#0"},
				"down": {"uv": [4, 14, 16, 16], "texture": "#0"}
			}
		},
		{
			"from": [7.85869, 9.21124, 6.86505],
			"to": [8.13469, 11.49124, 9.14505],
			"rotation": {"angle": 45, "axis": "x", "origin": [7.99669, 10.35124, 8.00505]},
			"faces": {
				"north": {"uv": [11.5, 14, 13.8, 14.296], "rotation": 90, "texture": "#0"},
				"east": {"uv": [11.5, 14, 13.5, 16], "rotation": 90, "texture": "#0"},
				"south": {"uv": [11.5, 14, 13.5, 16], "rotation": 90, "texture": "#0"},
				"west": {"uv": [11.5, 14, 13.5, 16], "rotation": 270, "texture": "#0"},
				"up": {"uv": [11.5, 14, 13.8, 14.296], "rotation": 90, "texture": "#0"},
				"down": {"uv": [11.5, 14, 13.5, 16], "rotation": 90, "texture": "#0"}
			}
		},
		{
			"from": [7.85869, 1.83362, 6.74125],
			"to": [8.13469, 4.71362, 9.02125],
			"rotation": {"angle": 22.5, "axis": "x", "origin": [7.99669, 2.97362, 7.88125]},
			"faces": {
				"north": {"uv": [11, 14.5, 13.2995, 14.796], "rotation": 90, "texture": "#0"},
				"east": {"uv": [11.5, 14, 13.5, 16], "rotation": 90, "texture": "#0"},
				"south": {"uv": [11.5, 14, 13.5, 16], "rotation": 90, "texture": "#0"},
				"west": {"uv": [11.5, 13.5, 13.5, 15.5], "rotation": 270, "texture": "#0"},
				"up": {"uv": [11.5, 14, 13.8, 14.296], "rotation": 90, "texture": "#0"},
				"down": {"uv": [11.5, 14, 13.5, 16], "rotation": 90, "texture": "#0"}
			}
		},
		{
			"from": [7.84879, 2.35134, 7.3248],
			"to": [8.14459, 3.85114, 9.6246],
			"rotation": {"angle": 0, "axis": "x", "origin": [7.99669, 3.80124, 8.4747]},
			"faces": {
				"north": {"uv": [11.5, 15.5, 12.5, 16], "rotation": 90, "texture": "#0"},
				"east": {"uv": [11.5, 15.5, 12.5, 16], "rotation": 90, "texture": "#0"},
				"south": {"uv": [11.5, 15.5, 12.5, 16], "rotation": 90, "texture": "#0"},
				"west": {"uv": [11.5, 15.5, 12.5, 16], "rotation": 90, "texture": "#0"},
				"up": {"uv": [11.5, 15.5, 12.5, 16], "rotation": 90, "texture": "#0"},
				"down": {"uv": [11.5, 15.5, 12.5, 16], "rotation": 90, "texture": "#0"}
			}
		},
		{
			"from": [7.69969, -2.99376, 6.95269],
			"to": [8.29369, 9.60024, 9.04669],
			"rotation": {"angle": 0, "axis": "z", "origin": [8.00097, -0.41477, 8.00066]},
			"faces": {
				"north": {"uv": [16, 11.5, 3.5, 12], "rotation": 90, "texture": "#0"},
				"east": {"uv": [16, 11.5, 3.5, 13.5], "rotation": 90, "texture": "#0"},
				"south": {"uv": [16, 12, 3.5, 12.5], "rotation": 90, "texture": "#0"},
				"west": {"uv": [16, 11.5, 3.5, 13.5], "rotation": 270, "texture": "#0"},
				"up": {"uv": [5.594, 11.5, 3.5, 12.094], "rotation": 90, "texture": "#0"},
				"down": {"uv": [0, 11, 16, 13.5], "texture": "#0"}
			}
		},
		{
			"from": [7.68969, -4.40376, 3.69269],
			"to": [8.30369, -2.88376, 12.71269],
			"rotation": {"angle": -22.5, "axis": "x", "origin": [7.99669, -3.64376, 7.60269]},
			"faces": {
				"north": {"uv": [15.5, 12, 16, 13.5], "texture": "#0"},
				"east": {"uv": [7, 12, 16, 13.5], "texture": "#0"},
				"south": {"uv": [15.5, 12, 16, 13.5], "texture": "#0"},
				"west": {"uv": [7, 12, 16, 13.5], "texture": "#0"},
				"up": {"uv": [7, 12, 16, 12.5], "rotation": 90, "texture": "#0"},
				"down": {"uv": [7, 12, 16, 12.5], "rotation": 90, "texture": "#0"}
			}
		}
	],
	"display": {
		"thirdperson_righthand": {
			"rotation": [0, 7, 0],
			"translation": [-0.25, 14.25, 1.5]
		},
		"thirdperson_lefthand": {
			"translation": [-0.25, 14.25, 1.5]
		},
		"firstperson_righthand": {
			"rotation": [15, 0, 0],
			"translation": [2.75, 8.75, 0.5],
			"scale": [0.8, 0.7, 0.8]
		},
		"firstperson_lefthand": {
			"rotation": [15, 0, 0],
			"translation": [2.75, 8.75, 0.5],
			"scale": [0.8, 0.7, 0.8]
		},
		"ground": {
			"rotation": [-66, 79, 0],
			"translation": [0, 5.25, -4],
			"scale": [0.7, 0.7, 0.7]
		},
		"gui": {
			"rotation": [81, 44, -75],
			"translation": [4.95, 5.5, 0],
			"scale": [0.8, 0.8, 0.8]
		},
		"head": {
			"rotation": [0, 90, 0],
			"translation": [0, 29.75, 0]
		},
		"fixed": {
			"rotation": [90, -45, 90],
			"translation": [-7.05, 7, -1],
			"scale": [1.1, 1.1, 1.1]
		}
	},
	"groups": [
		{
			"name": "valkyrie",
			"origin": [8, 8, 8],
			"children": [0, 1, 2, 3, 4, 5, 6, 7, 8, 9, 10, 11, 12, 13, 14, 15, 16, 17, 18, 19]
		}
	]
}