{
	"credit": "Made with Blockbench",
	"texture_size": [32, 32],
	"textures": {
		"1": "skins/wooden_sword",
		"particle": "skins/stone_sword"
	},
	"elements": [
		{
			"from": [7.2, 7.2, 7.2],
			"to": [8.8, 18.05, 8.8],
			"rotation": {"angle": 0, "axis": "y", "origin": [15, 12, 15]},
			"faces": {
				"north": {"uv": [4.5, 12, 16, 13.5], "rotation": 270, "texture": "#1"},
				"east": {"uv": [2, 11.5, 13.5, 13], "rotation": 270, "texture": "#1"},
				"south": {"uv": [1.5, 11, 13, 12.5], "rotation": 270, "texture": "#1"},
				"west": {"uv": [2, 11.5, 13.5, 13], "rotation": 270, "texture": "#1"},
				"up": {"uv": [12, 11.5, 13.5, 13], "rotation": 270, "texture": "#1"},
				"down": {"uv": [2, 11.5, 13.5, 13], "rotation": 270, "texture": "#1"}
			}
		},
		{
			"from": [7.2, 0.2, 7.2],
			"to": [8.8, 4.05, 8.8],
			"rotation": {"angle": 0, "axis": "y", "origin": [15, -2, 15]},
			"faces": {
				"north": {"uv": [4.5, 12, 8.5, 13.5], "rotation": 270, "texture": "#1"},
				"east": {"uv": [10, 11, 14, 12.5], "rotation": 270, "texture": "#1"},
				"south": {"uv": [12, 11.5, 16, 13], "rotation": 270, "texture": "#1"},
				"west": {"uv": [7, 11.5, 11, 13], "rotation": 270, "texture": "#1"},
				"up": {"uv": [5.5, 11.5, 7, 13], "rotation": 270, "texture": "#1"},
				"down": {"uv": [5, 11.5, 6.5, 13], "rotation": 270, "texture": "#1"}
			}
		},
		{
			"from": [7, 0, 7],
			"to": [9, 2, 9],
			"rotation": {"angle": 0, "axis": "y", "origin": [15, -2, 15]},
			"faces": {
				"north": {"uv": [2.5, 0, 4.5, 2], "rotation": 270, "texture": "#particle"},
				"east": {"uv": [2, 3, 4, 5], "rotation": 270, "texture": "#particle"},
				"south": {"uv": [1.5, 3, 3.5, 5], "rotation": 270, "texture": "#particle"},
				"west": {"uv": [3, 3, 5, 5], "rotation": 270, "texture": "#particle"},
				"up": {"uv": [3.5, 3.5, 5.5, 5.5], "rotation": 270, "texture": "#particle"},
				"down": {"uv": [2, 4, 4, 6], "rotation": 270, "texture": "#particle"}
			}
		},
		{
			"from": [7, 11.5, 7],
			"to": [9, 13.5, 9],
			"rotation": {"angle": 0, "axis": "y", "origin": [15, -2, 15]},
			"faces": {
				"north": {"uv": [2.5, 0, 4.5, 2], "rotation": 270, "texture": "#particle"},
				"east": {"uv": [2, 3, 4, 5], "rotation": 270, "texture": "#particle"},
				"south": {"uv": [1.5, 3, 3.5, 5], "rotation": 270, "texture": "#particle"},
				"west": {"uv": [3, 3, 5, 5], "rotation": 270, "texture": "#particle"},
				"up": {"uv": [3.5, 3.5, 5.5, 5.5], "rotation": 270, "texture": "#particle"},
				"down": {"uv": [2, 4, 4, 6], "rotation": 270, "texture": "#particle"}
			}
		},
		{
			"from": [7.25, 4.4, 7.25],
			"to": [8.75, 5.1, 8.75],
			"rotation": {"angle": 0, "axis": "y", "origin": [15, 2.15, 15]},
			"faces": {
				"north": {"uv": [12, 5, 12.5, 6.5], "rotation": 270, "texture": "#1"},
				"east": {"uv": [12, 5, 12.5, 6.5], "rotation": 270, "texture": "#1"},
				"south": {"uv": [12, 5, 12.5, 6.5], "rotation": 270, "texture": "#1"},
				"west": {"uv": [12, 5, 12.5, 6.5], "rotation": 270, "texture": "#1"},
				"up": {"uv": [12, 5, 12.5, 6.5], "rotation": 270, "texture": "#1"},
				"down": {"uv": [12, 5, 12.5, 6.5], "rotation": 270, "texture": "#1"}
			}
		},
		{
			"from": [7.25, 5.9, 6.95],
			"to": [8.75, 6.8, 9.05],
			"rotation": {"angle": 22.5, "axis": "x", "origin": [8, 6.35, 8]},
			"faces": {
				"north": {"uv": [12, 5, 12.5, 6.5], "rotation": 270, "texture": "#1"},
				"east": {"uv": [12, 5, 12.5, 6.5], "rotation": 270, "texture": "#1"},
				"south": {"uv": [12, 5, 12.5, 6.5], "rotation": 270, "texture": "#1"},
				"west": {"uv": [12, 5, 12.5, 6.5], "rotation": 270, "texture": "#1"},
				"up": {"uv": [12, 5, 12.5, 6.5], "rotation": 270, "texture": "#1"},
				"down": {"uv": [12, 5, 12.5, 6.5], "rotation": 270, "texture": "#1"}
			}
		},
		{
			"from": [7.255, 5.405, 7.055],
			"to": [8.745, 5.995, 8.845],
			"rotation": {"angle": -22.5, "axis": "x", "origin": [8, 5.55, 8]},
			"faces": {
				"north": {"uv": [11, 4, 11.45, 5.5], "rotation": 270, "texture": "#1"},
				"east": {"uv": [11, 4, 11.45, 5.5], "rotation": 270, "texture": "#1"},
				"south": {"uv": [11, 4, 11.45, 5.5], "rotation": 270, "texture": "#1"},
				"west": {"uv": [11, 4, 11.45, 5.5], "rotation": 270, "texture": "#1"},
				"up": {"uv": [11, 4, 11.45, 5.5], "rotation": 270, "texture": "#1"},
				"down": {"uv": [11, 4, 11.45, 5.5], "rotation": 270, "texture": "#1"}
			}
		},
		{
			"from": [7.3, 1.3, 7.3],
			"to": [8.7, 8.7, 8.7],
			"rotation": {"angle": 0, "axis": "y", "origin": [15, 3, 15]},
			"faces": {
				"north": {"uv": [5, 14, 16, 16], "rotation": 90, "texture": "#1"},
				"east": {"uv": [5, 14, 16, 16], "rotation": 90, "texture": "#1"},
				"south": {"uv": [5, 14, 16, 16], "rotation": 90, "texture": "#1"},
				"west": {"uv": [5, 14, 16, 16], "rotation": 90, "texture": "#1"},
				"up": {"uv": [5, 14, 16, 16], "rotation": 90, "texture": "#1"},
				"down": {"uv": [5, 14, 16, 16], "rotation": 90, "texture": "#1"}
			}
		},
		{
			"from": [7.51, 12.98658, 4.49411],
			"to": [8.49, 15.21658, 7.97411],
			"rotation": {"angle": -45, "axis": "x", "origin": [8, 13.86375, 4.6019]},
			"faces": {
				"north": {"uv": [8, 14, 7, 16], "rotation": 180, "texture": "#1"},
				"east": {"uv": [9.5, 14, 6, 16], "rotation": 180, "texture": "#1"},
				"south": {"uv": [9.5, 11, 13, 12.798], "texture": "#1"},
				"west": {"uv": [5.5, 14, 9, 16], "rotation": 180, "texture": "#1"},
				"up": {"uv": [8, 14.5, 11.5, 15.5], "rotation": 90, "texture": "#1"},
				"down": {"uv": [8, 14.5, 11.5, 15.5], "rotation": 270, "texture": "#1"}
			}
		},
		{
			"from": [7.52, 16.98107, 2.65788],
			"to": [8.48, 19.19107, 6.11788],
			"rotation": {"angle": 45, "axis": "x", "origin": [8, 17.88607, 4.28788]},
			"faces": {
				"north": {"uv": [8, 14, 7, 16], "rotation": 180, "texture": "#1"},
				"east": {"uv": [9.5, 14, 6, 16], "rotation": 180, "texture": "#1"},
				"south": {"uv": [9.5, 11, 13, 12.798], "texture": "#1"},
				"west": {"uv": [5.5, 14, 9, 16], "rotation": 180, "texture": "#1"},
				"up": {"uv": [8, 14.5, 11.5, 15.5], "rotation": 90, "texture": "#1"},
				"down": {"uv": [8, 14.5, 11.5, 15.5], "rotation": 270, "texture": "#1"}
			}
		},
		{
			"from": [7.5, 14.66028, 7.82942],
			"to": [8.5, 17.46028, 10.07942],
			"rotation": {"angle": 0, "axis": "x", "origin": [8, 14.7823, 12.66403]},
			"faces": {
				"north": {"uv": [8, 13.5, 10.25, 16], "rotation": 180, "texture": "#1"},
				"east": {"uv": [8, 13.5, 10.25, 16], "rotation": 180, "texture": "#1"},
				"south": {"uv": [8, 13.5, 10.25, 16], "rotation": 180, "texture": "#1"},
				"west": {"uv": [8, 13.5, 10.25, 16], "rotation": 180, "texture": "#1"},
				"up": {"uv": [8, 13.5, 10.25, 16], "rotation": 180, "texture": "#1"},
				"down": {"uv": [8, 13.5, 9, 15.75], "rotation": 180, "texture": "#1"}
			}
		},
		{
			"from": [7.6, 16.11028, 7.1],
			"to": [8.4, 18.91028, 9.9],
			"rotation": {"angle": 45, "axis": "x", "origin": [8, 18.01028, 8]},
			"faces": {
				"north": {"uv": [2, 15.5, 0, 16], "rotation": 90, "texture": "#1"},
				"east": {"uv": [10.5, 14, 8.5, 16], "rotation": 180, "texture": "#1"},
				"south": {"uv": [5.5, 11, 3.5, 13], "rotation": 90, "texture": "#1"},
				"west": {"uv": [2, 14, 0, 16], "rotation": 90, "texture": "#1"},
				"up": {"uv": [6.5, 15.5, 4.5, 16], "rotation": 90, "texture": "#1"},
				"down": {"uv": [5.5, 11, 3.5, 13], "rotation": 90, "texture": "#1"}
			}
		},
		{
			"from": [7.5, 14.66028, 5.92058],
			"to": [8.5, 17.46028, 8.17058],
			"rotation": {"angle": 0, "axis": "x", "origin": [8, 14.7823, 3.33597]},
			"faces": {
				"north": {"uv": [3.5, 13.5, 2.5, 15.799], "rotation": 180, "texture": "#1"},
				"east": {"uv": [4, 13.5, 2, 16], "rotation": 180, "texture": "#1"},
				"south": {"uv": [4, 13.5, 2, 16], "rotation": 180, "texture": "#1"},
				"west": {"uv": [4, 13.5, 2, 16], "rotation": 180, "texture": "#1"},
				"up": {"uv": [4, 13.5, 2, 16], "rotation": 180, "texture": "#1"},
				"down": {"uv": [3, 13.5, 2, 15.75], "rotation": 180, "texture": "#1"}
			}
		},
		{
			"from": [7.625, 13.02993, 2.85562],
			"to": [8.375, 14.47993, 6.30562],
			"rotation": {"angle": -45, "axis": "x", "origin": [8, 13.86375, 4.6019]},
			"faces": {
				"north": {"uv": [11, 15.5, 7.5, 14.5], "rotation": 90, "texture": "#1"},
				"east": {"uv": [11, 15.5, 7.5, 14.5], "rotation": 90, "texture": "#1"},
				"south": {"uv": [11, 15.5, 7.5, 14.5], "rotation": 90, "texture": "#1"},
				"west": {"uv": [11, 15.5, 7.5, 14.5], "rotation": 90, "texture": "#1"},
				"up": {"uv": [7.5, 14.5, 11, 15.5], "rotation": 90, "texture": "#1"},
				"down": {"uv": [7.5, 14.5, 11, 15.5], "rotation": 90, "texture": "#1"}
			}
		},
		{
			"from": [7.62, 11.34608, 3.37461],
			"to": [8.38, 14.30608, 4.83461],
			"rotation": {"angle": 22.5, "axis": "x", "origin": [8, 13.86375, 4.6019]},
			"faces": {
				"north": {"uv": [7, 14.5, 10, 14], "rotation": 90, "texture": "#1"},
				"east": {"uv": [6.5, 14.5, 9.5, 16], "rotation": 90, "texture": "#1"},
				"south": {"uv": [7, 15.5, 10, 15], "rotation": 90, "texture": "#1"},
				"west": {"uv": [6, 15.5, 9, 14], "rotation": 90, "texture": "#1"},
				"up": {"uv": [9.5, 13, 12.5, 12], "rotation": 180, "texture": "#1"},
				"down": {"uv": [10, 16, 10.5, 15], "texture": "#1"}
			}
		},
		{
			"from": [7.63, 13.04351, 2.48188],
			"to": [8.37, 18.38351, 4.92188],
			"rotation": {"angle": 0, "axis": "x", "origin": [8, 12.06351, 4.35188]},
			"faces": {
				"north": {"uv": [6, 16, 9.5, 15.5], "rotation": 90, "texture": "#1"},
				"east": {"uv": [6, 16, 9.5, 14], "rotation": 270, "texture": "#1"},
				"south": {"uv": [7, 15.5, 10.5, 15], "rotation": 90, "texture": "#1"},
				"west": {"uv": [6, 16, 9.5, 14], "rotation": 90, "texture": "#1"},
				"up": {"uv": [10, 15.73, 10.3795, 15], "rotation": 180, "texture": "#1"},
				"down": {"uv": [10, 16, 10.5, 15], "texture": "#1"}
			}
		},
		{
			"from": [7.15, 15.4, 5.15],
			"to": [8.85, 16.3, 9.8],
			"rotation": {"angle": 45, "axis": "x", "origin": [8, 15.85, 7.6]},
			"faces": {
				"north": {"uv": [11.5, 3, 11.95, 3.825], "rotation": 270, "texture": "#1"},
				"east": {"uv": [10, 2, 10.45, 4.5], "rotation": 270, "texture": "#1"},
				"south": {"uv": [10, 1.5, 10.45, 2.325], "rotation": 270, "texture": "#1"},
				"west": {"uv": [10, 2, 10.45, 4.5], "rotation": 270, "texture": "#1"},
				"up": {"uv": [10, 2, 10.45, 4.5], "rotation": 180, "texture": "#1"},
				"down": {"uv": [10, 2, 10.45, 4.5], "rotation": 180, "texture": "#1"}
			}
		},
		{
			"from": [7.16, 15.41, 6.21],
			"to": [8.84, 16.29, 10.84],
			"rotation": {"angle": -45, "axis": "x", "origin": [8, 15.85, 8.4]},
			"faces": {
				"north": {"uv": [10.5, 2.325, 10.95, 1.5], "rotation": 270, "texture": "#1"},
				"east": {"uv": [11, 5.5, 11.45, 3], "rotation": 270, "texture": "#1"},
				"south": {"uv": [11.5, 3.825, 11.95, 3], "rotation": 270, "texture": "#1"},
				"west": {"uv": [11, 5.5, 11.45, 3], "rotation": 90, "texture": "#1"},
				"up": {"uv": [10, 4.5, 10.45, 2], "rotation": 180, "texture": "#1"},
				"down": {"uv": [11, 5.5, 11.45, 3], "texture": "#1"}
			}
		},
		{
			"from": [7.26, 14.21, 7.41],
			"to": [8.74, 19.19, 8.59],
			"rotation": {"angle": 0, "axis": "x", "origin": [8, 15.47464, 8.23413]},
			"faces": {
				"north": {"uv": [12.48, 11.5, 7.5, 12.5], "rotation": 270, "texture": "#1"},
				"east": {"uv": [12.48, 11.5, 7.5, 12.5], "rotation": 270, "texture": "#1"},
				"south": {"uv": [12.48, 11.5, 7.5, 12.5], "rotation": 270, "texture": "#1"},
				"west": {"uv": [12.48, 11.5, 7.5, 12.5], "rotation": 270, "texture": "#1"},
				"up": {"uv": [12.48, 11.5, 7.5, 12.5], "rotation": 270, "texture": "#1"},
				"down": {"uv": [12.48, 11.5, 7.5, 12.5], "rotation": 270, "texture": "#1"}
			}
		},
		{
			"from": [7.2701, 18.8601, 7.56714],
			"to": [8.7299, 19.6699, 8.37694],
			"rotation": {"angle": 45, "axis": "x", "origin": [8, 19.19, 7.89704]},
			"faces": {
				"north": {"uv": [12, 12, 12.5, 11.5], "rotation": 180, "texture": "#1"},
				"east": {"uv": [12, 12, 12.5, 11.5], "rotation": 180, "texture": "#1"},
				"south": {"uv": [12, 12, 12.5, 11.5], "rotation": 180, "texture": "#1"},
				"west": {"uv": [12, 12, 12.5, 11.5], "rotation": 180, "texture": "#1"},
				"up": {"uv": [12, 12, 12.5, 11.5], "rotation": 180, "texture": "#1"},
				"down": {"uv": [12, 12, 12.5, 11.5], "rotation": 180, "texture": "#1"}
			}
		}
	],
	"gui_light": "front",
	"display": {
		"thirdperson_righthand": {
			"translation": [-0.25, 1.5, 1.25],
			"scale": [1.1, 1.1, 1.1]
		},
		"thirdperson_lefthand": {
			"translation": [-0.25, 2.25, 1.25],
			"scale": [1.1, 1.1, 1.1]
		},
		"firstperson_righthand": {
			"rotation": [15, 0, 0],
			"translation": [3.75, 1.25, -1.5],
			"scale": [0.8, 0.8, 0.8]
		},
		"firstperson_lefthand": {
			"rotation": [15, 0, 0],
			"translation": [3.75, 1.25, -1.5],
			"scale": [0.8, 0.8, 0.8]
		},
		"ground": {
			"rotation": [-66, 79, 0],
			"translation": [0, 5.25, -0.75],
			"scale": [0.9, 0.9, 0.9]
		},
		"gui": {
			"rotation": [81, 44, -75],
			"translation": [-1.3, -2, 0],
			"scale": [1.1, 1.1, 1.1]
		},
		"head": {
			"rotation": [0, 90, 0],
			"translation": [0, 29.75, 0]
		},
		"fixed": {
			"rotation": [90, -45, 90],
			"translation": [1.2, -3, -1],
			"scale": [1.33, 1.33, 1.33]
		}
	},
	"groups": [0, 1, 2, 3, 4, 5, 6, 7, 8, 9, 10, 11, 12, 13, 14, 15, 16, 17,
		{
			"name": "group",
			"origin": [8.00097, 0.88523, -2.99934],
			"children": [18, 19]
		}
	]
}