{
  "multipart": [
    {"apply": {"model": "minecraft:block/flower_pot"}},
    {"apply": [
    { "model": "minecraft:block/potted_lily_of_the_valley_gg", "y": 0, "weight": 1 },
    { "model": "minecraft:block/potted_lily_of_the_valley_gg", "y": 90, "weight": 1 },
    { "model": "minecraft:block/potted_lily_of_the_valley_gg", "y": 180, "weight": 1 },
    { "model": "minecraft:block/potted_lily_of_the_valley_gg", "y": 270, "weight": 1 },

    { "model": "minecraft:block/potted_lily_of_the_valley_gw", "y": 0, "weight": 1 },
    { "model": "minecraft:block/potted_lily_of_the_valley_gw", "y": 90, "weight": 1 },
    { "model": "minecraft:block/potted_lily_of_the_valley_gw", "y": 180, "weight": 1 },
    { "model": "minecraft:block/potted_lily_of_the_valley_gw", "y": 270, "weight": 1 },


    { "model": "minecraft:block/potted_lily_of_the_valley_rr", "y": 0, "weight": 1 },
    { "model": "minecraft:block/potted_lily_of_the_valley_rr", "y": 90, "weight": 1 },
    { "model": "minecraft:block/potted_lily_of_the_valley_rr", "y": 180, "weight": 1 },
    { "model": "minecraft:block/potted_lily_of_the_valley_rr", "y": 270, "weight": 1 },

    { "model": "minecraft:block/potted_lily_of_the_valley_rw", "y": 0, "weight": 1 },
    { "model": "minecraft:block/potted_lily_of_the_valley_rw", "y": 90, "weight": 1 },
    { "model": "minecraft:block/potted_lily_of_the_valley_rw", "y": 180, "weight": 1 },
    { "model": "minecraft:block/potted_lily_of_the_valley_rw", "y": 270, "weight": 1 },


    { "model": "minecraft:block/potted_lily_of_the_valley_wg", "y": 0, "weight": 7 },
    { "model": "minecraft:block/potted_lily_of_the_valley_wg", "y": 90, "weight": 7 },
    { "model": "minecraft:block/potted_lily_of_the_valley_wg", "y": 180, "weight": 7 },
    { "model": "minecraft:block/potted_lily_of_the_valley_wg", "y": 270, "weight": 7 },

    { "model": "minecraft:block/potted_lily_of_the_valley_wr", "y": 0, "weight": 7 },
    { "model": "minecraft:block/potted_lily_of_the_valley_wr", "y": 90, "weight": 7 },
    { "model": "minecraft:block/potted_lily_of_the_valley_wr", "y": 180, "weight": 7 },
    { "model": "minecraft:block/potted_lily_of_the_valley_wr", "y": 270, "weight": 7 },

    { "model": "minecraft:block/potted_lily_of_the_valley_ww", "y": 0, "weight": 14 },
    { "model": "minecraft:block/potted_lily_of_the_valley_ww", "y": 90, "weight": 14 },
    { "model": "minecraft:block/potted_lily_of_the_valley_ww", "y": 180, "weight": 14 },
    { "model": "minecraft:block/potted_lily_of_the_valley_ww", "y": 270, "weight": 14 }
              ]
    }
               ]
}
