{
    
		"variants": {
        
			"axis=y": [ { "model": "block/acacia_log", "weight": 50  },
				    { "model": "block/acacia_log/acacia_log1", "weight": 6  },
				    { "model": "block/acacia_log/acacia_log2", "weight": 4  }
,
				    { "model": "block/acacia_log/acacia_log3", "weight": 8  }       
			],
			"axis=z": [ { "model": "block/acacia_log", "x": 90, "weight": 50  },
 
				    { "model": "block/acacia_log/acacia_log1", "x": 90, "weight": 6  },
				    { "model": "block/acacia_log/acacia_log2", "x": 90, "weight": 4  },


				    { "model": "block/acacia_log/acacia_log3", "x": 90, "weight": 8  }       
			],
			"axis=x": [ { "model": "block/acacia_log", "x": 90, "y": 90, "weight": 50  },
				    { "model": "block/acacia_log/acacia_log1", "x": 90, "y": 90, "weight": 6  },
				    { "model": "block/acacia_log/acacia_log2", "x": 90, "y": 90, "weight": 4  },
				    { "model": "block/acacia_log/acacia_log3", "x": 90, "y": 90, "weight": 8  }
			]
    
	}

}
