{
    
	"variants": {
        
		"axis=y":   [ { "model": "block/oak_log", "weight": 100 },
			      { "model": "block/oak_log/oak_log1", "weight": 1 },
			      { "model": "block/oak_log/oak_log2", "weight": 8 },
			      { "model": "block/oak_log/oak_log3", "weight": 14 }
		],    
		"axis=z":   [ { "model": "block/oak_log", "x": 90, "weight": 100 },

        		      { "model": "block/oak_log/oak_log1", "x": 90, "weight": 1 },
			      { "model": "block/oak_log/oak_log2", "x": 90, "weight": 8 },
			      { "model": "block/oak_log/oak_log3", "x": 90, "weight": 14 }
		],
		"axis=x":   [ { "model": "block/oak_log", "x": 90, "y": 90, "weight": 100 },
			      { "model": "block/oak_log/oak_log1", "x": 90, "y": 90, "weight": 1 },
			      { "model": "block/oak_log/oak_log2", "x": 90, "y": 90, "weight": 8 },
			      { "model": "block/oak_log/oak_log3", "x": 90, "y": 90, "weight": 14 }
		]
		       
		 
	}

}
