{
    
	"variants": {
        
		"axis=y": [     { "model": "block/spruce_log", "weight": 50 },

        			{ "model": "block/spruce_log/spruce_log1", "weight": 8 },
				{ "model": "block/spruce_log/spruce_log2", "weight": 6 }
		],
		"axis=z": [     { "model": "block/spruce_log", "x": 90, "weight": 50 },
				{ "model": "block/spruce_log/spruce_log1", "x": 90, "weight": 8 },

        			{ "model": "block/spruce_log/spruce_log2", "x": 90, "weight": 6 }
		],
		"axis=x": [     { "model": "block/spruce_log", "x": 90, "y": 90, "weight": 50 }
,
  				{ "model": "block/spruce_log/spruce_log1", "x": 90, "y": 90, "weight": 8 }
,
				{ "model": "block/spruce_log/spruce_log2", "x": 90, "y": 90, "weight": 6 }

		]  
	}

}
