{
    
	"variants": {
        
		"east=false,north=false,south=false,up=false,west=false": 
		[
			{ "model": "block/vine_1", "weight": 2},
			{"model": "block/vine_small/vine1", "weight": 1} 
		],       
		"east=false,north=false,south=true,up=false,west=false": 
		[ 
			{"model": "block/vine_1", "weight": 2},
			{"model": "block/vine_small/vine1", "weight": 1} 
		],
        
		"east=false,north=false,south=false,up=false,west=true": 
		[ 
			{"model": "block/vine_1", "y": 90, "weight": 2},
			{"model": "block/vine_small/vine1", "y": 90, "weight": 1} 
		],
        
		"east=false,north=true,south=false,up=false,west=false": 
		[ 
			{"model": "block/vine_1", "y": 180, "weight": 2},
			{"model": "block/vine_small/vine1", "y": 180, "weight": 1} 
		],
        
		"east=true,north=false,south=false,up=false,west=false": 
		[ 
			{"model": "block/vine_1", "y": 270, "weight": 2},
			{"model": "block/vine_small/vine1", "y": 270, "weight": 1} 
		],
        
		"east=true,north=true,south=false,up=false,west=false": 
		[ 
			{"model": "block/vine_2", "weight": 2},
			{"model": "block/vine_small/vine2", "weight": 1} 
		],
        
		"east=true,north=false,south=true,up=false,west=false": 
		[ 
			{"model": "block/vine_2", "y": 90, "weight": 2},
			{"model": "block/vine_small/vine2", "y": 90, "weight": 1} 
		],
        
		"east=false,north=false,south=true,up=false,west=true": 
		[ 
			{"model": "block/vine_2", "y": 180, "weight": 2},
			{"model": "block/vine_small/vine2", "y": 180, "weight": 1} 
		],
        
		"east=false,north=true,south=false,up=false,west=true": 
		[ 
			{"model": "block/vine_2", "y": 270, "weight": 2},
			{"model": "block/vine_small/vine2", "y": 270, "weight": 1} 
		],
        
		"east=true,north=false,south=false,up=false,west=true": 
		[ 
			{"model": "block/vine_2_opposite", "weight": 2},
			{"model": "block/vine_small/vine2_opposite", "weight": 1} 
		],
        
		"east=false,north=true,south=true,up=false,west=false": 
		[ 
			{"model": "block/vine_2_opposite", "y": 90, "weight": 2},
			{"model": "block/vine_small/vine2_opposite", "y": 90, "weight": 1} 
		],
        
		"east=true,north=true,south=true,up=false,west=false": 
		[ 
			{"model": "block/vine_3", "weight": 2},
			{"model": "block/vine_small/vine3", "weight": 1} 
		],
        
		"east=true,north=false,south=true,up=false,west=true": 
		[ 
			{"model": "block/vine_3", "y": 90, "weight": 2},
			{"model": "block/vine_small/vine3", "y": 90, "weight": 1} 
		],
        
		"east=false,north=true,south=true,up=false,west=true": 
		[ 
			{"model": "block/vine_3", "y": 180, "weight": 2},
			{"model": "block/vine_small/vine3", "y": 180, "weight": 1} 
		],
        
		"east=true,north=true,south=false,up=false,west=true": 
		[ 
			{"model": "block/vine_3", "y": 270, "weight": 2},
			{"model": "block/vine_small/vine3", "y": 270, "weight": 1} 
		],
        
		"east=true,north=true,south=true,up=false,west=true": 
		[ 
			{"model": "block/vine_4", "weight": 2},
			{"model": "block/vine_small/vine4", "weight": 1} 
		],
        
		"east=false,north=false,south=false,up=true,west=false": 
		[ 
			{"model": "block/vine_u", "weight": 2},
			{"model": "block/vine_small/vineu", "weight": 1} 
		],
        
		"east=false,north=false,south=true,up=true,west=false": 
		[ 
			{"model": "block/vine_1u", "weight": 2},
			{"model": "block/vine_small/vine1u", "weight": 1} 
		],
        
		"east=false,north=false,south=false,up=true,west=true": 
		[ 
			{"model": "block/vine_1u", "y": 90, "weight": 2},
			{"model": "block/vine_small/vine1u", "y": 90, "weight": 1} 
		],
        
		"east=false,north=true,south=false,up=true,west=false": 
		[ 
			{"model": "block/vine_1u", "y": 180, "weight": 2},
			{"model": "block/vine_small/vine1u", "y": 180, "weight": 1} 
		],
        
		"east=true,north=false,south=false,up=true,west=false": 
		[ 
			{"model": "block/vine_1u", "y": 270, "weight": 2},
			{"model": "block/vine_small/vine1u", "y": 270, "weight": 1} 
		],
        
		"east=true,north=true,south=false,up=true,west=false": 
		[ 
			{"model": "block/vine_2u", "weight": 2},
			{"model": "block/vine_small/vine2u", "weight": 1} 
		],
        
		"east=true,north=false,south=true,up=true,west=false": 
		[ 
			{"model": "block/vine_2u", "y": 90, "weight": 2},
			{"model": "block/vine_small/vine2u", "y": 90, "weight": 1} 
		],
        
		"east=false,north=false,south=true,up=true,west=true": 
		[ 
			{"model": "block/vine_2u", "y": 180, "weight": 2},
			{"model": "block/vine_small/vine2u", "y": 180, "weight": 1} 
		],
        
		"east=false,north=true,south=false,up=true,west=true": 
		[ 
			{"model": "block/vine_2u", "y": 270, "weight": 2},
			{"model": "block/vine_small/vine2u", "y": 270, "weight": 1} 
		],
        
		"east=true,north=false,south=false,up=true,west=true": 
		[ 
			{"model": "block/vine_2u_opposite", "weight": 2},
			{"model": "block/vine_small/vine2u_opposite", "weight": 1} 
		],
        
		"east=false,north=true,south=true,up=true,west=false": 
		[ 
			{"model": "block/vine_2u_opposite", "y": 90, "weight": 2},
			{"model": "block/vine_small/vine2u_opposite", "y": 90, "weight": 1} 
		],
        
		"east=true,north=true,south=true,up=true,west=false": 
		[ 
			{"model": "block/vine_3u", "weight": 2},
			{"model": "block/vine_small/vine3u", "weight": 1} 
		],
        
		"east=true,north=false,south=true,up=true,west=true": 
		[ 
			{"model": "block/vine_3u", "y": 90, "weight": 2},
			{"model": "block/vine_small/vine3u", "y": 90, "weight": 1} 
		],
        
		"east=false,north=true,south=true,up=true,west=true": 
		[ 
			{"model": "block/vine_3u", "y": 180, "weight": 2},
			{"model": "block/vine_small/vine3u", "y": 180, "weight": 1} 
		],
        
		"east=true,north=true,south=false,up=true,west=true": 
		[ 
			{"model": "block/vine_3u", "y": 270, "weight": 2},
			{"model": "block/vine_small/vine3u", "y": 270, "weight": 1} 
		],
        
		"east=true,north=true,south=true,up=true,west=true": 
		[ 
			{"model": "block/vine_4u", "weight": 2},
			{"model": "block/vine_small/vine4u", "weight": 1} 
		]
		
    
	}

}
