{
  "variants": {
    "axis=x": [ 
		{"model": "minecraft:block/warped_stem","x": 90,"y": 90, "weight": 100},
		{ "model": "block/warped_stem/warped_stem_2","x": 90,"y": 90, "weight": 2  },
		{ "model": "block/warped_stem/warped_stem_3","x": 90,"y": 90, "weight": 2  }
		],
		
    "axis=y": [
		{"model": "minecraft:block/warped_stem", "weight": 100 },
		{ "model": "block/warped_stem/warped_stem_2", "weight": 2  },
		{ "model": "block/warped_stem/warped_stem_3", "weight": 2  }
		],
		
    "axis=z": [
		{"model": "minecraft:block/warped_stem","x": 90, "weight": 100},
		{ "model": "block/warped_stem/warped_stem_2","x": 90, "weight": 2  },
		{ "model": "block/warped_stem/warped_stem_3","x": 90, "weight": 2  }
		]
  }
}