{
    "variants": {
        "facing=east,half=bottom,shape=straight":  [ { "model": "block/brick_stairs", "weight": 25 },
				{ "model": "block/brick_stairs1", "weight": 1 },
				{ "model": "block/brick_stairs2", "weight": 1 },
				{ "model": "block/brick_stairs3", "weight": 1 },
				{ "model": "block/brick_stairs", "weight": 1 },
				{ "model": "block/brick_stairs5", "weight": 1 },
				{ "model": "block/brick_stairs4", "weight": 1 }
				],
        "facing=west,half=bottom,shape=straight":  [ { "model": "block/brick_stairs", "weight": 25, "y": 180, "uvlock": true },
				{ "model": "block/brick_stairs1", "weight": 1, "y": 180, "uvlock": true },
				{ "model": "block/brick_stairs2", "weight": 1, "y": 180, "uvlock": true },
				{ "model": "block/brick_stairs3", "weight": 1, "y": 180, "uvlock": true },
				{ "model": "block/brick_stairs5", "weight": 1, "y": 180, "uvlock": true },
				{ "model": "block/brick_stairs4", "weight": 1, "y": 180, "uvlock": true },
				{ "model": "block/brick_stairs", "weight": 1, "y": 180, "uvlock": true }
				],
        "facing=south,half=bottom,shape=straight": [ { "model": "block/brick_stairs", "weight": 25, "y": 90, "uvlock": true },
				{ "model": "block/brick_stairs1", "weight": 1, "y": 90, "uvlock": true },
				{ "model": "block/brick_stairs2", "weight": 1, "y": 90, "uvlock": true },
				{ "model": "block/brick_stairs3", "weight": 1, "y": 90, "uvlock": true },
				{ "model": "block/brick_stairs5", "weight": 1, "y": 90, "uvlock": true },
				{ "model": "block/brick_stairs4", "weight": 1, "y": 90, "uvlock": true },
				{ "model": "block/brick_stairs", "weight": 1, "y": 90, "uvlock": true }
				],
        "facing=north,half=bottom,shape=straight": [ { "model": "block/brick_stairs", "weight": 25, "y": 270, "uvlock": true },
				{ "model": "block/brick_stairs1", "weight": 1, "y": 270, "uvlock": true },
				{ "model": "block/brick_stairs2", "weight": 1, "y": 270, "uvlock": true },
				{ "model": "block/brick_stairs3", "weight": 1, "y": 270, "uvlock": true },
				{ "model": "block/brick_stairs5", "weight": 1, "y": 270, "uvlock": true },
				{ "model": "block/brick_stairs4", "weight": 1, "y": 270, "uvlock": true },
				{ "model": "block/brick_stairs", "weight": 1, "y": 270, "uvlock": true }
				],
        "facing=east,half=bottom,shape=outer_right":  [ { "model": "block/brick_stairs_outer", "weight": 25 },
				{ "model": "block/brick_stairs_outer1", "weight": 1 },
				{ "model": "block/brick_stairs_outer2", "weight": 1 },
				{ "model": "block/brick_stairs_outer3", "weight": 1 },
				{ "model": "block/brick_stairs_outer5", "weight": 1 },
				{ "model": "block/brick_stairs_outer4", "weight": 1 },
				{ "model": "block/brick_stairs_outer", "weight": 1 }
				],
        "facing=west,half=bottom,shape=outer_right":  [ { "model": "block/brick_stairs_outer", "weight": 25, "y": 180, "uvlock": true },
				{ "model": "block/brick_stairs_outer1", "weight": 1, "y": 180, "uvlock": true },
				{ "model": "block/brick_stairs_outer2", "weight": 1, "y": 180, "uvlock": true },
				{ "model": "block/brick_stairs_outer3", "weight": 1, "y": 180, "uvlock": true },
				{ "model": "block/brick_stairs_outer5", "weight": 1, "y": 180, "uvlock": true },
				{ "model": "block/brick_stairs_outer4", "weight": 1, "y": 180, "uvlock": true },
				{ "model": "block/brick_stairs_outer", "weight": 1, "y": 180, "uvlock": true }
				],
        "facing=south,half=bottom,shape=outer_right": [ { "model": "block/brick_stairs_outer", "weight": 25, "y": 90, "uvlock": true },
				{ "model": "block/brick_stairs_outer1", "weight": 1, "y": 90, "uvlock": true },
				{ "model": "block/brick_stairs_outer2", "weight": 1, "y": 90, "uvlock": true },
				{ "model": "block/brick_stairs_outer3", "weight": 1, "y": 90, "uvlock": true },
    		{ "model": "block/brick_stairs_outer4", "weight": 1, "y": 90, "uvlock": true },
				{ "model": "block/brick_stairs_outer5", "weight": 1, "y": 90, "uvlock": true },
				{ "model": "block/brick_stairs_outer", "weight": 1, "y": 90, "uvlock": true }
				],
        "facing=north,half=bottom,shape=outer_right": [ { "model": "block/brick_stairs_outer", "weight": 25, "y": 270, "uvlock": true },
				{ "model": "block/brick_stairs_outer1", "weight": 1, "y": 270, "uvlock": true },
				{ "model": "block/brick_stairs_outer2", "weight": 1, "y": 270, "uvlock": true },
				{ "model": "block/brick_stairs_outer3", "weight": 1, "y": 270, "uvlock": true },
				{ "model": "block/brick_stairs_outer4", "weight": 1, "y": 270, "uvlock": true },
				{ "model": "block/brick_stairs_outer5", "weight": 1, "y": 270, "uvlock": true },
				{ "model": "block/brick_stairs_outer", "weight": 1, "y": 270, "uvlock": true }
				],
        "facing=east,half=bottom,shape=outer_left":  [ { "model": "block/brick_stairs_outer", "weight": 25, "y": 270, "uvlock": true },
				{ "model": "block/brick_stairs_outer1", "weight": 1, "y": 270, "uvlock": true },
				{ "model": "block/brick_stairs_outer2", "weight": 1, "y": 270, "uvlock": true },
				{ "model": "block/brick_stairs_outer3", "weight": 1, "y": 270, "uvlock": true },
				{ "model": "block/brick_stairs_outer5", "weight": 1, "y": 270, "uvlock": true },
				{ "model": "block/brick_stairs_outer4", "weight": 1, "y": 270, "uvlock": true },
				{ "model": "block/brick_stairs_outer", "weight": 1, "y": 270, "uvlock": true }
				],
        "facing=west,half=bottom,shape=outer_left":  [ { "model": "block/brick_stairs_outer", "weight": 25, "y": 90, "uvlock": true },
				{ "model": "block/brick_stairs_outer1", "weight": 1, "y": 90, "uvlock": true },
				{ "model": "block/brick_stairs_outer2", "weight": 1, "y": 90, "uvlock": true },
				{ "model": "block/brick_stairs_outer3", "weight": 1, "y": 90, "uvlock": true },
				{ "model": "block/brick_stairs_outer4", "weight": 1, "y": 90, "uvlock": true },
				{ "model": "block/brick_stairs_outer5", "weight": 1, "y": 90, "uvlock": true },
				{ "model": "block/brick_stairs_outer", "weight": 1, "y": 90, "uvlock": true }
				],
        "facing=south,half=bottom,shape=outer_left": [ { "model": "block/brick_stairs_outer", "weight": 25 },
				{ "model": "block/brick_stairs_outer1", "weight": 1 },
				{ "model": "block/brick_stairs_outer2", "weight": 1 },
				{ "model": "block/brick_stairs_outer3", "weight": 1 },
				{ "model": "block/brick_stairs_outer5", "weight": 1 },
				{ "model": "block/brick_stairs_outer4", "weight": 1 },
				{ "model": "block/brick_stairs_outer", "weight": 1 }
				],
        "facing=north,half=bottom,shape=outer_left": [ { "model": "block/brick_stairs_outer", "weight": 25, "y": 180, "uvlock": true },
				{ "model": "block/brick_stairs_outer1", "weight": 1, "y": 180, "uvlock": true },
				{ "model": "block/brick_stairs_outer2", "weight": 1, "y": 180, "uvlock": true },
				{ "model": "block/brick_stairs_outer3", "weight": 1, "y": 180, "uvlock": true },
				{ "model": "block/brick_stairs_outer5", "weight": 1, "y": 180, "uvlock": true },
				{ "model": "block/brick_stairs_outer4", "weight": 1, "y": 180, "uvlock": true },
				{ "model": "block/brick_stairs_outer", "weight": 1, "y": 180, "uvlock": true }
				],
        "facing=east,half=bottom,shape=inner_right":  [ { "model": "block/brick_stairs_inner", "weight": 25 },
				{ "model": "block/brick_stairs_inner1", "weight": 1 },
				{ "model": "block/brick_stairs_inner2", "weight": 1 },
				{ "model": "block/brick_stairs_inner3", "weight": 1 },
				{ "model": "block/brick_stairs_inner5", "weight": 1 },
				{ "model": "block/brick_stairs_inner4", "weight": 1 },
				{ "model": "block/brick_stairs_inner", "weight": 1 }
				],
        "facing=west,half=bottom,shape=inner_right":  [ { "model": "block/brick_stairs_inner", "weight": 25, "y": 180, "uvlock": true },
				{ "model": "block/brick_stairs_inner1", "weight": 1, "y": 180, "uvlock": true },
				{ "model": "block/brick_stairs_inner2", "weight": 1, "y": 180, "uvlock": true },
				{ "model": "block/brick_stairs_inner3", "weight": 1, "y": 180, "uvlock": true },
				{ "model": "block/brick_stairs_inner5", "weight": 1, "y": 180, "uvlock": true },
				{ "model": "block/brick_stairs_inner4", "weight": 1, "y": 180, "uvlock": true },
				{ "model": "block/brick_stairs_inner", "weight": 1, "y": 180, "uvlock": true }
				],
        "facing=south,half=bottom,shape=inner_right": [ { "model": "block/brick_stairs_inner", "weight": 25, "y": 90, "uvlock": true },
				{ "model": "block/brick_stairs_inner1", "weight": 1, "y": 90, "uvlock": true },
				{ "model": "block/brick_stairs_inner2", "weight": 1, "y": 90, "uvlock": true },
				{ "model": "block/brick_stairs_inner3", "weight": 1, "y": 90, "uvlock": true },
				{ "model": "block/brick_stairs_inner5", "weight": 1, "y": 90, "uvlock": true },
    		{ "model": "block/brick_stairs_inner4", "weight": 1, "y": 90, "uvlock": true },
				{ "model": "block/brick_stairs_inner", "weight": 1, "y": 90, "uvlock": true }
				],
        "facing=north,half=bottom,shape=inner_right": [ { "model": "block/brick_stairs_inner", "weight": 25, "y": 270, "uvlock": true },
				{ "model": "block/brick_stairs_inner1", "weight": 1, "y": 270, "uvlock": true },
				{ "model": "block/brick_stairs_inner2", "weight": 1, "y": 270, "uvlock": true },
				{ "model": "block/brick_stairs_inner3", "weight": 1, "y": 270, "uvlock": true },
				{ "model": "block/brick_stairs_inner4", "weight": 1, "y": 270, "uvlock": true },
				{ "model": "block/brick_stairs_inner5", "weight": 1, "y": 270, "uvlock": true },
				{ "model": "block/brick_stairs_inner", "weight": 1, "y": 270, "uvlock": true }
				],
        "facing=east,half=bottom,shape=inner_left":  [ { "model": "block/brick_stairs_inner", "weight": 25, "y": 270, "uvlock": true },
				{ "model": "block/brick_stairs_inner1", "weight": 1, "y": 270, "uvlock": true },
				{ "model": "block/brick_stairs_inner2", "weight": 1, "y": 270, "uvlock": true },
				{ "model": "block/brick_stairs_inner3", "weight": 1, "y": 270, "uvlock": true },
				{ "model": "block/brick_stairs_inner5", "weight": 1, "y": 270, "uvlock": true },
				{ "model": "block/brick_stairs_inner4", "weight": 1, "y": 270, "uvlock": true },
				{ "model": "block/brick_stairs_inner", "weight": 1, "y": 270, "uvlock": true }
				],
        "facing=west,half=bottom,shape=inner_left":  [ { "model": "block/brick_stairs_inner", "weight": 25, "y": 90, "uvlock": true },
				{ "model": "block/brick_stairs_inner1", "weight": 1, "y": 90, "uvlock": true },
				{ "model": "block/brick_stairs_inner2", "weight": 1, "y": 90, "uvlock": true },
				{ "model": "block/brick_stairs_inner3", "weight": 1, "y": 90, "uvlock": true },
				{ "model": "block/brick_stairs_inner5", "weight": 1, "y": 90, "uvlock": true },
				{ "model": "block/brick_stairs_inner4", "weight": 1, "y": 90, "uvlock": true },
				{ "model": "block/brick_stairs_inner", "weight": 1, "y": 90, "uvlock": true }
				],
        "facing=south,half=bottom,shape=inner_left": [ { "model": "block/brick_stairs_inner", "weight": 25 },
				{ "model": "block/brick_stairs_inner1", "weight": 1 },
				{ "model": "block/brick_stairs_inner2", "weight": 1 },
				{ "model": "block/brick_stairs_inner3", "weight": 1 },
				{ "model": "block/brick_stairs_inner5", "weight": 1 },
				{ "model": "block/brick_stairs_inner4", "weight": 1 },
				{ "model": "block/brick_stairs_inner", "weight": 1 }
				],
        "facing=north,half=bottom,shape=inner_left": [ { "model": "block/brick_stairs_inner", "weight": 25, "y": 180, "uvlock": true },
				{ "model": "block/brick_stairs_inner1", "weight": 1, "y": 180, "uvlock": true },
				{ "model": "block/brick_stairs_inner2", "weight": 1, "y": 180, "uvlock": true },
				{ "model": "block/brick_stairs_inner3", "weight": 1, "y": 180, "uvlock": true },
				{ "model": "block/brick_stairs_inner4", "weight": 1, "y": 180, "uvlock": true },
				{ "model": "block/brick_stairs_inner5", "weight": 1, "y": 180, "uvlock": true },
				{ "model": "block/brick_stairs_inner", "weight": 1, "y": 180, "uvlock": true }
				],
        "facing=east,half=top,shape=straight":  [ { "model": "block/brick_stairs", "weight": 25, "x": 180, "uvlock": true },
				{ "model": "block/brick_stairs1", "weight": 1, "x": 180, "uvlock": true },
				{ "model": "block/brick_stairs2", "weight": 1, "x": 180, "uvlock": true },
				{ "model": "block/brick_stairs3", "weight": 1, "x": 180, "uvlock": true },
				{ "model": "block/brick_stairs5", "weight": 1, "x": 180, "uvlock": true },
				{ "model": "block/brick_stairs4", "weight": 1, "x": 180, "uvlock": true },
				{ "model": "block/brick_stairs", "weight": 1, "x": 180, "uvlock": true }
				],
        "facing=west,half=top,shape=straight":  [ { "model": "block/brick_stairs", "weight": 25, "x": 180, "y": 180, "uvlock": true },
				{ "model": "block/brick_stairs1", "weight": 1, "x": 180, "y": 180, "uvlock": true },
				{ "model": "block/brick_stairs2", "weight": 1, "x": 180, "y": 180, "uvlock": true },
				{ "model": "block/brick_stairs3", "weight": 1, "x": 180, "y": 180, "uvlock": true },
				{ "model": "block/brick_stairs5", "weight": 1, "x": 180, "y": 180, "uvlock": true },
				{ "model": "block/brick_stairs4", "weight": 1, "x": 180, "y": 180, "uvlock": true },
				{ "model": "block/brick_stairs", "weight": 1, "x": 180, "y": 180, "uvlock": true }
				],
        "facing=south,half=top,shape=straight": [ { "model": "block/brick_stairs", "weight": 25, "x": 180, "y": 90, "uvlock": true },
				{ "model": "block/brick_stairs1", "weight": 1, "x": 180, "y": 90, "uvlock": true },
				{ "model": "block/brick_stairs2", "weight": 1, "x": 180, "y": 90, "uvlock": true },
				{ "model": "block/brick_stairs3", "weight": 1, "x": 180, "y": 90, "uvlock": true },
				{ "model": "block/brick_stairs5", "weight": 1, "x": 180, "y": 90, "uvlock": true },
				{ "model": "block/brick_stairs4", "weight": 1, "x": 180, "y": 90, "uvlock": true },
				{ "model": "block/brick_stairs", "weight": 1, "x": 180, "y": 90, "uvlock": true }
				],
        "facing=north,half=top,shape=straight": [ { "model": "block/brick_stairs", "weight": 25, "x": 180, "y": 270, "uvlock": true },
				{ "model": "block/brick_stairs1", "weight": 1, "x": 180, "y": 270, "uvlock": true },
				{ "model": "block/brick_stairs2", "weight": 1, "x": 180, "y": 270, "uvlock": true },
				{ "model": "block/brick_stairs3", "weight": 1, "x": 180, "y": 270, "uvlock": true },
				{ "model": "block/brick_stairs5", "weight": 1, "x": 180, "y": 270, "uvlock": true },
				{ "model": "block/brick_stairs4", "weight": 1, "x": 180, "y": 270, "uvlock": true },
				{ "model": "block/brick_stairs", "weight": 1, "x": 180, "y": 270, "uvlock": true }
				],
        "facing=east,half=top,shape=outer_right":  [ { "model": "block/brick_stairs_outer", "weight": 25, "x": 180, "y": 90, "uvlock": true },
				{ "model": "block/brick_stairs_outer1", "weight": 1, "x": 180, "y": 90, "uvlock": true },
				{ "model": "block/brick_stairs_outer2", "weight": 1, "x": 180, "y": 90, "uvlock": true },
				{ "model": "block/brick_stairs_outer3", "weight": 1, "x": 180, "y": 90, "uvlock": true },
				{ "model": "block/brick_stairs_outer5", "weight": 1, "x": 180, "y": 90, "uvlock": true },
				{ "model": "block/brick_stairs_outer4", "weight": 1, "x": 180, "y": 90, "uvlock": true },
				{ "model": "block/brick_stairs_outer", "weight": 1, "x": 180, "y": 90, "uvlock": true }
				],
        "facing=west,half=top,shape=outer_right":  [ { "model": "block/brick_stairs_outer", "weight": 25, "x": 180, "y": 270, "uvlock": true },
				{ "model": "block/brick_stairs_outer1", "weight": 1, "x": 180, "y": 270, "uvlock": true },
				{ "model": "block/brick_stairs_outer2", "weight": 1, "x": 180, "y": 270, "uvlock": true },
				{ "model": "block/brick_stairs_outer3", "weight": 1, "x": 180, "y": 270, "uvlock": true },
				{ "model": "block/brick_stairs_outer5", "weight": 1, "x": 180, "y": 270, "uvlock": true },
				{ "model": "block/brick_stairs_outer4", "weight": 1, "x": 180, "y": 270, "uvlock": true },
				{ "model": "block/brick_stairs_outer", "weight": 1, "x": 180, "y": 270, "uvlock": true }
				],
        "facing=south,half=top,shape=outer_right": [ { "model": "block/brick_stairs_outer", "weight": 25, "x": 180, "y": 180, "uvlock": true },
				{ "model": "block/brick_stairs_outer1", "weight": 1, "x": 180, "y": 180, "uvlock": true },
				{ "model": "block/brick_stairs_outer2", "weight": 1, "x": 180, "y": 180, "uvlock": true },
				{ "model": "block/brick_stairs_outer3", "weight": 1, "x": 180, "y": 180, "uvlock": true },
				{ "model": "block/brick_stairs_outer5", "weight": 1, "x": 180, "y": 270, "uvlock": true },
				{ "model": "block/brick_stairs_outer4", "weight": 1, "x": 180, "y": 270, "uvlock": true },
				{ "model": "block/brick_stairs_outer", "weight": 1, "x": 180, "y": 180, "uvlock": true }
				],
        "facing=north,half=top,shape=outer_right": [ { "model": "block/brick_stairs_outer", "weight": 25, "x": 180, "uvlock": true },
				{ "model": "block/brick_stairs_outer1", "weight": 1, "x": 180, "uvlock": true },
				{ "model": "block/brick_stairs_outer2", "weight": 1, "x": 180, "uvlock": true },
				{ "model": "block/brick_stairs_outer3", "weight": 1, "x": 180, "uvlock": true },
				{ "model": "block/brick_stairs_outer5", "weight": 1, "x": 180, "uvlock": true },
				{ "model": "block/brick_stairs_outer4", "weight": 1, "x": 180, "uvlock": true },
				{ "model": "block/brick_stairs_outer", "weight": 1, "x": 180, "uvlock": true }
				],
        "facing=east,half=top,shape=outer_left":  [ { "model": "block/brick_stairs_outer", "weight": 25, "x": 180, "uvlock": true },
				{ "model": "block/brick_stairs_outer1", "weight": 1, "x": 180, "uvlock": true },
				{ "model": "block/brick_stairs_outer2", "weight": 1, "x": 180, "uvlock": true },
				{ "model": "block/brick_stairs_outer3", "weight": 1, "x": 180, "uvlock": true },
				{ "model": "block/brick_stairs_outer5", "weight": 1, "x": 180, "uvlock": true },
				{ "model": "block/brick_stairs_outer4", "weight": 1, "x": 180, "uvlock": true },
				{ "model": "block/brick_stairs_outer", "weight": 1, "x": 180, "uvlock": true }
				],
        "facing=west,half=top,shape=outer_left":  [ { "model": "block/brick_stairs_outer", "weight": 25, "x": 180, "y": 180, "uvlock": true },
				{ "model": "block/brick_stairs_outer1", "weight": 1, "x": 180, "y": 180, "uvlock": true },
				{ "model": "block/brick_stairs_outer2", "weight": 1, "x": 180, "y": 180, "uvlock": true },
				{ "model": "block/brick_stairs_outer3", "weight": 1, "x": 180, "y": 180, "uvlock": true },
				{ "model": "block/brick_stairs_outer5", "weight": 1, "x": 180, "y": 180, "uvlock": true },
				{ "model": "block/brick_stairs_outer4", "weight": 1, "x": 180, "y": 180, "uvlock": true },
				{ "model": "block/brick_stairs_outer", "weight": 1, "x": 180, "y": 180, "uvlock": true }
				],
        "facing=south,half=top,shape=outer_left": [{ "model": "block/brick_stairs_outer", "weight": 25, "x": 180, "y": 90, "uvlock": true },
				{ "model": "block/brick_stairs_outer1", "weight": 1, "x": 180, "y": 90, "uvlock": true },
				{ "model": "block/brick_stairs_outer2", "weight": 1, "x": 180, "y": 90, "uvlock": true },
				{ "model": "block/brick_stairs_outer3", "weight": 1, "x": 180, "y": 90, "uvlock": true },
				{ "model": "block/brick_stairs_outer5", "weight": 1, "x": 180, "y": 90, "uvlock": true },
				{ "model": "block/brick_stairs_outer4", "weight": 1, "x": 180, "y": 90, "uvlock": true },
				{ "model": "block/brick_stairs_outer", "weight": 1, "x": 180, "y": 90, "uvlock": true }
				],
        "facing=north,half=top,shape=outer_left": [ { "model": "block/brick_stairs_outer", "weight": 25, "x": 180, "y": 270, "uvlock": true },
				{ "model": "block/brick_stairs_outer1", "weight": 1, "x": 180, "y": 270, "uvlock": true },
				{ "model": "block/brick_stairs_outer2", "weight": 1, "x": 180, "y": 270, "uvlock": true },
				{ "model": "block/brick_stairs_outer3", "weight": 1, "x": 180, "y": 270, "uvlock": true },
				{ "model": "block/brick_stairs_outer5", "weight": 1, "x": 180, "y": 270, "uvlock": true },
				{ "model": "block/brick_stairs_outer4", "weight": 1, "x": 180, "y": 270, "uvlock": true },
				{ "model": "block/brick_stairs_outer", "weight": 1, "x": 180, "y": 270, "uvlock": true }
				],
        "facing=east,half=top,shape=inner_right":  [ { "model": "block/brick_stairs_inner", "weight": 25, "x": 180, "y": 90, "uvlock": true },
				{ "model": "block/brick_stairs_inner1", "weight": 1, "x": 180, "y": 90, "uvlock": true },
				{ "model": "block/brick_stairs_inner2", "weight": 1, "x": 180, "y": 90, "uvlock": true },
				{ "model": "block/brick_stairs_inner3", "weight": 1, "x": 180, "y": 90, "uvlock": true },
				{ "model": "block/brick_stairs_inner5", "weight": 1, "x": 180, "y": 90, "uvlock": true },
				{ "model": "block/brick_stairs_inner4", "weight": 1, "x": 180, "y": 90, "uvlock": true },
				{ "model": "block/brick_stairs_inner", "weight": 1, "x": 180, "y": 90, "uvlock": true }
				],
        "facing=west,half=top,shape=inner_right":  [ { "model": "block/brick_stairs_inner", "weight": 25, "x": 180, "y": 270, "uvlock": true },
				{ "model": "block/brick_stairs_inner1", "weight": 1, "x": 180, "y": 270, "uvlock": true },
				{ "model": "block/brick_stairs_inner2", "weight": 1, "x": 180, "y": 270, "uvlock": true },
				{ "model": "block/brick_stairs_inner3", "weight": 1, "x": 180, "y": 270, "uvlock": true },
				{ "model": "block/brick_stairs_inner5", "weight": 1, "x": 180, "y": 270, "uvlock": true },
				{ "model": "block/brick_stairs_inner4", "weight": 1, "x": 180, "y": 270, "uvlock": true },
				{ "model": "block/brick_stairs_inner", "weight": 1, "x": 180, "y": 270, "uvlock": true }
				],
        "facing=south,half=top,shape=inner_right": [ { "model": "block/brick_stairs_inner", "weight": 25, "x": 180, "y": 180, "uvlock": true },
				{ "model": "block/brick_stairs_inner1", "weight": 1, "x": 180, "y": 180, "uvlock": true },
				{ "model": "block/brick_stairs_inner2", "weight": 1, "x": 180, "y": 180, "uvlock": true },
				{ "model": "block/brick_stairs_inner3", "weight": 1, "x": 180, "y": 180, "uvlock": true },
				{ "model": "block/brick_stairs_inner5", "weight": 1, "x": 180, "y": 180, "uvlock": true },
				{ "model": "block/brick_stairs_inner4", "weight": 1, "x": 180, "y": 180, "uvlock": true },
				{ "model": "block/brick_stairs_inner", "weight": 1, "x": 180, "y": 180, "uvlock": true }
				],
        "facing=north,half=top,shape=inner_right": [ { "model": "block/brick_stairs_inner", "weight": 25, "x": 180, "uvlock": true },
				{ "model": "block/brick_stairs_inner1", "weight": 1, "x": 180, "uvlock": true },
				{ "model": "block/brick_stairs_inner2", "weight": 1, "x": 180, "uvlock": true },
				{ "model": "block/brick_stairs_inner3", "weight": 1, "x": 180, "uvlock": true },
				{ "model": "block/brick_stairs_inner5", "weight": 1, "x": 180, "uvlock": true },
				{ "model": "block/brick_stairs_inner4", "weight": 1, "x": 180, "uvlock": true },
				{ "model": "block/brick_stairs_inner2", "weight": 1, "x": 180, "uvlock": true }
				],
        "facing=east,half=top,shape=inner_left":  [ { "model": "block/brick_stairs_inner", "weight": 25, "x": 180, "uvlock": true },
				{ "model": "block/brick_stairs_inner1", "weight": 1, "x": 180, "uvlock": true },
				{ "model": "block/brick_stairs_inner2", "weight": 1, "x": 180, "uvlock": true },
				{ "model": "block/brick_stairs_inner3", "weight": 1, "x": 180, "uvlock": true },
				{ "model": "block/brick_stairs_inner5", "weight": 1, "x": 180, "uvlock": true },
				{ "model": "block/brick_stairs_inner4", "weight": 1, "x": 180, "uvlock": true },
				{ "model": "block/brick_stairs_inner", "weight": 1, "x": 180, "uvlock": true }
				],
        "facing=west,half=top,shape=inner_left":  [ { "model": "block/brick_stairs_inner", "weight": 25, "x": 180, "y": 180, "uvlock": true },
				{ "model": "block/brick_stairs_inner1", "weight": 1, "x": 180, "y": 180, "uvlock": true },
				{ "model": "block/brick_stairs_inner2", "weight": 1, "x": 180, "y": 180, "uvlock": true },
				{ "model": "block/brick_stairs_inner3", "weight": 1, "x": 180, "y": 180, "uvlock": true },
				{ "model": "block/brick_stairs_inner4", "weight": 1, "x": 180, "y": 180, "uvlock": true },
				{ "model": "block/brick_stairs_inner5", "weight": 1, "x": 180, "y": 180, "uvlock": true },
				{ "model": "block/brick_stairs_inner", "weight": 1, "x": 180, "y": 180, "uvlock": true }
				],
        "facing=south,half=top,shape=inner_left": [ { "model": "block/brick_stairs_inner", "weight": 25, "x": 180, "y": 90, "uvlock": true },
				{ "model": "block/brick_stairs_inner1", "weight": 1, "x": 180, "y": 90, "uvlock": true },
				{ "model": "block/brick_stairs_inner2", "weight": 1, "x": 180, "y": 90, "uvlock": true },
				{ "model": "block/brick_stairs_inner3", "weight": 1, "x": 180, "y": 90, "uvlock": true },
				{ "model": "block/brick_stairs_inner5", "weight": 1, "x": 180, "y": 90, "uvlock": true },
				{ "model": "block/brick_stairs_inner4", "weight": 1, "x": 180, "y": 90, "uvlock": true },
				{ "model": "block/brick_stairs_inner", "weight": 1, "x": 180, "y": 90, "uvlock": true }
				],
        "facing=north,half=top,shape=inner_left": [ { "model": "block/brick_stairs_inner", "weight": 25, "x": 180, "y": 270, "uvlock": true },
				{ "model": "block/brick_stairs_inner1", "weight": 1, "x": 180, "y": 270, "uvlock": true },
				{ "model": "block/brick_stairs_inner2", "weight": 1, "x": 180, "y": 270, "uvlock": true },
				{ "model": "block/brick_stairs_inner3", "weight": 1, "x": 180, "y": 270, "uvlock": true },
				{ "model": "block/brick_stairs_inner5", "weight": 1, "x": 180, "y": 270, "uvlock": true },
				{ "model": "block/brick_stairs_inner4", "weight": 1, "x": 180, "y": 270, "uvlock": true },
				{ "model": "block/brick_stairs_inner", "weight": 1, "x": 180, "y": 270, "uvlock": true }
				]
    }
}
