{
    "variants": {
        "": [
          {  "model": "block/dirt"},
          { "model": "block/dirt", "y": 90 },
          { "model": "block/dirt", "y": 180 },
          { "model": "block/dirt", "y": 270 },
          {  "model": "block/dirt1"},
          { "model": "block/dirt1", "y": 90 },
          { "model": "block/dirt1", "y": 180 },
          { "model": "block/dirt1", "y": 270 },
          {  "model": "block/dirt2"},
          { "model": "block/dirt2", "y": 90 },
          { "model": "block/dirt2", "y": 180 },
          { "model": "block/dirt2", "y": 270 }
        ]
    }
}
