{
    "variants": {
        "": [
            { "model": "block/netherrack", "weight":100 },
            { "model": "block/netherrack", "weight":100, "x": 90 },
            { "model": "block/netherrack", "weight":100, "x": 180 },
            { "model": "block/netherrack", "weight":100, "x": 270 },
            { "model": "block/netherrack", "weight":100, "y": 90 },
            { "model": "block/netherrack", "weight":100, "y": 90, "x": 90 },
            { "model": "block/netherrack", "weight":100, "y": 90, "x": 180 },
            { "model": "block/netherrack", "weight":100, "y": 90, "x": 270 },
            { "model": "block/netherrack", "weight":100, "y": 180 },
            { "model": "block/netherrack", "weight":100, "y": 180, "x": 90 },
            { "model": "block/netherrack", "weight":100, "y": 180, "x": 180 },
            { "model": "block/netherrack", "weight":100, "y": 180, "x": 270 },
            { "model": "block/netherrack", "weight":100, "y": 270 },
            { "model": "block/netherrack", "weight":100, "y": 270, "x": 90 },
            { "model": "block/netherrack", "weight":100, "y": 270, "x": 180 },
            { "model": "block/netherrack", "weight":100, "y": 270, "x": 270 },
            { "model": "block/netherrack","weight":1 }
        ]
    }
}
