{
    "variants": {
        "": [
            { "model": "block/red_mushroom" },
            { "model": "block/red_mushroom", "y": 90 },
            { "model": "block/red_mushroom", "y": 180 },
            { "model": "block/red_mushroom", "y": 270 },
            { "model": "block/red_mushroom1" },
            { "model": "block/red_mushroom1", "y": 90 },
            { "model": "block/red_mushroom1", "y": 180 },
            { "model": "block/red_mushroom1", "y": 270 },
            { "model": "block/red_mushroom2" },
            { "model": "block/red_mushroom2", "y": 90 },
            { "model": "block/red_mushroom2", "y": 180 },
            { "model": "block/red_mushroom2", "y": 270 }
        ]
    }
}
