{
  "variants": {
    "": [
      {
        "model": "minecraft:block/stone"
      },
      {
        "model": "minecraft:block/stone_mirrored"
      },
      {
        "model": "minecraft:block/stone",
        "y": 180
      },
      {
        "model": "minecraft:block/stone_mirrored",
        "y": 180
      },
      {
        "model": "minecraft:block/stone1"
      },
      {
        "model": "minecraft:block/stone1_mirrored"
      },
      {
        "model": "minecraft:block/stone1",
        "y": 180
      },
      {
        "model": "minecraft:block/stone1_mirrored",
        "y": 180
      },
      {
        "model": "minecraft:block/stone2"
      },
      {
        "model": "minecraft:block/stone2_mirrored"
      },
      {
        "model": "minecraft:block/stone2",
        "y": 180
      },
      {
        "model": "minecraft:block/stone2_mirrored",
        "y": 180
      }
    ]
  }
}
