{
	"credit": "Made with Blockbench",
	"parent": "builtin/entity",
	"textures": {
		"1": "entity/trident"
	},
	"elements": [
		{
			"name": "body",
			"from": [7.5, 0, 7.5],
			"to": [8.5, 22, 8.5],
			"faces": {
				"north": {"uv": [0.5, 5, 1, 16], "texture": "#1"},
				"east": {"uv": [0, 5, 0.5, 16], "texture": "#1"},
				"south": {"uv": [1, 5, 1.5, 16], "texture": "#1"},
				"west": {"uv": [1.5, 5, 2, 16], "texture": "#1"},
				"up": {"uv": [1, 1.5, 0, 0.5], "texture": "#1"},
				"down": {"uv": [11, 15, 10, 16], "texture": "#1"}
			}
		}
	],
	"gui_light": "front",
	"overrides": [
		{
			"predicate": {
				"throwing": 1
			},
			"model": "item/trident_throwing"
		}
	],
	"display": {
		"thirdperson_righthand": {
			"rotation": [0, 60, 0],
			"translation": [11, 17, -2]
		},
		"thirdperson_lefthand": {
			"rotation": [0, 60, 0],
			"translation": [3, 17, 12]
		},
		"firstperson_righthand": {
			"rotation": [0, -90, 25],
			"translation": [-3, 17, 1]
		},
		"firstperson_lefthand": {
			"rotation": [0, 90, -25],
			"translation": [13, 17, 1]
		},
		"ground": {
			"translation": [4, 4, 2],
			"scale": [0.25, 0.25, 0.25]
		},
		"gui": {
			"rotation": [15, -25, -5],
			"translation": [2, 3, 0],
			"scale": [0.65, 0.65, 0.65]
		},
		"fixed": {
			"rotation": [0, 180, 0],
			"translation": [-2, 4, -5],
			"scale": [0.5, 0.5, 0.5]
		}
	}
}