{
	"credit": "Made with Blockbench",
	"ambientocclusion": false,
	"textures": {
		"1": "block/crop_ready",
		"particle": "block/potatoes_stage3",
		"crop": "block/potatoes_stage3"
	},
	"elements": [
		{
			"from": [4, -1, 0],
			"to": [4, 15, 16],
			"shade": false,
			"faces": {
				"east": {"uv": [16, 0, 0, 16], "texture": "#crop"},
				"west": {"uv": [0, 0, 16, 16], "texture": "#crop"}
			}
		},
		{
			"from": [12, -1, 0],
			"to": [12, 15, 16],
			"shade": false,
			"faces": {
				"east": {"uv": [0, 0, 16, 16], "texture": "#crop"},
				"west": {"uv": [16, 0, 0, 16], "texture": "#crop"}
			}
		},
		{
			"from": [0, -1, 4],
			"to": [16, 15, 4],
			"shade": false,
			"faces": {
				"north": {"uv": [0, 0, 16, 16], "texture": "#crop"},
				"south": {"uv": [16, 0, 0, 16], "texture": "#crop"}
			}
		},
		{
			"from": [0, -1, 12],
			"to": [16, 15, 12],
			"shade": false,
			"faces": {
				"north": {"uv": [16, 0, 0, 16], "texture": "#crop"},
				"south": {"uv": [0, 0, 16, 16], "texture": "#crop"}
			}
		},
		{
			"from": [7, 16, 7],
			"to": [9, 18, 9],
			"rotation": {"angle": 0, "axis": "y", "origin": [8, 16, 8]},
			"faces": {
				"north": {"uv": [8, 2, 10, 4], "texture": "#1"},
				"east": {"uv": [10, 2, 12, 4], "texture": "#1"},
				"south": {"uv": [12, 2, 14, 4], "texture": "#1"},
				"west": {"uv": [14, 2, 16, 4], "texture": "#1"},
				"up": {"uv": [10, 0, 12, 2], "texture": "#1"},
				"down": {"uv": [10, 4, 12, 6], "texture": "#1"}
			}
		},
		{
			"from": [7, 17, 7],
			"to": [9, 19, 9],
			"rotation": {"angle": 0, "axis": "y", "origin": [8, 16, 8]},
			"faces": {
				"north": {"uv": [0, 2, 2, 4], "texture": "#1"},
				"east": {"uv": [2, 2, 4, 4], "texture": "#1"},
				"south": {"uv": [4, 2, 6, 4], "texture": "#1"},
				"west": {"uv": [6, 2, 8, 4], "texture": "#1"},
				"up": {"uv": [2, 0, 4, 2], "texture": "#1"},
				"down": {"uv": [2, 4, 4, 6], "texture": "#1"}
			}
		}
	]
}