{
	"credit": "Made by mo_shark",
	"ambientocclusion": false,
	"textures": {
		"particle": "block/flower_pot",
		"flowerpot": "block/flower_pot",
		"cactus_top": "block/cactus_top",
		"cactus": "block/potted_cactus"
	},
	"elements": [
		{
			"from": [5, 0, 5],
			"to": [11, 6, 11],
			"faces": {
				"north": {"uv": [5, 10, 11, 16], "texture": "#flowerpot"},
				"east": {"uv": [5, 10, 11, 16], "texture": "#flowerpot"},
				"south": {"uv": [5, 10, 11, 16], "texture": "#flowerpot"},
				"west": {"uv": [5, 10, 11, 16], "texture": "#flowerpot"},
				"up": {"uv": [5, 5, 11, 11], "texture": "#flowerpot"},
				"down": {"uv": [5, 5, 6, 11], "texture": "#flowerpot", "cullface": "down"}
			}
		},
		{
			"from": [6, 5, 6],
			"to": [10, 16, 10],
			"faces": {
				"north": {"uv": [6, 0, 10, 11], "texture": "#cactus"},
				"east": {"uv": [6, 0, 10, 11], "texture": "#cactus"},
				"south": {"uv": [6, 0, 10, 11], "texture": "#cactus"},
				"west": {"uv": [6, 0, 10, 11], "texture": "#cactus"},
				"up": {"uv": [6, 6, 10, 10], "texture": "#cactus_top", "cullface": "up"}
			}
		},
		{
			"from": [7.75, 6, 0],
			"to": [14.75, 16, 0],
			"rotation": {"angle": -45, "axis": "y", "origin": [0, 0, 0]},
			"faces": {
				"north": {"uv": [4, 0, 11, 10], "texture": "#cactus"},
				"east": {"uv": [4, 0, 11, 10], "texture": "#cactus"},
				"south": {"uv": [4, 0, 11, 10], "texture": "#cactus"},
				"west": {"uv": [4, 0, 11, 10], "texture": "#cactus"},
				"up": {"uv": [4, 0, 11, 10], "texture": "#cactus"},
				"down": {"uv": [4, 0, 11, 10], "texture": "#cactus"}
			}
		},
		{
			"from": [-3.5, 6, 11.25],
			"to": [3.5, 16, 11.25],
			"rotation": {"angle": 45, "axis": "y", "origin": [0, 0, 0]},
			"faces": {
				"north": {"uv": [4, 0, 11, 10], "texture": "#cactus"},
				"east": {"uv": [4, 0, 11, 10], "texture": "#cactus"},
				"south": {"uv": [4, 0, 11, 10], "texture": "#cactus"},
				"west": {"uv": [4, 0, 11, 10], "texture": "#cactus"},
				"up": {"uv": [4, 0, 11, 10], "texture": "#cactus"},
				"down": {"uv": [4, 0, 11, 10], "texture": "#cactus"}
			}
		},
		{
			"from": [6, 16, 8],
			"to": [10, 16, 10],
			"rotation": {"angle": -22.5, "axis": "x", "origin": [8, 16, 8]},
			"faces": {
				"north": {"uv": [6, 14, 10, 16], "rotation": 180, "texture": "#cactus"},
				"east": {"uv": [6, 14, 10, 16], "rotation": 180, "texture": "#cactus"},
				"south": {"uv": [6, 14, 10, 16], "rotation": 180, "texture": "#cactus"},
				"west": {"uv": [6, 14, 10, 16], "rotation": 180, "texture": "#cactus"},
				"up": {"uv": [6, 14, 10, 16], "rotation": 180, "texture": "#cactus"},
				"down": {"uv": [6, 14, 10, 16], "rotation": 180, "texture": "#cactus"}
			}
		},
		{
			"from": [6, 16, 6],
			"to": [10, 16, 8],
			"rotation": {"angle": 22.5, "axis": "x", "origin": [8, 16, 8]},
			"faces": {
				"north": {"uv": [6, 14, 10, 16], "texture": "#cactus"},
				"east": {"uv": [6, 14, 10, 16], "texture": "#cactus"},
				"south": {"uv": [6, 14, 10, 16], "texture": "#cactus"},
				"west": {"uv": [6, 14, 10, 16], "texture": "#cactus"},
				"up": {"uv": [6, 14, 10, 16], "texture": "#cactus"},
				"down": {"uv": [6, 14, 10, 16], "texture": "#cactus"}
			}
		},
		{
			"from": [8, 16, 6],
			"to": [10, 16, 10],
			"rotation": {"angle": 22.5, "axis": "z", "origin": [8, 16, 8]},
			"faces": {
				"north": {"uv": [6, 14, 10, 16], "rotation": 90, "texture": "#cactus"},
				"east": {"uv": [6, 14, 10, 16], "rotation": 90, "texture": "#cactus"},
				"south": {"uv": [6, 14, 10, 16], "rotation": 90, "texture": "#cactus"},
				"west": {"uv": [6, 14, 10, 16], "rotation": 90, "texture": "#cactus"},
				"up": {"uv": [6, 14, 10, 16], "rotation": 90, "texture": "#cactus"},
				"down": {"uv": [6, 14, 10, 16], "rotation": 90, "texture": "#cactus"}
			}
		},
		{
			"from": [6, 16, 6],
			"to": [8, 16, 10],
			"rotation": {"angle": -22.5, "axis": "z", "origin": [8, 16, 8]},
			"faces": {
				"north": {"uv": [6, 14, 10, 16], "rotation": 270, "texture": "#cactus"},
				"east": {"uv": [6, 14, 10, 16], "rotation": 270, "texture": "#cactus"},
				"south": {"uv": [6, 14, 10, 16], "rotation": 270, "texture": "#cactus"},
				"west": {"uv": [6, 14, 10, 16], "rotation": 270, "texture": "#cactus"},
				"up": {"uv": [6, 14, 10, 16], "rotation": 270, "texture": "#cactus"},
				"down": {"uv": [6, 14, 10, 16], "rotation": 270, "texture": "#cactus"}
			}
		}
	],
	"groups": [
		0,
		1,
		2,
		3,
		{
			"name": "flower",
			"origin": [8, 8, 8],
			"color": 0,
			"children": [4, 5, 6, 7]
		}
	]
}