{   
	"ambientocclusion": false,
	"parent": "block/block",
    
	"textures": {
        
		"particle": "block/dirt",
        
		"bottom": "block/dirt",
        
		"top": "block/grass_block_top",
        
		"side": "block/grass_block_side",
       
		"overlay": "block/grass_block_side_overlay"
 ,
		"flower": "block/grass_flower"
		   
	},
    
	"elements": [
        
		{   "from": [ 0, 0, 0 ],
            
		    "to": [ 16, 16, 16 ],
            
		    "faces": {
                
				"down":  { "uv": [ 0, 0, 16, 16 ], "texture": "#bottom", "cullface": "down" },
                
				"up":    { "uv": [ 0, 0, 16, 16 ], "texture": "#top",    "cullface": "up"},
                
				"north": { "uv": [ 0, 0, 16, 16 ], "texture": "#side",   "cullface": "north" },
                
				"south": { "uv": [ 0, 0, 16, 16 ], "texture": "#side",   "cullface": "south" },
                
				"west":  { "uv": [ 0, 0, 16, 16 ], "texture": "#side",   "cullface": "west" },
                
				"east":  { "uv": [ 0, 0, 16, 16 ], "texture": "#side",   "cullface": "east" }
            
		     }
        
		},
        
		{   "from": [ 0, 0, 0 ],
            
		    "to": [ 16, 16, 16 ],
            
		    "faces": {
                
				"north": { "uv": [ 0, 0, 16, 16 ], "texture": "#overlay", "cullface": "north" },
                
				"south": { "uv": [ 0, 0, 16, 16 ], "texture": "#overlay", "cullface": "south" },
                
				"west":  { "uv": [ 0, 0, 16, 16 ], "texture": "#overlay", "cullface": "west" },
                
				"east":  { "uv": [ 0, 0, 16, 16 ], "texture": "#overlay", "cullface": "east" }
            
			}
        
		}
,
		{   "from": [ 0.8, 16.25, 8 ],
            	    "to": [ 15.2, 32, 8 ],
                    "rotation": { "origin": [ 8, 8, 8 ], "axis": "y", "angle": 22.5, "rescale": true },
                    "shade": false,
                    "faces": {
                    	"north": { "uv": [ 0, 0, 16, 16 ], "texture": "#flower", "cullface": "up" },
                    	"south": { "uv": [ 0, 0, 16, 16 ], "texture": "#flower", "cullface": "up" }
            	    }
        	},
  
		{   "from": [ 8, 16.25, 0.8 ],
            	    "to": [ 8, 32, 15.2 ],
                    "rotation": { "origin": [ 8, 8, 8 ], "axis": "y", "angle": 22.5, "rescale": true },
                    "shade": false,
                    "faces": {
                	"west": { "uv": [ 0, 0, 16, 16 ], "texture": "#flower", "cullface": "up" },
                	"east": { "uv": [ 0, 0, 16, 16 ], "texture": "#flower", "cullface": "up" }
            	    }
        	}




		    
	]

}
