{   
	"ambientocclusion": false,
	"parent": "block/block",
    
	"textures": {
        
		"particle": "block/dirt",
        
		"bottom": "block/dirt",
        
		"top": "block/grass_block_top",
        
		"side": "block/grass_block_side",
       
		"overlay": "block/grass_block_side_overlay"
 ,
		"rock": "block/rock"
		   
	},
    
	"elements": [
        
		{   "from": [ 0, 0, 0 ],
            
		    "to": [ 16, 16, 16 ],
            
		    "faces": {
                
				"down":  { "uv": [ 0, 0, 16, 16 ], "texture": "#bottom", "cullface": "down" },
                
				"up":    { "uv": [ 0, 0, 16, 16 ], "texture": "#top",    "cullface": "up"},
                
				"north": { "uv": [ 0, 0, 16, 16 ], "texture": "#side",   "cullface": "north" },
                
				"south": { "uv": [ 0, 0, 16, 16 ], "texture": "#side",   "cullface": "south" },
                
				"west":  { "uv": [ 0, 0, 16, 16 ], "texture": "#side",   "cullface": "west" },
                
				"east":  { "uv": [ 0, 0, 16, 16 ], "texture": "#side",   "cullface": "east" }
            
		     }
        
		},
        
		{   "from": [ 0, 0, 0 ],
            
		    "to": [ 16, 16, 16 ],
            
		    "faces": {
                
				"north": { "uv": [ 0, 0, 16, 16 ], "texture": "#overlay", "cullface": "north" },
                
				"south": { "uv": [ 0, 0, 16, 16 ], "texture": "#overlay", "cullface": "south" },
                
				"west":  { "uv": [ 0, 0, 16, 16 ], "texture": "#overlay", "cullface": "west" },
                
				"east":  { "uv": [ 0, 0, 16, 16 ], "texture": "#overlay", "cullface": "east" }
            
			}
        
		}
,
		{
            		"from": [ 6, 16, 5 ], 
            		"to": [ 12, 17, 8 ],
            		"faces": {
				"north": { "texture": "#rock", "uv": [ 0, 0, 6, 1 ], "cullface": "up" },
                		"east":  { "texture": "#rock", "uv": [ 0, 0, 3, 1 ], "cullface": "up" },
                		"south": { "texture": "#rock", "uv": [ 0, 0, 6, 1 ], "cullface": "up" },
                		"west":  { "texture": "#rock", "uv": [ 0, 0, 3, 1 ], "cullface": "up" },
                		"up": 	 { "texture": "#rock", "uv": [ 0, 0, 6, 3 ], "cullface": "up" }
            		}
        	},
        	{
            		
            		"from": [ 7, 16, 8 ], 
            		"to": [ 13, 17, 13 ],
			"shade": false, 
            		"faces": {
                		"north": { "texture": "#rock", "uv": [ 0, 0, 6, 1 ], "cullface": "up" },
                		"east":  { "texture": "#rock", "uv": [ 0, 0, 5, 1 ], "cullface": "up" },
                		"south": { "texture": "#rock", "uv": [ 0, 0, 6, 1 ], "cullface": "up" },
                		"west":  { "texture": "#rock", "uv": [ 0, 0, 5, 1 ], "cullface": "up" },
                		"up":    { "texture": "#rock", "uv": [ 0, 0, 6, 5 ], "cullface": "up" }
            		}
        	},
        	{
            		
            		"from": [ 3, 16, 10 ], 
            		"to": [ 4, 17, 11 ],
			"shade": false, 
            		"faces": {
                		"north": { "texture": "#rock", "uv": [ 0, 0, 1, 1 ], "cullface": "up" },
               	 		"east":  { "texture": "#rock", "uv": [ 0, 0, 1, 1 ], "cullface": "up" },
                		"south": { "texture": "#rock", "uv": [ 0, 0, 1, 1 ], "cullface": "up" },
                		"west":  { "texture": "#rock", "uv": [ 0, 0, 1, 1 ], "cullface": "up" },
                		"up":    { "texture": "#rock", "uv": [ 0, 0, 1, 2 ], "cullface": "up" }
            		}
        	},
		{
            		
            		"from": [ 12, 16, 7 ], 
            		"to": [ 13, 17, 8 ],
			"shade": false, 
            		"faces": {
                		"north": { "texture": "#rock", "uv": [ 0, 0, 1, 1 ], "cullface": "up" },
               	 		"east":  { "texture": "#rock", "uv": [ 0, 0, 1, 1 ], "cullface": "up" },
                		"up":    { "texture": "#rock", "uv": [ 0, 0, 1, 1 ], "cullface": "up" }
            		}
        	}    
	]

}
