{
	"credit": "Made with Blockbench",
	"texture_size": [32, 32],
	"textures": {
		"particle": "block/mushroom_brown_block"
	},
	"elements": [
		{
			"from": [4, 0, 11],
			"to": [6, 4, 13],
			"rotation": {"angle": 0, "axis": "y", "origin": [12, 8, 19]},
			"faces": {
				"north": {"uv": [4, 7, 5, 9], "texture": "#particle"},
				"east": {"uv": [5, 7, 6, 9], "texture": "#particle"},
				"south": {"uv": [6, 7, 7, 9], "texture": "#particle"},
				"west": {"uv": [7, 7, 8, 9], "texture": "#particle"},
				"up": {"uv": [5, 4, 4, 3], "texture": "#particle"},
				"down": {"uv": [6, 3, 5, 4], "texture": "#particle"}
			}
		},
		{
			"from": [1, 4, 8],
			"to": [9, 7, 16],
			"rotation": {"angle": 0, "axis": "y", "origin": [12, 12, 19]},
			"faces": {
				"north": {"uv": [4, 4, 8, 5.5], "texture": "#particle"},
				"east": {"uv": [4, 0, 8, 1.5], "texture": "#particle"},
				"south": {"uv": [4, 1.5, 8, 3], "texture": "#particle"},
				"west": {"uv": [4, 5.5, 8, 7], "texture": "#particle"},
				"up": {"uv": [4, 4, 0, 0], "texture": "#particle"},
				"down": {"uv": [4, 4, 0, 8], "texture": "#particle"}
			}
		},
		{
			"from": [5, 0, 4],
			"to": [7, 4, 6],
			"rotation": {"angle": 0, "axis": "y", "origin": [13, 8, 12]},
			"faces": {
				"north": {"uv": [4, 7, 5, 9], "texture": "#particle"},
				"east": {"uv": [5, 7, 6, 9], "texture": "#particle"},
				"south": {"uv": [6, 7, 7, 9], "texture": "#particle"},
				"west": {"uv": [7, 7, 8, 9], "texture": "#particle"},
				"up": {"uv": [5, 4, 4, 3], "texture": "#particle"},
				"down": {"uv": [6, 3, 5, 4], "texture": "#particle"}
			}
		},
		{
			"from": [2, 2, 1],
			"to": [10, 5, 9],
			"rotation": {"angle": 0, "axis": "y", "origin": [13, 10, 12]},
			"faces": {
				"north": {"uv": [4, 4, 8, 5.5], "texture": "#particle"},
				"east": {"uv": [4, 0, 8, 1.5], "texture": "#particle"},
				"south": {"uv": [4, 1.5, 8, 3], "texture": "#particle"},
				"west": {"uv": [4, 5.5, 8, 7], "texture": "#particle"},
				"up": {"uv": [4, 4, 0, 0], "texture": "#particle"},
				"down": {"uv": [4, 4, 0, 8], "texture": "#particle"}
			}
		},
		{
			"from": [11, 0, 6],
			"to": [13, 4, 8],
			"rotation": {"angle": 0, "axis": "y", "origin": [19, 8, 14]},
			"faces": {
				"north": {"uv": [4, 7, 5, 9], "texture": "#particle"},
				"east": {"uv": [5, 7, 6, 9], "texture": "#particle"},
				"south": {"uv": [6, 7, 7, 9], "texture": "#particle"},
				"west": {"uv": [7, 7, 8, 9], "texture": "#particle"},
				"up": {"uv": [5, 4, 4, 3], "texture": "#particle"},
				"down": {"uv": [6, 3, 5, 4], "texture": "#particle"}
			}
		},
		{
			"from": [8, 3, 3],
			"to": [16, 6, 11],
			"rotation": {"angle": 0, "axis": "y", "origin": [19, 11, 14]},
			"faces": {
				"north": {"uv": [4, 4, 8, 5.5], "texture": "#particle"},
				"east": {"uv": [4, 0, 8, 1.5], "texture": "#particle"},
				"south": {"uv": [4, 1.5, 8, 3], "texture": "#particle"},
				"west": {"uv": [4, 5.5, 8, 7], "texture": "#particle"},
				"up": {"uv": [4, 4, 0, 0], "texture": "#particle"},
				"down": {"uv": [4, 4, 0, 8], "texture": "#particle"}
			}
		}
	],
	"groups": [
		{
			"name": "group",
			"origin": [8, 8, 8],
			"children": [0, 1]
		},
		{
			"name": "group",
			"origin": [8, 8, 8],
			"children": [2, 3]
		},
		{
			"name": "group",
			"origin": [8, 8, 8],
			"children": [4, 5]
		}
	]
}