{
	"credit": "Made with Blockbench",
	"texture_size": [32, 32],
	"textures": {
		"particle": "block/mushroom_brown_block"
	},
	"elements": [
		{
			"from": [4, 0, 4],
			"to": [6, 4, 6],
			"rotation": {"angle": 0, "axis": "y", "origin": [12, 8, 12]},
			"faces": {
				"north": {"uv": [4, 7, 5, 9], "texture": "#particle"},
				"east": {"uv": [5, 7, 6, 9], "texture": "#particle"},
				"south": {"uv": [6, 7, 7, 9], "texture": "#particle"},
				"west": {"uv": [7, 7, 8, 9], "texture": "#particle"},
				"up": {"uv": [5, 4, 4, 3], "texture": "#particle"},
				"down": {"uv": [6, 3, 5, 4], "texture": "#particle"}
			}
		},
		{
			"from": [1, 4, 1],
			"to": [9, 7, 9],
			"rotation": {"angle": 0, "axis": "y", "origin": [12, 12, 12]},
			"faces": {
				"north": {"uv": [4, 4, 8, 5.5], "texture": "#particle"},
				"east": {"uv": [4, 0, 8, 1.5], "texture": "#particle"},
				"south": {"uv": [4, 1.5, 8, 3], "texture": "#particle"},
				"west": {"uv": [4, 5.5, 8, 7], "texture": "#particle"},
				"up": {"uv": [4, 4, 0, 0], "texture": "#particle"},
				"down": {"uv": [4, 4, 0, 8], "texture": "#particle"}
			}
		},
		{
			"from": [10, 0, 10],
			"to": [12, 4, 12],
			"rotation": {"angle": 0, "axis": "y", "origin": [18, 8, 18]},
			"faces": {
				"north": {"uv": [4, 7, 5, 9], "texture": "#particle"},
				"east": {"uv": [5, 7, 6, 9], "texture": "#particle"},
				"south": {"uv": [6, 7, 7, 9], "texture": "#particle"},
				"west": {"uv": [7, 7, 8, 9], "texture": "#particle"},
				"up": {"uv": [5, 4, 4, 3], "texture": "#particle"},
				"down": {"uv": [6, 3, 5, 4], "texture": "#particle"}
			}
		},
		{
			"from": [7, 2, 7],
			"to": [15, 5, 15],
			"rotation": {"angle": 0, "axis": "y", "origin": [18, 10, 18]},
			"faces": {
				"north": {"uv": [4, 4, 8, 5.5], "texture": "#particle"},
				"east": {"uv": [4, 0, 8, 1.5], "texture": "#particle"},
				"south": {"uv": [4, 1.5, 8, 3], "texture": "#particle"},
				"west": {"uv": [4, 5.5, 8, 7], "texture": "#particle"},
				"up": {"uv": [4, 4, 0, 0], "texture": "#particle"},
				"down": {"uv": [4, 4, 0, 8], "texture": "#particle"}
			}
		}
	],
	"groups": [
		{
			"name": "group",
			"origin": [8, 8, 8],
			"children": [0, 1]
		},
		{
			"name": "group",
			"origin": [8, 8, 8],
			"children": [2, 3]
		}
	]
}