{
	"credit": "Made with Blockbench",
	"parent": "minecraft:block/cross",
	"texture_size": [32, 32],
	"textures": {
		"0": "block/crimson_fungi_model",
		"particle": "block/crimson_fungi_model"
	},
	"elements": [
		{
			"from": [7, 0, 7],
			"to": [9, 5, 9],
			"rotation": {"angle": 0, "axis": "y", "origin": [15, 8, 15]},
			"faces": {
				"north": {"uv": [11, 11, 12, 13.5], "texture": "#0"},
				"east": {"uv": [3, 10, 4, 12.5], "texture": "#0"},
				"south": {"uv": [10, 6.5, 11, 9], "texture": "#0"},
				"west": {"uv": [4, 10, 5, 12.5], "texture": "#0"},
				"up": {"uv": [10, 7.5, 9, 6.5], "texture": "#0"},
				"down": {"uv": [9, 6.5, 8, 7.5], "texture": "#0"}
			}
		},
		{
			"from": [3, 5, 3],
			"to": [13, 8, 13],
			"rotation": {"angle": 0, "axis": "y", "origin": [15, 13, 15]},
			"faces": {
				"north": {"uv": [8, 0, 13, 1.5], "texture": "#0"},
				"east": {"uv": [8, 1.5, 13, 3], "texture": "#0"},
				"south": {"uv": [5, 8, 10, 9.5], "texture": "#0"},
				"west": {"uv": [5, 3, 10, 4.5], "texture": "#0"},
				"up": {"uv": [5, 10, 0, 5], "texture": "#0"},
				"down": {"uv": [5, 0, 0, 5], "texture": "#0"}
			}
		},
		{
			"from": [5, 8, 5],
			"to": [11, 12, 11],
			"rotation": {"angle": 0, "axis": "y", "origin": [15, 16, 15]},
			"faces": {
				"north": {"uv": [8, 4.5, 11, 6.5], "texture": "#0"},
				"east": {"uv": [5, 9.5, 8, 11.5], "texture": "#0"},
				"south": {"uv": [8, 9.5, 11, 11.5], "texture": "#0"},
				"west": {"uv": [0, 10, 3, 12], "texture": "#0"},
				"up": {"uv": [8, 3, 5, 0], "texture": "#0"},
				"down": {"uv": [8, 5, 5, 8], "texture": "#0"}
			}
		}
	],
	"groups": [
		{
			"name": "group",
			"origin": [8, 8, 8],
			"children": [0, 1, 2]
		}
	]
}