{
	"credit": "Made with Blockbench",
	"texture_size": [32, 32],
	"textures": {
		"0": "block/grass2",
		"1": "block/dandelion",
		"particle": "block/dandelion"
	},
	"elements": [
		{
			"from": [8, 0, 3],
			"to": [8, 16, 13],
			"shade": false,
			"rotation": {"angle": 45, "axis": "z", "origin": [8, 0, 8]},
			"faces": {
				"north": {"uv": [0, 0, 0, 4], "texture": "#0", "tintindex": 0},
				"east": {"uv": [5, 8, 9.9985, 15.999], "texture": "#0", "tintindex": 0},
				"south": {"uv": [0, 0, 0, 4], "texture": "#0", "tintindex": 0},
				"west": {"uv": [9.9985, 8, 5, 15.9985], "texture": "#0", "tintindex": 0},
				"up": {"uv": [0, 2.5, 0, 0], "texture": "#0", "tintindex": 0},
				"down": {"uv": [0, 0, 0, 2.5], "texture": "#0", "tintindex": 0}
			}
		},
		{
			"from": [3, 0, 8],
			"to": [13, 16, 8],
			"shade": false,
			"rotation": {"angle": -45, "axis": "x", "origin": [8, 0, 8]},
			"faces": {
				"north": {"uv": [9.9985, 8, 5, 15.9985], "texture": "#0", "tintindex": 0},
				"east": {"uv": [0, 0, 0, 4], "texture": "#0", "tintindex": 0},
				"south": {"uv": [5, 8, 9.9985, 15.999], "texture": "#0", "tintindex": 0},
				"west": {"uv": [0, 0, 0, 4], "texture": "#0", "tintindex": 0},
				"up": {"uv": [2.5, 0, 0, 0], "texture": "#0", "tintindex": 0},
				"down": {"uv": [2.5, 0, 0, 0], "texture": "#0", "tintindex": 0}
			}
		},
		{
			"from": [3, 0, 8],
			"to": [13, 16, 8],
			"shade": false,
			"rotation": {"angle": 45, "axis": "x", "origin": [8, 0, 8]},
			"faces": {
				"north": {"uv": [5, 8, 9.9985, 15.999], "texture": "#0", "tintindex": 0},
				"east": {"uv": [0, 0, 0, 4], "texture": "#0", "tintindex": 0},
				"south": {"uv": [9.9985, 8, 5, 15.9985], "texture": "#0", "tintindex": 0},
				"west": {"uv": [0, 0, 0, 4], "texture": "#0", "tintindex": 0},
				"up": {"uv": [2.5, 0, 0, 0], "texture": "#0", "tintindex": 0},
				"down": {"uv": [2.5, 0, 0, 0], "texture": "#0", "tintindex": 0}
			}
		},
		{
			"from": [8, 0, 3],
			"to": [8, 16, 13],
			"shade": false,
			"rotation": {"angle": -45, "axis": "z", "origin": [8, 0, 8]},
			"faces": {
				"north": {"uv": [0, 0, 0, 4], "texture": "#0", "tintindex": 0},
				"east": {"uv": [5, 8, 9.9985, 15.9985], "texture": "#0", "tintindex": 0},
				"south": {"uv": [0, 0, 0, 4], "texture": "#0", "tintindex": 0},
				"west": {"uv": [9.9985, 8, 5, 15.999], "texture": "#0", "tintindex": 0},
				"up": {"uv": [0, 2.5, 0, 0], "texture": "#0", "tintindex": 0},
				"down": {"uv": [0, 0, 0, 2.5], "texture": "#0", "tintindex": 0}
			}
		},
		{
			"from": [8, 0, 0],
			"to": [8, 16, 16],
			"rotation": {"angle": 45, "axis": "y", "origin": [8, 8, 8]},
			"shade": false,
			"faces": {
				"north": {"uv": [0, 0, 0, 8], "texture": "#1"},
				"east": {"uv": [0, 0, 15.9995, 15.9995], "texture": "#1"},
				"south": {"uv": [0, 0, 15.999, 15.999], "texture": "#1"},
				"west": {"uv": [15.9995, 0, 0, 15.9995], "texture": "#1"},
				"up": {"uv": [0, 0, 0, 8], "texture": "#1"},
				"down": {"uv": [0, 0, 0, 8], "texture": "#1"}
			}
		},
		{
			"from": [0, 0, 8],
			"to": [16, 16, 8],
			"rotation": {"angle": 45, "axis": "y", "origin": [8, 8, 8]},
			"shade": false,
			"faces": {
				"north": {"uv": [15.9995, 0, 0, 15.9995], "texture": "#1"},
				"east": {"uv": [0, 0, 0, 8], "texture": "#missing"},
				"south": {"uv": [0, 0, 15.9995, 15.9995], "texture": "#1"},
				"west": {"uv": [0, 0, 0, 8], "texture": "#missing"},
				"up": {"uv": [0, 0, 0, 8], "rotation": 270, "texture": "#missing"},
				"down": {"uv": [0, 0, 0, 8], "rotation": 90, "texture": "#missing"}
			}
		}
	],
	"groups": [
		{
			"name": "group",
			"origin": [8, 8, 8],
			"children": [0, 1, 2, 3, 4, 5]
		}
	]
}
