{
	"credit": "Made with Blockbench",
	"ambientocclusion": false,
	"texture_size": [32, 32],
	"textures": {
		"0": "block/grass2",
		"particle": "block/grass2"
	},
	"elements": [
		{
			"from": [8, 0, 3],
			"to": [8, 16, 13],
			"shade": false,
			"rotation": {"angle": 22.5, "axis": "z", "origin": [8, 0, 8]},
			"faces": {
				"north": {"uv": [0, 0, 0, 4], "texture": "#0", "tintindex": 0},
				"east": {"uv": [0, 0, 4.999, 7.9995], "texture": "#0", "tintindex": 0},
				"south": {"uv": [0, 0, 0, 4], "texture": "#0", "tintindex": 0},
				"west": {"uv": [0, 8, 4.999, 15.999], "texture": "#0", "tintindex": 0},
				"up": {"uv": [0, 2.5, 0, 0], "texture": "#0", "tintindex": 0},
				"down": {"uv": [0, 0, 0, 2.5], "texture": "#0", "tintindex": 0}
			}
		},
		{
			"from": [8, 0, 3],
			"to": [8, 16, 13],
			"shade": false,
			"rotation": {"angle": 45, "axis": "z", "origin": [8, 0, 8]},
			"faces": {
				"north": {"uv": [0, 0, 0, 4], "texture": "#0", "tintindex": 0},
				"east": {"uv": [0, 0, 4.999, 7.9995], "texture": "#0", "tintindex": 0},
				"south": {"uv": [0, 0, 0, 4], "texture": "#0", "tintindex": 0},
				"west": {"uv": [0, 8, 4.9985, 15.999], "texture": "#0", "tintindex": 0},
				"up": {"uv": [0, 2.5, 0, 0], "texture": "#0", "tintindex": 0},
				"down": {"uv": [0, 0, 0, 2.5], "texture": "#0", "tintindex": 0}
			}
		},
		{
			"from": [3, 0, 8],
			"to": [13, 16, 8],
			"shade": false,
			"rotation": {"angle": -45, "axis": "x", "origin": [8, 0, 8]},
			"faces": {
				"north": {"uv": [0, 8, 4.9985, 15.999], "texture": "#0", "tintindex": 0},
				"east": {"uv": [0, 0, 0, 4], "texture": "#0", "tintindex": 0},
				"south": {"uv": [0, 0, 4.999, 7.9995], "texture": "#0", "tintindex": 0},
				"west": {"uv": [0, 0, 0, 4], "texture": "#0", "tintindex": 0},
				"up": {"uv": [2.5, 0, 0, 0], "texture": "#0", "tintindex": 0},
				"down": {"uv": [2.5, 0, 0, 0], "texture": "#0", "tintindex": 0}
			}
		},
		{
			"from": [3, 0, 8],
			"to": [13, 16, 8],
			"shade": false,
			"rotation": {"angle": -22.5, "axis": "x", "origin": [8, 0, 8]},
			"faces": {
				"north": {"uv": [0, 8, 4.999, 15.999], "texture": "#0", "tintindex": 0},
				"east": {"uv": [0, 0, 0, 4], "texture": "#0", "tintindex": 0},
				"south": {"uv": [0, 0, 4.999, 7.9995], "texture": "#0", "tintindex": 0},
				"west": {"uv": [0, 0, 0, 4], "texture": "#0", "tintindex": 0},
				"up": {"uv": [2.5, 0, 0, 0], "texture": "#0", "tintindex": 0},
				"down": {"uv": [2.5, 0, 0, 0], "texture": "#0", "tintindex": 0}
			}
		},
		{
			"from": [3, 0, 8],
			"to": [13, 16, 8],
			"shade": false,
			"rotation": {"angle": 45, "axis": "x", "origin": [8, 0, 8]},
			"faces": {
				"north": {"uv": [0, 0, 4.9985, 7.9995], "texture": "#0", "tintindex": 0},
				"east": {"uv": [0, 0, 0, 4], "texture": "#0", "tintindex": 0},
				"south": {"uv": [0, 8, 4.9985, 15.999], "texture": "#0", "tintindex": 0},
				"west": {"uv": [0, 0, 0, 4], "texture": "#0", "tintindex": 0},
				"up": {"uv": [2.5, 0, 0, 0], "texture": "#0", "tintindex": 0},
				"down": {"uv": [2.5, 0, 0, 0], "texture": "#0", "tintindex": 0}
			}
		},
		{
			"from": [3, 0, 8],
			"to": [13, 16, 8],
			"shade": false,
			"rotation": {"angle": 22.5, "axis": "x", "origin": [8, 0, 8]},
			"faces": {
				"north": {"uv": [0, 0, 4.999, 7.9995], "texture": "#0", "tintindex": 0},
				"east": {"uv": [0, 0, 0, 4], "texture": "#0", "tintindex": 0},
				"south": {"uv": [0, 8, 4.999, 15.999], "texture": "#0", "tintindex": 0},
				"west": {"uv": [0, 0, 0, 4], "texture": "#0", "tintindex": 0},
				"up": {"uv": [2.5, 0, 0, 0], "texture": "#0", "tintindex": 0},
				"down": {"uv": [2.5, 0, 0, 0], "texture": "#0", "tintindex": 0}
			}
		},
		{
			"from": [8, 0, 3],
			"to": [8, 16, 13],
			"shade": false,
			"rotation": {"angle": -45, "axis": "z", "origin": [8, 0, 8]},
			"faces": {
				"north": {"uv": [0, 0, 0, 4], "texture": "#0", "tintindex": 0},
				"east": {"uv": [0, 8, 4.999, 15.999], "texture": "#0", "tintindex": 0},
				"south": {"uv": [0, 0, 0, 4], "texture": "#0", "tintindex": 0},
				"west": {"uv": [0, 0, 4.9985, 7.9995], "texture": "#0", "tintindex": 0},
				"up": {"uv": [0, 2.5, 0, 0], "texture": "#0", "tintindex": 0},
				"down": {"uv": [0, 0, 0, 2.5], "texture": "#0", "tintindex": 0}
			}
		},
		{
			"from": [8, 0, 3],
			"to": [8, 16, 13],
			"shade": false,
			"rotation": {"angle": -22.5, "axis": "z", "origin": [8, 0, 8]},
			"faces": {
				"north": {"uv": [0, 0, 0, 4], "texture": "#0", "tintindex": 0},
				"east": {"uv": [0, 8, 4.999, 15.999], "texture": "#0", "tintindex": 0},
				"south": {"uv": [0, 0, 0, 4], "texture": "#0", "tintindex": 0},
				"west": {"uv": [0, 0, 4.999, 7.9995], "texture": "#0", "tintindex": 0},
				"up": {"uv": [0, 2.5, 0, 0], "texture": "#0", "tintindex": 0},
				"down": {"uv": [0, 0, 0, 2.5], "texture": "#0", "tintindex": 0}
			}
		}
	],
	"groups": [
		{
			"name": "group",
			"origin": [8, 8, 8],
			"children": [0, 1, 2, 3, 4, 5, 6, 7]
		}
	]
}