{
	"credit": "Made with Blockbench",
	"ambientocclusion": false,
	"textures": {
		"1": "block/iron_bars_alt",
		"particle": "block/iron_bars",
		"bars": "block/iron_bars"
	},
	"elements": [
		{
			"name": "Cube",
			"from": [7, 0, 7],
			"to": [9, 16, 9],
			"faces": {
				"north": {"uv": [7, 0, 9, 16], "texture": "#1"},
				"east": {"uv": [7, 0, 9, 16], "texture": "#1"},
				"south": {"uv": [7, 0, 9, 16], "texture": "#1"},
				"west": {"uv": [7, 0, 9, 16], "texture": "#1"},
				"up": {"uv": [7, 0, 9, 2], "texture": "#1"},
				"down": {"uv": [7, 14, 9, 16], "texture": "#1"}
			}
		},
		{
			"name": "Cube",
			"from": [6.99, 0, 6.99],
			"to": [9.01, 16.01, 9.01],
			"faces": {
				"north": {"uv": [7, 0, 9, 16], "texture": "#bars", "cullface": "up"},
				"east": {"uv": [7, 0, 9, 16], "texture": "#bars", "cullface": "up"},
				"south": {"uv": [7, 0, 9, 16], "texture": "#bars", "cullface": "up"},
				"west": {"uv": [7, 0, 9, 16], "texture": "#bars", "cullface": "up"},
				"up": {"uv": [7, 0, 9, 2], "texture": "#bars", "cullface": "up"},
				"down": {"uv": [7, 14, 9, 16], "texture": "#bars"}
			}
		}
	],
	"display": {
		"thirdperson_righthand": {
			"rotation": [75, 315, 0],
			"translation": [0, 2.5, 0],
			"scale": [0.375, 0.375, 0.375]
		},
		"firstperson_righthand": {
			"rotation": [0, 315, 0],
			"translation": [0, 2.5, 0],
			"scale": [0.4, 0.4, 0.4]
		},
		"ground": {
			"translation": [0, 3, 0],
			"scale": [0.25, 0.25, 0.25]
		},
		"gui": {
			"rotation": [30, 45, 0],
			"scale": [0.625, 0.625, 0.625]
		},
		"head": {
			"rotation": [0, 180, 0]
		},
		"fixed": {
			"rotation": [0, 180, 0]
		}
	}
}