{
	"credit": "Made with Blockbench",
	"ambientocclusion": false,
	"textures": {
		"1": "block/iron_bars_alt",
		"particle": "block/iron_bars_alt",
		"iron_bars": "block/iron_bars"
	},
	"elements": [
		{
			"name": "Cube",
			"from": [7.5, 3, 6],
			"to": [8.5, 4, 16],
			"rotation": {"angle": 0, "axis": "y", "origin": [8, 11, 8]},
			"faces": {
				"north": {"uv": [6, 12, 7, 13], "texture": "#iron_bars"},
				"east": {"uv": [6, 12, 16, 13], "rotation": 180, "texture": "#iron_bars"},
				"south": {"uv": [2, 12, 3, 13], "texture": "#iron_bars"},
				"west": {"uv": [6, 12, 16, 13], "texture": "#iron_bars"},
				"up": {"uv": [6, 12, 16, 13], "rotation": 90, "texture": "#iron_bars"},
				"down": {"uv": [6, 12, 16, 13], "rotation": 270, "texture": "#iron_bars"}
			}
		},
		{
			"name": "Cube",
			"from": [7.5, 12, 6],
			"to": [8.5, 13, 16],
			"rotation": {"angle": 0, "axis": "y", "origin": [8, 20, 8]},
			"faces": {
				"north": {"uv": [6, 3, 7, 4], "texture": "#iron_bars"},
				"east": {"uv": [6, 3, 16, 4], "rotation": 180, "texture": "#iron_bars"},
				"south": {"uv": [15, 3, 16, 4], "texture": "#iron_bars"},
				"west": {"uv": [6, 3, 16, 4], "texture": "#iron_bars"},
				"up": {"uv": [6, 3, 16, 4], "rotation": 90, "texture": "#iron_bars"},
				"down": {"uv": [6, 3, 16, 4], "rotation": 270, "texture": "#iron_bars"}
			}
		},
		{
			"name": "Cube",
			"from": [7.49, 0, 6],
			"to": [8.51, 1, 16],
			"faces": {
				"north": {"uv": [6, 15, 7, 16], "texture": "#iron_bars", "cullface": "up"},
				"east": {"uv": [6, 15, 16, 16], "rotation": 180, "texture": "#iron_bars", "cullface": "up"},
				"south": {"uv": [15, 15, 16, 16], "texture": "#iron_bars", "cullface": "up"},
				"west": {"uv": [6, 15, 16, 16], "texture": "#iron_bars", "cullface": "up"},
				"up": {"uv": [6, 15, 16, 16], "rotation": 90, "texture": "#iron_bars", "cullface": "up"},
				"down": {"uv": [6, 15, 16, 16], "rotation": 270, "texture": "#iron_bars", "cullface": "up"}
			}
		},
		{
			"name": "Cube",
			"from": [7.5, 0, 13],
			"to": [8.5, 16, 14],
			"rotation": {"angle": 0, "axis": "y", "origin": [8, 8, 13]},
			"faces": {
				"north": {"uv": [13, 0, 14, 16], "texture": "#1"},
				"east": {"uv": [13, 0, 14, 16], "texture": "#1"},
				"south": {"uv": [13, 0, 14, 16], "texture": "#1"},
				"west": {"uv": [13, 0, 14, 16], "texture": "#1"},
				"up": {"uv": [13, 0, 14, 1], "texture": "#1"},
				"down": {"uv": [13, 15, 14, 16], "rotation": 90, "texture": "#1"}
			}
		},
		{
			"name": "Cube",
			"from": [6.99, 0, 6.99],
			"to": [9.01, 16.01, 9.01],
			"faces": {
				"north": {"uv": [7, 0, 9, 16], "texture": "#iron_bars", "cullface": "up"},
				"east": {"uv": [7, 0, 9, 16], "texture": "#iron_bars", "cullface": "up"},
				"south": {"uv": [7, 0, 9, 16], "texture": "#iron_bars", "cullface": "up"},
				"west": {"uv": [7, 0, 9, 16], "texture": "#iron_bars", "cullface": "up"},
				"up": {"uv": [7, 0, 9, 2], "texture": "#iron_bars", "cullface": "up"},
				"down": {"uv": [7, 14, 9, 16], "rotation": 90, "texture": "#iron_bars"}
			}
		},
		{
			"name": "Cube",
			"from": [7, 0, 7],
			"to": [9, 16, 9],
			"faces": {
				"north": {"uv": [7, 0, 9, 16], "texture": "#1"},
				"east": {"uv": [7, 0, 9, 16], "texture": "#1"},
				"south": {"uv": [7, 0, 9, 16], "texture": "#1"},
				"west": {"uv": [7, 0, 9, 16], "texture": "#1"},
				"up": {"uv": [7, 0, 9, 2], "texture": "#1"},
				"down": {"uv": [7, 14, 9, 16], "rotation": 90, "texture": "#1"}
			}
		},
		{
			"name": "Cube",
			"from": [7.49, 0, 12.99],
			"to": [8.51, 16.01, 14.01],
			"rotation": {"angle": 0, "axis": "y", "origin": [8, 8, 24]},
			"faces": {
				"north": {"uv": [13, 0, 14, 16], "texture": "#iron_bars", "cullface": "up"},
				"east": {"uv": [13, 0, 14, 16], "texture": "#iron_bars", "cullface": "up"},
				"south": {"uv": [13, 0, 14, 16], "texture": "#iron_bars", "cullface": "up"},
				"west": {"uv": [13, 0, 14, 16], "texture": "#iron_bars", "cullface": "up"},
				"up": {"uv": [13, 0, 14, 1], "texture": "#iron_bars", "cullface": "up"},
				"down": {"uv": [13, 15, 14, 16], "rotation": 90, "texture": "#iron_bars"}
			}
		},
		{
			"name": "Cube",
			"from": [8, 0, 7],
			"to": [8, 16, 16],
			"rotation": {"angle": 0, "axis": "y", "origin": [8, 8, 14]},
			"faces": {
				"north": {"uv": [16, 1, 14, 3], "texture": "#iron_bars"},
				"east": {"uv": [16, 0, 7, 16], "texture": "#iron_bars", "cullface": "up"},
				"south": {"uv": [0, 1, 2, 3], "texture": "#iron_bars"},
				"west": {"uv": [7, 0, 16, 16], "texture": "#iron_bars", "cullface": "up"},
				"up": {"uv": [0, 1, 10, 3], "rotation": 90, "texture": "#iron_bars"},
				"down": {"uv": [6, 15, 16, 16], "texture": "#iron_bars"}
			}
		},
		{
			"name": "Cube",
			"from": [8, 14, 6],
			"to": [8, 15, 7],
			"rotation": {"angle": 0, "axis": "y", "origin": [8, 8, 5]},
			"faces": {
				"north": {"uv": [16, 1, 14, 3], "texture": "#iron_bars"},
				"east": {"uv": [10, 1, 9, 2], "texture": "#iron_bars", "cullface": "up"},
				"south": {"uv": [0, 1, 2, 3], "texture": "#iron_bars"},
				"west": {"uv": [9, 1, 10, 2], "texture": "#iron_bars", "cullface": "up"},
				"up": {"uv": [0, 1, 10, 3], "rotation": 90, "texture": "#iron_bars"},
				"down": {"uv": [6, 15, 16, 16], "texture": "#iron_bars"}
			}
		}
	],
	"display": {
		"thirdperson_righthand": {
			"rotation": [75, 315, 0],
			"translation": [0, 2.5, 0],
			"scale": [0.375, 0.375, 0.375]
		},
		"firstperson_righthand": {
			"rotation": [0, 315, 0],
			"translation": [0, 2.5, 0],
			"scale": [0.4, 0.4, 0.4]
		},
		"ground": {
			"translation": [0, 3, 0],
			"scale": [0.25, 0.25, 0.25]
		},
		"gui": {
			"rotation": [30, 45, 0],
			"scale": [0.625, 0.625, 0.625]
		},
		"head": {
			"rotation": [0, 180, 0]
		},
		"fixed": {
			"rotation": [0, 180, 0]
		}
	},
	"groups": [
		{
			"name": "group",
			"origin": [8, 8, 8],
			"children": [0, 1, 2, 3, 4, 5, 6, 7, 8]
		}
	]
}