{
	"credit": "Made with Blockbench",
	"ambientocclusion": false,
	"textures": {
		"0": "block/ladder",
		"particle": "block/ladder"
	},
	"elements": [
		{
			"from": [2, 0, 15],
			"to": [4, 16, 16],
			"rotation": {"angle": 0, "axis": "y", "origin": [10, 8, 23]},
			"faces": {
				"north": {"uv": [12, 0, 14, 16], "texture": "#0"},
				"east": {"uv": [12, 0, 13, 16], "texture": "#0"},
				"south": {"uv": [2, 0, 4, 16], "texture": "#0"},
				"west": {"uv": [13, 0, 14, 16], "texture": "#0"},
				"up": {"uv": [14, 0, 12, 1], "texture": "#0"},
				"down": {"uv": [2, 15, 4, 16], "texture": "#0"}
			}
		},
		{
			"from": [1, 13, 14.5],
			"to": [15, 15, 15.5],
			"rotation": {"angle": 0, "axis": "y", "origin": [10, 8, 23]},
			"faces": {
				"north": {"uv": [1, 1, 15, 3], "texture": "#0"},
				"east": {"uv": [1, 1, 2, 3], "texture": "#0"},
				"south": {"uv": [1, 1, 15, 3], "texture": "#0"},
				"west": {"uv": [1, 1, 2, 3], "texture": "#0"},
				"up": {"uv": [1, 1, 15, 2], "texture": "#0"},
				"down": {"uv": [1, 2, 15, 3], "texture": "#0"}
			}
		},
		{
			"from": [1, 9, 14.5],
			"to": [15, 11, 15.5],
			"rotation": {"angle": 0, "axis": "y", "origin": [10, 4, 23]},
			"faces": {
				"north": {"uv": [1, 5, 15, 7], "texture": "#0"},
				"east": {"uv": [1, 5, 2, 7], "texture": "#0"},
				"south": {"uv": [1, 5, 15, 7], "texture": "#0"},
				"west": {"uv": [14, 5, 15, 7], "texture": "#0"},
				"up": {"uv": [1, 1, 15, 2], "texture": "#0"},
				"down": {"uv": [1, 2, 15, 3], "texture": "#0"}
			}
		},
		{
			"from": [1, 5, 14.5],
			"to": [15, 7, 15.5],
			"rotation": {"angle": 0, "axis": "y", "origin": [10, 0, 23]},
			"faces": {
				"north": {"uv": [1, 1, 15, 3], "texture": "#0"},
				"east": {"uv": [1, 9, 2, 11], "texture": "#0"},
				"south": {"uv": [1, 9, 15, 11], "texture": "#0"},
				"west": {"uv": [14, 9, 15, 11], "texture": "#0"},
				"up": {"uv": [1, 9, 15, 10], "texture": "#0"},
				"down": {"uv": [1, 10, 15, 11], "texture": "#0"}
			}
		},
		{
			"from": [1, 1, 14.5],
			"to": [15, 3, 15.5],
			"rotation": {"angle": 0, "axis": "y", "origin": [10, -4, 23]},
			"faces": {
				"north": {"uv": [1, 13, 15, 15], "texture": "#0"},
				"east": {"uv": [1, 13, 2, 15], "texture": "#0"},
				"south": {"uv": [1, 13, 15, 15], "texture": "#0"},
				"west": {"uv": [1, 13, 2, 15], "texture": "#0"},
				"up": {"uv": [1, 13, 15, 14], "texture": "#0"},
				"down": {"uv": [1, 10, 15, 11], "texture": "#0"}
			}
		},
		{
			"from": [12, 0, 15],
			"to": [14, 16, 16],
			"rotation": {"angle": 0, "axis": "y", "origin": [20, 8, 23]},
			"faces": {
				"north": {"uv": [2, 0, 4, 16], "texture": "#0"},
				"east": {"uv": [2, 0, 3, 16], "texture": "#0"},
				"south": {"uv": [12, 0, 14, 16], "texture": "#0"},
				"west": {"uv": [3, 0, 4, 16], "texture": "#0"},
				"up": {"uv": [4, 0, 2, 1], "texture": "#0"},
				"down": {"uv": [12, 15, 14, 16], "texture": "#0"}
			}
		}
	]
}