{
	"credit": "Made with Blockbench",
	"parent": "block/block",
	"textures": {
		"particle": "#all"
	},
	"elements": [
		{
			"from": [0, 0, 0],
			"to": [16, 16, 16],
			"faces": {
				"north": {"uv": [0, 0, 16, 16], "texture": "#all", "cullface": "north", "tintindex": 0},
				"east": {"uv": [0, 0, 16, 16], "texture": "#all", "cullface": "east", "tintindex": 0},
				"south": {"uv": [0, 0, 16, 16], "texture": "#all", "cullface": "south", "tintindex": 0},
				"west": {"uv": [0, 0, 16, 16], "texture": "#all", "cullface": "west", "tintindex": 0},
				"up": {"uv": [0, 0, 16, 16], "texture": "#all", "cullface": "up", "tintindex": 0},
				"down": {"uv": [0, 0, 16, 16], "texture": "#all", "cullface": "down", "tintindex": 0}
			}
		},
		{
			"from": [8.12462, -8, -8.21898],
			"to": [8.12462, 23, 23.78102],
			"shade": false,
			"rotation": {"angle": 22.5, "axis": "y", "origin": [8.12342, 7.5006, 7.78098], "rescale": true},
			"faces": {
				"east": {"uv": [0, 0, 16, 16], "texture": "#bushy", "tintindex": 0},
				"west": {"uv": [16, 0, 0, 16], "texture": "#bushy", "tintindex": 0}
			}
		},
		{
			"from": [8.12462, -8, -8.21898],
			"to": [8.12462, 23, 23.78102],
			"shade": false,
			"rotation": {"angle": -22.5, "axis": "y", "origin": [8.12342, 7.5006, 7.78098], "rescale": true},
			"faces": {
				"east": {"uv": [0, 0, 16, 16], "texture": "#bushy", "tintindex": 0},
				"west": {"uv": [16, 0, 0, 16], "texture": "#bushy", "tintindex": 0}
			}
		},
		{
			"from": [-7.87654, -8, 7.77979],
			"to": [24.12346, 23, 7.77979],
			"shade": false,
			"rotation": {"angle": -22.5, "axis": "x", "origin": [8.12342, 7.5006, 7.78098], "rescale": true},
			"faces": {
				"north": {"uv": [0, 0, 16, 16], "texture": "#bushy", "tintindex": 0},
				"south": {"uv": [16, 0, 0, 16], "texture": "#bushy", "tintindex": 0}
			}
		}
	],
	"display": {}
}