{
	"credit": "Made with Blockbench",
	"textures": {
		"1": "block/spruce_trapdoor",
		"particle": "block/spruce_trapdoor"
	},
	"elements": [
		{
			"from": [0, 0, 13],
			"to": [16, 16, 16],
			"faces": {
				"north": {"uv": [0, 0, 16, 16], "texture": "#1"},
				"east": {"uv": [9, 0, 12, 16], "texture": "#1", "cullface": "east"},
				"south": {"uv": [0, 0, 16, 16], "texture": "#1", "cullface": "south"},
				"west": {"uv": [12, 0, 9, 16], "texture": "#1", "cullface": "west"},
				"up": {"uv": [0, 9, 16, 6], "texture": "#1", "cullface": "up"},
				"down": {"uv": [0, 7, 16, 10], "texture": "#1", "cullface": "down"}
			}
		}
	]
}
