{
	"credit": "Made with Blockbench",
	"textures": {
		"0": "block/spruce_trapdoor",
		"1": "block/spruce_trapdoor_vertical",
		"particle": "block/spruce_trapdoor"
	},
	"elements": [
		{
			"from": [0, 13, 0],
			"to": [16, 16, 16],
			"faces": {
				"north": {"uv": [0, 9, 16, 6], "texture": "#0", "cullface": "north"},
				"east": {"uv": [0, 12.998, 16, 10], "texture": "#1", "cullface": "east"},
				"south": {"uv": [0, 9, 16, 6], "texture": "#0", "cullface": "south"},
				"west": {"uv": [0, 10, 16, 7], "texture": "#1", "cullface": "west"},
				"up": {"uv": [0, 0, 16, 16], "texture": "#0", "cullface": "up"},
				"down": {"uv": [0, 0, 16, 16], "texture": "#0"}
			}
		}
	]
}
