{
	"credit": "Made with Blockbench",
	"textures": {
		"0": "block/sugar_cane_3d",
		"particle": "block/sugar_cane_3d"
	},
	"elements": [
		{
			"from": [6, 0, 6],
			"to": [8, 16, 8],
			"rotation": {"angle": 0, "axis": "y", "origin": [14, 8, 14]},
			"faces": {
				"north": {"uv": [6, 0, 8, 16], "texture": "#0"},
				"east": {"uv": [6, 0, 8, 16], "texture": "#0"},
				"south": {"uv": [6, 0, 8, 16], "texture": "#0"},
				"west": {"uv": [6, 0, 8, 16], "texture": "#0"},
				"up": {"uv": [4, 2, 6, 4], "texture": "#0"},
				"down": {"uv": [4, 0, 6, 2], "texture": "#0"}
			}
		},
		{
			"from": [4, 0, 7],
			"to": [10, 16, 7],
			"rotation": {"angle": 45, "axis": "y", "origin": [7, 8, 7]},
			"faces": {
				"north": {"uv": [10, 0, 15.999, 16], "texture": "#0"},
				"east": {"uv": [0, 0, 0, 16], "texture": "#0"},
				"south": {"uv": [10, 0, 16, 16], "texture": "#0"},
				"west": {"uv": [0, 0, 0, 16], "texture": "#0"},
				"up": {"uv": [0, 0, 0, 6], "rotation": 90, "texture": "#0"},
				"down": {"uv": [0, 0, 0, 6], "rotation": 270, "texture": "#0"}
			}
		},
		{
			"from": [7, 0, 4],
			"to": [7, 16, 10],
			"rotation": {"angle": 45, "axis": "y", "origin": [7, 8, 7]},
			"faces": {
				"north": {"uv": [1, 0, 3, 16], "texture": "#0"},
				"east": {"uv": [10, 0, 16, 16], "texture": "#0"},
				"south": {"uv": [0, 0, 0, 16], "texture": "#0"},
				"west": {"uv": [10, 0, 16, 16], "texture": "#0"},
				"up": {"uv": [0, 0, 0, 6], "texture": "#0"},
				"down": {"uv": [0, 0, 0, 6], "texture": "#0"}
			}
		},
		{
			"from": [11, -1, 4],
			"to": [13, 15, 6],
			"rotation": {"angle": 0, "axis": "y", "origin": [19, 7, 12]},
			"faces": {
				"north": {"uv": [0, 0, 2, 16], "texture": "#0"},
				"east": {"uv": [0, 0, 2, 16], "texture": "#0"},
				"south": {"uv": [0, 0, 2, 16], "texture": "#0"},
				"west": {"uv": [0, 0, 2, 16], "texture": "#0"},
				"up": {"uv": [4, 0, 6, 2], "texture": "#0"},
				"down": {"uv": [4, 0, 6, 2], "texture": "#0"}
			}
		},
		{
			"from": [9, -1, 5],
			"to": [15, 15, 5],
			"rotation": {"angle": 45, "axis": "y", "origin": [12, 7, 5]},
			"faces": {
				"north": {"uv": [10, 0, 15.999, 16], "texture": "#0"},
				"east": {"uv": [0, 0, 0, 16], "texture": "#0"},
				"south": {"uv": [10, 0, 16, 16], "texture": "#0"},
				"west": {"uv": [0, 0, 0, 16], "texture": "#0"},
				"up": {"uv": [0, 0, 0, 6], "rotation": 90, "texture": "#0"},
				"down": {"uv": [0, 0, 0, 6], "rotation": 270, "texture": "#0"}
			}
		},
		{
			"from": [12, -1, 2],
			"to": [12, 15, 8],
			"rotation": {"angle": 45, "axis": "y", "origin": [12, 7, 5]},
			"faces": {
				"north": {"uv": [1, 0, 3, 16], "texture": "#0"},
				"east": {"uv": [10, 0, 16, 16], "texture": "#0"},
				"south": {"uv": [0, 0, 0, 16], "texture": "#0"},
				"west": {"uv": [10, 0, 16, 16], "texture": "#0"},
				"up": {"uv": [0, 0, 0, 6], "texture": "#0"},
				"down": {"uv": [0, 0, 0, 6], "texture": "#0"}
			}
		},
		{
			"from": [12, -1, 10],
			"to": [14, 15, 12],
			"rotation": {"angle": 0, "axis": "y", "origin": [20, 7, 18]},
			"faces": {
				"north": {"uv": [2, 0, 4, 16], "texture": "#0"},
				"east": {"uv": [2, 0, 4, 16], "texture": "#0"},
				"south": {"uv": [2, 0, 4, 16], "texture": "#0"},
				"west": {"uv": [2, 0, 4, 16], "texture": "#0"},
				"up": {"uv": [4, 0, 6, 2], "texture": "#0"},
				"down": {"uv": [4, 0, 6, 2], "texture": "#0"}
			}
		},
		{
			"from": [10, -1, 11],
			"to": [16, 15, 11],
			"rotation": {"angle": 45, "axis": "y", "origin": [13, 7, 11]},
			"faces": {
				"north": {"uv": [10, 0, 15.999, 16], "texture": "#0"},
				"east": {"uv": [0, 0, 0, 16], "texture": "#0"},
				"south": {"uv": [10, 0, 16, 16], "texture": "#0"},
				"west": {"uv": [0, 0, 0, 16], "texture": "#0"},
				"up": {"uv": [0, 0, 0, 6], "rotation": 90, "texture": "#0"},
				"down": {"uv": [0, 0, 0, 6], "rotation": 270, "texture": "#0"}
			}
		},
		{
			"from": [13, -1, 8],
			"to": [13, 15, 14],
			"rotation": {"angle": 45, "axis": "y", "origin": [13, 7, 11]},
			"faces": {
				"north": {"uv": [1, 0, 3, 16], "texture": "#0"},
				"east": {"uv": [10, 0, 16, 16], "texture": "#0"},
				"south": {"uv": [0, 0, 0, 16], "texture": "#0"},
				"west": {"uv": [10, 0, 16, 16], "texture": "#0"},
				"up": {"uv": [0, 0, 0, 6], "texture": "#0"},
				"down": {"uv": [0, 0, 0, 6], "texture": "#0"}
			}
		},
		{
			"from": [2, -3, 12],
			"to": [4, 13, 14],
			"rotation": {"angle": 0, "axis": "y", "origin": [10, 5, 20]},
			"faces": {
				"north": {"uv": [0, 0, 2, 16], "texture": "#0"},
				"east": {"uv": [0, 0, 2, 16], "texture": "#0"},
				"south": {"uv": [0, 0, 2, 16], "texture": "#0"},
				"west": {"uv": [0, 0, 2, 16], "texture": "#0"},
				"up": {"uv": [4, 0, 6, 2], "texture": "#0"},
				"down": {"uv": [4, 0, 6, 2], "texture": "#0"}
			}
		},
		{
			"from": [0, -3, 13],
			"to": [6, 13, 13],
			"rotation": {"angle": 45, "axis": "y", "origin": [3, 5, 13]},
			"faces": {
				"north": {"uv": [10, 0, 15.999, 16], "texture": "#0"},
				"east": {"uv": [0, 0, 0, 16], "texture": "#0"},
				"south": {"uv": [10, 0, 16, 16], "texture": "#0"},
				"west": {"uv": [0, 0, 0, 16], "texture": "#0"},
				"up": {"uv": [0, 0, 0, 6], "rotation": 90, "texture": "#0"},
				"down": {"uv": [0, 0, 0, 6], "rotation": 270, "texture": "#0"}
			}
		},
		{
			"from": [3, -3, 10],
			"to": [3, 13, 16],
			"rotation": {"angle": 45, "axis": "y", "origin": [3, 5, 13]},
			"faces": {
				"north": {"uv": [1, 0, 3, 16], "texture": "#0"},
				"east": {"uv": [10, 0, 16, 16], "texture": "#0"},
				"south": {"uv": [0, 0, 0, 16], "texture": "#0"},
				"west": {"uv": [10, 0, 16, 16], "texture": "#0"},
				"up": {"uv": [0, 0, 0, 6], "texture": "#0"},
				"down": {"uv": [0, 0, 0, 6], "texture": "#0"}
			}
		},
		{
			"from": [3, -2, 2],
			"to": [5, 14, 4],
			"rotation": {"angle": 0, "axis": "y", "origin": [11, 6, 10]},
			"faces": {
				"north": {"uv": [2, 0, 4, 16], "texture": "#0"},
				"east": {"uv": [2, 0, 4, 16], "texture": "#0"},
				"south": {"uv": [2, 0, 4, 16], "texture": "#0"},
				"west": {"uv": [2, 0, 4, 16], "texture": "#0"},
				"up": {"uv": [4, 0, 6, 2], "texture": "#0"},
				"down": {"uv": [4, 0, 6, 2], "texture": "#0"}
			}
		},
		{
			"from": [1, -2, 3],
			"to": [7, 14, 3],
			"rotation": {"angle": 45, "axis": "y", "origin": [4, 6, 3]},
			"faces": {
				"north": {"uv": [10, 0, 15.999, 16], "texture": "#0"},
				"east": {"uv": [0, 0, 0, 16], "texture": "#0"},
				"south": {"uv": [10, 0, 16, 16], "texture": "#0"},
				"west": {"uv": [0, 0, 0, 16], "texture": "#0"},
				"up": {"uv": [0, 0, 0, 6], "rotation": 90, "texture": "#0"},
				"down": {"uv": [0, 0, 0, 6], "rotation": 270, "texture": "#0"}
			}
		},
		{
			"from": [4, -2, 0],
			"to": [4, 14, 6],
			"rotation": {"angle": 45, "axis": "y", "origin": [4, 6, 3]},
			"faces": {
				"north": {"uv": [1, 0, 3, 16], "texture": "#0"},
				"east": {"uv": [10, 0, 16, 16], "texture": "#0"},
				"south": {"uv": [0, 0, 0, 16], "texture": "#0"},
				"west": {"uv": [10, 0, 16, 16], "texture": "#0"},
				"up": {"uv": [0, 0, 0, 6], "texture": "#0"},
				"down": {"uv": [0, 0, 0, 6], "texture": "#0"}
			}
		},
		{
			"from": [2, 13, 12],
			"to": [4, 13, 14],
			"rotation": {"angle": 0, "axis": "y", "origin": [10, 6, 20]},
			"faces": {
				"north": {"uv": [0, 0, 2, 16], "texture": "#0"},
				"east": {"uv": [0, 0, 2, 16], "texture": "#0"},
				"south": {"uv": [0, 0, 2, 16], "texture": "#0"},
				"west": {"uv": [0, 0, 2, 16], "texture": "#0"},
				"up": {"uv": [4, 2, 6, 4], "texture": "#0"},
				"down": {"uv": [4, 0, 6, 2], "texture": "#0"}
			}
		},
		{
			"from": [3, 14, 2],
			"to": [5, 14, 4],
			"rotation": {"angle": 0, "axis": "y", "origin": [11, 7, 10]},
			"faces": {
				"north": {"uv": [0, 0, 2, 16], "texture": "#0"},
				"east": {"uv": [0, 0, 2, 16], "texture": "#0"},
				"south": {"uv": [0, 0, 2, 16], "texture": "#0"},
				"west": {"uv": [0, 0, 2, 16], "texture": "#0"},
				"up": {"uv": [4, 2, 6, 4], "texture": "#0"},
				"down": {"uv": [4, 0, 6, 2], "texture": "#0"}
			}
		},
		{
			"from": [11, 13, 4],
			"to": [13, 13, 6],
			"rotation": {"angle": 0, "axis": "y", "origin": [19, 6, 12]},
			"faces": {
				"north": {"uv": [0, 0, 2, 16], "texture": "#0"},
				"east": {"uv": [0, 0, 2, 16], "texture": "#0"},
				"south": {"uv": [0, 0, 2, 16], "texture": "#0"},
				"west": {"uv": [0, 0, 2, 16], "texture": "#0"},
				"up": {"uv": [4, 2, 6, 4], "texture": "#0"},
				"down": {"uv": [4, 0, 6, 2], "texture": "#0"}
			}
		},
		{
			"from": [12, 14, 10],
			"to": [14, 14, 12],
			"rotation": {"angle": 0, "axis": "y", "origin": [20, 7, 18]},
			"faces": {
				"north": {"uv": [0, 0, 2, 16], "texture": "#0"},
				"east": {"uv": [0, 0, 2, 16], "texture": "#0"},
				"south": {"uv": [0, 0, 2, 16], "texture": "#0"},
				"west": {"uv": [0, 0, 2, 16], "texture": "#0"},
				"up": {"uv": [4, 2, 6, 4], "texture": "#0"},
				"down": {"uv": [4, 0, 6, 2], "texture": "#0"}
			}
		}
	],
	"groups": [
		{
			"name": "group",
			"origin": [8, 8, 8],
			"children": [0,
				{
					"name": "group",
					"origin": [8, 8, 8],
					"children": [1, 2]
				}
			]
		},
		{
			"name": "group",
			"origin": [8, 8, 8],
			"children": [3,
				{
					"name": "group",
					"origin": [8, 8, 8],
					"children": [4, 5]
				}
			]
		},
		{
			"name": "group",
			"origin": [8, 8, 8],
			"children": [6,
				{
					"name": "group",
					"origin": [8, 8, 8],
					"children": [7, 8]
				}
			]
		},
		{
			"name": "group",
			"origin": [8, 8, 8],
			"children": [9,
				{
					"name": "group",
					"origin": [8, 8, 8],
					"children": [10, 11]
				}
			]
		},
		{
			"name": "group",
			"origin": [8, 8, 8],
			"children": [12,
				{
					"name": "group",
					"origin": [8, 8, 8],
					"children": [13, 14]
				}
			]
		},
		{
			"name": "group",
			"origin": [10, 7, 20],
			"children": [15, 16, 17, 18]
		}
	]
}