{
	"credit": "Made with Blockbench",
	"parent": "minecraft:block/cross",
	"texture_size": [32, 32],
	"textures": {
		"0": "block/warped_fungi_model",
		"particle": "block/warped_fungi_model"
	},
	"elements": [
		{
			"from": [7, 0, 7],
			"to": [9, 5, 9],
			"rotation": {"angle": 0, "axis": "y", "origin": [15, 8, 15]},
			"faces": {
				"north": {"uv": [5, 9, 6, 11.5], "texture": "#0"},
				"east": {"uv": [6, 9, 7, 11.5], "texture": "#0"},
				"south": {"uv": [7, 9, 8, 11.5], "texture": "#0"},
				"west": {"uv": [8, 9, 9, 11.5], "texture": "#0"},
				"up": {"uv": [6, 5, 5, 4], "texture": "#0"},
				"down": {"uv": [7, 4, 6, 5], "texture": "#0"}
			}
		},
		{
			"from": [3, 5, 3],
			"to": [13, 9, 13],
			"rotation": {"angle": 0, "axis": "y", "origin": [15, 13, 15]},
			"faces": {
				"north": {"uv": [5, 5, 10, 7], "texture": "#0"},
				"east": {"uv": [5, 7, 10, 9], "texture": "#0"},
				"south": {"uv": [5, 0, 10, 2], "texture": "#0"},
				"west": {"uv": [5, 2, 10, 4], "texture": "#0"},
				"up": {"uv": [5, 5, 0, 0], "texture": "#0"},
				"down": {"uv": [5, 5, 0, 10], "texture": "#0"}
			}
		}
	],
	"groups": [
		{
			"name": "group",
			"origin": [8, 8, 8],
			"children": [0, 1]
		}
	]
}