{
	"credit": "Made with Blockbench",
	"parent": "block/block",
	"textures": {
		"4": "block/crafting_table_front",
		"5": "block/stripped_oak_log",
		"6": "block/crafting_table_top",
		"7": "block/oak_log",
		"8": "block/oak_log_top",
		"particle": "block/crafting_table_top"
	},
	"elements": [
		{
			"name": "Top",
			"from": [0, 15, 0],
			"to": [16, 16, 16],
			"faces": {
				"north": {"uv": [0, 15, 16, 16], "texture": "#6", "cullface": "north"},
				"east": {"uv": [0, 0, 1, 16], "rotation": 90, "texture": "#6", "cullface": "east"},
				"south": {"uv": [0, 0, 16, 1], "texture": "#6", "cullface": "south"},
				"west": {"uv": [15, 0, 16, 16], "rotation": 90, "texture": "#6", "cullface": "west"},
				"up": {"uv": [0, 0, 16, 16], "texture": "#6", "cullface": "up"},
				"down": {"uv": [0, 0, 16, 16], "texture": "#8"}
			}
		},
		{
			"name": "Leg1",
			"from": [13, 1, 0],
			"to": [16, 15, 3],
			"faces": {
				"north": {"uv": [0, 1, 3, 15], "texture": "#7", "cullface": "north"},
				"east": {"uv": [3, 1, 6, 15], "texture": "#7", "cullface": "east"},
				"south": {"uv": [6, 1, 9, 15], "texture": "#7", "cullface": "east"},
				"west": {"uv": [9, 1, 12, 15], "texture": "#7", "cullface": "north"}
			}
		},
		{
			"name": "Leg2",
			"from": [0, 1, 0],
			"to": [3, 15, 3],
			"faces": {
				"north": {"uv": [9, 1, 12, 15], "texture": "#7", "cullface": "north"},
				"east": {"uv": [6, 1, 9, 15], "texture": "#7", "cullface": "north"},
				"south": {"uv": [3, 1, 6, 15], "texture": "#7", "cullface": "west"},
				"west": {"uv": [0, 1, 3, 15], "texture": "#7", "cullface": "west"}
			}
		},
		{
			"name": "Leg3",
			"from": [0, 1, 13],
			"to": [3, 15, 16],
			"faces": {
				"north": {"uv": [0, 1, 3, 15], "texture": "#7", "cullface": "west"},
				"east": {"uv": [3, 1, 6, 15], "texture": "#7", "cullface": "south"},
				"south": {"uv": [6, 1, 9, 15], "texture": "#7", "cullface": "south"},
				"west": {"uv": [9, 1, 12, 15], "texture": "#7", "cullface": "west"}
			}
		},
		{
			"name": "Leg4",
			"from": [13, 1, 13],
			"to": [16, 15, 16],
			"faces": {
				"north": {"uv": [9, 1, 12, 15], "texture": "#7", "cullface": "east"},
				"east": {"uv": [6, 1, 9, 15], "texture": "#7", "cullface": "east"},
				"south": {"uv": [3, 1, 6, 15], "texture": "#7", "cullface": "south"},
				"west": {"uv": [0, 1, 3, 15], "texture": "#7", "cullface": "south"}
			}
		},
		{
			"name": "Crossbar1",
			"from": [1, 11, 3],
			"to": [2, 13, 13],
			"faces": {
				"west": {"uv": [5, 3, 7, 13], "rotation": 90, "texture": "#7", "cullface": "west"},
				"up": {"uv": [5, 3, 6, 13], "texture": "#7", "cullface": "west"},
				"down": {"uv": [5, 3, 6, 13], "texture": "#7", "cullface": "west"}
			}
		},
		{
			"name": "Crossbar2",
			"from": [14, 11, 3],
			"to": [15, 13, 13],
			"faces": {
				"east": {"uv": [5, 3, 7, 13], "rotation": 90, "texture": "#7", "cullface": "east"},
				"up": {"uv": [5, 3, 6, 13], "texture": "#7", "cullface": "east"},
				"down": {"uv": [5, 3, 6, 13], "texture": "#7", "cullface": "east"}
			}
		},
		{
			"name": "Crossbar3",
			"from": [3, 10, 14],
			"to": [13, 12, 15],
			"faces": {
				"south": {"uv": [5, 3, 7, 13], "rotation": 90, "texture": "#7", "cullface": "south"},
				"up": {"uv": [5, 3, 6, 13], "rotation": 90, "texture": "#7", "cullface": "south"},
				"down": {"uv": [5, 3, 6, 13], "rotation": 270, "texture": "#7", "cullface": "south"}
			}
		},
		{
			"name": "Crossbar4",
			"from": [3, 10, 1],
			"to": [13, 12, 2],
			"faces": {
				"north": {"uv": [5, 3, 7, 13], "rotation": 90, "texture": "#7", "cullface": "north"},
				"up": {"uv": [5, 3, 6, 13], "rotation": 90, "texture": "#7", "cullface": "north"},
				"down": {"uv": [1, 0, 2, 10], "rotation": 270, "texture": "#7", "cullface": "north"}
			}
		},
		{
			"name": "Floor",
			"from": [0, 0, 0],
			"to": [16, 1, 16],
			"faces": {
				"north": {"uv": [0, 0, 16, 1], "texture": "#7", "cullface": "north"},
				"east": {"uv": [0, 3, 16, 4], "texture": "#7", "cullface": "east"},
				"south": {"uv": [0, 2, 16, 3], "texture": "#7", "cullface": "south"},
				"west": {"uv": [0, 1, 16, 2], "texture": "#7", "cullface": "west"},
				"up": {"uv": [0, 0, 16, 16], "texture": "#8"},
				"down": {"uv": [0, 0, 16, 16], "texture": "#8", "cullface": "down"}
			}
		},
		{
			"name": "Wall3",
			"from": [3, 1, 3],
			"to": [13, 15, 13],
			"faces": {
				"north": {"uv": [3, 1, 13, 15], "texture": "#5", "cullface": "north"},
				"east": {"uv": [3, 1, 13, 15], "texture": "#5", "cullface": "east"},
				"south": {"uv": [3, 1, 13, 15], "texture": "#5", "cullface": "south"},
				"west": {"uv": [3, 1, 13, 15], "texture": "#5", "cullface": "west"}
			}
		},
		{
			"name": "SawPeg2",
			"from": [15, 12, 7.75],
			"to": [17, 12.5, 8.25],
			"rotation": {"angle": 0, "axis": "y", "origin": [0, -1, 0]},
			"faces": {
				"north": {"uv": [0, 0, 2, 0.5], "texture": "#7", "cullface": "east"},
				"east": {"uv": [0, 0, 0.5, 0.5], "texture": "#7", "cullface": "east"},
				"south": {"uv": [0, 0, 2, 0.5], "texture": "#7", "cullface": "east"},
				"up": {"uv": [0, 0, 2, 0.5], "texture": "#7", "cullface": "east"},
				"down": {"uv": [0, 0, 2, 0.5], "texture": "#7", "cullface": "east"}
			}
		},
		{
			"name": "SawHandle6",
			"from": [15.6, 10.5, 9.5],
			"to": [16.4, 12.5, 10],
			"rotation": {"angle": 22.5, "axis": "x", "origin": [15, 12.5, 10]},
			"faces": {
				"north": {"uv": [11, 4, 11.5, 6], "texture": "#4", "cullface": "east"},
				"east": {"uv": [11, 4, 11.5, 6], "texture": "#4", "cullface": "east"},
				"south": {"uv": [11, 4, 11.5, 6], "texture": "#4", "cullface": "east"},
				"down": {"uv": [11, 4, 11.5, 6], "texture": "#4", "cullface": "east"}
			}
		},
		{
			"name": "SawHandle4",
			"from": [15.5, 12.5, 6],
			"to": [16.5, 13.5, 10],
			"rotation": {"angle": 0, "axis": "y", "origin": [0, -1, 0]},
			"faces": {
				"north": {"uv": [13, 3, 14, 4], "texture": "#4", "cullface": "east"},
				"east": {"uv": [10, 3, 14, 4], "texture": "#4", "cullface": "east"},
				"south": {"uv": [10, 3, 11, 4], "texture": "#4", "cullface": "east"},
				"up": {"uv": [10, 3, 14, 4], "rotation": 270, "texture": "#4", "cullface": "east"},
				"down": {"uv": [10, 3, 14, 4], "rotation": 90, "texture": "#4", "cullface": "east"}
			}
		},
		{
			"name": "SawHandle5",
			"from": [15.6, 10.5, 6.2],
			"to": [16.4, 12.5, 6.7],
			"rotation": {"angle": -22.5, "axis": "x", "origin": [16, 12, 6]},
			"faces": {
				"north": {"uv": [13, 4, 13.5, 6], "texture": "#4", "cullface": "east"},
				"east": {"uv": [13, 4, 13.5, 6], "texture": "#4", "cullface": "east"},
				"south": {"uv": [13, 4, 13.5, 6], "texture": "#4", "cullface": "east"},
				"down": {"uv": [13, 4, 13.5, 6], "texture": "#4", "cullface": "east"}
			}
		},
		{
			"name": "SawBlade",
			"from": [16, 7, 6.5],
			"to": [16, 11, 9.5],
			"rotation": {"angle": 0, "axis": "y", "origin": [16, -1, 16]},
			"faces": {
				"north": {"uv": [0, 0, 0, 10], "texture": "#missing"},
				"east": {"uv": [11, 6, 14, 10], "texture": "#4", "cullface": "east"},
				"south": {"uv": [0, 0, 0, 10], "texture": "#missing"},
				"up": {"uv": [0, 3, 0, 0], "texture": "#missing"},
				"down": {"uv": [0, 3, 0, 0], "texture": "#missing"}
			}
		},
		{
			"name": "SawBlade",
			"from": [16, 4, 6.5],
			"to": [16, 7, 8.5],
			"rotation": {"angle": 0, "axis": "y", "origin": [16, -1, 16]},
			"faces": {
				"north": {"uv": [0, 0, 0, 10], "texture": "#missing"},
				"east": {"uv": [12, 10, 14, 13], "texture": "#4", "cullface": "east"},
				"south": {"uv": [0, 0, 0, 10], "texture": "#missing"},
				"up": {"uv": [0, 3, 0, 0], "texture": "#missing"},
				"down": {"uv": [0, 3, 0, 0], "texture": "#missing"}
			}
		},
		{
			"name": "SawBlade",
			"from": [16, 1, 6.5],
			"to": [16, 4, 7.5],
			"rotation": {"angle": 0, "axis": "y", "origin": [16, -1, 16]},
			"faces": {
				"north": {"uv": [0, 0, 0, 10], "texture": "#missing"},
				"east": {"uv": [13, 13, 14, 16], "texture": "#4", "cullface": "east"},
				"south": {"uv": [0, 0, 0, 10], "texture": "#missing"},
				"up": {"uv": [0, 3, 0, 0], "texture": "#missing"},
				"down": {"uv": [0, 3, 0, 0], "texture": "#missing"}
			}
		},
		{
			"name": "SawBlade",
			"from": [0, 1, 8.5],
			"to": [0, 4, 9.5],
			"rotation": {"angle": 0, "axis": "y", "origin": [0, -1, 0]},
			"faces": {
				"north": {"uv": [0, 0, 0, 10], "texture": "#missing"},
				"south": {"uv": [0, 0, 0, 10], "texture": "#missing"},
				"west": {"uv": [13, 13, 14, 16], "texture": "#4", "cullface": "west"},
				"up": {"uv": [0, 0, 0, 3], "texture": "#missing"},
				"down": {"uv": [0, 0, 0, 3], "texture": "#missing"}
			}
		},
		{
			"name": "SawBlade",
			"from": [0, 4, 7.5],
			"to": [0, 7, 9.5],
			"rotation": {"angle": 0, "axis": "y", "origin": [0, -1, 0]},
			"faces": {
				"north": {"uv": [0, 0, 0, 10], "texture": "#missing"},
				"south": {"uv": [0, 0, 0, 10], "texture": "#missing"},
				"west": {"uv": [12, 10, 14, 13], "texture": "#4", "cullface": "west"},
				"up": {"uv": [0, 0, 0, 3], "texture": "#missing"},
				"down": {"uv": [0, 0, 0, 3], "texture": "#missing"}
			}
		},
		{
			"name": "SawBlade",
			"from": [0, 7, 6.5],
			"to": [0, 11, 9.5],
			"rotation": {"angle": 0, "axis": "y", "origin": [0, -1, 0]},
			"faces": {
				"north": {"uv": [0, 0, 0, 10], "texture": "#missing"},
				"south": {"uv": [0, 0, 0, 10], "texture": "#missing"},
				"west": {"uv": [11, 6, 14, 10], "texture": "#4", "cullface": "west"},
				"up": {"uv": [0, 0, 0, 3], "texture": "#missing"},
				"down": {"uv": [0, 0, 0, 3], "texture": "#missing"}
			}
		},
		{
			"name": "SawHandle2",
			"from": [-0.4, 10.5, 6.2],
			"to": [0.4, 12.5, 6.7],
			"rotation": {"angle": -22.5, "axis": "x", "origin": [1, 12, 6]},
			"faces": {
				"north": {"uv": [11, 4, 11.5, 6], "texture": "#4", "cullface": "west"},
				"south": {"uv": [11, 4, 11.5, 6], "texture": "#4", "cullface": "west"},
				"west": {"uv": [11, 4, 11.5, 6], "texture": "#4", "cullface": "west"},
				"down": {"uv": [11, 4, 11.5, 6], "texture": "#4", "cullface": "west"}
			}
		},
		{
			"name": "SawPeg1",
			"from": [-1, 12, 7.75],
			"to": [1, 12.5, 8.25],
			"rotation": {"angle": 0, "axis": "y", "origin": [0, -1, 0]},
			"faces": {
				"north": {"uv": [7, 3, 9, 3.5], "texture": "#7", "cullface": "west"},
				"south": {"uv": [7, 3, 9, 3.5], "texture": "#7", "cullface": "west"},
				"west": {"uv": [7, 3, 8, 4], "texture": "#7", "cullface": "west"},
				"up": {"uv": [7, 3, 9, 3.5], "texture": "#7", "cullface": "west"},
				"down": {"uv": [7, 3, 9, 3.5], "texture": "#7", "cullface": "west"}
			}
		},
		{
			"name": "SawHandle",
			"from": [-0.5, 12.5, 6],
			"to": [0.5, 13.5, 10],
			"rotation": {"angle": 0, "axis": "y", "origin": [0, -1, 0]},
			"faces": {
				"north": {"uv": [10, 3, 11, 4], "texture": "#4", "cullface": "west"},
				"south": {"uv": [13, 3, 14, 4], "texture": "#4", "cullface": "west"},
				"west": {"uv": [10, 3, 14, 4], "texture": "#4", "cullface": "west"},
				"up": {"uv": [10, 3, 14, 4], "rotation": 90, "texture": "#4", "cullface": "west"},
				"down": {"uv": [10, 3, 14, 4], "rotation": 270, "texture": "#4", "cullface": "west"}
			}
		},
		{
			"name": "SawHandle3",
			"from": [-0.4, 10.5, 9.5],
			"to": [0.4, 12.5, 10],
			"rotation": {"angle": 22.5, "axis": "x", "origin": [1, 12.5, 10]},
			"faces": {
				"north": {"uv": [13, 4, 13.5, 6], "texture": "#4", "cullface": "west"},
				"south": {"uv": [13, 4, 13.5, 6], "texture": "#4", "cullface": "west"},
				"west": {"uv": [13, 4, 13.5, 6], "texture": "#4", "cullface": "west"},
				"down": {"uv": [13, 4, 13.5, 6], "texture": "#4", "cullface": "west"}
			}
		},
		{
			"name": "cloth",
			"from": [12.03573, 11.01759, 7],
			"to": [13.03573, 11.01759, 9],
			"rotation": {"angle": 22.5, "axis": "z", "origin": [8, 16.77599, 8]},
			"faces": {
				"east": {"uv": [5, 0, 11, 1], "rotation": 90, "texture": "#4", "cullface": "east"},
				"south": {"uv": [5, 0, 11, 1], "rotation": 90, "texture": "#4", "cullface": "east"},
				"west": {"uv": [5, 0, 11, 1], "rotation": 90, "texture": "#4", "cullface": "east"},
				"down": {"uv": [7, 2, 9, 3], "rotation": 90, "texture": "#4", "cullface": "east"}
			}
		},
		{
			"name": "cloth",
			"from": [15.24616, 19.22475, 6],
			"to": [15.24616, 20.22475, 10],
			"rotation": {"angle": -45, "axis": "z", "origin": [8, 16.77599, 8]},
			"faces": {
				"east": {"uv": [6, 1, 10, 2], "texture": "#4", "cullface": "east"},
				"south": {"uv": [5, 0, 11, 1], "texture": "#4", "cullface": "east"},
				"up": {"uv": [5, 0, 11, 1], "texture": "#4", "cullface": "east"},
				"down": {"uv": [5, 0, 11, 1], "texture": "#4", "cullface": "east"}
			}
		},
		{
			"name": "cloth",
			"from": [16.01337, 17.18924, 5],
			"to": [16.01337, 18.18924, 11],
			"rotation": {"angle": -22.5, "axis": "z", "origin": [8, 16.77599, 8]},
			"faces": {
				"east": {"uv": [5, 0, 11, 1], "texture": "#4", "cullface": "east"},
				"south": {"uv": [5, 0, 11, 1], "texture": "#4", "cullface": "east"},
				"up": {"uv": [5, 0, 11, 1], "texture": "#4", "cullface": "east"},
				"down": {"uv": [5, 0, 11, 1], "texture": "#4", "cullface": "east"}
			}
		},
		{
			"name": "cloth",
			"from": [5, 17.18924, 16.01337],
			"to": [11, 18.18924, 16.01337],
			"rotation": {"angle": 22.5, "axis": "x", "origin": [8, 16.77599, 8]},
			"faces": {
				"east": {"uv": [5, 0, 11, 1], "texture": "#4", "cullface": "east"},
				"south": {"uv": [5, 0, 11, 1], "texture": "#4", "cullface": "east"},
				"up": {"uv": [5, 0, 11, 1], "rotation": 90, "texture": "#4", "cullface": "east"},
				"down": {"uv": [5, 0, 11, 1], "rotation": 270, "texture": "#4", "cullface": "east"}
			}
		},
		{
			"name": "cloth",
			"from": [6, 19.22475, 15.24616],
			"to": [10, 20.22475, 15.24616],
			"rotation": {"angle": 45, "axis": "x", "origin": [8, 16.77599, 8]},
			"faces": {
				"east": {"uv": [5, 0, 11, 1], "texture": "#4", "cullface": "east"},
				"south": {"uv": [6, 1, 10, 2], "texture": "#4", "cullface": "east"},
				"up": {"uv": [5, 0, 11, 1], "rotation": 90, "texture": "#4", "cullface": "east"},
				"down": {"uv": [5, 0, 11, 1], "rotation": 270, "texture": "#4", "cullface": "east"}
			}
		},
		{
			"name": "cloth",
			"from": [7, 14.97107, 13.36567],
			"to": [9, 15.97107, 13.36567],
			"rotation": {"angle": 22.5, "axis": "x", "origin": [7, 10.93534, 7.60726]},
			"faces": {
				"east": {"uv": [5, 0, 11, 1], "texture": "#4", "cullface": "east"},
				"south": {"uv": [7, 2, 9, 3], "texture": "#4", "cullface": "east"},
				"up": {"uv": [5, 0, 11, 1], "rotation": 90, "texture": "#4", "cullface": "east"},
				"down": {"uv": [5, 0, 11, 1], "rotation": 270, "texture": "#4", "cullface": "east"}
			}
		},
		{
			"name": "cloth",
			"from": [2.96427, 11.01759, 7],
			"to": [3.96427, 11.01759, 9],
			"rotation": {"angle": -22.5, "axis": "z", "origin": [8, 16.77599, 8]},
			"faces": {
				"north": {"uv": [11, 0, 5, 1], "rotation": 90, "texture": "#4", "cullface": "east"},
				"east": {"uv": [11, 0, 5, 1], "rotation": 270, "texture": "#4", "cullface": "east"},
				"south": {"uv": [11, 0, 5, 1], "rotation": 270, "texture": "#4", "cullface": "east"},
				"west": {"uv": [11, 0, 5, 1], "rotation": 270, "texture": "#4", "cullface": "east"},
				"down": {"uv": [9, 2, 7, 3], "rotation": 270, "texture": "#4", "cullface": "east"}
			}
		},
		{
			"name": "cloth",
			"from": [0.75384, 19.22475, 6],
			"to": [0.75384, 20.22475, 10],
			"rotation": {"angle": 45, "axis": "z", "origin": [8, 16.77599, 8]},
			"faces": {
				"north": {"uv": [11, 0, 5, 1], "texture": "#4", "cullface": "east"},
				"south": {"uv": [11, 0, 5, 1], "texture": "#4", "cullface": "east"},
				"west": {"uv": [10, 1, 6, 2], "texture": "#4", "cullface": "east"},
				"up": {"uv": [11, 0, 5, 1], "texture": "#4", "cullface": "east"},
				"down": {"uv": [11, 0, 5, 1], "texture": "#4", "cullface": "east"}
			}
		},
		{
			"name": "cloth",
			"from": [-0.01337, 17.18924, 5],
			"to": [-0.01337, 18.18924, 11],
			"rotation": {"angle": 22.5, "axis": "z", "origin": [8, 16.77599, 8]},
			"faces": {
				"north": {"uv": [11, 0, 5, 1], "texture": "#4", "cullface": "east"},
				"south": {"uv": [11, 0, 5, 1], "texture": "#4", "cullface": "east"},
				"west": {"uv": [11, 0, 5, 1], "texture": "#4", "cullface": "east"},
				"up": {"uv": [11, 0, 5, 1], "texture": "#4", "cullface": "east"},
				"down": {"uv": [11, 0, 5, 1], "texture": "#4", "cullface": "east"}
			}
		},
		{
			"name": "cloth",
			"from": [7, 14.97068, 2.63341],
			"to": [9, 15.97068, 2.63341],
			"rotation": {"angle": -22.5, "axis": "x", "origin": [9, 10.93496, 8.39182]},
			"faces": {
				"north": {"uv": [9, 2, 7, 3], "texture": "#4", "cullface": "east"},
				"west": {"uv": [11, 0, 5, 1], "texture": "#4", "cullface": "east"},
				"up": {"uv": [11, 0, 5, 1], "rotation": 90, "texture": "#4", "cullface": "east"},
				"down": {"uv": [11, 0, 5, 1], "rotation": 270, "texture": "#4", "cullface": "east"}
			}
		},
		{
			"name": "cloth",
			"from": [6, 19.22475, 0.75384],
			"to": [10, 20.22475, 0.75384],
			"rotation": {"angle": -45, "axis": "x", "origin": [8, 16.77599, 8]},
			"faces": {
				"north": {"uv": [10, 1, 6, 2], "texture": "#4", "cullface": "east"},
				"west": {"uv": [11, 0, 5, 1], "texture": "#4", "cullface": "east"},
				"up": {"uv": [11, 0, 5, 1], "rotation": 90, "texture": "#4", "cullface": "east"},
				"down": {"uv": [11, 0, 5, 1], "rotation": 270, "texture": "#4", "cullface": "east"}
			}
		},
		{
			"name": "cloth",
			"from": [5, 17.18924, -0.01337],
			"to": [11, 18.18924, -0.01337],
			"rotation": {"angle": -22.5, "axis": "x", "origin": [8, 16.77599, 8]},
			"faces": {
				"north": {"uv": [11, 0, 5, 1], "texture": "#4", "cullface": "east"},
				"west": {"uv": [11, 0, 5, 1], "texture": "#4", "cullface": "east"},
				"up": {"uv": [11, 0, 5, 1], "rotation": 90, "texture": "#4", "cullface": "east"},
				"down": {"uv": [11, 0, 5, 1], "rotation": 270, "texture": "#4", "cullface": "east"}
			}
		},
		{
			"name": "HammerHead",
			"from": [6, 11.5, 15.3],
			"to": [10, 13.5, 17.3],
			"faces": {
				"east": {"uv": [4, 9, 6, 11], "rotation": 90, "texture": "#4", "cullface": "south"},
				"south": {"uv": [2, 9, 6, 11], "texture": "#4", "cullface": "south"},
				"west": {"uv": [2, 9, 4, 11], "rotation": 180, "texture": "#4", "cullface": "south"},
				"up": {"uv": [2, 9, 6, 11], "texture": "#4", "cullface": "south"},
				"down": {"uv": [2, 9, 6, 11], "rotation": 180, "texture": "#4", "cullface": "south"}
			}
		},
		{
			"name": "HammerPeg1",
			"from": [7, 11, 15],
			"to": [7.5, 11.5, 16.5],
			"faces": {
				"east": {"uv": [0, 0, 1.5, 0.5], "texture": "#7", "cullface": "south"},
				"south": {"uv": [0, 0, 0.5, 0.5], "texture": "#7", "cullface": "south"},
				"west": {"uv": [4, 4, 5.5, 4.5], "texture": "#7", "cullface": "south"},
				"up": {"uv": [0, 0, 0.5, 1.5], "texture": "#7", "cullface": "south"},
				"down": {"uv": [0, 0, 0.5, 1.5], "texture": "#7", "cullface": "south"}
			}
		},
		{
			"name": "HammerPeg2",
			"from": [8.5, 11, 15],
			"to": [9, 11.5, 16.5],
			"faces": {
				"east": {"uv": [0, 0, 1.5, 0.5], "texture": "#7", "cullface": "south"},
				"south": {"uv": [0, 0, 0.5, 0.5], "texture": "#7", "cullface": "south"},
				"west": {"uv": [0, 0, 1.5, 0.5], "texture": "#7", "cullface": "south"},
				"up": {"uv": [0, 0, 0.5, 1.5], "texture": "#7", "cullface": "south"},
				"down": {"uv": [0, 0, 0.5, 1.5], "texture": "#7", "cullface": "south"}
			}
		},
		{
			"name": "HammerShaft",
			"from": [7.6, 5, 15.9],
			"to": [8.4, 11.5, 16.7],
			"faces": {
				"north": {"uv": [6, 9, 13, 10], "rotation": 90, "texture": "#6", "cullface": "south"},
				"east": {"uv": [6, 9, 13, 10], "rotation": 90, "texture": "#6", "cullface": "south"},
				"south": {"uv": [6, 9, 13, 10], "rotation": 90, "texture": "#6", "cullface": "south"},
				"west": {"uv": [6, 9, 13, 10], "rotation": 90, "texture": "#6", "cullface": "south"},
				"down": {"uv": [11, 9, 12, 10], "rotation": 90, "texture": "#6", "cullface": "south"}
			}
		},
		{
			"name": "HammerShaft",
			"from": [7.6, 5, -0.7],
			"to": [8.4, 11.5, 0.1],
			"rotation": {"angle": 0, "axis": "y", "origin": [0, 0, 16]},
			"faces": {
				"north": {"uv": [6, 10, 13, 9], "rotation": 90, "texture": "#6", "cullface": "north"},
				"east": {"uv": [6, 10, 13, 9], "rotation": 90, "texture": "#6", "cullface": "north"},
				"south": {"uv": [6, 10, 13, 9], "rotation": 90, "texture": "#6", "cullface": "north"},
				"west": {"uv": [6, 10, 13, 9], "rotation": 90, "texture": "#6", "cullface": "north"},
				"down": {"uv": [12, 10, 13, 9], "rotation": 90, "texture": "#6", "cullface": "north"}
			}
		},
		{
			"name": "HammerPeg2",
			"from": [7, 11, -0.5],
			"to": [7.5, 11.5, 1],
			"rotation": {"angle": 0, "axis": "y", "origin": [0, 0, 16]},
			"faces": {
				"north": {"uv": [0.5, 0, 0, 0.5], "texture": "#7", "cullface": "north"},
				"east": {"uv": [1.5, 0, 0, 0.5], "texture": "#7", "cullface": "north"},
				"west": {"uv": [5.5, 4, 4, 4.5], "texture": "#7", "cullface": "north"},
				"up": {"uv": [0, 1.5, 0.5, 0], "texture": "#7", "cullface": "north"},
				"down": {"uv": [1, 7.5, 1.5, 6], "texture": "#7", "cullface": "north"}
			}
		},
		{
			"name": "HammerPeg3",
			"from": [8.5, 11, -0.5],
			"to": [9, 11.5, 1],
			"rotation": {"angle": 0, "axis": "y", "origin": [0, 0, 16]},
			"faces": {
				"north": {"uv": [0.5, 0, 0, 0.5], "texture": "#7", "cullface": "north"},
				"east": {"uv": [1.5, 0, 0, 0.5], "texture": "#7", "cullface": "north"},
				"west": {"uv": [1.5, 0, 0, 0.5], "texture": "#7", "cullface": "north"},
				"up": {"uv": [0, 1.5, 0.5, 0], "texture": "#7", "cullface": "north"},
				"down": {"uv": [1, 7.5, 1.5, 6], "texture": "#7", "cullface": "north"}
			}
		},
		{
			"name": "HammerHead",
			"from": [6, 11.5, -1.3],
			"to": [10, 13.5, 0.7],
			"rotation": {"angle": 0, "axis": "y", "origin": [0, 0, 16]},
			"faces": {
				"north": {"uv": [6, 9, 2, 11], "texture": "#4", "cullface": "north"},
				"east": {"uv": [4, 11, 6, 9], "rotation": 90, "texture": "#4", "cullface": "north"},
				"west": {"uv": [4, 9, 2, 11], "rotation": 180, "texture": "#4", "cullface": "north"},
				"up": {"uv": [2, 11, 6, 9], "texture": "#4", "cullface": "north"},
				"down": {"uv": [2, 11, 6, 9], "rotation": 180, "texture": "#4", "cullface": "north"}
			}
		}
	],
	"groups": [0, 1, 2, 3, 4, 5, 6, 7, 8, 9, 10,
		{
			"name": "saw",
			"origin": [24, 0, 16],
			"color": 0,
			"children": [11, 12, 13, 14, 15, 16, 17]
		},
		{
			"name": "saw",
			"origin": [-8, 13.5, 10],
			"color": 0,
			"children": [18, 19, 20, 21, 22, 23, 24]
		},
		{
			"name": "draped cloth",
			"origin": [16.95578, 13.68992, 8],
			"color": 0,
			"children": [
				{
					"name": "1",
					"origin": [16.95578, 13.68992, 8],
					"color": 0,
					"children": [25, 26, 27, 28, 29, 30]
				},
				{
					"name": "1",
					"origin": [16.95578, 13.68992, 8],
					"color": 0,
					"children": [31, 32, 33, 34, 35, 36]
				}
			]
		},
		{
			"name": "hammer",
			"origin": [0, 0, 0],
			"color": 0,
			"children": [37, 38, 39, 40]
		},
		{
			"name": "hammer",
			"origin": [0, 0, 16],
			"color": 0,
			"children": [41, 42, 43, 44]
		}
	]
}