{
	"credit": "Made with Blockbench",
	"parent": "block/block",
	"textures": {
		"particle": "block/enchanting_table_bottom",
		"bottom": "block/enchanting_table_bottom",
		"top": "block/enchanting_table_top",
		"side": "block/enchanting_table_side"
	},
	"elements": [
		{
			"from": [3, 11, 12],
			"to": [13, 11, 16],
			"rotation": {"angle": 0, "axis": "y", "origin": [16, 0, 0]},
			"faces": {
				"north": {"uv": [3, 0, 13, 4], "rotation": 180, "texture": "#top"},
				"east": {"uv": [3, 0, 13, 4], "rotation": 180, "texture": "#top"},
				"south": {"uv": [3, 0, 13, 4], "rotation": 180, "texture": "#top"},
				"west": {"uv": [3, 0, 13, 4], "rotation": 180, "texture": "#top"},
				"up": {"uv": [3, 0, 13, 4], "rotation": 180, "texture": "#top"},
				"down": {"uv": [3, 0, 13, 4], "texture": "#top"}
			}
		},
		{
			"from": [12, 11, 4],
			"to": [16, 11, 12],
			"rotation": {"angle": 0, "axis": "y", "origin": [16, 0, 0]},
			"faces": {
				"north": {"uv": [4, 4, 0, 12], "texture": "#top"},
				"east": {"uv": [4, 4, 0, 12], "texture": "#top"},
				"south": {"uv": [4, 4, 0, 12], "texture": "#top"},
				"west": {"uv": [4, 4, 0, 12], "texture": "#top"},
				"up": {"uv": [4, 4, 0, 12], "texture": "#top"},
				"down": {"uv": [4, 4, 0, 12], "texture": "#top"}
			}
		},
		{
			"from": [4, 11, 10],
			"to": [12, 11, 12],
			"rotation": {"angle": -45, "axis": "x", "origin": [8, 11, 12]},
			"faces": {
				"north": {"uv": [12, 4, 4, 6], "rotation": 180, "texture": "#top"},
				"east": {"uv": [12, 4, 4, 6], "rotation": 180, "texture": "#top"},
				"south": {"uv": [12, 4, 4, 6], "rotation": 180, "texture": "#top"},
				"west": {"uv": [12, 4, 4, 6], "rotation": 180, "texture": "#top"},
				"up": {"uv": [12, 4, 4, 6], "rotation": 180, "texture": "#top"},
				"down": {"uv": [12, 4, 4, 6], "texture": "#top"}
			}
		},
		{
			"from": [0, 11, 4],
			"to": [4, 11, 12],
			"rotation": {"angle": 0, "axis": "z", "origin": [2, 11, 8]},
			"faces": {
				"north": {"uv": [16, 4, 12, 12], "texture": "#top"},
				"east": {"uv": [16, 4, 12, 12], "texture": "#top"},
				"south": {"uv": [16, 4, 12, 12], "texture": "#top"},
				"west": {"uv": [16, 4, 12, 12], "texture": "#top"},
				"up": {"uv": [16, 4, 12, 12], "texture": "#top"},
				"down": {"uv": [16, 4, 12, 12], "texture": "#top"}
			}
		},
		{
			"from": [4, 11, 4],
			"to": [6, 11, 12],
			"rotation": {"angle": -45, "axis": "z", "origin": [4, 11, 8]},
			"faces": {
				"north": {"uv": [12, 4, 10, 12], "texture": "#top"},
				"east": {"uv": [12, 4, 10, 12], "texture": "#top"},
				"south": {"uv": [12, 4, 10, 12], "texture": "#top"},
				"west": {"uv": [12, 4, 10, 12], "texture": "#top"},
				"up": {"uv": [12, 4, 10, 12], "texture": "#top"},
				"down": {"uv": [12, 4, 10, 12], "texture": "#top"}
			}
		},
		{
			"from": [3, 11, 0],
			"to": [13, 11, 4],
			"rotation": {"angle": 0, "axis": "y", "origin": [16, 0, 0]},
			"faces": {
				"north": {"uv": [3, 12, 13, 16], "rotation": 180, "texture": "#top"},
				"east": {"uv": [3, 12, 13, 16], "rotation": 180, "texture": "#top"},
				"south": {"uv": [3, 12, 13, 16], "rotation": 180, "texture": "#top"},
				"west": {"uv": [3, 12, 13, 16], "rotation": 180, "texture": "#top"},
				"up": {"uv": [3, 12, 13, 16], "rotation": 180, "texture": "#top"},
				"down": {"uv": [3, 12, 13, 16], "texture": "#top"}
			}
		},
		{
			"from": [4, 11, 4],
			"to": [12, 11, 6],
			"rotation": {"angle": 45, "axis": "x", "origin": [8, 11, 4]},
			"faces": {
				"north": {"uv": [12, 10, 4, 12], "rotation": 180, "texture": "#top"},
				"east": {"uv": [12, 10, 4, 12], "rotation": 180, "texture": "#top"},
				"south": {"uv": [12, 10, 4, 12], "rotation": 180, "texture": "#top"},
				"west": {"uv": [12, 10, 4, 12], "rotation": 180, "texture": "#top"},
				"up": {"uv": [12, 10, 4, 12], "rotation": 180, "texture": "#top"},
				"down": {"uv": [12, 10, 4, 12], "texture": "#top"}
			}
		},
		{
			"from": [10, 11, 4],
			"to": [12, 11, 12],
			"rotation": {"angle": 45, "axis": "z", "origin": [12, 11, 8]},
			"faces": {
				"north": {"uv": [6, 4, 4, 12], "texture": "#top"},
				"east": {"uv": [6, 4, 4, 12], "texture": "#top"},
				"south": {"uv": [6, 4, 4, 12], "texture": "#top"},
				"west": {"uv": [6, 4, 4, 12], "texture": "#top"},
				"up": {"uv": [6, 4, 4, 12], "texture": "#top"},
				"down": {"uv": [6, 4, 4, 12], "texture": "#top"}
			}
		},
		{
			"from": [16, 9, 4],
			"to": [16, 11, 12],
			"rotation": {"angle": 22.5, "axis": "z", "origin": [16, 11, 8]},
			"faces": {
				"north": {"uv": [12, 4, 4, 6], "texture": "#side"},
				"east": {"uv": [12, 4, 4, 6], "texture": "#side"},
				"south": {"uv": [12, 4, 4, 6], "texture": "#side"},
				"west": {"uv": [12, 4, 4, 6], "texture": "#side"},
				"up": {"uv": [12, 4, 4, 6], "texture": "#side"},
				"down": {"uv": [12, 4, 4, 6], "texture": "#side"}
			}
		},
		{
			"from": [16.76537, 8.15224, 5],
			"to": [16.76537, 9.15224, 11],
			"rotation": {"angle": 0, "axis": "z", "origin": [16.76537, 9.15224, 8]},
			"faces": {
				"north": {"uv": [11, 6, 5, 7], "texture": "#side"},
				"east": {"uv": [11, 6, 5, 7], "texture": "#side"},
				"south": {"uv": [11, 6, 5, 7], "texture": "#side"},
				"west": {"uv": [11, 6, 5, 7], "texture": "#side"},
				"up": {"uv": [11, 6, 5, 7], "texture": "#side"},
				"down": {"uv": [11, 6, 5, 7], "texture": "#side"}
			}
		},
		{
			"from": [16.76537, 7.15224, 6],
			"to": [16.76537, 8.15224, 10],
			"rotation": {"angle": -22.5, "axis": "z", "origin": [16.76537, 8.15224, 8]},
			"faces": {
				"north": {"uv": [10, 7, 6, 8], "texture": "#side"},
				"east": {"uv": [10, 7, 6, 8], "texture": "#side"},
				"south": {"uv": [10, 7, 6, 8], "texture": "#side"},
				"west": {"uv": [10, 7, 6, 8], "texture": "#side"},
				"up": {"uv": [10, 7, 6, 8], "texture": "#side"},
				"down": {"uv": [10, 7, 6, 8], "texture": "#side"}
			}
		},
		{
			"from": [16.38339, 6.22765, 7],
			"to": [16.38339, 7.22765, 9],
			"rotation": {"angle": -45, "axis": "z", "origin": [16.38339, 7.22765, 8]},
			"faces": {
				"north": {"uv": [9, 8, 7, 9], "texture": "#side"},
				"east": {"uv": [9, 8, 7, 9], "texture": "#side"},
				"south": {"uv": [9, 8, 7, 9], "texture": "#side"},
				"west": {"uv": [9, 8, 7, 9], "texture": "#side"},
				"up": {"uv": [9, 8, 7, 9], "texture": "#side"},
				"down": {"uv": [9, 8, 7, 9], "texture": "#side"}
			}
		},
		{
			"from": [4, 5.73477, 16.41541],
			"to": [12, 7.73477, 16.41541],
			"rotation": {"angle": -22.5, "axis": "x", "origin": [8, 8.32319, 8]},
			"faces": {
				"north": {"uv": [12, 4, 4, 6], "texture": "#side"},
				"east": {"uv": [12, 4, 4, 6], "texture": "#side"},
				"south": {"uv": [12, 4, 4, 6], "texture": "#side"},
				"west": {"uv": [12, 4, 4, 6], "texture": "#side"},
				"up": {"uv": [12, 4, 4, 6], "texture": "#side"},
				"down": {"uv": [12, 4, 4, 6], "texture": "#side"}
			}
		},
		{
			"from": [5, 8.15224, 16.76537],
			"to": [11, 9.15224, 16.76537],
			"rotation": {"angle": 0, "axis": "z", "origin": [8, 8.32319, 8]},
			"faces": {
				"north": {"uv": [11, 6, 5, 7], "texture": "#side"},
				"east": {"uv": [11, 6, 5, 7], "texture": "#side"},
				"south": {"uv": [11, 6, 5, 7], "texture": "#side"},
				"west": {"uv": [11, 6, 5, 7], "texture": "#side"},
				"up": {"uv": [11, 6, 5, 7], "texture": "#side"},
				"down": {"uv": [11, 6, 5, 7], "texture": "#side"}
			}
		},
		{
			"from": [6, 10.51961, 16.16356],
			"to": [10, 11.51961, 16.16356],
			"rotation": {"angle": 22.5, "axis": "x", "origin": [8, 8.32319, 8]},
			"faces": {
				"north": {"uv": [10, 7, 6, 8], "texture": "#side"},
				"east": {"uv": [10, 7, 6, 8], "texture": "#side"},
				"south": {"uv": [10, 7, 6, 8], "texture": "#side"},
				"west": {"uv": [10, 7, 6, 8], "texture": "#side"},
				"up": {"uv": [10, 7, 6, 8], "texture": "#side"},
				"down": {"uv": [10, 7, 6, 8], "texture": "#side"}
			}
		},
		{
			"from": [7, 12.47648, 14.70261],
			"to": [9, 13.47648, 14.70261],
			"rotation": {"angle": 45, "axis": "x", "origin": [8, 8.32319, 8]},
			"faces": {
				"north": {"uv": [9, 8, 7, 9], "texture": "#side"},
				"east": {"uv": [9, 8, 7, 9], "texture": "#side"},
				"south": {"uv": [9, 8, 7, 9], "texture": "#side"},
				"west": {"uv": [9, 8, 7, 9], "texture": "#side"},
				"up": {"uv": [9, 8, 7, 9], "texture": "#side"},
				"down": {"uv": [9, 8, 7, 9], "texture": "#side"}
			}
		},
		{
			"from": [7, 12.47648, 1.29739],
			"to": [9, 13.47648, 1.29739],
			"rotation": {"angle": -45, "axis": "x", "origin": [8, 8.32319, 8]},
			"faces": {
				"north": {"uv": [9, 8, 7, 9], "texture": "#side"},
				"east": {"uv": [9, 8, 7, 9], "texture": "#missing"},
				"south": {"uv": [9, 8, 7, 9], "texture": "#side"},
				"west": {"uv": [9, 8, 7, 9], "texture": "#missing"},
				"up": {"uv": [9, 8, 7, 9], "texture": "#missing"},
				"down": {"uv": [9, 8, 7, 9], "texture": "#missing"}
			}
		},
		{
			"from": [0, 9, 4],
			"to": [0, 11, 12],
			"rotation": {"angle": -22.5, "axis": "z", "origin": [0, 11, 8]},
			"faces": {
				"north": {"uv": [12, 4, 4, 6], "texture": "#side"},
				"east": {"uv": [12, 4, 4, 6], "texture": "#side"},
				"south": {"uv": [12, 4, 4, 6], "texture": "#missing"},
				"west": {"uv": [12, 4, 4, 6], "texture": "#side"},
				"up": {"uv": [12, 4, 4, 6], "texture": "#missing"},
				"down": {"uv": [12, 4, 4, 6], "texture": "#missing"}
			}
		},
		{
			"from": [-0.76537, 8.15224, 5],
			"to": [-0.76537, 9.15224, 11],
			"rotation": {"angle": 0, "axis": "y", "origin": [-0.76537, 9.15224, 8]},
			"faces": {
				"north": {"uv": [11, 6, 5, 7], "texture": "#side"},
				"east": {"uv": [11, 6, 5, 7], "texture": "#side"},
				"south": {"uv": [11, 6, 5, 7], "texture": "#missing"},
				"west": {"uv": [11, 6, 5, 7], "texture": "#side"},
				"up": {"uv": [11, 6, 5, 7], "texture": "#missing"},
				"down": {"uv": [11, 6, 5, 7], "texture": "#missing"}
			}
		},
		{
			"from": [-0.76537, 7.15224, 6],
			"to": [-0.76537, 8.15224, 10],
			"rotation": {"angle": 22.5, "axis": "z", "origin": [-0.76537, 8.15224, 8]},
			"faces": {
				"north": {"uv": [10, 7, 6, 8], "texture": "#side"},
				"east": {"uv": [10, 7, 6, 8], "texture": "#side"},
				"south": {"uv": [10, 7, 6, 8], "texture": "#missing"},
				"west": {"uv": [10, 7, 6, 8], "texture": "#side"},
				"up": {"uv": [10, 7, 6, 8], "texture": "#missing"},
				"down": {"uv": [10, 7, 6, 8], "texture": "#missing"}
			}
		},
		{
			"from": [-0.38339, 6.22765, 7],
			"to": [-0.38339, 7.22765, 9],
			"rotation": {"angle": 45, "axis": "z", "origin": [-0.38339, 7.22765, 8]},
			"faces": {
				"north": {"uv": [9, 8, 7, 9], "texture": "#side"},
				"east": {"uv": [9, 8, 7, 9], "texture": "#side"},
				"south": {"uv": [9, 8, 7, 9], "texture": "#missing"},
				"west": {"uv": [9, 8, 7, 9], "texture": "#side"},
				"up": {"uv": [9, 8, 7, 9], "texture": "#missing"},
				"down": {"uv": [9, 8, 7, 9], "texture": "#missing"}
			}
		},
		{
			"from": [4, 5.73477, -0.41541],
			"to": [12, 7.73477, -0.41541],
			"rotation": {"angle": 22.5, "axis": "x", "origin": [8, 8.32319, 8]},
			"faces": {
				"north": {"uv": [12, 4, 4, 6], "texture": "#side"},
				"east": {"uv": [12, 4, 4, 6], "texture": "#missing"},
				"south": {"uv": [12, 4, 4, 6], "texture": "#side"},
				"west": {"uv": [12, 4, 4, 6], "texture": "#missing"},
				"up": {"uv": [12, 4, 4, 6], "texture": "#missing"},
				"down": {"uv": [12, 4, 4, 6], "texture": "#missing"}
			}
		},
		{
			"from": [5, 8.15224, -0.76537],
			"to": [11, 9.15224, -0.76537],
			"rotation": {"angle": 0, "axis": "y", "origin": [8, 8.32319, 8]},
			"faces": {
				"north": {"uv": [11, 6, 5, 7], "texture": "#side"},
				"east": {"uv": [11, 6, 5, 7], "texture": "#missing"},
				"south": {"uv": [11, 6, 5, 7], "texture": "#side"},
				"west": {"uv": [11, 6, 5, 7], "texture": "#missing"},
				"up": {"uv": [11, 6, 5, 7], "texture": "#missing"},
				"down": {"uv": [11, 6, 5, 7], "texture": "#missing"}
			}
		},
		{
			"from": [6, 10.51961, -0.16356],
			"to": [10, 11.51961, -0.16356],
			"rotation": {"angle": -22.5, "axis": "x", "origin": [8, 8.32319, 8]},
			"faces": {
				"north": {"uv": [10, 7, 6, 8], "texture": "#side"},
				"east": {"uv": [10, 7, 6, 8], "texture": "#missing"},
				"south": {"uv": [10, 7, 6, 8], "texture": "#side"},
				"west": {"uv": [10, 7, 6, 8], "texture": "#missing"},
				"up": {"uv": [10, 7, 6, 8], "texture": "#missing"},
				"down": {"uv": [10, 7, 6, 8], "texture": "#missing"}
			}
		},
		{
			"from": [13, 8, -0.1],
			"to": [16.1, 12.1, 3],
			"rotation": {"angle": 0, "axis": "y", "origin": [16, 0, 0]},
			"faces": {
				"north": {"uv": [0, 4, 3, 8], "texture": "#side"},
				"east": {"uv": [13, 4, 16, 8], "texture": "#side"},
				"south": {"uv": [0, 4, 3, 8], "texture": "#side"},
				"west": {"uv": [3, 4, 0, 8], "texture": "#side"},
				"up": {"uv": [0, 13, 3, 16], "rotation": 180, "texture": "#top"},
				"down": {"uv": [0, 4, 3, 7], "rotation": 270, "texture": "#side"}
			}
		},
		{
			"from": [12, 9, -0.1],
			"to": [13, 12.1, 3],
			"rotation": {"angle": 0, "axis": "y", "origin": [16, 0, 0]},
			"faces": {
				"north": {"uv": [3, 4, 4, 7], "texture": "#side"},
				"east": {"uv": [0, 0, 3.1, 4.1], "texture": "#missing"},
				"south": {"uv": [3, 4, 4, 7], "rotation": 180, "texture": "#side"},
				"west": {"uv": [0, 4, 3, 7], "texture": "#side"},
				"up": {"uv": [13, 12, 16, 13], "rotation": 270, "texture": "#top"},
				"down": {"uv": [0, 7, 3, 8], "rotation": 90, "texture": "#side"}
			}
		},
		{
			"from": [13, 9, 3],
			"to": [16.1, 12.1, 4],
			"rotation": {"angle": 0, "axis": "y", "origin": [16, 0, 0]},
			"faces": {
				"north": {"uv": [0, 0, 3.1, 3.1], "texture": "#missing"},
				"east": {"uv": [12, 4, 13, 7], "texture": "#side"},
				"south": {"uv": [13, 4, 16, 7], "texture": "#side"},
				"west": {"uv": [12, 4, 13, 7], "rotation": 180, "texture": "#side"},
				"up": {"uv": [12, 13, 13, 16], "rotation": 270, "texture": "#top"},
				"down": {"uv": [13, 7, 16, 8], "rotation": 180, "texture": "#side"}
			}
		},
		{
			"from": [13, 9, 12],
			"to": [16.1, 12.1, 13],
			"rotation": {"angle": 0, "axis": "y", "origin": [16, 0, 16]},
			"faces": {
				"north": {"uv": [0, 4, 3, 7], "texture": "#side"},
				"east": {"uv": [3, 4, 4, 7], "texture": "#side"},
				"south": {"uv": [0, 0, 3.1, 4.1], "texture": "#missing"},
				"west": {"uv": [3, 4, 4, 7], "rotation": 180, "texture": "#side"},
				"up": {"uv": [13, 12, 16, 13], "texture": "#top"},
				"down": {"uv": [0, 7, 3, 8], "texture": "#side"}
			}
		},
		{
			"from": [13, 8, 13],
			"to": [16.1, 12.1, 16.1],
			"rotation": {"angle": 0, "axis": "y", "origin": [16, 0, 16]},
			"faces": {
				"north": {"uv": [3, 4, 0, 8], "texture": "#side"},
				"east": {"uv": [0, 4, 3, 8], "texture": "#side"},
				"south": {"uv": [13, 4, 16, 8], "texture": "#side"},
				"west": {"uv": [0, 4, 3, 8], "texture": "#side"},
				"up": {"uv": [0, 13, 3, 16], "rotation": 270, "texture": "#top"},
				"down": {"uv": [0, 4, 3, 7], "rotation": 180, "texture": "#side"}
			}
		},
		{
			"from": [12, 9, 13],
			"to": [13, 12.1, 16.1],
			"rotation": {"angle": 0, "axis": "y", "origin": [16, 0, 16]},
			"faces": {
				"north": {"uv": [12, 4, 13, 7], "rotation": 180, "texture": "#side"},
				"east": {"uv": [0, 0, 3.1, 3.1], "texture": "#missing"},
				"south": {"uv": [12, 4, 13, 7], "texture": "#side"},
				"west": {"uv": [13, 4, 16, 7], "texture": "#side"},
				"up": {"uv": [12, 13, 13, 16], "texture": "#top"},
				"down": {"uv": [13, 7, 16, 8], "rotation": 90, "texture": "#side"}
			}
		},
		{
			"from": [3, 9, 13],
			"to": [4, 12.1, 16.1],
			"rotation": {"angle": 0, "axis": "y", "origin": [0, 0, 16]},
			"faces": {
				"north": {"uv": [3, 4, 4, 7], "rotation": 180, "texture": "#side"},
				"east": {"uv": [0, 4, 3, 7], "texture": "#side"},
				"south": {"uv": [3, 4, 4, 7], "texture": "#side"},
				"west": {"uv": [0, 0, 3.1, 4.1], "texture": "#missing"},
				"up": {"uv": [13, 12, 16, 13], "rotation": 90, "texture": "#top"},
				"down": {"uv": [0, 7, 3, 8], "rotation": 270, "texture": "#side"}
			}
		},
		{
			"from": [-0.1, 8, 13],
			"to": [3, 12.1, 16.1],
			"rotation": {"angle": 0, "axis": "y", "origin": [0, 0, 16]},
			"faces": {
				"north": {"uv": [0, 4, 3, 8], "texture": "#side"},
				"east": {"uv": [3, 4, 0, 8], "texture": "#side"},
				"south": {"uv": [0, 4, 3, 8], "texture": "#side"},
				"west": {"uv": [13, 4, 16, 8], "texture": "#side"},
				"up": {"uv": [0, 13, 3, 16], "texture": "#top"},
				"down": {"uv": [0, 4, 3, 7], "rotation": 90, "texture": "#side"}
			}
		},
		{
			"from": [-0.1, 9, 12],
			"to": [3, 12.1, 13],
			"rotation": {"angle": 0, "axis": "y", "origin": [0, 0, 16]},
			"faces": {
				"north": {"uv": [13, 4, 16, 7], "texture": "#side"},
				"east": {"uv": [12, 4, 13, 7], "rotation": 180, "texture": "#side"},
				"south": {"uv": [0, 0, 3.1, 3.1], "texture": "#missing"},
				"west": {"uv": [12, 4, 13, 7], "texture": "#side"},
				"up": {"uv": [12, 13, 13, 16], "rotation": 90, "texture": "#top"},
				"down": {"uv": [13, 7, 16, 8], "texture": "#side"}
			}
		},
		{
			"from": [3, 9, -0.1],
			"to": [4, 12.1, 3],
			"faces": {
				"north": {"uv": [12, 4, 13, 7], "texture": "#side"},
				"east": {"uv": [13, 4, 16, 7], "texture": "#side"},
				"south": {"uv": [12, 4, 13, 7], "rotation": 180, "texture": "#side"},
				"west": {"uv": [0, 0, 3.1, 3.1], "texture": "#missing"},
				"up": {"uv": [12, 13, 13, 16], "rotation": 180, "texture": "#top"},
				"down": {"uv": [13, 7, 16, 8], "rotation": 270, "texture": "#side"}
			}
		},
		{
			"from": [-0.1, 8, -0.1],
			"to": [3, 12.1, 3],
			"faces": {
				"north": {"uv": [13, 4, 16, 8], "texture": "#side"},
				"east": {"uv": [0, 4, 3, 8], "texture": "#side"},
				"south": {"uv": [3, 4, 0, 8], "texture": "#side"},
				"west": {"uv": [0, 4, 3, 8], "texture": "#side"},
				"up": {"uv": [0, 13, 3, 16], "rotation": 90, "texture": "#top"},
				"down": {"uv": [0, 4, 3, 7], "texture": "#side"}
			}
		},
		{
			"from": [-0.1, 9, 3],
			"to": [3, 12.1, 4],
			"faces": {
				"north": {"uv": [0, 0, 3.1, 4.1], "texture": "#missing"},
				"east": {"uv": [3, 4, 4, 7], "rotation": 180, "texture": "#side"},
				"south": {"uv": [0, 4, 3, 7], "texture": "#side"},
				"west": {"uv": [3, 4, 4, 7], "texture": "#side"},
				"up": {"uv": [13, 12, 16, 13], "rotation": 180, "texture": "#top"},
				"down": {"uv": [0, 7, 3, 8], "rotation": 180, "texture": "#side"}
			}
		},
		{
			"from": [3, 0, 16],
			"to": [13, 4.2, 16],
			"rotation": {"angle": -45, "axis": "x", "origin": [0, 0, 16]},
			"faces": {
				"north": {"uv": [3, 12, 13, 16], "texture": "#side"},
				"east": {"uv": [3, 12, 13, 16], "texture": "#side"},
				"south": {"uv": [3, 12, 13, 16], "texture": "#side"},
				"west": {"uv": [3, 12, 13, 16], "texture": "#side"},
				"up": {"uv": [3, 12, 13, 16], "texture": "#side"},
				"down": {"uv": [3, 12, 13, 16], "texture": "#side"}
			}
		},
		{
			"from": [0, 0, 0],
			"to": [3, 8, 3],
			"faces": {
				"north": {"uv": [13, 8, 16, 16], "texture": "#side"},
				"east": {"uv": [0, 8, 3, 16], "texture": "#side"},
				"south": {"uv": [3, 8, 6, 16], "texture": "#side"},
				"west": {"uv": [0, 8, 3, 16], "texture": "#side"},
				"up": {"uv": [0, 13, 3, 16], "texture": "#side"},
				"down": {"uv": [0, 13, 3, 16], "texture": "#bottom"}
			}
		},
		{
			"from": [0, 0, 3],
			"to": [4.2, 0, 13],
			"rotation": {"angle": 45, "axis": "z", "origin": [0, 0, 0]},
			"faces": {
				"north": {"uv": [3, 12, 13, 16], "rotation": 90, "texture": "#side"},
				"east": {"uv": [3, 12, 13, 16], "rotation": 90, "texture": "#side"},
				"south": {"uv": [3, 12, 13, 16], "rotation": 90, "texture": "#side"},
				"west": {"uv": [3, 12, 13, 16], "rotation": 90, "texture": "#side"},
				"up": {"uv": [3, 12, 13, 16], "rotation": 90, "texture": "#side"},
				"down": {"uv": [3, 12, 13, 16], "rotation": 90, "texture": "#side"}
			}
		},
		{
			"from": [13, 0, 0],
			"to": [16, 8, 3],
			"rotation": {"angle": 0, "axis": "y", "origin": [16, 0, 0]},
			"faces": {
				"north": {"uv": [0, 8, 3, 16], "texture": "#side"},
				"east": {"uv": [13, 8, 16, 16], "texture": "#side"},
				"south": {"uv": [0, 8, 3, 16], "texture": "#side"},
				"west": {"uv": [3, 8, 6, 16], "texture": "#side"},
				"up": {"uv": [0, 13, 3, 16], "rotation": 90, "texture": "#side"},
				"down": {"uv": [0, 13, 3, 16], "rotation": 270, "texture": "#bottom"}
			}
		},
		{
			"from": [2.9, 2, 2.9],
			"to": [13.1, 3, 13.1],
			"rotation": {"angle": 0, "axis": "y", "origin": [16, 1, 0]},
			"faces": {
				"north": {"uv": [3, 13, 13, 14], "texture": "#bottom"},
				"east": {"uv": [3, 13, 13, 14], "texture": "#bottom"},
				"south": {"uv": [3, 13, 13, 14], "texture": "#bottom"},
				"west": {"uv": [3, 13, 13, 14], "texture": "#bottom"},
				"up": {"uv": [3, 3, 13, 13], "texture": "#bottom"},
				"down": {"uv": [3, 3, 13, 13], "texture": "#bottom"}
			}
		},
		{
			"from": [3, 0, 0],
			"to": [13, 4.2, 0],
			"rotation": {"angle": 45, "axis": "x", "origin": [16, 0, 0]},
			"faces": {
				"north": {"uv": [3, 12, 13, 16], "texture": "#side"},
				"east": {"uv": [3, 12, 13, 16], "texture": "#side"},
				"south": {"uv": [3, 12, 13, 16], "texture": "#side"},
				"west": {"uv": [3, 12, 13, 16], "texture": "#side"},
				"up": {"uv": [3, 12, 13, 16], "texture": "#side"},
				"down": {"uv": [3, 12, 13, 16], "texture": "#side"}
			}
		},
		{
			"from": [13, 0, 13],
			"to": [16, 8, 16],
			"rotation": {"angle": 0, "axis": "y", "origin": [16, 0, 16]},
			"faces": {
				"north": {"uv": [3, 8, 6, 16], "texture": "#side"},
				"east": {"uv": [0, 8, 3, 16], "texture": "#side"},
				"south": {"uv": [13, 8, 16, 16], "texture": "#side"},
				"west": {"uv": [0, 8, 3, 16], "texture": "#side"},
				"up": {"uv": [0, 13, 3, 16], "rotation": 180, "texture": "#side"},
				"down": {"uv": [0, 13, 3, 16], "rotation": 180, "texture": "#bottom"}
			}
		},
		{
			"from": [16, 0, 3],
			"to": [16, 4.2, 13],
			"rotation": {"angle": 45, "axis": "z", "origin": [16, 0, 16]},
			"faces": {
				"north": {"uv": [3, 12, 13, 16], "texture": "#side"},
				"east": {"uv": [3, 12, 13, 16], "texture": "#side"},
				"south": {"uv": [3, 12, 13, 16], "texture": "#side"},
				"west": {"uv": [3, 12, 13, 16], "texture": "#side"},
				"up": {"uv": [3, 12, 13, 16], "texture": "#side"},
				"down": {"uv": [3, 12, 13, 16], "texture": "#side"}
			}
		},
		{
			"from": [0, 0, 13],
			"to": [3, 8, 16],
			"rotation": {"angle": 0, "axis": "y", "origin": [0, 0, 16]},
			"faces": {
				"north": {"uv": [0, 8, 3, 16], "texture": "#side"},
				"east": {"uv": [3, 8, 6, 16], "texture": "#side"},
				"south": {"uv": [0, 8, 3, 16], "texture": "#side"},
				"west": {"uv": [13, 8, 16, 16], "texture": "#side"},
				"up": {"uv": [0, 13, 3, 16], "rotation": 270, "texture": "#side"},
				"down": {"uv": [0, 13, 3, 16], "rotation": 90, "texture": "#bottom"}
			}
		},
		{
			"from": [4, 8.9, 12.9],
			"to": [12, 10.9, 14.9],
			"rotation": {"angle": 0, "axis": "y", "origin": [3, 2.9, 15.9]},
			"faces": {
				"north": {"uv": [3, 9, 11, 11], "texture": "#bottom"},
				"east": {"uv": [3, 9, 5, 11], "texture": "#bottom"},
				"south": {"uv": [3, 9, 11, 11], "texture": "#bottom"},
				"west": {"uv": [3, 9, 5, 11], "texture": "#bottom"},
				"up": {"uv": [3, 9, 11, 11], "texture": "#bottom"},
				"down": {"uv": [3, 9, 11, 11], "texture": "#bottom"}
			}
		},
		{
			"from": [4, 8.9, 1.1],
			"to": [12, 10.9, 3.1],
			"rotation": {"angle": 0, "axis": "y", "origin": [3, 2.9, 4.1]},
			"faces": {
				"north": {"uv": [3, 9, 11, 11], "texture": "#bottom"},
				"east": {"uv": [3, 9, 5, 11], "texture": "#bottom"},
				"south": {"uv": [3, 9, 11, 11], "texture": "#bottom"},
				"west": {"uv": [3, 9, 5, 11], "texture": "#bottom"},
				"up": {"uv": [3, 9, 11, 11], "texture": "#bottom"},
				"down": {"uv": [3, 9, 11, 11], "texture": "#bottom"}
			}
		},
		{
			"from": [12.9, 8.9, 4],
			"to": [14.9, 10.9, 12],
			"rotation": {"angle": 0, "axis": "y", "origin": [11.9, 2.9, 3]},
			"faces": {
				"north": {"uv": [3, 9, 5, 11], "texture": "#bottom"},
				"east": {"uv": [3, 9, 11, 11], "texture": "#bottom"},
				"south": {"uv": [3, 9, 5, 11], "texture": "#bottom"},
				"west": {"uv": [3, 9, 11, 11], "texture": "#bottom"},
				"up": {"uv": [3, 9, 11, 11], "rotation": 90, "texture": "#bottom"},
				"down": {"uv": [3, 9, 11, 11], "rotation": 270, "texture": "#bottom"}
			}
		},
		{
			"from": [1.1, 8.9, 4],
			"to": [3.1, 10.9, 12],
			"rotation": {"angle": 0, "axis": "y", "origin": [0.1, 2.9, 3]},
			"faces": {
				"north": {"uv": [3, 9, 5, 11], "texture": "#bottom"},
				"east": {"uv": [3, 9, 11, 11], "texture": "#bottom"},
				"south": {"uv": [3, 9, 5, 11], "texture": "#bottom"},
				"west": {"uv": [3, 9, 11, 11], "texture": "#bottom"},
				"up": {"uv": [3, 9, 11, 11], "rotation": 90, "texture": "#bottom"},
				"down": {"uv": [3, 9, 11, 11], "rotation": 270, "texture": "#bottom"}
			}
		}
	],
	"groups": [
		{
			"name": "cloth",
			"origin": [0, 3, 3],
			"color": 0,
			"children": [
				{
					"name": "top cloth",
					"origin": [12, -3, 8],
					"color": 0,
					"children": [0, 1, 2, 3, 4, 5, 6, 7]
				},
				{
					"name": "draped cloth",
					"origin": [0, 11, 8],
					"color": 0,
					"children": [8, 9, 10, 11, 12, 13, 14, 15, 16, 17, 18, 19, 20, 21, 22, 23]
				}
			]
		},
		{
			"name": "diamonds",
			"origin": [0, 0, 0],
			"color": 0,
			"children": [24, 25, 26, 27, 28, 29, 30, 31, 32, 33, 34, 35]
		},
		{
			"name": "frame",
			"origin": [0, 3, 3],
			"color": 0,
			"children": [36, 37, 38, 39, 40, 41, 42, 43, 44, 45, 46, 47, 48]
		}
	]
}