{
	"credit": "Made with Blockbench",
	"parent": "minecraft:block/orientable",
	"textures": {
		"3": "block/magma",
		"top": "block/furnace_top",
		"particle": "block/furnace_front",
		"front": "block/furnace_front",
		"side": "block/furnace_side"
	},
	"elements": [
		{
			"from": [4.3, 2.7, 4],
			"to": [11.3, 3.7, 5],
			"rotation": {"angle": 22.5, "axis": "z", "origin": [8.5, 1.6, 4.5]},
			"faces": {
				"north": {"uv": [3, 3, 10, 4], "texture": "#3", "cullface": "north"},
				"east": {"uv": [1, 2, 2, 3], "texture": "#3", "cullface": "north"},
				"south": {"uv": [3, 3, 10, 4], "texture": "#3", "cullface": "north"},
				"west": {"uv": [3, 3, 4, 4], "texture": "#3", "cullface": "north"},
				"up": {"uv": [3, 3, 10, 4], "texture": "#3", "cullface": "north"},
				"down": {"uv": [3, 3, 10, 4], "texture": "#3", "cullface": "north"}
			}
		},
		{
			"from": [6.7, 1, 1.7],
			"to": [7.7, 2, 8.7],
			"rotation": {"angle": -22.5, "axis": "z", "origin": [7.8, 1.5, 4.5]},
			"faces": {
				"north": {"uv": [15, 13, 16, 14], "rotation": 270, "texture": "#3", "cullface": "north"},
				"east": {"uv": [8, 13, 15, 14], "rotation": 180, "texture": "#3", "cullface": "north"},
				"south": {"uv": [6, 14, 7, 15], "rotation": 270, "texture": "#3", "cullface": "north"},
				"west": {"uv": [8, 13, 15, 14], "rotation": 180, "texture": "#3", "cullface": "north"},
				"up": {"uv": [8, 13, 15, 14], "rotation": 270, "texture": "#3", "cullface": "north"},
				"down": {"uv": [8, 13, 15, 14], "rotation": 270, "texture": "#3", "cullface": "north"}
			}
		},
		{
			"from": [8.3, 2.1, 3.3],
			"to": [9.3, 3.1, 9.3],
			"rotation": {"angle": -45, "axis": "y", "origin": [9.4, 2.6, 6.1]},
			"faces": {
				"north": {"uv": [4, 6, 5, 7], "rotation": 180, "texture": "#3", "cullface": "north"},
				"east": {"uv": [0, 8, 6, 9], "rotation": 180, "texture": "#3", "cullface": "north"},
				"south": {"uv": [2, 10, 3, 11], "rotation": 180, "texture": "#3", "cullface": "north"},
				"west": {"uv": [0, 8, 6, 9], "rotation": 180, "texture": "#3", "cullface": "north"},
				"up": {"uv": [0, 8, 6, 9], "rotation": 270, "texture": "#3", "cullface": "north"},
				"down": {"uv": [0, 8, 6, 9], "rotation": 270, "texture": "#3", "cullface": "north"}
			}
		},
		{
			"from": [9.3, 1.1, 1.3],
			"to": [10.3, 2.1, 6.3],
			"rotation": {"angle": 22.5, "axis": "y", "origin": [10.4, 1.6, 4.1]},
			"faces": {
				"north": {"uv": [15, 2, 16, 3], "rotation": 270, "texture": "#3", "cullface": "north"},
				"east": {"uv": [11, 6, 16, 7], "texture": "#3", "cullface": "north"},
				"south": {"uv": [11, 6, 16, 7], "rotation": 270, "texture": "#3", "cullface": "north"},
				"west": {"uv": [9, 9, 10, 14], "rotation": 270, "texture": "#3", "cullface": "north"},
				"up": {"uv": [11, 6, 16, 7], "rotation": 270, "texture": "#3", "cullface": "north"},
				"down": {"uv": [11, 6, 16, 7], "rotation": 270, "texture": "#3", "cullface": "north"}
			}
		},
		{
			"from": [15, 0, 0],
			"to": [16, 16, 1],
			"faces": {
				"north": {"uv": [0, 0, 1, 16], "texture": "#front", "cullface": "north"},
				"east": {"uv": [15, 0, 16, 16], "texture": "#side", "cullface": "east"},
				"south": {"uv": [0, 0, 1, 16], "texture": "#front", "cullface": "east"},
				"west": {"uv": [15, 0, 16, 16], "texture": "#side", "cullface": "north"},
				"up": {"uv": [0, 15, 1, 16], "texture": "#top", "cullface": "up"},
				"down": {"uv": [0, 15, 1, 16], "texture": "#top", "cullface": "down"}
			}
		},
		{
			"from": [0, 0, 0],
			"to": [1, 16, 1],
			"faces": {
				"north": {"uv": [15, 0, 16, 16], "texture": "#front", "cullface": "north"},
				"east": {"uv": [0, 0, 1, 16], "texture": "#side", "cullface": "north"},
				"south": {"uv": [15, 0, 16, 16], "texture": "#front", "cullface": "west"},
				"west": {"uv": [0, 0, 1, 16], "texture": "#side", "cullface": "west"},
				"up": {"uv": [15, 15, 16, 16], "texture": "#top", "cullface": "up"},
				"down": {"uv": [15, 15, 16, 16], "texture": "#top", "cullface": "down"}
			}
		},
		{
			"from": [1, 0, 0],
			"to": [15, 1, 1],
			"faces": {
				"north": {"uv": [1, 15, 15, 16], "texture": "#front", "cullface": "north"},
				"south": {"uv": [1, 15, 15, 16], "texture": "#front", "cullface": "down"},
				"up": {"uv": [1, 15, 15, 16], "texture": "#top", "cullface": "north"},
				"down": {"uv": [1, 15, 15, 16], "texture": "#top", "cullface": "down"}
			}
		},
		{
			"from": [1, 15, 0],
			"to": [15, 16, 1],
			"faces": {
				"north": {"uv": [1, 0, 15, 1], "texture": "#front", "cullface": "north"},
				"south": {"uv": [1, 0, 15, 1], "texture": "#front", "cullface": "up"},
				"up": {"uv": [1, 15, 15, 16], "texture": "#top", "cullface": "up"},
				"down": {"uv": [1, 0, 15, 1], "texture": "#top", "cullface": "north"}
			}
		},
		{
			"from": [1, 0, 15],
			"to": [15, 1, 16],
			"faces": {
				"north": {"uv": [1, 15, 15, 16], "texture": "#front", "cullface": "down"},
				"south": {"uv": [1, 15, 15, 16], "texture": "#front", "cullface": "south"},
				"up": {"uv": [1, 15, 15, 16], "texture": "#top", "cullface": "south"},
				"down": {"uv": [1, 15, 15, 16], "texture": "#top", "cullface": "down"}
			}
		},
		{
			"from": [15, 0, 1],
			"to": [16, 1, 15],
			"faces": {
				"east": {"uv": [1, 15, 15, 16], "texture": "#side", "cullface": "east"},
				"west": {"uv": [1, 15, 15, 16], "texture": "#side", "cullface": "down"},
				"up": {"uv": [1, 0, 15, 1], "rotation": 90, "texture": "#side", "cullface": "east"},
				"down": {"uv": [1, 0, 15, 1], "rotation": 90, "texture": "#side", "cullface": "down"}
			}
		},
		{
			"from": [0, 0, 1],
			"to": [1, 1, 15],
			"faces": {
				"east": {"uv": [1, 15, 15, 16], "texture": "#side", "cullface": "down"},
				"west": {"uv": [1, 15, 15, 16], "texture": "#side", "cullface": "west"},
				"up": {"uv": [1, 0, 15, 1], "rotation": 90, "texture": "#side", "cullface": "west"},
				"down": {"uv": [1, 0, 15, 1], "rotation": 90, "texture": "#side", "cullface": "down"}
			}
		},
		{
			"from": [0, 15, 1],
			"to": [1, 16, 15],
			"faces": {
				"east": {"uv": [1, 15, 15, 16], "texture": "#side", "cullface": "up"},
				"west": {"uv": [1, 15, 15, 16], "texture": "#side", "cullface": "west"},
				"up": {"uv": [1, 0, 15, 1], "rotation": 90, "texture": "#side", "cullface": "up"},
				"down": {"uv": [1, 0, 15, 1], "rotation": 90, "texture": "#side", "cullface": "west"}
			}
		},
		{
			"from": [15, 15, 1],
			"to": [16, 16, 15],
			"faces": {
				"east": {"uv": [1, 15, 15, 16], "texture": "#side", "cullface": "east"},
				"west": {"uv": [1, 15, 15, 16], "texture": "#side", "cullface": "up"},
				"up": {"uv": [1, 0, 15, 1], "rotation": 90, "texture": "#side", "cullface": "up"},
				"down": {"uv": [1, 0, 15, 1], "rotation": 90, "texture": "#side", "cullface": "east"}
			}
		},
		{
			"from": [0, 0, 15],
			"to": [1, 16, 16],
			"faces": {
				"north": {"uv": [15, 0, 16, 16], "texture": "#front", "cullface": "west"},
				"east": {"uv": [0, 0, 1, 16], "texture": "#side", "cullface": "south"},
				"south": {"uv": [15, 0, 16, 16], "texture": "#front", "cullface": "south"},
				"west": {"uv": [0, 0, 1, 16], "texture": "#side", "cullface": "west"},
				"up": {"uv": [15, 15, 16, 16], "texture": "#top", "cullface": "up"},
				"down": {"uv": [15, 15, 16, 16], "texture": "#top", "cullface": "down"}
			}
		},
		{
			"from": [15, 0, 15],
			"to": [16, 16, 16],
			"faces": {
				"north": {"uv": [0, 0, 1, 16], "texture": "#front", "cullface": "east"},
				"east": {"uv": [15, 0, 16, 16], "texture": "#side", "cullface": "east"},
				"south": {"uv": [0, 0, 1, 16], "texture": "#front", "cullface": "south"},
				"west": {"uv": [15, 0, 16, 16], "texture": "#side", "cullface": "south"},
				"up": {"uv": [0, 15, 1, 16], "texture": "#top", "cullface": "up"},
				"down": {"uv": [0, 15, 1, 16], "texture": "#top", "cullface": "down"}
			}
		},
		{
			"from": [1, 15, 15],
			"to": [15, 16, 16],
			"faces": {
				"north": {"uv": [1, 0, 15, 1], "texture": "#front", "cullface": "up"},
				"south": {"uv": [1, 0, 15, 1], "texture": "#front", "cullface": "south"},
				"up": {"uv": [1, 15, 15, 16], "texture": "#top", "cullface": "up"},
				"down": {"uv": [1, 0, 15, 1], "texture": "#top", "cullface": "south"}
			}
		},
		{
			"from": [3, 1, 2],
			"to": [13, 1, 5],
			"faces": {
				"north": {"uv": [3, 14, 13, 15], "texture": "#front"},
				"east": {"uv": [0, 0, 6, 1], "texture": "#missing"},
				"west": {"uv": [0, 0, 6, 1], "texture": "#missing"},
				"up": {"uv": [3, 12, 13, 15], "texture": "#front", "cullface": "north"}
			}
		},
		{
			"from": [3, 1, 5],
			"to": [13, 1, 7],
			"faces": {
				"north": {"uv": [3, 14, 13, 15], "texture": "#front"},
				"east": {"uv": [0, 0, 6, 1], "texture": "#missing"},
				"west": {"uv": [0, 0, 6, 1], "texture": "#missing"},
				"up": {"uv": [3, 13, 13, 15], "rotation": 180, "texture": "#front", "cullface": "north"}
			}
		},
		{
			"from": [3, 5, 5],
			"to": [13, 9, 7],
			"faces": {
				"up": {"uv": [3, 13, 13, 15], "rotation": 180, "texture": "#front", "cullface": "north"},
				"down": {"uv": [3, 13, 13, 15], "texture": "#front", "cullface": "north"}
			}
		},
		{
			"from": [3, 1, 7],
			"to": [13, 1, 10],
			"rotation": {"angle": 0, "axis": "y", "origin": [0, 0, 16]},
			"faces": {
				"east": {"uv": [6, 0, 0, 1], "texture": "#missing"},
				"south": {"uv": [13, 14, 3, 15], "texture": "#front"},
				"west": {"uv": [6, 0, 0, 1], "texture": "#missing"},
				"up": {"uv": [3, 15, 13, 12], "texture": "#front", "cullface": "north"}
			}
		},
		{
			"from": [3, 5, 2],
			"to": [13, 9, 5],
			"faces": {
				"up": {"uv": [3, 12, 13, 15], "texture": "#front", "cullface": "north"},
				"down": {"uv": [3, 12, 13, 15], "rotation": 180, "texture": "#front", "cullface": "north"}
			}
		},
		{
			"from": [3, 5, 7],
			"to": [13, 9, 10],
			"rotation": {"angle": 0, "axis": "y", "origin": [0, 0, 16]},
			"faces": {
				"up": {"uv": [3, 15, 13, 12], "texture": "#front", "cullface": "north"},
				"down": {"uv": [3, 15, 13, 12], "rotation": 180, "texture": "#front", "cullface": "north"}
			}
		},
		{
			"from": [3, 13, 2],
			"to": [13, 13, 5],
			"faces": {
				"down": {"uv": [3, 4, 13, 7], "rotation": 180, "texture": "#front", "cullface": "north"}
			}
		},
		{
			"from": [3, 13, 7],
			"to": [13, 13, 10],
			"rotation": {"angle": 0, "axis": "y", "origin": [0, 0, 16]},
			"faces": {
				"down": {"uv": [3, 7, 13, 4], "rotation": 180, "texture": "#front", "cullface": "north"}
			}
		},
		{
			"from": [3, 13, 5],
			"to": [13, 13, 7],
			"rotation": {"angle": 0, "axis": "y", "origin": [0, 0, 16]},
			"faces": {
				"down": {"uv": [3, 7, 13, 5], "rotation": 180, "texture": "#front", "cullface": "north"}
			}
		},
		{
			"from": [1, 1, 1],
			"to": [3, 15, 10],
			"faces": {
				"north": {"uv": [13, 1, 15, 15], "texture": "#front", "cullface": "north"},
				"east": {"uv": [12, 1, 13, 15], "texture": "#front", "cullface": "north"}
			}
		},
		{
			"from": [13, 1, 1],
			"to": [15, 15, 10],
			"faces": {
				"north": {"uv": [1, 1, 3, 15], "texture": "#front", "cullface": "north"},
				"west": {"uv": [3, 1, 4, 15], "texture": "#front", "cullface": "north"}
			}
		},
		{
			"from": [3, 5, 1],
			"to": [13, 9, 2],
			"faces": {
				"north": {"uv": [3, 7, 13, 11], "texture": "#front", "cullface": "north"},
				"up": {"uv": [3, 6, 13, 7], "texture": "#front", "cullface": "north"},
				"down": {"uv": [3, 11, 13, 12], "texture": "#front", "cullface": "north"}
			}
		},
		{
			"from": [3, 13, 1],
			"to": [13, 15, 2],
			"faces": {
				"north": {"uv": [3, 1, 13, 3], "texture": "#front", "cullface": "north"},
				"down": {"uv": [3, 11, 13, 12], "texture": "#front", "cullface": "north"}
			}
		},
		{
			"from": [3, 1, 1],
			"to": [13, 1, 2],
			"faces": {
				"north": {"uv": [3, 14, 13, 15], "texture": "#front"},
				"up": {"uv": [3, 12, 13, 13], "texture": "#front", "cullface": "north"}
			}
		},
		{
			"from": [1, 6, 0],
			"to": [15, 8, 1],
			"faces": {
				"north": {"uv": [1, 8, 15, 10], "texture": "#front", "cullface": "north"},
				"up": {"uv": [1, 1, 15, 2], "texture": "#front", "cullface": "north"},
				"down": {"uv": [1, 9, 15, 10], "texture": "#front", "cullface": "north"}
			}
		},
		{
			"from": [3, 4, 1],
			"to": [4, 5, 11],
			"faces": {
				"north": {"uv": [12, 11, 13, 12], "texture": "#front", "cullface": "north"},
				"east": {"uv": [3, 14, 13, 15], "texture": "#front", "cullface": "north"},
				"down": {"uv": [3, 14, 13, 15], "rotation": 90, "texture": "#front", "cullface": "north"}
			}
		},
		{
			"from": [12, 4, 1],
			"to": [13, 5, 11],
			"faces": {
				"north": {"uv": [3, 11, 4, 12], "texture": "#front", "cullface": "north"},
				"west": {"uv": [3, 1, 13, 2], "texture": "#front", "cullface": "north"},
				"down": {"uv": [3, 14, 13, 15], "rotation": 90, "texture": "#front", "cullface": "north"}
			}
		},
		{
			"from": [12, 12, 1],
			"to": [13, 13, 11],
			"faces": {
				"north": {"uv": [3, 3, 4, 4], "texture": "#front", "cullface": "north"},
				"west": {"uv": [3, 1, 13, 2], "texture": "#front", "cullface": "north"},
				"down": {"uv": [3, 14, 13, 15], "rotation": 90, "texture": "#front", "cullface": "north"}
			}
		},
		{
			"from": [3, 12, 1],
			"to": [4, 13, 11],
			"faces": {
				"north": {"uv": [12, 3, 13, 4], "texture": "#front", "cullface": "north"},
				"east": {"uv": [3, 14, 13, 15], "texture": "#front", "cullface": "north"},
				"down": {"uv": [3, 14, 13, 15], "rotation": 90, "texture": "#front", "cullface": "north"}
			}
		},
		{
			"from": [3, 1, 10],
			"to": [13, 5, 10],
			"faces": {
				"north": {"uv": [3, 11, 13, 15], "texture": "#front", "cullface": "north"},
				"east": {"uv": [3, 12, 4, 15], "texture": "#front"},
				"west": {"uv": [0, 0, 1, 3], "texture": "#missing"},
				"up": {"uv": [0, 0, 10, 1], "texture": "#missing"},
				"down": {"uv": [0, 0, 10, 1], "texture": "#missing"}
			}
		},
		{
			"from": [3, 9, 10],
			"to": [13, 13, 10],
			"faces": {
				"north": {"uv": [3, 11, 13, 15], "texture": "#front", "cullface": "north"},
				"east": {"uv": [3, 12, 4, 15], "texture": "#front"},
				"west": {"uv": [0, 0, 1, 3], "texture": "#missing"},
				"up": {"uv": [0, 0, 10, 1], "texture": "#missing"},
				"down": {"uv": [0, 0, 10, 1], "texture": "#missing"}
			}
		},
		{
			"from": [1, 1, 1],
			"to": [1, 15, 15],
			"faces": {
				"north": {"uv": [0, 0, 0, 14], "texture": "#missing"},
				"south": {"uv": [0, 0, 0, 14], "texture": "#missing"},
				"west": {"uv": [1, 1, 15, 15], "texture": "#side", "cullface": "west"},
				"up": {"uv": [0, 0, 0, 14], "texture": "#missing"},
				"down": {"uv": [0, 0, 0, 14], "texture": "#missing"}
			}
		},
		{
			"from": [15, 1, 1],
			"to": [15, 15, 15],
			"rotation": {"angle": 0, "axis": "y", "origin": [16, 0, 0]},
			"faces": {
				"north": {"uv": [0, 0, 0, 14], "texture": "#missing"},
				"east": {"uv": [15, 1, 1, 15], "texture": "#side", "cullface": "east"},
				"south": {"uv": [0, 0, 0, 14], "texture": "#missing"},
				"up": {"uv": [0, 0, 0, 14], "texture": "#missing"},
				"down": {"uv": [0, 0, 0, 14], "texture": "#missing"}
			}
		},
		{
			"from": [1, 1, 15],
			"to": [15, 15, 15],
			"rotation": {"angle": 0, "axis": "y", "origin": [16, 0, 0]},
			"faces": {
				"east": {"uv": [1, 1, 15, 15], "texture": "#top"},
				"south": {"uv": [1, 1, 15, 15], "texture": "#side", "cullface": "south"},
				"west": {"uv": [1, 1, 15, 15], "texture": "#top"},
				"up": {"uv": [1, 1, 15, 15], "texture": "#top"},
				"down": {"uv": [1, 1, 15, 15], "texture": "#top"}
			}
		},
		{
			"from": [1, 15, 1],
			"to": [15, 15, 15],
			"faces": {
				"north": {"uv": [0, 0, 14, 1], "texture": "#top"},
				"east": {"uv": [0, 0, 14, 0], "texture": "#missing"},
				"south": {"uv": [0, 0, 14, 0], "texture": "#missing"},
				"west": {"uv": [0, 0, 14, 0], "texture": "#missing"},
				"up": {"uv": [1, 1, 15, 15], "texture": "#top", "cullface": "up"}
			}
		},
		{
			"from": [1, 1, 1],
			"to": [15, 1, 15],
			"rotation": {"angle": 0, "axis": "y", "origin": [0, 16, 0]},
			"faces": {
				"north": {"uv": [0, 1, 14, 0], "texture": "#top"},
				"east": {"uv": [0, 0, 14, 0], "texture": "#missing"},
				"south": {"uv": [0, 0, 14, 0], "texture": "#missing"},
				"west": {"uv": [0, 0, 14, 0], "texture": "#missing"},
				"down": {"uv": [1, 15, 15, 1], "texture": "#top", "cullface": "down"}
			}
		}
	],
	"groups": [
		{
			"name": "group",
			"origin": [0, 0, 0],
			"color": 0,
			"children": [0, 1, 2, 3]
		},
		{
			"name": "frame",
			"origin": [0, 0, 0],
			"color": 0,
			"children": [4, 5, 6, 7, 8, 9, 10, 11, 12, 13, 14, 15]
		}, 16, 17, 18, 19, 20, 21, 22, 23, 24, 25, 26, 27, 28, 29, 30, 31, 32, 33, 34, 35, 36, 37, 38, 39, 40, 41]
}