{
	"credit": "Made with Blockbench",
	"textures": {
		"1": "block/ladder",
		"particle": "block/oak_planks"
	},
	"elements": [
		{
			"name": "Bar1",
			"from": [1, 0, 14],
			"to": [3, 16, 16],
			"faces": {
				"north": {"uv": [12, 0, 14, 16], "texture": "#1"},
				"east": {"uv": [12, 0, 14, 16], "texture": "#1"},
				"south": {"uv": [12, 0, 14, 16], "texture": "#1", "cullface": "south"},
				"west": {"uv": [12, 0, 14, 16], "texture": "#1"},
				"up": {"uv": [12, 0, 14, 2], "texture": "#1", "cullface": "up"},
				"down": {"uv": [12, 14, 14, 16], "texture": "#1", "cullface": "down"}
			}
		},
		{
			"name": "Bar2",
			"from": [13, 0, 14],
			"to": [15, 16, 16],
			"faces": {
				"north": {"uv": [2, 0, 4, 16], "texture": "#1"},
				"east": {"uv": [2, 0, 4, 16], "texture": "#1"},
				"south": {"uv": [2, 0, 4, 16], "texture": "#1", "cullface": "south"},
				"west": {"uv": [2, 0, 4, 16], "texture": "#1"},
				"up": {"uv": [2, 0, 4, 2], "texture": "#1", "cullface": "up"},
				"down": {"uv": [2, 14, 4, 16], "texture": "#1", "cullface": "down"}
			}
		},
		{
			"name": "Step1",
			"from": [2, 14, 14.5],
			"to": [14, 15, 15.5],
			"faces": {
				"north": {"uv": [2, 1, 14, 2], "texture": "#1"},
				"south": {"uv": [2, 1, 14, 2], "texture": "#1", "cullface": "south"},
				"up": {"uv": [2, 2, 14, 3], "texture": "#1"},
				"down": {"uv": [2, 2, 14, 3], "texture": "#1"}
			}
		},
		{
			"name": "Step2",
			"from": [2, 10, 14.5],
			"to": [14, 11, 15.5],
			"faces": {
				"north": {"uv": [2, 5, 14, 6], "texture": "#1"},
				"south": {"uv": [2, 5, 14, 6], "texture": "#1", "cullface": "south"},
				"up": {"uv": [2, 6, 14, 7], "texture": "#1"},
				"down": {"uv": [2, 6, 14, 7], "texture": "#1"}
			}
		},
		{
			"name": "Step3",
			"from": [2, 6, 14.5],
			"to": [14, 7, 15.5],
			"faces": {
				"north": {"uv": [2, 9, 14, 10], "texture": "#1"},
				"south": {"uv": [2, 9, 14, 10], "texture": "#1", "cullface": "south"},
				"up": {"uv": [2, 10, 14, 11], "texture": "#1"},
				"down": {"uv": [2, 10, 14, 11], "texture": "#1"}
			}
		},
		{
			"name": "Step4",
			"from": [2, 2, 14.5],
			"to": [14, 3, 15.5],
			"faces": {
				"north": {"uv": [2, 13, 14, 14], "texture": "#1"},
				"south": {"uv": [2, 13, 14, 14], "texture": "#1", "cullface": "south"},
				"up": {"uv": [2, 14, 14, 15], "texture": "#1"},
				"down": {"uv": [2, 14, 14, 15], "texture": "#1"}
			}
		}
	]
}