{
	"credit": "Made with Blockbench",
	"textures": {
		"1": "block/wither_rose_stem",
		"2": "block/wither_rose_flower",
		"particle": "block/wither_rose_stem"
	},
	"elements": [
		{
			"from": [5.75, 12.5, 6.75],
			"to": [9.25, 16, 10.25],
			"rotation": {"angle": 0, "axis": "y", "origin": [15, 20.5, 16]},
			"faces": {
				"north": {"uv": [0, 4, 3.5, 7.5], "texture": "#2"},
				"east": {"uv": [4, 4, 7.5, 7.5], "texture": "#2"},
				"south": {"uv": [8, 4, 11.5, 7.5], "texture": "#2"},
				"west": {"uv": [12, 4, 15.5, 7.5], "texture": "#2"},
				"up": {"uv": [4, 0, 7.5, 3.5], "texture": "#2"},
				"down": {"uv": [8, 0, 11.5, 3.5], "texture": "#2"}
			}
		},
		{
			"from": [9.45, 12.5, 6.55],
			"to": [9.45, 16.2, 10.45],
			"rotation": {"angle": 0, "axis": "y", "origin": [7.6, 14.25, 9.06667]},
			"faces": {
				"north": {"uv": [8, 9.5, 8, 13.2], "texture": "#2"},
				"east": {"uv": [12, 7.5, 15.5, 11], "texture": "#2"},
				"south": {"uv": [8, 9.5, 9, 16], "texture": "#missing"},
				"west": {"uv": [15.5, 7.5, 12, 11], "texture": "#2"},
				"up": {"uv": [0, 0, 0, 0], "texture": "#missing"},
				"down": {"uv": [8, 15, 9, 16], "texture": "#missing"}
			}
		},
		{
			"from": [5.55, 12.5, 6.55],
			"to": [9.45, 16.2, 6.55],
			"rotation": {"angle": 0, "axis": "y", "origin": [7.5, 14.25, 8.55]},
			"faces": {
				"north": {"uv": [0, 7.5, 3.5, 11], "texture": "#2"},
				"east": {"uv": [8, 9.5, 9, 16], "texture": "#missing"},
				"south": {"uv": [3.5, 7.5, 0, 11], "texture": "#2"},
				"west": {"uv": [8, 9.5, 9, 16], "texture": "#missing"},
				"up": {"uv": [0, 0, 0, 0], "rotation": 270, "texture": "#missing"},
				"down": {"uv": [8, 15, 9, 16], "rotation": 90, "texture": "#missing"}
			}
		},
		{
			"from": [5.55, 12.5, 6.55],
			"to": [5.55, 16.2, 10.45],
			"rotation": {"angle": 0, "axis": "y", "origin": [7.4, 14.25, 9.06667]},
			"faces": {
				"north": {"uv": [0, 0, 0, 1.75], "texture": "#missing"},
				"east": {"uv": [7.5, 7.5, 4, 11], "texture": "#2"},
				"south": {"uv": [0, 0, 0, 1.75], "texture": "#missing"},
				"west": {"uv": [4, 7.5, 7.5, 11], "texture": "#2"},
				"up": {"uv": [0, 0, 0, 0], "texture": "#missing"},
				"down": {"uv": [8, 15, 9, 16], "texture": "#missing"}
			}
		},
		{
			"from": [5.55, 12.5, 10.45],
			"to": [9.45, 16.2, 10.45],
			"rotation": {"angle": 0, "axis": "y", "origin": [7.5, 14.25, 9.16667]},
			"faces": {
				"north": {"uv": [11.5, 7.5, 8, 11], "texture": "#2"},
				"east": {"uv": [8, 9.5, 9, 16], "texture": "#missing"},
				"south": {"uv": [8, 7.5, 11.5, 11], "texture": "#2"},
				"west": {"uv": [8, 9.5, 9, 16], "texture": "#missing"},
				"up": {"uv": [0, 0, 0, 0], "rotation": 270, "texture": "#missing"},
				"down": {"uv": [8, 15, 9, 16], "rotation": 90, "texture": "#missing"}
			}
		},
		{
			"from": [5.55, 16.2, 6.55],
			"to": [9.45, 16.2, 10.45],
			"rotation": {"angle": 0, "axis": "y", "origin": [15.05, 23.7, 16.05]},
			"faces": {
				"north": {"uv": [13.75, 2.25, 14.75, 2.5], "texture": "#missing"},
				"east": {"uv": [13.75, 2.25, 14.75, 2.5], "texture": "#missing"},
				"south": {"uv": [13.75, 2.25, 14.75, 2.5], "texture": "#missing"},
				"west": {"uv": [13.75, 2.25, 14.75, 2.5], "texture": "#missing"},
				"up": {"uv": [0, 0, 3.5, 3.5], "texture": "#2"},
				"down": {"uv": [0, 0, 3.5, 3.5], "texture": "#2"}
			}
		},
		{
			"from": [7, 9.5, 8],
			"to": [8, 12, 9],
			"rotation": {"angle": 0, "axis": "y", "origin": [15, 15, 16]},
			"faces": {
				"north": {"uv": [0.5, 0.5, 1.5, 3], "texture": "#1"},
				"east": {"uv": [8, 0.5, 9, 3], "texture": "#1"},
				"south": {"uv": [5.5, 0.5, 6.5, 3], "texture": "#1"},
				"west": {"uv": [3, 0.5, 4, 3], "texture": "#1"},
				"up": {"uv": [2.75, 3.25, 3.25, 5.25], "texture": "#missing"},
				"down": {"uv": [3.5, 4.5, 4, 5], "texture": "#1"}
			}
		},
		{
			"from": [7.5, 8, 8],
			"to": [8.5, 9.5, 9],
			"rotation": {"angle": 0, "axis": "y", "origin": [15.5, 11, 16]},
			"faces": {
				"north": {"uv": [0, 4.5, 1, 6], "texture": "#1"},
				"east": {"uv": [8, 4.5, 9, 6], "texture": "#1"},
				"south": {"uv": [6, 4.5, 7, 6], "texture": "#1"},
				"west": {"uv": [3, 4.5, 4, 6], "texture": "#1"},
				"up": {"uv": [8.5, 4.5, 9, 5], "texture": "#1"},
				"down": {"uv": [2.5, 5.25, 3, 6.25], "texture": "#missing"}
			}
		},
		{
			"from": [7, 9, 8],
			"to": [7.5, 9.5, 8.5],
			"rotation": {"angle": 0, "axis": "y", "origin": [14.5, 11, 16]},
			"faces": {
				"north": {"uv": [1, 4.5, 1.5, 5], "texture": "#1"},
				"east": {"uv": [3, 5.25, 3.25, 5.5], "texture": "#missing"},
				"south": {"uv": [3, 4.5, 3.5, 5], "texture": "#1"},
				"west": {"uv": [3, 4.5, 3.5, 5], "texture": "#1"},
				"up": {"uv": [3, 5.25, 3.25, 5.5], "texture": "#missing"},
				"down": {"uv": [3, 5.5, 3.5, 6], "texture": "#1"}
			}
		},
		{
			"from": [8, 9.5, 8.5],
			"to": [8.5, 10, 9],
			"rotation": {"angle": 0, "axis": "y", "origin": [15.5, 11.5, 16.5]},
			"faces": {
				"north": {"uv": [0, 4, 0.5, 4.5], "texture": "#1"},
				"east": {"uv": [8, 4, 8.5, 4.5], "texture": "#1"},
				"south": {"uv": [6.5, 4, 7, 4.5], "texture": "#1"},
				"west": {"uv": [2.5, 5, 2.75, 5.25], "texture": "#missing"},
				"up": {"uv": [8, 4.5, 8.5, 5], "texture": "#1"},
				"down": {"uv": [2.5, 5, 2.75, 5.25], "texture": "#missing"}
			}
		},
		{
			"from": [6.5, 12, 7.5],
			"to": [8.5, 12.5, 9.5],
			"rotation": {"angle": 0, "axis": "y", "origin": [15, 19.5, 16]},
			"faces": {
				"north": {"uv": [0, 0, 2, 0.5], "texture": "#1"},
				"east": {"uv": [7.5, 0, 9.5, 0.5], "texture": "#1"},
				"south": {"uv": [5, 0, 7, 0.5], "texture": "#1"},
				"west": {"uv": [2.5, 0, 4.5, 0.5], "texture": "#1"},
				"up": {"uv": [2.5, 3, 3.5, 3.25], "texture": "#missing"},
				"down": {"uv": [10, 0, 12, 2], "texture": "#1"}
			}
		},
		{
			"from": [4.5, 10.25, 7.25],
			"to": [7.5, 10.25, 10.25],
			"rotation": {"angle": -45, "axis": "x", "origin": [5.98582, 10.22597, 8.75]},
			"faces": {
				"north": {"uv": [0, 0, 2.75, 0], "texture": "#missing"},
				"east": {"uv": [0, 0, 1.5, 0], "texture": "#missing"},
				"south": {"uv": [0, 0, 2.75, 0], "texture": "#missing"},
				"west": {"uv": [0, 0, 1.5, 0], "texture": "#missing"},
				"up": {"uv": [0, 7.5, 3, 10.5], "texture": "#1"},
				"down": {"uv": [0, 10.5, 3, 7.5], "texture": "#1"}
			}
		},
		{
			"from": [7.4, 10.9, 7],
			"to": [10.4, 10.9, 10],
			"rotation": {"angle": 45, "axis": "z", "origin": [8.88582, 10.92597, 8.5]},
			"faces": {
				"north": {"uv": [0, 0, 2.75, 0], "texture": "#missing"},
				"east": {"uv": [0, 0, 1.5, 0], "texture": "#missing"},
				"south": {"uv": [0, 0, 2.75, 0], "texture": "#missing"},
				"west": {"uv": [0, 0, 1.5, 0], "texture": "#missing"},
				"up": {"uv": [4, 10.5, 7, 7.5], "texture": "#1"},
				"down": {"uv": [4, 7.5, 7, 10.5], "texture": "#1"}
			}
		}
	],
	"display": {
		"gui": {
			"rotation": [34.5, -45, 0]
		}
	},
	"groups": [
		{
			"name": "Flower",
			"origin": [8, 8.75, 8.66667],
			"children": [0, 1, 2, 3, 4, 5]
		},
		{
			"name": "Stem",
			"origin": [15.5, 8, 15.5],
			"children": [6, 7, 8, 9, 10, 11, 12]
		}
	]
}