{
	"credit": "Made with Blockbench",
	"parent": "block/custom/rails/powered_rail",
	"display": {
		"thirdperson_righthand": {
			"translation": [0, 5.25, 0],
			"scale": [0.6, 0.6, 0.6]
		},
		"thirdperson_lefthand": {
			"translation": [0, 5.25, 0],
			"scale": [0.6, 0.6, 0.6]
		},
		"firstperson_righthand": {
			"rotation": [45, -30, 0],
			"translation": [4, 6, 0]
		},
		"firstperson_lefthand": {
			"rotation": [45, -35, 0],
			"translation": [4, 6, -1.5]
		},
		"ground": {
			"rotation": [20, 0, 20],
			"translation": [-2, 8, 2]
		},
		"gui": {
			"rotation": [25, 45, 0],
			"translation": [0, 1, 0],
			"scale": [0.8, 0.8, 0.8]
		},
		"head": {
			"translation": [0, 15.75, 0]
		},
		"fixed": {
			"rotation": [-90, 0, 0],
			"translation": [0, 0, -8.5]
		}
	}
}