{
	"credit": "Made with Blockbench",
	"parent": "block/block",
	"textures": {
		"3": "block/oak_planks",
		"particle": "#side"
	},
	"elements": [
		{
			"from": [0, 0, 0],
			"to": [16, 3, 16],
			"rotation": {"angle": 0, "axis": "z", "origin": [10.4349, 5.92224, -8]},
			"faces": {
				"north": {"uv": [0, 13, 16, 16], "texture": "#3", "cullface": "north"},
				"east": {"uv": [0, 13, 16, 16], "texture": "#3", "cullface": "east"},
				"south": {"uv": [0, 13, 16, 16], "texture": "#3", "cullface": "south"},
				"west": {"uv": [0, 13, 16, 16], "texture": "#3", "cullface": "west"},
				"up": {"uv": [0, 0, 16, 16], "rotation": 90, "texture": "#3"},
				"down": {"uv": [0, 0, 16, 16], "rotation": 90, "texture": "#3", "cullface": "down"}
			}
		},
		{
			"from": [-14, 19, -8],
			"to": [2, 22, 8],
			"rotation": {"angle": 22.5, "axis": "y", "origin": [-6, 20.5, 0]},
			"faces": {
				"north": {"uv": [0, 13, 16, 16], "texture": "#3", "cullface": "north"},
				"east": {"uv": [0, 13, 16, 16], "texture": "#3", "cullface": "east"},
				"south": {"uv": [0, 13, 16, 16], "texture": "#3", "cullface": "south"},
				"west": {"uv": [0, 13, 16, 16], "texture": "#3", "cullface": "west"},
				"up": {"uv": [0, 0, 16, 16], "rotation": 90, "texture": "#3"},
				"down": {"uv": [0, 0, 16, 16], "rotation": 90, "texture": "#3", "cullface": "down"}
			}
		},
		{
			"from": [-0.32398, 19.21571, 0.005],
			"to": [9.67602, 22.21571, 15.995],
			"rotation": {"angle": 22.5, "axis": "z", "origin": [10.4349, 20.92224, 8]},
			"faces": {
				"north": {"uv": [0, 6, 3, 16], "rotation": 90, "texture": "#3", "cullface": "west"},
				"east": {"uv": [0, 12, 16, 14], "texture": "#3", "cullface": "west"},
				"south": {"uv": [13, 3, 16, 13], "rotation": 90, "texture": "#3", "cullface": "west"},
				"west": {"uv": [0, 13, 16, 15], "texture": "#3", "cullface": "west"},
				"up": {"uv": [0, 3, 16, 13], "rotation": 90, "texture": "#3", "cullface": "west"},
				"down": {"uv": [0, 0, 16, 10], "rotation": 90, "texture": "#3", "cullface": "west"}
			}
		},
		{
			"from": [7.70768, 15.6697, 0.01],
			"to": [13.50768, 25.6697, 15.99],
			"rotation": {"angle": -45, "axis": "z", "origin": [10.4349, 20.92224, 8]},
			"faces": {
				"north": {"uv": [0, 3, 6, 13], "rotation": 180, "texture": "#3", "cullface": "west"},
				"east": {"uv": [0, 0, 16, 10], "texture": "#3", "cullface": "west"},
				"south": {"uv": [0, 2, 6, 12], "texture": "#3", "cullface": "west"},
				"west": {"uv": [0, 2, 16, 12], "texture": "#3", "cullface": "west"},
				"up": {"uv": [0, 12, 16, 14], "rotation": 270, "texture": "#3", "cullface": "west"},
				"down": {"uv": [0, 13, 16, 15], "rotation": 270, "texture": "#3", "cullface": "west"}
			}
		},
		{
			"from": [8.94815, 21.2145, 0.005],
			"to": [11.94815, 31.2145, 15.995],
			"rotation": {"angle": -22.5, "axis": "z", "origin": [10.4349, 20.92224, 8]},
			"faces": {
				"north": {"uv": [0, 2, 2, 12], "texture": "#3", "cullface": "west"},
				"east": {"uv": [0, 0, 16, 10], "rotation": 180, "texture": "#3", "cullface": "west"},
				"south": {"uv": [0, 3, 2, 13], "rotation": 180, "texture": "#3", "cullface": "west"},
				"west": {"uv": [0, 4, 16, 14], "rotation": 180, "texture": "#3", "cullface": "west"},
				"up": {"uv": [0, 13, 16, 15], "rotation": 90, "texture": "#3", "cullface": "west"},
				"down": {"uv": [0, 12, 16, 14], "rotation": 90, "texture": "#3", "cullface": "west"}
			}
		},
		{
			"from": [0.005, 19.21571, -0.30889],
			"to": [15.995, 22.21571, 9.69111],
			"rotation": {"angle": -22.5, "axis": "x", "origin": [8.0349, 20.92224, 10.45]},
			"faces": {
				"north": {"uv": [0, 0, 16, 10], "rotation": 90, "texture": "#3", "cullface": "west"},
				"east": {"uv": [0, 6, 3, 16], "rotation": 90, "texture": "#3", "cullface": "west"},
				"south": {"uv": [0, 12, 16, 14], "texture": "#3", "cullface": "west"},
				"west": {"uv": [13, 3, 16, 13], "rotation": 90, "texture": "#3", "cullface": "west"},
				"up": {"uv": [0, 3, 16, 13], "rotation": 180, "texture": "#3", "cullface": "west"},
				"down": {"uv": [0, 0, 16, 10], "texture": "#3", "cullface": "west"}
			}
		},
		{
			"from": [0.01, 15.6697, 7.72277],
			"to": [15.99, 25.6697, 13.52277],
			"rotation": {"angle": 45, "axis": "x", "origin": [8.0349, 20.92224, 10.45]},
			"faces": {
				"north": {"uv": [0, 2, 16, 12], "texture": "#3", "cullface": "west"},
				"east": {"uv": [0, 3, 6, 13], "rotation": 180, "texture": "#3", "cullface": "west"},
				"south": {"uv": [0, 0, 16, 10], "texture": "#3", "cullface": "west"},
				"west": {"uv": [0, 2, 6, 12], "texture": "#3", "cullface": "west"},
				"up": {"uv": [0, 12, 16, 14], "texture": "#3", "cullface": "west"},
				"down": {"uv": [0, 13, 16, 15], "rotation": 180, "texture": "#3", "cullface": "west"}
			}
		},
		{
			"from": [0.005, 21.2145, 8.96325],
			"to": [15.995, 31.2145, 11.96325],
			"rotation": {"angle": 22.5, "axis": "x", "origin": [8.0349, 20.92224, 10.45]},
			"faces": {
				"north": {"uv": [0, 1, 16, 11], "texture": "#3", "cullface": "west"},
				"east": {"uv": [0, 2, 2, 12], "texture": "#3", "cullface": "west"},
				"south": {"uv": [0, 0, 16, 10], "rotation": 180, "texture": "#3", "cullface": "west"},
				"west": {"uv": [0, 4, 3, 14], "rotation": 180, "texture": "#3", "cullface": "west"},
				"up": {"uv": [0, 13, 16, 15], "rotation": 180, "texture": "#3", "cullface": "west"},
				"down": {"uv": [0, 12, 16, 14], "texture": "#3", "cullface": "west"}
			}
		},
		{
			"from": [0, 3, 13],
			"to": [16, 16, 16],
			"rotation": {"angle": 0, "axis": "z", "origin": [-7.9651, 5.92224, 10.4]},
			"faces": {
				"north": {"uv": [0, 0, 16, 14], "texture": "#3"},
				"east": {"uv": [0, 0, 3, 13], "texture": "#3", "cullface": "north"},
				"south": {"uv": [0, 0, 16, 13], "texture": "#3", "cullface": "east"},
				"west": {"uv": [13, 0, 16, 13], "texture": "#3", "cullface": "south"},
				"up": {"uv": [0, 0, 16, 3], "rotation": 180, "texture": "#3", "cullface": "up"}
			}
		},
		{
			"from": [13, 3, 0],
			"to": [16, 16, 13],
			"rotation": {"angle": 0, "axis": "z", "origin": [10.4349, 5.92224, -8]},
			"faces": {
				"north": {"uv": [0, 0, 3, 13], "texture": "#3", "cullface": "north"},
				"east": {"uv": [3, 0, 16, 13], "texture": "#3", "cullface": "east"},
				"south": {"uv": [13, 0, 16, 13], "texture": "#3", "cullface": "south"},
				"west": {"uv": [0, 0, 16, 14], "texture": "#3"},
				"up": {"uv": [0, 0, 16, 3], "rotation": 90, "texture": "#3", "cullface": "up"}
			}
		}
	],
	"display": {
		"thirdperson_lefthand": {
			"rotation": [75, -135, 0],
			"translation": [0, 2.5, 0],
			"scale": [0.375, 0.375, 0.375]
		},
		"gui": {
			"rotation": [30, 135, 0],
			"scale": [0.625, 0.625, 0.625]
		},
		"head": {
			"rotation": [0, -90, 0]
		}
	},
	"groups": [
		{
			"name": "group",
			"origin": [10.4349, 5.92224, 8],
			"color": 0,
			"children": [0, 1, 2, 3, 4, 5, 6, 7, 8, 9]
		}
	]
}