{
	"credit": "Made with Blockbench",
	"parent": "block/block",
	"textures": {
		"3": "block/oak_planks",
		"particle": "#side"
	},
	"elements": [
		{
			"from": [0, 0, 0],
			"to": [16, 3, 16],
			"rotation": {"angle": 0, "axis": "z", "origin": [10.4349, 5.92224, 8]},
			"faces": {
				"north": {"uv": [0, 13, 16, 16], "texture": "#3", "cullface": "north"},
				"east": {"uv": [0, 13, 16, 16], "texture": "#3", "cullface": "east"},
				"south": {"uv": [0, 13, 16, 16], "texture": "#3", "cullface": "south"},
				"west": {"uv": [0, 13, 16, 16], "texture": "#3", "cullface": "west"},
				"up": {"uv": [0, 0, 16, 16], "rotation": 90, "texture": "#3"},
				"down": {"uv": [0, 0, 16, 16], "rotation": 90, "texture": "#3", "cullface": "down"}
			}
		},
		{
			"from": [5, 2, 0],
			"to": [14, 4, 16],
			"rotation": {"angle": 0, "axis": "z", "origin": [10.4349, 5.92224, 8]},
			"faces": {
				"north": {"uv": [2, 12, 11, 14], "texture": "#3", "cullface": "north"},
				"east": {"uv": [0, 8, 16, 10], "texture": "#3", "cullface": "east"},
				"south": {"uv": [5, 12, 14, 14], "texture": "#3", "cullface": "south"},
				"west": {"uv": [0, 2, 16, 4], "texture": "#3", "cullface": "west"},
				"up": {"uv": [0, 2, 16, 11], "rotation": 90, "texture": "#3"},
				"down": {"uv": [0, 0, 16, 9], "rotation": 90, "texture": "#3", "cullface": "down"}
			}
		},
		{
			"from": [12, 4, 0],
			"to": [14, 11, 16],
			"rotation": {"angle": 0, "axis": "z", "origin": [10.4349, 5.92224, 8]},
			"faces": {
				"north": {"uv": [2, 5, 4, 12], "texture": "#3", "cullface": "north"},
				"east": {"uv": [0, 8, 16, 10], "texture": "#3", "cullface": "east"},
				"south": {"uv": [12, 5, 14, 12], "texture": "#3", "cullface": "south"},
				"west": {"uv": [0, 2, 16, 4], "texture": "#3", "cullface": "west"},
				"up": {"uv": [0, 2, 16, 11], "rotation": 90, "texture": "#3"},
				"down": {"uv": [0, 0, 16, 9], "rotation": 90, "texture": "#3", "cullface": "down"}
			}
		},
		{
			"from": [13, 3, 0],
			"to": [16, 16, 16],
			"rotation": {"angle": 0, "axis": "z", "origin": [10.4349, 5.92224, 8]},
			"faces": {
				"north": {"uv": [0, 0, 3, 13], "texture": "#3", "cullface": "north"},
				"east": {"uv": [0, 0, 16, 13], "texture": "#3", "cullface": "east"},
				"south": {"uv": [13, 0, 16, 13], "texture": "#3", "cullface": "south"},
				"west": {"uv": [0, 0, 16, 14], "texture": "#3"},
				"up": {"uv": [0, 0, 16, 3], "rotation": 90, "texture": "#3", "cullface": "up"}
			}
		},
		{
			"from": [-0.32398, 4.21571, 0.005],
			"to": [9.67602, 7.21571, 15.995],
			"rotation": {"angle": 22.5, "axis": "z", "origin": [10.4349, 5.92224, 8]},
			"faces": {
				"north": {"uv": [0, 6, 3, 16], "rotation": 90, "texture": "#3", "cullface": "west"},
				"east": {"uv": [0, 12, 16, 14], "texture": "#3", "cullface": "west"},
				"south": {"uv": [13, 3, 16, 13], "rotation": 90, "texture": "#3", "cullface": "west"},
				"west": {"uv": [0, 13, 16, 15], "texture": "#3", "cullface": "west"},
				"up": {"uv": [0, 3, 16, 13], "rotation": 90, "texture": "#3", "cullface": "west"},
				"down": {"uv": [0, 0, 16, 10], "rotation": 90, "texture": "#3", "cullface": "west"}
			}
		},
		{
			"from": [7.70768, 0.6697, 0.01],
			"to": [13.50768, 10.6697, 15.99],
			"rotation": {"angle": -45, "axis": "z", "origin": [10.4349, 5.92224, 8]},
			"faces": {
				"north": {"uv": [0, 3, 6, 13], "rotation": 180, "texture": "#3", "cullface": "west"},
				"east": {"uv": [0, 0, 16, 10], "texture": "#3", "cullface": "west"},
				"south": {"uv": [0, 2, 6, 12], "texture": "#3", "cullface": "west"},
				"west": {"uv": [0, 2, 16, 12], "texture": "#3", "cullface": "west"},
				"up": {"uv": [0, 12, 16, 14], "rotation": 270, "texture": "#3", "cullface": "west"},
				"down": {"uv": [0, 13, 16, 15], "rotation": 270, "texture": "#3", "cullface": "west"}
			}
		},
		{
			"from": [8.94815, 6.2145, 0.005],
			"to": [11.94815, 16.2145, 15.995],
			"rotation": {"angle": -22.5, "axis": "z", "origin": [10.4349, 5.92224, 8]},
			"faces": {
				"north": {"uv": [0, 2, 2, 12], "texture": "#3", "cullface": "west"},
				"east": {"uv": [0, 0, 16, 10], "rotation": 180, "texture": "#3", "cullface": "west"},
				"south": {"uv": [0, 3, 2, 13], "rotation": 180, "texture": "#3", "cullface": "west"},
				"west": {"uv": [0, 4, 16, 14], "rotation": 180, "texture": "#3", "cullface": "west"},
				"up": {"uv": [0, 13, 16, 15], "rotation": 90, "texture": "#3", "cullface": "west"},
				"down": {"uv": [0, 12, 16, 14], "rotation": 90, "texture": "#3", "cullface": "west"}
			}
		}
	],
	"display": {
		"thirdperson_lefthand": {
			"rotation": [75, -135, 0],
			"translation": [0, 2.5, 0],
			"scale": [0.375, 0.375, 0.375]
		},
		"gui": {
			"rotation": [30, 135, 0],
			"scale": [0.625, 0.625, 0.625]
		},
		"head": {
			"rotation": [0, -90, 0]
		}
	},
	"groups": [
		{
			"name": "group",
			"origin": [10.17214, 6.02786, 8],
			"color": 0,
			"children": [0, 1, 2, 3, 4, 5, 6]
		}
	]
}