{
	"credit": "Made with Blockbench",
	"parent": "block/block",
	"textures": {
		"particle": "#side"
	},
	"elements": [
		{
			"from": [0, 0, 0],
			"to": [16, 8, 16],
			"faces": {
				"north": {"uv": [0, 8, 16, 16], "texture": "#side", "cullface": "north"},
				"east": {"uv": [0, 8, 16, 16], "texture": "#side", "cullface": "east"},
				"south": {"uv": [0, 8, 16, 16], "texture": "#side", "cullface": "south"},
				"west": {"uv": [0, 8, 16, 16], "texture": "#side", "cullface": "west"},
				"up": {"uv": [0, 0, 16, 16], "texture": "#top"},
				"down": {"uv": [0, 0, 16, 16], "texture": "#bottom", "cullface": "down"}
			}
		},
		{
			"from": [0.76537, 6.15224, 0],
			"to": [5.76537, 8.15224, 16],
			"rotation": {"angle": 22.5, "axis": "z", "origin": [0.76537, 6.15224, 0]},
			"faces": {
				"north": {"uv": [0, 8, 5, 10], "texture": "#side", "cullface": "north"},
				"east": {"uv": [0, 8, 16, 10], "texture": "#side", "cullface": "east"},
				"south": {"uv": [0, 8, 5, 10], "texture": "#side", "cullface": "south"},
				"west": {"uv": [0, 8, 16, 10], "texture": "#side", "cullface": "west"},
				"up": {"uv": [0, 0, 5, 16], "texture": "#top"},
				"down": {"uv": [0, 0, 5, 16], "texture": "#bottom", "cullface": "down"}
			}
		},
		{
			"from": [5.47138, 14.28775, 0],
			"to": [7.47138, 19.28775, 16],
			"rotation": {"angle": -22.5, "axis": "z", "origin": [-1.52862, 11.28775, 0]},
			"faces": {
				"north": {"uv": [0, 8, 2, 13], "texture": "#side", "cullface": "north"},
				"east": {"uv": [0, 8, 16, 13], "texture": "#side", "cullface": "east"},
				"south": {"uv": [0, 8, 2, 13], "texture": "#side", "cullface": "south"},
				"west": {"uv": [0, 8, 16, 13], "texture": "#side", "cullface": "west"},
				"up": {"uv": [0, 0, 2, 16], "texture": "#top"},
				"down": {"uv": [0, 0, 2, 16], "texture": "#bottom", "cullface": "down"}
			}
		},
		{
			"from": [7.64645, 6.71802, 0],
			"to": [12.64645, 10.71802, 16],
			"rotation": {"angle": 45, "axis": "z", "origin": [7.64645, 4.81802, 0]},
			"faces": {
				"north": {"uv": [0, 8, 5, 12], "texture": "#side", "cullface": "north"},
				"east": {"uv": [0, 8, 16, 12], "texture": "#side", "cullface": "east"},
				"south": {"uv": [0, 8, 5, 12], "texture": "#side", "cullface": "south"},
				"west": {"uv": [0, 8, 16, 12], "texture": "#side", "cullface": "west"},
				"up": {"uv": [0, 0, 5, 16], "texture": "#top"},
				"down": {"uv": [0, 0, 5, 16], "texture": "#bottom", "cullface": "down"}
			}
		},
		{
			"from": [8, 8, 0],
			"to": [16, 16, 16],
			"faces": {
				"north": {"uv": [0, 0, 8, 8], "texture": "#side", "cullface": "north"},
				"east": {"uv": [0, 0, 16, 8], "texture": "#side", "cullface": "east"},
				"south": {"uv": [8, 0, 16, 8], "texture": "#side", "cullface": "south"},
				"west": {"uv": [0, 0, 16, 8], "texture": "#side"},
				"up": {"uv": [8, 0, 16, 16], "texture": "#top", "cullface": "up"}
			}
		}
	],
	"display": {
		"thirdperson_lefthand": {
			"rotation": [75, -135, 0],
			"translation": [0, 2.5, 0],
			"scale": [0.375, 0.375, 0.375]
		},
		"gui": {
			"rotation": [30, 135, 0],
			"scale": [0.625, 0.625, 0.625]
		},
		"head": {
			"rotation": [0, -90, 0]
		}
	}
}