{
  "variants": {
    "axis=x": [
		{"model": "block/oak_log",           "x": 90, "y": 90,   "weight": 4},

        {"model": "block/custom/wood/twig1", "x": 90, "y": 90,   "weight": 1},	  
        {"model": "block/custom/wood/twig1", "x": 90, "y": 270,  "weight": 1},
        {"model": "block/custom/wood/twig1", "x": 270, "y": 90,  "weight": 1},
	    {"model": "block/custom/wood/twig1", "x": 270, "y": 270, "weight": 1},

        {"model": "block/custom/wood/twig1_90", "x": 90, "y": 90,   "weight": 1},	  
        {"model": "block/custom/wood/twig1_90", "x": 90, "y": 270,  "weight": 1},
        {"model": "block/custom/wood/twig1_90", "x": 270, "y": 90,  "weight": 1},
	    {"model": "block/custom/wood/twig1_90", "x": 270, "y": 270, "weight": 1},      

	    {"model": "block/custom/wood/twig2", "x": 90, "y": 90,   "weight": 1},
	    {"model": "block/custom/wood/twig2", "x": 90, "y": 270,  "weight": 1},
        {"model": "block/custom/wood/twig2", "x": 270, "y": 90,  "weight": 1},
	    {"model": "block/custom/wood/twig2", "x": 270, "y": 270, "weight": 1},

	    {"model": "block/custom/wood/twig2_90", "x": 90, "y": 90,   "weight": 1},
	    {"model": "block/custom/wood/twig2_90", "x": 90, "y": 270,  "weight": 1},
        {"model": "block/custom/wood/twig2_90", "x": 270, "y": 90,  "weight": 1},
	    {"model": "block/custom/wood/twig2_90", "x": 270, "y": 270, "weight": 1}
	],
    "axis=y": [
        {"model": "block/oak_log",           "weight": 2},
       
  	    {"model": "block/custom/wood/twig1",           "y": 0,   "weight": 5},
        {"model": "block/custom/wood/twig1",		   "y": 180, "weight": 5},
		{"model": "block/custom/wood/twig1", "x": 180, "y": 0,   "weight": 1},
        {"model": "block/custom/wood/twig1", "x": 180, "y": 180, "weight": 1},

  	    {"model": "block/custom/wood/twig1_90",       	  "y": 0,   "weight": 5},
        {"model": "block/custom/wood/twig1_90",		  	  "y": 180, "weight": 5},
		{"model": "block/custom/wood/twig1_90", "x": 180, "y": 0,   "weight": 1},
        {"model": "block/custom/wood/twig1_90", "x": 180, "y": 180, "weight": 1},

  	    {"model": "block/custom/wood/twig2",		   "y": 0,   "weight": 5},
        {"model": "block/custom/wood/twig2", 		   "y": 180, "weight": 5}, 
		{"model": "block/custom/wood/twig2", "x": 180, "y": 0,   "weight": 1},
        {"model": "block/custom/wood/twig2", "x": 180, "y": 180, "weight": 1},

  	    {"model": "block/custom/wood/twig2_90",		   	  "y": 0,   "weight": 5},
        {"model": "block/custom/wood/twig2_90", 		  "y": 180, "weight": 5}, 
		{"model": "block/custom/wood/twig2_90", "x": 180, "y": 0,   "weight": 1},
        {"model": "block/custom/wood/twig2_90", "x": 180, "y": 180, "weight": 1}
 ],
    "axis=z": [
        {"model": "block/oak_log", "x": 90,		      "weight": 4},

  	    {"model": "block/custom/wood/twig1", "x": 90,  "y": 0,   "weight": 1},
        {"model": "block/custom/wood/twig1", "x": 90,  "y": 180, "weight": 1},
		{"model": "block/custom/wood/twig1", "x": 270, "y": 0,   "weight": 1},
        {"model": "block/custom/wood/twig1", "x": 270, "y": 180, "weight": 1},

  	    {"model": "block/custom/wood/twig1_90", "x": 90,  "y": 0,   "weight": 1},
        {"model": "block/custom/wood/twig1_90", "x": 90,  "y": 180, "weight": 1},
		{"model": "block/custom/wood/twig1_90", "x": 270, "y": 0,   "weight": 1},
        {"model": "block/custom/wood/twig1_90", "x": 270, "y": 180, "weight": 1},

  	    {"model": "block/custom/wood/twig2", "x": 90,  "y": 0,   "weight": 1},
        {"model": "block/custom/wood/twig2", "x": 90,  "y": 180, "weight": 1}, 
		{"model": "block/custom/wood/twig2", "x": 270, "y": 0,   "weight": 1},
        {"model": "block/custom/wood/twig2", "x": 270, "y": 180, "weight": 1},

  	    {"model": "block/custom/wood/twig2_90", "x": 90,  "y": 0,   "weight": 1},
        {"model": "block/custom/wood/twig2_90", "x": 90,  "y": 180, "weight": 1}, 
		{"model": "block/custom/wood/twig2_90", "x": 270, "y": 0,   "weight": 1},
        {"model": "block/custom/wood/twig2_90", "x": 270, "y": 180, "weight": 1}
    ]
  }
}